{"geneDatas":[{"angles":[14.735147476196289,14.155160903930664,53.77008056640625,3.7081375122070314,19.673934936523439,-40.910308837890628,36.55165481567383,-42.15960693359375,41.48557662963867,-51.23545837402344,17.490262985229493,-25.384002685546876,58.32481384277344,38.89067077636719,8.735870361328125,12.583871841430664,44.89234161376953,-29.463279724121095,-15.181337356567383,-8.485872268676758,-46.87012481689453,-26.192642211914064,8.179372787475586,-41.832801818847659,56.02174377441406,-2.7266197204589845,16.141948699951173,-38.37712097167969,-19.6082706451416,-27.934707641601564,8.911964416503907,-13.962814331054688,0.5383644104003906,-0.020893096923828126,34.41025161743164,13.341573715209961,-11.083808898925782,24.98164939880371,-43.02961730957031,54.58136749267578,-43.55266571044922,-48.956565856933597,-49.49201965332031,-53.776329040527347,-4.967130661010742,49.80924987792969,33.72284698486328,42.21166229248047,37.743255615234378,1.8251266479492188,35.67327880859375,-48.231666564941409,-54.976844787597659,-28.83026123046875,-47.70054626464844,58.920623779296878,19.005615234375,13.795129776000977,-59.991729736328128,-25.687345504760743,-38.115562438964847,6.876031875610352,33.7999382019043,40.291500091552737,-34.646873474121097,-33.244659423828128,0.9984054565429688,-16.39497184753418,25.484230041503908,-34.59782409667969,28.36346435546875,-54.79302215576172,39.09877014160156,-10.570158004760743,-3.1214256286621095,-34.36201477050781,-50.86012268066406,26.230941772460939,21.02065086364746,-49.38066864013672],"legSizes":[0.35435184836387637,0.3664773404598236,0.4762122631072998,0.22917206585407258,0.14227314293384553,0.4067007005214691,0.40974658727645876,0.15171928703784944,0.26138341426849368,0.21389539539813996,0.3846225142478943,0.44604215025901797,0.1645224690437317,0.24056246876716615,0.4436125159263611,0.44716230034828188,0.31756818294525149,0.1695268154144287,0.3729681074619293,0.13985848426818849,0.2964484393596649,0.14358225464820863,0.35246986150741579,0.3374119997024536],"bodySizes":[2.1548471450805666,1.6263173818588257,2.282801866531372],"springs":[],"dumpers":[],"name":17855,"generation":513,"distance":53.65513229370117,"reward":-53.65513229370117},{"angles":[-48.67005920410156,-53.48571014404297,31.96918296813965,46.339500427246097,0.5656471252441406,-40.910308837890628,-17.160123825073243,-47.89906311035156,41.48557662963867,-55.90184020996094,27.050899505615236,24.60506820678711,7.226564407348633,0.5754585266113281,-53.714088439941409,-46.15144348144531,-50.82378387451172,-22.207197189331056,-36.08220672607422,39.41613006591797,23.18130874633789,-21.339746475219728,8.179372787475586,-41.832801818847659,56.02174377441406,-18.682302474975587,48.45469665527344,27.699033737182618,-13.027101516723633,-56.055694580078128,54.77485656738281,-20.892539978027345,-18.32335662841797,-59.59064483642578,-37.11150360107422,-39.6436767578125,-11.083808898925782,8.42704963684082,-27.75853729248047,54.58136749267578,-43.55266571044922,-11.024345397949219,-49.49201965332031,-53.776329040527347,-4.967130661010742,-42.07814025878906,33.72284698486328,-23.649452209472658,36.1104736328125,1.8251266479492188,35.67327880859375,-48.231666564941409,-59.430999755859378,-28.83026123046875,-47.70054626464844,58.920623779296878,49.919342041015628,13.795129776000977,-59.991729736328128,-25.687345504760743,-49.22093963623047,23.618484497070314,32.37327575683594,40.291500091552737,-34.646873474121097,-33.244659423828128,0.9984054565429688,48.75439453125,36.06944274902344,-34.59782409667969,38.9144287109375,23.23912811279297,39.09877014160156,14.468114852905274,-3.1214256286621095,58.52616882324219,-50.86012268066406,26.230941772460939,53.93514633178711,-49.38066864013672],"legSizes":[0.35435184836387637,0.42304927110671999,0.48375001549720766,0.2762500047683716,0.49043989181518557,0.4067007005214691,0.40974658727645876,0.13606905937194825,0.10658478736877442,0.2892991900444031,0.35459962487220766,0.17872819304466248,0.1645224690437317,0.39735373854637148,0.4436125159263611,0.44716230034828188,0.2922784984111786,0.3245508372783661,0.3729681074619293,0.13985848426818849,0.31124746799468996,0.14358225464820863,0.17385649681091309,0.3374119997024536],"bodySizes":[2.1549527645111086,1.6266981363296509,2.282155752182007],"springs":[],"dumpers":[],"name":17855,"generation":513,"distance":53.65513229370117,"reward":-58.682861328125},{"angles":[48.917869567871097,14.155160903930664,21.95857810974121,-22.916959762573243,-59.424774169921878,43.986480712890628,-17.160123825073243,49.09545135498047,41.48557662963867,-51.23545837402344,17.490262985229493,-25.384002685546876,58.32481384277344,27.51007843017578,8.735870361328125,12.583871841430664,9.082338333129883,-29.463279724121095,-15.181337356567383,-8.485872268676758,-46.87012481689453,-26.192642211914064,8.179372787475586,-41.832801818847659,56.02174377441406,7.109018325805664,16.141948699951173,-38.37712097167969,-19.6082706451416,-27.934707641601564,27.58735466003418,-13.962814331054688,0.5383644104003906,29.936325073242189,34.41025161743164,-15.867399215698243,40.88862609863281,24.98164939880371,21.420204162597658,54.58136749267578,-43.55266571044922,-11.024345397949219,-49.49201965332031,-53.776329040527347,-4.967130661010742,49.80924987792969,33.72284698486328,22.121915817260743,36.1104736328125,1.8251266479492188,47.875816345214847,-48.231666564941409,-59.430999755859378,-28.83026123046875,-47.70054626464844,58.920623779296878,19.005615234375,13.795129776000977,-59.991729736328128,-25.687345504760743,-38.115562438964847,6.876031875610352,33.7999382019043,40.291500091552737,-34.646873474121097,-33.244659423828128,21.103620529174806,-16.39497184753418,20.15802001953125,-34.59782409667969,38.9144287109375,23.23912811279297,13.191726684570313,14.468114852905274,57.87391662597656,57.73143768310547,-50.86012268066406,26.230941772460939,36.20771789550781,-49.38066864013672],"legSizes":[0.35435184836387637,0.4235982894897461,0.4762122631072998,0.4350661635398865,0.2506576180458069,0.30715009570121767,0.3506004810333252,0.13564729690551759,0.10658478736877442,0.21389539539813996,0.3846225142478943,0.44604215025901797,0.1645224690437317,0.24056246876716615,0.4436125159263611,0.44716230034828188,0.31756818294525149,0.1695268154144287,0.3729681074619293,0.3607955873012543,0.2964484393596649,0.14358225464820863,0.1364281177520752,0.3374119997024536],"bodySizes":[2.154780149459839,1.626763105392456,2.2822470664978029],"springs":[],"dumpers":[],"name":17855,"generation":513,"distance":53.65513229370117,"reward":-63.929019927978519}]}