{"geneDatas":[{"angles":[-17.48619270324707,11.096969604492188,13.371786117553711,-10.733922958374024,20.564285278320314,-56.598915100097659,19.44007682800293,-20.74933433532715,-20.086105346679689,-17.462417602539064,58.5250244140625,-47.94837188720703,9.188339233398438,19.81438446044922,-13.472864151000977,10.990928649902344,-29.200653076171876,-50.05628967285156,8.393960952758789,-35.502708435058597,-47.43800354003906,-53.594642639160159,14.886482238769532,-33.28734588623047,33.6074333190918,28.061025619506837,-44.01842498779297,57.42205810546875,-15.869558334350586,53.1673583984375,34.55068588256836,-19.215225219726564,34.085052490234378,-14.212623596191407,51.27888488769531,-13.818792343139649,-56.57817077636719,-28.23784637451172,16.785903930664064,-59.15911865234375,12.941244125366211,9.794891357421875,-34.61358642578125,-49.86870574951172,-34.55583190917969,6.0052947998046879,-52.3416748046875,25.003995895385743,-23.4947566986084,-56.04899597167969,52.6341552734375,40.57970428466797,16.16919708251953,36.9805793762207,-22.398569107055665,37.44874572753906,-56.64305877685547,-42.99609375,5.658681869506836,59.71821594238281,-57.42932891845703,14.980722427368164,14.957748413085938,-14.042037963867188,22.899267196655275,57.470611572265628,-31.177169799804689,-46.56708526611328,-47.19939422607422,-38.18568420410156,-20.36981964111328,22.589305877685548,-52.4354248046875,16.183616638183595,58.308074951171878,-17.253890991210939,-39.46272277832031,39.15278625488281,8.166412353515625,27.191219329833986],"legSizes":[0.4977489113807678,0.43333539366722109,0.4433581233024597,0.13251280784606934,0.19511061906814576,0.3636960983276367,0.3378153145313263,0.21911004185676576,0.3952648639678955,0.21992504596710206,0.11653933674097061,0.372882604598999,0.4628467559814453,0.4316793382167816,0.43441662192344668,0.37904030084609988,0.23904331028461457,0.43168359994888308,0.4166788160800934,0.19779033958911897,0.1895836889743805,0.3119596242904663,0.2086072713136673,0.31172749400138857],"bodySizes":[1.8640738725662232,2.6795947551727297,1.6016135215759278],"springs":[],"dumpers":[],"name":5465,"generation":156,"distance":69.3129653930664,"reward":-69.3129653930664},{"angles":[-17.48619270324707,-29.721214294433595,13.371786117553711,-10.733922958374024,20.564285278320314,-56.598915100097659,-39.1793212890625,13.880775451660157,-15.355018615722657,46.189697265625,58.5250244140625,-12.661720275878907,-40.992652893066409,-44.722564697265628,-31.869476318359376,-39.65533447265625,3.585113525390625,-50.05628967285156,35.05780029296875,24.716320037841798,-45.613319396972659,-43.04060363769531,14.886482238769532,-33.28734588623047,32.416046142578128,22.45098876953125,-0.56109619140625,33.98357391357422,13.396390914916993,17.35187339782715,-11.587865829467774,-25.46491241455078,52.52092742919922,-30.797164916992189,1.1892051696777344,17.349071502685548,-56.57817077636719,-28.23784637451172,16.785903930664064,-59.15911865234375,20.90321922302246,54.957305908203128,36.419891357421878,-11.529729843139649,17.454483032226564,14.250448226928711,-52.030364990234378,-0.8931045532226563,3.7300949096679689,19.4874267578125,48.23141098022461,55.57349395751953,-40.90740966796875,50.845970153808597,-7.64427375793457,37.548309326171878,-28.006044387817384,-50.2386474609375,11.631582260131836,-25.608993530273439,-56.301841735839847,-58.997657775878909,40.841217041015628,18.6567440032959,40.47919464111328,-9.150588989257813,49.49821472167969,-1.5605392456054688,27.877004623413087,-48.72590637207031,-0.9230155944824219,3.7868995666503908,-15.119598388671875,-13.489660263061524,27.707603454589845,-31.917701721191408,22.708494186401368,43.573883056640628,35.27662658691406,-19.481170654296876],"legSizes":[0.4977489113807678,0.43333539366722109,0.4433581233024597,0.13251280784606934,0.19511061906814576,0.3535173833370209,0.3378153145313263,0.21911004185676576,0.3952648639678955,0.21992504596710206,0.11653933674097061,0.372882604598999,0.4628467559814453,0.3316178619861603,0.2903052568435669,0.3864060044288635,0.34261128306388857,0.2763122320175171,0.40860748291015627,0.19538646936416627,0.2232491672039032,0.40632352232933047,0.4997183680534363,0.15522189438343049],"bodySizes":[1.8669193983078004,2.52740740776062,1.6954660415649415],"springs":[],"dumpers":[],"name":5465,"generation":156,"distance":69.3129653930664,"reward":-72.92652893066406},{"angles":[-59.436363220214847,58.19505310058594,34.29161834716797,-10.733922958374024,20.564285278320314,-51.447975158691409,-48.92601013183594,-51.80464172363281,13.485382080078125,-11.951202392578125,58.5250244140625,12.616933822631836,-40.992652893066409,-44.722564697265628,-13.644569396972657,-39.65533447265625,26.979602813720704,-50.05628967285156,4.375253677368164,3.6296310424804689,-47.17151641845703,-43.04060363769531,14.886482238769532,-33.28734588623047,32.416046142578128,14.95484733581543,-0.56109619140625,33.98357391357422,13.396390914916993,17.35187339782715,-41.68778991699219,31.177181243896486,-29.38933563232422,-43.73677062988281,-45.40580749511719,17.349071502685548,-56.57817077636719,-26.89435386657715,16.785903930664064,-59.15911865234375,53.32093048095703,-4.226251602172852,36.419891357421878,-42.068267822265628,17.454483032226564,19.51107406616211,-52.030364990234378,-56.916847229003909,-42.12511444091797,-13.286369323730469,48.23141098022461,-20.29969596862793,-15.884963989257813,-38.06585693359375,-37.72084045410156,37.548309326171878,-36.86231994628906,-50.2386474609375,11.631582260131836,36.5795783996582,50.51654052734375,44.623802185058597,-12.659261703491211,-47.82477569580078,40.47919464111328,57.697906494140628,49.49821472167969,-1.5605392456054688,6.267965316772461,-48.72590637207031,-0.9230155944824219,21.86125946044922,-3.5289344787597658,-38.10588073730469,27.707603454589845,-31.917701721191408,16.531646728515626,-56.75679016113281,35.27662658691406,-30.41248893737793],"legSizes":[0.4977489113807678,0.1736641824245453,0.19043570756912232,0.1070612445473671,0.275598406791687,0.16128535568714143,0.3260304629802704,0.19540873169898988,0.3952648639678955,0.24234387278556825,0.15781207382678986,0.37400031089782717,0.4628467559814453,0.2562277913093567,0.41886621713638308,0.37904030084609988,0.23904331028461457,0.2763122320175171,0.44998258352279665,0.24766966700553895,0.2920840084552765,0.32472774386405947,0.4348624646663666,0.21194365620613099],"bodySizes":[1.8248666524887086,2.6352663040161135,1.6635440587997437],"springs":[],"dumpers":[],"name":5465,"generation":156,"distance":69.3129653930664,"reward":-84.31478118896485}]}