{"geneDatas":[{"angles":[-36.778465270996097,17.12263298034668,-4.318464279174805,9.952890396118164,26.36226463317871,-39.868125915527347,0.3492393493652344,-15.787176132202149,51.195472717285159,-37.12706756591797,41.94001007080078,-53.36095428466797,-22.29882049560547,-48.990753173828128,-20.235992431640626,0.012096405029296875,54.7652587890625,-29.463279724121095,-9.779699325561524,-50.351783752441409,-52.948951721191409,25.277509689331056,-39.598777770996097,-7.77362060546875,56.02174377441406,7.195535659790039,40.64385986328125,-44.25337219238281,-20.45899772644043,-53.20690155029297,-58.46686553955078,28.656461715698243,-40.991302490234378,-27.61625862121582,-50.74974060058594,58.754024505615237,49.08323669433594,-0.5727424621582031,-43.93010711669922,36.210662841796878,19.102176666259767,59.475341796875,-41.03380584716797,-13.353515625,33.40399932861328,47.55271911621094,6.845220565795898,-12.677200317382813,21.10736656188965,34.57202911376953,52.317466735839847,33.707054138183597,-44.245079040527347,44.942222595214847,-43.938934326171878,-12.868600845336914,55.90787887573242,3.797199249267578,-53.27002716064453,36.61848831176758,32.51423645019531,22.293960571289064,46.0960693359375,40.291500091552737,-45.38275146484375,-54.54693603515625,42.94355392456055,-16.2081298828125,45.66741943359375,56.631385803222659,-24.95515251159668,31.458961486816408,17.52130126953125,42.460182189941409,50.95591735839844,45.979095458984378,30.635618209838868,38.4359130859375,29.006208419799806,37.12217330932617],"legSizes":[0.4047292172908783,0.2812030613422394,0.43021196126937868,0.34137967228889468,0.4671839773654938,0.4921312928199768,0.43122348189353945,0.41749271750450137,0.37828749418258669,0.21752187609672547,0.14104905724525453,0.19431443512439729,0.4003649353981018,0.1516430377960205,0.37997880578041079,0.4311113953590393,0.454534113407135,0.3523670732975006,0.40948110818862917,0.2289038449525833,0.2588261365890503,0.46171140670776369,0.45045536756515505,0.3691013753414154],"bodySizes":[2.1172332763671877,1.6630568504333497,2.272030830383301],"springs":[],"dumpers":[],"name":13114,"generation":375,"distance":33.8991813659668,"reward":-33.8991813659668},{"angles":[0.4597892761230469,17.12263298034668,-43.9915771484375,-37.32307434082031,33.01142501831055,57.726829528808597,1.7521705627441407,-38.99791717529297,51.195472717285159,-37.12706756591797,-8.496871948242188,-23.497573852539064,-22.29882049560547,24.735944747924806,26.1033992767334,57.628082275390628,-43.94915771484375,-29.463279724121095,18.22163963317871,-50.651878356933597,-12.486127853393555,-55.824851989746097,22.362226486206056,38.029388427734378,40.692474365234378,7.195535659790039,40.64385986328125,-44.25337219238281,23.57052230834961,-53.20690155029297,-47.92565155029297,-50.28166198730469,-42.34801483154297,-30.281339645385743,-50.74974060058594,58.754024505615237,-25.533422470092775,45.45243835449219,-6.104558944702148,36.210662841796878,-57.712493896484378,-42.699493408203128,-41.03380584716797,-12.333475112915039,-45.27495574951172,47.55271911621094,47.93995666503906,6.044647216796875,30.253887176513673,-46.48835754394531,52.317466735839847,33.707054138183597,-44.245079040527347,44.942222595214847,-43.938934326171878,-27.758867263793947,-21.02143096923828,39.197776794433597,17.21772003173828,36.61848831176758,-40.53009796142578,-51.86442565917969,44.242584228515628,3.320911407470703,52.07276153564453,8.46917724609375,42.94355392456055,21.92860984802246,0.6090888977050781,-43.34840393066406,-24.95515251159668,56.85784912109375,-50.60365295410156,59.05274200439453,50.95591735839844,45.979095458984378,27.790746688842775,-59.1279296875,41.12908935546875,37.12217330932617],"legSizes":[0.1212557777762413,0.42913827300071719,0.41400617361068728,0.12064170837402344,0.22066205739974976,0.4921312928199768,0.16964063048362733,0.19540873169898988,0.37828749418258669,0.21752187609672547,0.2517731785774231,0.31910985708236697,0.4003649353981018,0.49282199144363406,0.37997880578041079,0.4311113953590393,0.45996513962745669,0.3523670732975006,0.40948110818862917,0.2289038449525833,0.2588261365890503,0.35716167092323305,0.34459665417671206,0.45493054389953616],"bodySizes":[2.11582612991333,1.6627215147018433,2.2740001678466799],"springs":[],"dumpers":[],"name":13114,"generation":375,"distance":33.8991813659668,"reward":-51.95654296875},{"angles":[-13.967720031738282,17.12263298034668,-13.447088241577149,-22.506486892700197,0.5656471252441406,-39.868125915527347,48.43231201171875,-15.787176132202149,31.57577896118164,-37.12706756591797,41.94001007080078,-23.497573852539064,-22.29882049560547,24.735944747924806,6.9807891845703129,57.628082275390628,54.7652587890625,-29.463279724121095,15.288991928100586,-50.351783752441409,-8.345754623413086,-55.824851989746097,4.155385971069336,-7.77362060546875,56.02174377441406,7.195535659790039,-15.735389709472657,-44.25337219238281,27.750835418701173,-53.20690155029297,-40.83921813964844,28.656461715698243,-40.991302490234378,-30.281339645385743,-50.74974060058594,58.754024505615237,49.08323669433594,-0.5727424621582031,-21.631471633911134,36.210662841796878,-57.712493896484378,-42.699493408203128,-41.03380584716797,-53.776329040527347,-27.28141975402832,29.453414916992189,47.93995666503906,-12.036401748657227,-10.51420783996582,34.57202911376953,52.317466735839847,-48.231666564941409,-44.245079040527347,-4.700380325317383,-44.21277618408203,8.170303344726563,55.90787887573242,39.197776794433597,-59.991729736328128,52.99525451660156,-40.53009796142578,22.23021697998047,54.22807312011719,40.291500091552737,58.057090759277347,30.13632583618164,42.94355392456055,36.63685607910156,28.804706573486329,0.6823043823242188,-39.548606872558597,-54.750755310058597,17.52130126953125,42.460182189941409,-9.606935501098633,-46.93650817871094,25.874103546142579,12.78754997253418,14.651376724243164,-12.003814697265625],"legSizes":[0.1212557777762413,0.4331700801849365,0.4762122631072998,0.43788081407546999,0.1769023835659027,0.25756198167800906,0.30504944920539858,0.13564729690551759,0.2507534325122833,0.21752187609672547,0.14104905724525453,0.31910985708236697,0.1645224690437317,0.3528384268283844,0.2699199318885803,0.4311113953590393,0.29797622561454775,0.3070836365222931,0.11009778827428818,0.2289038449525833,0.2588261365890503,0.35716167092323305,0.16379284858703614,0.16049224138259889],"bodySizes":[2.1154468059539797,1.6604034900665284,2.277583122253418],"springs":[],"dumpers":[],"name":13114,"generation":375,"distance":33.8991813659668,"reward":-68.44888305664063}]}