{"geneDatas":[{"angles":[48.41607666015625,31.73363494873047,-47.79254150390625,40.4072265625,-2.6065139770507814,16.566421508789064,-17.160123825073243,-47.89906311035156,32.170684814453128,37.37165451049805,-56.23907470703125,-43.395225524902347,7.226564407348633,9.965108871459961,-51.392669677734378,14.290632247924805,-29.38611602783203,-48.22218322753906,30.86432647705078,10.697759628295899,-46.87012481689453,19.715879440307618,8.179372787475586,-43.111793518066409,56.02174377441406,7.109018325805664,-59.77288055419922,-38.37712097167969,-59.37548065185547,-17.41126251220703,1.2368545532226563,11.039749145507813,0.5383644104003906,-50.25489807128906,0.8470001220703125,-45.245635986328128,-11.083808898925782,24.98164939880371,-43.02961730957031,54.58136749267578,-43.031089782714847,-1.5020294189453126,-36.32874298095703,-39.627540588378909,-14.984413146972657,-35.32532501220703,33.72284698486328,-16.31560516357422,59.65325927734375,-26.347412109375,54.17402648925781,-26.08089256286621,-7.872627258300781,-6.800628662109375,-47.70054626464844,34.28758239746094,-54.99894714355469,53.934600830078128,-59.991729736328128,-24.67685890197754,-49.22093963623047,0.5657730102539063,32.37327575683594,-13.688543319702149,-1.3772468566894532,37.43292236328125,0.9984054565429688,5.269838333129883,-41.242156982421878,29.81338882446289,28.36346435546875,-36.800010681152347,52.12263107299805,33.78148651123047,-3.1214256286621095,53.07012939453125,38.15796661376953,-33.094757080078128,58.049407958984378,2.669414520263672],"legSizes":[0.3446916341781616,0.42304927110671999,0.4762122631072998,0.46589478850364687,0.36008507013320925,0.1040220782160759,0.13685208559036256,0.11140900105237961,0.26138341426849368,0.3597039580345154,0.3846225142478943,0.236064612865448,0.1868736296892166,0.24056246876716615,0.17897243797779084,0.2957121729850769,0.3360218405723572,0.43265780806541445,0.3083588778972626,0.19158783555030824,0.28981608152389529,0.4843592047691345,0.39742225408554079,0.39950600266456606],"bodySizes":[2.1341233253479006,1.62808096408844,2.3024728298187258],"springs":[],"dumpers":[],"name":19786,"generation":564,"distance":30.240291595458986,"reward":-30.240291595458986},{"angles":[48.41607666015625,31.73363494873047,-47.79254150390625,46.339500427246097,-2.6065139770507814,16.566421508789064,-17.160123825073243,-47.89906311035156,32.170684814453128,-35.30052947998047,36.8994140625,24.60506820678711,7.226564407348633,9.965108871459961,-39.86393737792969,14.290632247924805,-29.38611602783203,-48.22218322753906,30.86432647705078,10.697759628295899,-46.87012481689453,19.715879440307618,8.179372787475586,-43.111793518066409,56.02174377441406,7.109018325805664,57.83140182495117,-38.37712097167969,-52.19048309326172,-17.41126251220703,16.25093650817871,-5.473630905151367,0.5383644104003906,29.936325073242189,0.8470001220703125,13.341573715209961,25.579275131225587,24.98164939880371,-43.02961730957031,54.58136749267578,-43.55266571044922,23.329710006713868,-44.71189880371094,56.112945556640628,10.47052001953125,-13.04963493347168,33.72284698486328,-44.82933807373047,50.23844909667969,-18.3476619720459,21.33025360107422,44.97956848144531,-26.316984176635743,-29.381027221679689,-56.44239044189453,34.28758239746094,-38.48365020751953,53.934600830078128,0.6082191467285156,51.34397506713867,9.861093521118164,57.280494689941409,32.37327575683594,-19.43440818786621,-14.096710205078125,-42.32538604736328,0.9984054565429688,5.269838333129883,-41.242156982421878,-10.533851623535157,28.36346435546875,37.916622161865237,39.09877014160156,-23.024316787719728,-3.1214256286621095,-37.786346435546878,-50.10369110107422,-33.094757080078128,58.049407958984378,2.669414520263672],"legSizes":[0.2956671416759491,0.42304927110671999,0.4762122631072998,0.19587750732898713,0.3807535767555237,0.18395371735095979,0.13685208559036256,0.11140900105237961,0.26138341426849368,0.20233294367790223,0.3242267370223999,0.23934224247932435,0.12970776855945588,0.24056246876716615,0.13133302330970765,0.3143773376941681,0.31756818294525149,0.478831946849823,0.3172633945941925,0.10975928604602814,0.43471378087997439,0.24839088320732118,0.24583561718463899,0.4052502512931824],"bodySizes":[2.1416304111480715,1.6315271854400635,2.289555788040161],"springs":[],"dumpers":[],"name":19786,"generation":564,"distance":30.240291595458986,"reward":-49.21198654174805},{"angles":[-59.719749450683597,-34.52935791015625,-3.2605133056640627,21.67243194580078,13.03839111328125,-40.910308837890628,13.513847351074219,-26.13435173034668,52.69085693359375,-35.30052947998047,36.8994140625,58.32365417480469,38.71361541748047,9.239767074584961,-39.86393737792969,29.44414520263672,-29.38611602783203,-48.22218322753906,30.86432647705078,10.697759628295899,-46.87012481689453,19.715879440307618,8.179372787475586,-43.111793518066409,56.02174377441406,7.109018325805664,8.903810501098633,-38.37712097167969,-59.37548065185547,45.65386962890625,16.25093650817871,11.039749145507813,0.5383644104003906,23.823223114013673,-14.231735229492188,-29.036012649536134,20.301847457885743,57.36524200439453,-43.02961730957031,32.594947814941409,-43.55266571044922,4.232276916503906,-44.71189880371094,-23.022544860839845,-48.445701599121097,7.112068176269531,33.72284698486328,18.360769271850587,38.677711486816409,1.8251266479492188,35.67327880859375,54.54584503173828,-26.316984176635743,8.735353469848633,-41.85948181152344,-24.954750061035158,-31.03131103515625,32.7013053894043,-59.991729736328128,-2.3396224975585939,-49.22093963623047,42.284576416015628,32.37327575683594,-19.43440818786621,-34.646873474121097,-42.32538604736328,0.9984054565429688,-16.39497184753418,43.91114807128906,-34.59782409667969,28.36346435546875,-27.94416046142578,52.12263107299805,50.098045349121097,-3.1214256286621095,53.07012939453125,-54.28187561035156,-40.73285675048828,58.049407958984378,2.669414520263672],"legSizes":[0.18391171097755433,0.41163039207458498,0.4762122631072998,0.4350661635398865,0.21087044477462769,0.14269204437732697,0.35939598083496096,0.15171928703784944,0.13310237228870393,0.17916736006736756,0.3846225142478943,0.4468730390071869,0.2792622447013855,0.1675252914428711,0.4679284691810608,0.4206077456474304,0.31756818294525149,0.28969329595565798,0.3172633945941925,0.10975928604602814,0.1872783601284027,0.4843592047691345,0.39742225408554079,0.4052502512931824],"bodySizes":[2.1548378467559816,1.6265482902526856,2.282487630844116],"springs":[],"dumpers":[],"name":19786,"generation":564,"distance":30.240291595458986,"reward":-61.70524215698242}]}