{"geneDatas":[{"angles":[-36.778465270996097,14.092992782592774,14.037200927734375,-4.321540832519531,29.911808013916017,-48.97294616699219,-8.835359573364258,-41.4637451171875,12.281290054321289,-31.493324279785158,24.840002059936525,-48.09214782714844,-45.598785400390628,-48.990753173828128,-20.235992431640626,37.85917282104492,54.7652587890625,-29.026742935180665,-9.779699325561524,2.3791046142578127,-15.439674377441407,-55.824851989746097,10.208236694335938,-7.77362060546875,56.02174377441406,-16.52094268798828,-15.735389709472657,-44.25337219238281,23.57052230834961,-43.32672882080078,-47.92565155029297,38.828460693359378,-40.991302490234378,56.35192108154297,-50.74974060058594,-41.72474670410156,13.883949279785157,-0.5727424621582031,-21.631471633911134,36.210662841796878,-57.712493896484378,-59.72967529296875,12.458045959472657,-53.776329040527347,-27.28141975402832,-25.511520385742189,47.93995666503906,-11.475227355957032,36.1104736328125,34.57202911376953,29.163005828857423,-48.231666564941409,-44.245079040527347,-34.55224609375,-44.21277618408203,-44.243743896484378,55.90787887573242,39.197776794433597,-59.991729736328128,52.99525451660156,4.079010009765625,-3.694805145263672,44.33848571777344,40.291500091552737,58.057090759277347,30.13632583618164,42.94355392456055,36.63685607910156,28.804706573486329,-20.63810920715332,-12.805646896362305,8.214248657226563,17.52130126953125,50.06610107421875,-6.848108291625977,-46.93650817871094,25.874103546142579,12.78754997253418,14.651376724243164,-27.169082641601564],"legSizes":[0.19032058119773866,0.3534916043281555,0.4762122631072998,0.30016380548477175,0.40335410833358767,0.1868201196193695,0.30504944920539858,0.3088911175727844,0.15400204062461854,0.21752187609672547,0.3692457675933838,0.13606461882591248,0.18359375,0.3477812111377716,0.4024352431297302,0.24646538496017457,0.29797622561454775,0.2822250723838806,0.42515429854393008,0.2289038449525833,0.2588261365890503,0.17343445122241975,0.368726909160614,0.2948768436908722],"bodySizes":[2.1077616214752199,1.6543715000152588,2.294222116470337],"springs":[],"dumpers":[],"name":13974,"generation":401,"distance":19.951702117919923,"reward":-19.951702117919923},{"angles":[-13.967720031738282,36.3436279296875,-51.557395935058597,-50.395172119140628,-37.52836608886719,-39.868125915527347,55.21871566772461,-15.787176132202149,31.57577896118164,-17.370149612426759,26.91061019897461,-20.411401748657228,-36.78034973144531,24.735944747924806,31.635231018066408,-1.8462257385253907,-51.42451477050781,24.439985275268556,-9.779699325561524,-16.22356605529785,-8.345754623413086,-55.824851989746097,4.155385971069336,41.25775146484375,51.95591735839844,33.405330657958987,9.870994567871094,-57.65288543701172,23.57052230834961,-53.20690155029297,-41.828155517578128,28.656461715698243,-20.440027236938478,-36.492103576660159,-50.74974060058594,29.676345825195314,-11.083808898925782,-0.5727424621582031,-36.88084411621094,36.210662841796878,-57.712493896484378,-42.699493408203128,-41.03380584716797,24.432706832885743,-27.28141975402832,17.36168670654297,47.93995666503906,-12.036401748657227,36.1104736328125,-26.053955078125,52.317466735839847,-48.231666564941409,-44.245079040527347,-12.247917175292969,-44.21277618408203,-21.577913284301759,55.90787887573242,-18.39476776123047,-27.672950744628908,36.77960968017578,58.374908447265628,6.487478256225586,-55.56517028808594,40.291500091552737,54.86131286621094,30.13632583618164,42.94355392456055,5.207054138183594,28.804706573486329,-34.59782409667969,38.9144287109375,-54.750755310058597,-46.158203125,-43.23460388183594,-9.606935501098633,-59.89512634277344,58.706459045410159,-2.34295654296875,33.760169982910159,-12.003814697265625],"legSizes":[0.1212557777762413,0.4331700801849365,0.4762122631072998,0.30016380548477175,0.40335410833358767,0.25756198167800906,0.30504944920539858,0.13564729690551759,0.2507534325122833,0.3209555447101593,0.22297567129135133,0.31910985708236697,0.1645224690437317,0.37129488587379458,0.3928956985473633,0.4311113953590393,0.35098332166671755,0.3070836365222931,0.21484187245368958,0.2854073643684387,0.4295302927494049,0.17343445122241975,0.368726909160614,0.16049224138259889],"bodySizes":[2.1028647422790529,1.6653635501861573,2.2843868732452394],"springs":[],"dumpers":[],"name":13974,"generation":401,"distance":19.951702117919923,"reward":-27.614830017089845},{"angles":[-13.967720031738282,17.12263298034668,-4.223907470703125,-22.506486892700197,-47.581268310546878,-57.626197814941409,48.43231201171875,-15.787176132202149,31.57577896118164,-37.12706756591797,41.94001007080078,-23.497573852539064,-22.29882049560547,39.793006896972659,29.55206298828125,57.628082275390628,54.7652587890625,-23.55451011657715,-9.779699325561524,-50.351783752441409,-8.345754623413086,-55.824851989746097,4.155385971069336,41.25775146484375,51.95591735839844,33.405330657958987,9.870994567871094,-57.65288543701172,23.57052230834961,30.818279266357423,-41.828155517578128,28.656461715698243,-20.440027236938478,-36.492103576660159,-50.74974060058594,29.676345825195314,-11.083808898925782,-0.5727424621582031,-36.88084411621094,36.210662841796878,-57.712493896484378,-42.699493408203128,-3.5542984008789064,24.432706832885743,-27.28141975402832,17.36168670654297,47.93995666503906,-12.036401748657227,36.1104736328125,-26.053955078125,52.317466735839847,-48.231666564941409,-44.245079040527347,-12.247917175292969,-44.21277618408203,-21.577913284301759,-36.242652893066409,-18.39476776123047,-27.672950744628908,36.77960968017578,-44.537384033203128,6.487478256225586,-55.56517028808594,40.291500091552737,54.86131286621094,30.13632583618164,42.94355392456055,5.207054138183594,28.804706573486329,-34.59782409667969,38.9144287109375,-54.750755310058597,-37.83959197998047,-43.23460388183594,-9.606935501098633,-59.89512634277344,58.706459045410159,48.57920837402344,33.760169982910159,-12.003814697265625],"legSizes":[0.1212557777762413,0.4331700801849365,0.398357093334198,0.30016380548477175,0.40335410833358767,0.25756198167800906,0.30504944920539858,0.11786208301782608,0.2507534325122833,0.3209555447101593,0.22297567129135133,0.31910985708236697,0.1645224690437317,0.37129488587379458,0.3928956985473633,0.4311113953590393,0.35098332166671755,0.3070836365222931,0.21484187245368958,0.2854073643684387,0.31520193815231326,0.17343445122241975,0.368726909160614,0.16049224138259889],"bodySizes":[2.1112444400787355,1.662055253982544,2.27984881401062],"springs":[],"dumpers":[],"name":13974,"generation":401,"distance":19.951702117919923,"reward":-42.76797103881836}]}