{"geneDatas":[{"angles":[0.2029266357421875,14.606630325317383,-47.79254150390625,-34.533447265625,-0.7933120727539063,16.566421508789064,-18.649085998535158,-31.443313598632814,32.170684814453128,42.574851989746097,36.8994140625,-6.324943542480469,29.106000900268556,4.9675140380859379,-39.86393737792969,40.8544921875,-29.38611602783203,-53.19654846191406,30.86432647705078,18.315650939941408,-46.87012481689453,-11.058891296386719,-3.2403297424316408,-9.610427856445313,58.722084045410159,7.109018325805664,7.231040954589844,58.577239990234378,-59.37548065185547,45.65386962890625,-53.55254364013672,-21.37914276123047,4.1497650146484379,12.814529418945313,2.9114112854003908,-44.56443786621094,-11.083808898925782,30.7270565032959,-43.02961730957031,8.033401489257813,-43.031089782714847,-12.76416015625,-44.71189880371094,-39.627540588378909,-14.984413146972657,-54.924705505371097,33.72284698486328,3.8862075805664064,59.65325927734375,-26.347412109375,54.17402648925781,-26.08089256286621,-56.16023254394531,-54.50647735595703,-47.70054626464844,37.06108856201172,-56.97857666015625,-30.299894332885743,-59.991729736328128,-24.67685890197754,14.714378356933594,0.5657730102539063,-41.128692626953128,-26.859420776367189,35.763084411621097,12.548410415649414,33.79410171508789,5.269838333129883,-41.242156982421878,-1.1307106018066407,-57.27980041503906,-36.800010681152347,-49.052452087402347,-12.85795783996582,34.15939712524414,6.582006454467773,38.15796661376953,-16.83784294128418,-5.008684158325195,2.669414520263672],"legSizes":[0.1740950644016266,0.41163039207458498,0.4762122631072998,0.4350661635398865,0.36008507013320925,0.14269204437732697,0.35939598083496096,0.15171928703784944,0.26138341426849368,0.4614464342594147,0.2265317142009735,0.236064612865448,0.23522332310676576,0.14593181014060975,0.4679284691810608,0.3554869592189789,0.3794810175895691,0.3974663317203522,0.45017504692077639,0.10714326053857804,0.14840483665466309,0.3407978415489197,0.39742225408554079,0.10232076793909073],"bodySizes":[2.1694107055664064,1.6687275171279908,2.209850311279297],"springs":[],"dumpers":[],"name":20879,"generation":627,"distance":23.80819320678711,"reward":-23.80819320678711},{"angles":[0.2029266357421875,-23.42805290222168,2.6312026977539064,-34.533447265625,-39.200775146484378,-8.671051025390625,-18.649085998535158,-40.72309875488281,32.170684814453128,42.574851989746097,36.8994140625,-6.593320846557617,-22.30670166015625,-23.889692306518556,-39.86393737792969,50.048675537109378,-29.38611602783203,-53.19654846191406,30.86432647705078,18.315650939941408,-51.82051086425781,-35.90503692626953,-3.2403297424316408,-9.610427856445313,58.722084045410159,7.109018325805664,-54.715415954589847,40.76441192626953,-59.37548065185547,45.65386962890625,-53.55254364013672,-21.37914276123047,20.74713706970215,-44.248008728027347,2.9114112854003908,-44.56443786621094,-11.083808898925782,30.7270565032959,-43.02961730957031,8.033401489257813,-43.031089782714847,-12.76416015625,-44.71189880371094,-39.627540588378909,-14.984413146972657,-54.924705505371097,33.72284698486328,3.8862075805664064,59.65325927734375,-26.347412109375,54.17402648925781,-26.08089256286621,-39.38984680175781,-54.50647735595703,-47.70054626464844,37.06108856201172,-56.97857666015625,-30.299894332885743,-59.991729736328128,-24.67685890197754,14.714378356933594,0.5657730102539063,-41.128692626953128,-26.859420776367189,35.763084411621097,12.548410415649414,33.79410171508789,5.269838333129883,-41.242156982421878,-1.1307106018066407,-57.27980041503906,-36.800010681152347,-49.052452087402347,-12.85795783996582,34.15939712524414,6.582006454467773,38.15796661376953,-16.83784294128418,-19.728477478027345,2.669414520263672],"legSizes":[0.46005648374557497,0.41163039207458498,0.42630735039711,0.4350661635398865,0.22298720479011537,0.14269204437732697,0.35939598083496096,0.15171928703784944,0.26138341426849368,0.31216761469841006,0.4906093180179596,0.236064612865448,0.23522332310676576,0.14593181014060975,0.4679284691810608,0.3554869592189789,0.3794810175895691,0.3974663317203522,0.45017504692077639,0.10714326053857804,0.14840483665466309,0.3407978415489197,0.39742225408554079,0.34544798731803896],"bodySizes":[2.1680052280426027,1.669268250465393,2.210566282272339],"springs":[],"dumpers":[],"name":20879,"generation":627,"distance":23.80819320678711,"reward":-28.632736206054689},{"angles":[0.2029266357421875,14.606630325317383,-47.79254150390625,-50.32356262207031,-0.7933120727539063,7.157312393188477,-18.649085998535158,-31.443313598632814,22.87291717529297,42.574851989746097,36.8994140625,37.30872344970703,-55.31812286376953,17.85047721862793,-39.86393737792969,-44.03948211669922,-29.38611602783203,-53.19654846191406,30.86432647705078,18.315650939941408,-46.87012481689453,-47.815521240234378,-3.2403297424316408,-58.126556396484378,58.722084045410159,7.109018325805664,7.231040954589844,17.859975814819337,-59.37548065185547,45.65386962890625,-53.55254364013672,-21.37914276123047,4.1497650146484379,12.814529418945313,21.092161178588868,-44.56443786621094,12.048974990844727,30.7270565032959,-43.02961730957031,8.033401489257813,-43.031089782714847,-12.76416015625,-44.71189880371094,-50.04998779296875,-14.984413146972657,5.392763137817383,33.72284698486328,3.8862075805664064,59.65325927734375,-26.347412109375,54.17402648925781,-26.08089256286621,-56.16023254394531,-54.50647735595703,-47.70054626464844,37.06108856201172,-40.433746337890628,-30.299894332885743,-59.991729736328128,-24.67685890197754,14.714378356933594,41.030975341796878,27.858623504638673,-26.859420776367189,-40.81355285644531,12.548410415649414,33.79410171508789,-15.624109268188477,-1.1466484069824219,-1.1307106018066407,52.83343505859375,-36.800010681152347,-49.052452087402347,-12.85795783996582,34.15939712524414,6.582006454467773,38.15796661376953,-7.9361419677734379,-5.008684158325195,2.669414520263672],"legSizes":[0.1740950644016266,0.3898104131221771,0.4762122631072998,0.4350661635398865,0.36008507013320925,0.14269204437732697,0.35939598083496096,0.15171928703784944,0.26138341426849368,0.38099223375320437,0.15923315286636353,0.3779485821723938,0.23522332310676576,0.14593181014060975,0.4679284691810608,0.3554869592189789,0.45934343338012698,0.3974663317203522,0.45017504692077639,0.10714326053857804,0.21907484531402589,0.3407978415489197,0.39742225408554079,0.10232076793909073],"bodySizes":[2.2368602752685549,1.6034362316131592,2.230485677719116],"springs":[],"dumpers":[],"name":20879,"generation":627,"distance":23.80819320678711,"reward":-28.812772750854493}]}