{"geneDatas":[{"angles":[22.3664608001709,10.323881149291993,-57.333412170410159,17.4917049407959,15.946815490722657,-18.15465545654297,-29.389738082885743,39.525115966796878,57.31537628173828,-56.53687286376953,36.64543914794922,4.690940856933594,-45.97100067138672,-55.42536926269531,4.091697692871094,-12.273696899414063,27.601943969726564,20.75424575805664,37.174129486083987,38.57201385498047,-37.60435485839844,-54.516807556152347,-36.71064758300781,-19.10588836669922,14.385030746459961,-58.51957702636719,6.764610290527344,57.42205810546875,-42.193634033203128,-39.657196044921878,-55.407440185546878,9.425247192382813,3.0761489868164064,-27.459806442260743,-51.084197998046878,-68.434326171875,-56.57817077636719,5.147260665893555,34.363800048828128,-38.26477813720703,-56.81214904785156,-59.791786193847659,36.419891357421878,53.25579833984375,22.656652450561525,-30.927827835083009,-51.03765869140625,12.034528732299805,49.642181396484378,-21.609512329101564,15.662353515625,14.993539810180664,15.900707244873047,-3.3774452209472658,-5.634605407714844,40.183937072753909,-56.9259033203125,-43.468406677246097,26.810331344604493,53.63232421875,48.123680114746097,-53.62147521972656,-1.5901222229003907,-11.123321533203125,72.98020935058594,-50.691925048828128,42.65631866455078,58.453758239746097,57.85786437988281,-20.58678436279297,-50.309417724609378,58.97694396972656,29.620582580566408,53.027671813964847,24.551437377929689,41.992835998535159,9.997495651245118,37.37297058105469,-13.459917068481446,-26.68458366394043],"legSizes":[0.17803263664245606,0.2746632397174835,0.46988874673843386,0.2687188386917114,0.14602819085121156,0.4818219542503357,0.2741755247116089,0.11623340100049973,0.24166053533554078,0.3376513123512268,0.34481769800186159,0.12503582239151,0.4628467559814453,0.3316178619861603,0.12354717403650284,0.3864060044288635,0.2924874424934387,0.4527772068977356,0.22200138866901399,0.24999994039535523,0.20048363506793977,0.331379771232605,0.3011290729045868,0.21806424856185914],"bodySizes":[2.2680282592773439,1.9101128578186036,1.8466410636901856],"springs":[],"dumpers":[],"name":1715,"generation":48,"distance":55.75762176513672,"reward":-55.75762176513672},{"angles":[-49.54255676269531,28.81652069091797,41.24586486816406,-39.833709716796878,-21.206497192382814,-50.90001678466797,-49.2691650390625,39.525115966796878,57.31537628173828,-50.64868927001953,36.64543914794922,59.34564208984375,-15.340797424316407,27.649709701538087,43.13478088378906,-11.816032409667969,-39.702919006347659,-44.58679962158203,0.8272018432617188,31.667560577392579,5.5663909912109379,-2.623851776123047,2.9874305725097658,-39.24383544921875,20.35048484802246,40.528419494628909,6.764610290527344,57.42205810546875,33.002498626708987,46.61589050292969,-55.407440185546878,31.27062225341797,-39.23609924316406,-47.591827392578128,-51.084197998046878,-68.434326171875,-56.57817077636719,27.59442138671875,20.51673698425293,-38.26477813720703,83.44708251953125,41.471954345703128,36.419891357421878,-14.757247924804688,51.04844284057617,25.59938621520996,-51.03765869140625,24.968503952026368,49.642181396484378,-40.486419677734378,24.450071334838868,14.993539810180664,15.900707244873047,28.87169647216797,-5.634605407714844,-6.764551162719727,-2.504302978515625,17.104467391967775,-28.946062088012697,59.01121520996094,-12.456628799438477,-53.62147521972656,-0.02402496337890625,42.45610809326172,72.98020935058594,-50.691925048828128,42.65631866455078,58.453758239746097,57.85786437988281,-23.941062927246095,-52.684837341308597,6.218656539916992,39.25959777832031,53.027671813964847,19.986705780029298,31.316356658935548,-11.708656311035157,-58.74226379394531,40.43844223022461,31.623600006103517],"legSizes":[0.11404242366552353,0.2746632397174835,0.25,0.16691561043262483,0.142163947224617,0.4818219542503357,0.37876373529434206,0.27405980229377749,0.4359505772590637,0.3376513123512268,0.34481769800186159,0.12503582239151,0.4628467559814453,0.3316178619861603,0.16900905966758729,0.3864060044288635,0.2247629463672638,0.4457196295261383,0.35608649253845217,0.142682746052742,0.4937862753868103,0.32472774386405947,0.3011290729045868,0.342593252658844],"bodySizes":[2.1381123065948488,2.0241692066192629,1.84847092628479],"springs":[],"dumpers":[],"name":1715,"generation":48,"distance":55.75762176513672,"reward":-56.97471237182617},{"angles":[-29.570037841796876,7.97935676574707,-21.58642578125,42.8114013671875,-1.7534713745117188,-50.90001678466797,19.62554168701172,-59.02471923828125,57.31537628173828,-35.10602569580078,36.64543914794922,-50.663536071777347,-45.97100067138672,-55.42536926269531,-0.8428077697753906,-12.273696899414063,27.601943969726564,53.35166931152344,37.174129486083987,-21.71876335144043,-37.60435485839844,-54.516807556152347,-36.71064758300781,-41.19385528564453,14.385030746459961,-58.51957702636719,6.764610290527344,57.42205810546875,-42.193634033203128,-39.657196044921878,-55.407440185546878,9.425247192382813,3.0761489868164064,-27.459806442260743,-51.084197998046878,-68.434326171875,-56.57817077636719,5.147260665893555,20.51673698425293,-38.26477813720703,-56.81214904785156,-59.791786193847659,36.419891357421878,53.25579833984375,7.795166015625,-30.927827835083009,-51.03765869140625,12.034528732299805,49.642181396484378,-21.609512329101564,15.662353515625,14.993539810180664,-53.02095031738281,-3.3774452209472658,-5.634605407714844,40.183937072753909,-56.9259033203125,-50.2386474609375,26.810331344604493,53.63232421875,48.123680114746097,-53.62147521972656,-1.5901222229003907,-11.123321533203125,72.98020935058594,-50.691925048828128,42.65631866455078,15.537511825561524,57.85786437988281,-23.941062927246095,-20.846277236938478,27.75738525390625,29.620582580566408,53.027671813964847,24.551437377929689,41.992835998535159,-12.468873977661133,37.37297058105469,-33.41004943847656,-14.690614700317383],"legSizes":[0.4974709451198578,0.19354987144470216,0.25,0.3073551058769226,0.49438390135765078,0.2977560758590698,0.27685296535491946,0.11623340100049973,0.24166053533554078,0.1388038694858551,0.1910761296749115,0.47811779379844668,0.4628467559814453,0.3316178619861603,0.3603222370147705,0.323330283164978,0.2247629463672638,0.262149453163147,0.369290828704834,0.24999994039535523,0.20048363506793977,0.32472774386405947,0.3011290729045868,0.25],"bodySizes":[2.0539462566375734,2.0303099155426027,1.918397307395935],"springs":[],"dumpers":[],"name":1715,"generation":48,"distance":55.75762176513672,"reward":-58.53519821166992}]}