{"geneDatas":[{"angles":[22.3664608001709,21.619291305541993,-57.333412170410159,42.8114013671875,15.946815490722657,-64.67050170898438,19.62554168701172,39.525115966796878,57.31537628173828,-50.64868927001953,36.64543914794922,-77.60881042480469,-15.340797424316407,-3.0254249572753908,-18.592063903808595,86.24696350097656,42.02971649169922,50.642669677734378,0.8272018432617188,38.57201385498047,5.5663909912109379,14.101472854614258,2.9874305725097658,-39.24383544921875,-1.8828163146972657,40.528419494628909,6.764610290527344,57.42205810546875,-26.627517700195314,-2.1025428771972658,-55.407440185546878,9.425247192382813,38.84446716308594,46.21660614013672,-7.731147766113281,8.593889236450196,-36.03076934814453,-0.6470565795898438,41.334388732910159,22.412139892578126,37.04552459716797,-49.37926483154297,36.419891357421878,-57.25053024291992,51.04844284057617,17.192527770996095,-51.03765869140625,-43.142555236816409,45.361534118652347,31.171173095703126,24.450071334838868,14.993539810180664,15.900707244873047,-3.3774452209472658,-5.634605407714844,7.517202377319336,-56.9259033203125,-23.143142700195314,19.58082389831543,-39.873817443847659,48.123680114746097,-53.62147521972656,-1.5901222229003907,-11.123321533203125,72.98020935058594,-50.691925048828128,42.65631866455078,58.453758239746097,57.85786437988281,-23.941062927246095,19.425369262695314,58.97694396972656,29.620582580566408,53.027671813964847,24.551437377929689,41.992835998535159,-12.468873977661133,37.37297058105469,69.88420104980469,31.623600006103517],"legSizes":[0.41742175817489626,0.46052390336990359,0.25,0.47798746824264529,0.25,0.19044756889343263,0.1828199326992035,0.27405980229377749,0.4359505772590637,0.19890108704566956,0.25,0.36233681440353396,0.4628467559814453,0.22130262851715089,0.1283327043056488,0.2508389353752136,0.2247629463672638,0.25,0.369290828704834,0.24999994039535523,0.20048363506793977,0.32472774386405947,0.3011290729045868,0.25],"bodySizes":[2.0405960083007814,2.0137462615966799,1.9468308687210084],"springs":[],"dumpers":[],"name":1217,"generation":36,"distance":69.39473724365235,"reward":-69.39473724365235},{"angles":[22.3664608001709,21.619291305541993,-57.333412170410159,42.8114013671875,15.946815490722657,0.7120170593261719,-38.73699188232422,21.435638427734376,-44.29698944091797,-17.22838592529297,15.474843978881836,-77.60881042480469,-15.340797424316407,-3.0254249572753908,-18.592063903808595,86.24696350097656,-36.95288848876953,29.04421615600586,0.8272018432617188,38.57201385498047,5.5663909912109379,14.101472854614258,2.9874305725097658,14.040306091308594,-42.22111511230469,56.98493957519531,6.764610290527344,25.21630859375,-26.627517700195314,-2.1025428771972658,-55.407440185546878,9.425247192382813,38.84446716308594,46.21660614013672,-7.731147766113281,8.593889236450196,-36.03076934814453,-0.6470565795898438,27.936704635620118,22.412139892578126,37.04552459716797,24.30754852294922,36.419891357421878,-57.25053024291992,51.04844284057617,17.192527770996095,-51.03765869140625,-43.142555236816409,45.361534118652347,31.171173095703126,24.450071334838868,14.993539810180664,15.900707244873047,-3.3774452209472658,-5.634605407714844,7.517202377319336,-56.9259033203125,-23.143142700195314,19.58082389831543,11.348684310913086,48.123680114746097,-53.62147521972656,-1.5901222229003907,-11.123321533203125,72.98020935058594,-50.691925048828128,42.65631866455078,58.453758239746097,57.85786437988281,-23.941062927246095,19.425369262695314,58.97694396972656,29.620582580566408,53.027671813964847,24.551437377929689,41.992835998535159,-12.468873977661133,29.28565788269043,69.88420104980469,31.623600006103517],"legSizes":[0.3911774158477783,0.46052390336990359,0.25,0.4311997890472412,0.36485281586647036,0.2800389528274536,0.37876373529434206,0.27405980229377749,0.4359505772590637,0.24723833799362184,0.25,0.16812372207641602,0.4628467559814453,0.40376320481300356,0.1283327043056488,0.2508389353752136,0.2247629463672638,0.25,0.369290828704834,0.24999994039535523,0.20048363506793977,0.32472774386405947,0.3011290729045868,0.25],"bodySizes":[2.0405960083007814,2.0137462615966799,1.9468308687210084],"springs":[],"dumpers":[],"name":1217,"generation":36,"distance":69.39473724365235,"reward":-116.03174591064453},{"angles":[22.3664608001709,21.619291305541993,-57.333412170410159,42.8114013671875,15.946815490722657,-50.90001678466797,19.62554168701172,2.915760040283203,57.31537628173828,-50.64868927001953,36.64543914794922,-77.60881042480469,-15.340797424316407,27.649709701538087,-18.592063903808595,-11.816032409667969,42.02971649169922,-44.58679962158203,0.8272018432617188,-6.252830505371094,5.5663909912109379,14.101472854614258,2.9874305725097658,-39.24383544921875,-1.8828163146972657,-48.69020080566406,6.764610290527344,-15.902275085449219,41.61119079589844,37.084075927734378,-55.407440185546878,24.60761260986328,32.974647521972659,38.67699432373047,-16.09522247314453,-22.501893997192384,10.255828857421875,4.8789825439453129,-4.955686569213867,-7.8729705810546879,-59.15995788574219,-6.646461486816406,36.419891357421878,-57.25053024291992,-15.903104782104493,17.192527770996095,24.208999633789064,-26.2889461517334,-38.74748992919922,25.970304489135743,24.450071334838868,10.721574783325196,-7.650796890258789,2.853862762451172,-45.36412048339844,-6.764551162719727,-56.9259033203125,-7.604406356811523,7.32850456237793,-28.977304458618165,48.123680114746097,-53.62147521972656,-0.02402496337890625,-7.9053192138671879,72.98020935058594,-39.67665100097656,42.65631866455078,-24.577468872070314,-21.052200317382814,-39.228240966796878,2.6527328491210939,-57.66925048828125,29.620582580566408,37.9505729675293,-57.188026428222659,31.316356658935548,-31.63202667236328,29.28565788269043,69.88420104980469,-19.512556076049806],"legSizes":[0.11404242366552353,0.3443453907966614,0.25,0.47798746824264529,0.43199992179870608,0.36915940046310427,0.37876373529434206,0.24999994039535523,0.31689590215682986,0.1325078010559082,0.25,0.16812372207641602,0.4545127749443054,0.44270578026771548,0.261835515499115,0.10409822314977646,0.2247629463672638,0.37582653760910036,0.35608649253845217,0.24999994039535523,0.4134142994880676,0.41373127698898318,0.10915446281433106,0.25],"bodySizes":[2.011878490447998,1.9927185773849488,1.995456337928772],"springs":[],"dumpers":[],"name":1217,"generation":36,"distance":69.39473724365235,"reward":-129.9681396484375}]}