{"geneDatas":[{"angles":[4.699981689453125,-37.95225524902344,-57.333412170410159,31.061264038085939,20.564285278320314,-56.598915100097659,-48.92601013183594,5.488779067993164,33.1114616394043,-35.10602569580078,4.856363296508789,16.4766845703125,-40.992652893066409,57.92704772949219,17.838720321655275,-39.65533447265625,43.739418029785159,53.35166931152344,8.393960952758789,24.716320037841798,-39.2525634765625,-52.36090087890625,14.886482238769532,-41.19385528564453,14.385030746459961,52.28655242919922,-42.29283142089844,57.42205810546875,-42.193634033203128,-39.657196044921878,-55.407440185546878,-34.09961700439453,-29.38933563232422,-39.25792694091797,44.64972686767578,8.227693557739258,-56.57817077636719,-51.10253143310547,-20.01774024963379,4.6139068603515629,7.865058898925781,-14.403726577758789,-18.3189640045166,-25.191686630249025,6.371232986450195,-53.45172119140625,-52.030364990234378,12.034528732299805,49.642181396484378,-29.972801208496095,-39.51414489746094,-7.7390899658203129,15.900707244873047,-4.49835205078125,-29.76350212097168,-29.786949157714845,-56.9259033203125,-36.91893768310547,26.810331344604493,53.63232421875,48.123680114746097,-4.25132942199707,-34.90369415283203,18.6567440032959,72.98020935058594,-9.150588989257813,42.65631866455078,-46.56708526611328,27.877004623413087,-20.58678436279297,-50.309417724609378,24.868526458740236,29.620582580566408,57.02674102783203,59.39799499511719,-31.917701721191408,25.154096603393556,15.545522689819336,35.27662658691406,-19.481170654296876],"legSizes":[0.3891364634037018,0.3072538673877716,0.4735024869441986,0.13251280784606934,0.49438390135765078,0.3564896583557129,0.3378153145313263,0.19540873169898988,0.27793604135513308,0.14432115852832795,0.47204193472862246,0.32648950815200808,0.4628467559814453,0.3316178619861603,0.2792566418647766,0.3686281144618988,0.4823884963989258,0.15509852766990663,0.1073237881064415,0.1482502967119217,0.3855006694793701,0.32472774386405947,0.47919535636901858,0.428469717502594],"bodySizes":[1.8284242153167725,2.1466684341430666,2.038205862045288],"springs":[],"dumpers":[],"name":3675,"generation":106,"distance":48.38054656982422,"reward":-48.38054656982422},{"angles":[4.699981689453125,21.25149154663086,-57.333412170410159,31.061264038085939,58.36748504638672,-56.598915100097659,-48.92601013183594,36.818817138671878,33.1114616394043,-35.10602569580078,4.856363296508789,59.946571350097659,-49.97950744628906,19.850990295410158,17.838720321655275,3.077911376953125,43.739418029785159,0.4894981384277344,3.7371482849121095,24.716320037841798,-39.2525634765625,-52.36090087890625,14.886482238769532,-41.19385528564453,14.385030746459961,52.28655242919922,-42.29283142089844,57.42205810546875,-42.193634033203128,-39.657196044921878,-55.407440185546878,-34.09961700439453,-29.38933563232422,-39.25792694091797,44.64972686767578,8.227693557739258,-56.57817077636719,-51.10253143310547,-20.01774024963379,4.6139068603515629,7.865058898925781,-14.403726577758789,-18.3189640045166,-25.191686630249025,6.371232986450195,-53.45172119140625,-52.030364990234378,-7.118003845214844,49.642181396484378,-29.972801208496095,-39.51414489746094,-7.7390899658203129,-17.686050415039064,21.368221282958986,-5.634605407714844,-29.786949157714845,-43.88996887207031,-50.2386474609375,-42.31639099121094,53.63232421875,48.123680114746097,-4.25132942199707,-34.90369415283203,51.02356719970703,72.98020935058594,-18.945058822631837,45.08467102050781,-46.56708526611328,27.877004623413087,-20.58678436279297,-50.309417724609378,24.868526458740236,29.620582580566408,57.02674102783203,59.39799499511719,-31.917701721191408,11.266630172729493,15.545522689819336,35.27662658691406,30.248477935791017],"legSizes":[0.4827421307563782,0.3072538673877716,0.4735024869441986,0.13251280784606934,0.48743563890457156,0.3564896583557129,0.3378153145313263,0.19540873169898988,0.27793604135513308,0.14432115852832795,0.47204193472862246,0.32648950815200808,0.374927282333374,0.3316178619861603,0.3904630243778229,0.3686281144618988,0.24643036723136903,0.34065839648246767,0.1073237881064415,0.1482502967119217,0.26217615604400637,0.4027062952518463,0.3011290729045868,0.22977745532989503],"bodySizes":[1.8636871576309205,2.428201913833618,1.7677959203720093],"springs":[],"dumpers":[],"name":3675,"generation":106,"distance":48.38054656982422,"reward":-57.091705322265628},{"angles":[4.699981689453125,-37.95225524902344,-57.333412170410159,31.061264038085939,20.564285278320314,-56.598915100097659,-48.92601013183594,5.488779067993164,4.860298156738281,-47.837074279785159,4.856363296508789,16.4766845703125,-40.992652893066409,57.92704772949219,17.838720321655275,-39.65533447265625,43.739418029785159,53.35166931152344,8.393960952758789,24.716320037841798,-39.2525634765625,-52.36090087890625,14.886482238769532,-41.19385528564453,14.385030746459961,52.28655242919922,-42.29283142089844,57.42205810546875,-42.193634033203128,8.545110702514649,-55.407440185546878,-34.09961700439453,-29.38933563232422,-39.25792694091797,44.64972686767578,8.227693557739258,-56.57817077636719,-51.10253143310547,-20.01774024963379,4.6139068603515629,7.865058898925781,-14.403726577758789,-55.78953552246094,-25.191686630249025,6.371232986450195,-53.45172119140625,-52.030364990234378,12.034528732299805,49.642181396484378,-29.972801208496095,-39.51414489746094,-7.7390899658203129,15.900707244873047,-4.49835205078125,-29.76350212097168,-29.786949157714845,-56.9259033203125,-36.91893768310547,26.810331344604493,42.22479248046875,48.123680114746097,-4.25132942199707,-45.067474365234378,18.6567440032959,72.98020935058594,-49.087501525878909,42.65631866455078,-59.70588684082031,49.51786804199219,21.593839645385743,24.41399383544922,58.97694396972656,-46.614906311035159,30.354564666748048,24.551437377929689,-31.917701721191408,25.154096603393556,15.545522689819336,35.27662658691406,-25.633514404296876],"legSizes":[0.3891364634037018,0.3072538673877716,0.4735024869441986,0.13251280784606934,0.17517419159412385,0.3564896583557129,0.3378153145313263,0.10439934581518173,0.19110235571861268,0.49097704887390139,0.47204193472862246,0.24262923002243043,0.4728029668331146,0.3316178619861603,0.166761115193367,0.3864060044288635,0.40370169281959536,0.24163854122161866,0.2578456997871399,0.2212049663066864,0.3855006694793701,0.32472774386405947,0.47919535636901858,0.428469717502594],"bodySizes":[1.8569459915161133,2.18015456199646,1.9760748147964478],"springs":[],"dumpers":[],"name":3675,"generation":106,"distance":48.38054656982422,"reward":-61.8623161315918}]}