{"geneDatas":[{"angles":[43.75599670410156,30.245418548583986,19.965017318725587,3.872417449951172,-5.9675445556640629,-23.612716674804689,23.530210494995118,22.420318603515626,8.020097732543946,0.3983192443847656,26.845190048217775,13.341329574584961,-5.478437423706055,6.907716751098633,-11.348939895629883,-10.460906982421875,-36.155029296875,16.96473503112793,-36.975975036621097,47.85502624511719,-19.172666549682618,25.097877502441408,-35.64502716064453,-57.14043426513672,46.54475402832031,53.86951446533203,8.78394889831543,3.3103675842285158,-27.967750549316408,-50.32977294921875,50.15901184082031,28.656461715698243,-40.991302490234378,52.501861572265628,-50.74974060058594,17.38693618774414,49.08323669433594,-17.758819580078126,-52.196929931640628,-13.065467834472657,-57.712493896484378,-42.699493408203128,32.79340362548828,-40.97985076904297,-53.870201110839847,-58.13507080078125,-27.27967643737793,41.35399627685547,36.066741943359378,25.0251522064209,52.317466735839847,29.34412384033203,-14.748266220092774,19.3629150390625,9.608367919921875,-16.72209930419922,16.13918685913086,8.20741081237793,-59.991729736328128,29.708087921142579,8.665315628051758,22.23021697998047,54.22807312011719,40.291500091552737,42.11846160888672,-6.506744384765625,16.653913497924806,-24.34360694885254,28.804706573486329,45.662654876708987,54.20379638671875,27.675146102905275,45.52983093261719,13.805671691894532,35.25160598754883,-36.852577209472659,42.52467346191406,-12.902961730957032,29.0040340423584,-12.003814697265625],"legSizes":[0.4589594304561615,0.4331700801849365,0.4762122631072998,0.30016380548477175,0.1769023835659027,0.25756198167800906,0.30504944920539858,0.22493413090705872,0.3788723945617676,0.21752187609672547,0.14104905724525453,0.31910985708236697,0.4003649353981018,0.32987815141677859,0.37997880578041079,0.4311113953590393,0.3140447437763214,0.3523670732975006,0.10834784805774689,0.25153475999832156,0.3563717007637024,0.282863587141037,0.2075367271900177,0.16049224138259889],"bodySizes":[2.10601544380188,1.6808186769485474,2.259995222091675],"springs":[],"dumpers":[],"name":11917,"generation":341,"distance":34.96046447753906,"reward":-34.96046447753906},{"angles":[-37.371368408203128,-46.543434143066409,-39.69636535644531,-41.847084045410159,1.7476043701171876,-23.612716674804689,23.530210494995118,-17.102243423461915,-27.277170181274415,-53.75752258300781,26.845190048217775,13.341329574584961,-5.478437423706055,6.907716751098633,-11.348939895629883,-10.460906982421875,-36.155029296875,16.96473503112793,53.145790100097659,47.85502624511719,-19.172666549682618,25.097877502441408,-35.64502716064453,-57.14043426513672,30.426076889038087,53.86951446533203,8.78394889831543,3.3103675842285158,-23.67488670349121,48.0919189453125,-1.0924606323242188,-5.823890686035156,1.0775413513183594,-33.983802795410159,-50.74974060058594,58.754024505615237,41.73827362060547,-17.758819580078126,-52.196929931640628,33.64864730834961,-22.1989688873291,54.624267578125,27.135671615600587,-18.52271270751953,-0.138580322265625,-58.13507080078125,-27.27967643737793,-12.036401748657227,-45.45417022705078,25.0251522064209,52.317466735839847,29.34412384033203,-14.748266220092774,19.3629150390625,-44.21277618408203,-16.72209930419922,16.13918685913086,8.20741081237793,-59.991729736328128,40.813438415527347,8.665315628051758,22.23021697998047,54.22807312011719,40.291500091552737,58.057090759277347,-6.506744384765625,16.653913497924806,-24.34360694885254,28.804706573486329,45.662654876708987,38.103492736816409,27.675146102905275,45.52983093261719,42.460182189941409,35.25160598754883,-36.852577209472659,42.52467346191406,-12.902961730957032,29.0040340423584,-12.003814697265625],"legSizes":[0.1212557777762413,0.4331700801849365,0.4918641448020935,0.27040523290634158,0.1769023835659027,0.25756198167800906,0.30504944920539858,0.19540873169898988,0.3788723945617676,0.3751765191555023,0.14104905724525453,0.31910985708236697,0.4003649353981018,0.43894433975219729,0.37997880578041079,0.4311113953590393,0.3140447437763214,0.3523670732975006,0.17945313453674317,0.19538646936416627,0.3563717007637024,0.282863587141037,0.2075367271900177,0.16049224138259889],"bodySizes":[2.110722303390503,1.6789436340332032,2.257473945617676],"springs":[],"dumpers":[],"name":11917,"generation":341,"distance":34.96046447753906,"reward":-60.822967529296878},{"angles":[-37.371368408203128,-46.543434143066409,-39.69636535644531,-41.847084045410159,24.100210189819337,-23.612716674804689,23.530210494995118,-17.102243423461915,-27.277170181274415,0.3983192443847656,26.845190048217775,13.341329574584961,-5.478437423706055,6.907716751098633,-11.348939895629883,-10.460906982421875,-36.155029296875,16.96473503112793,53.145790100097659,47.85502624511719,-19.172666549682618,25.097877502441408,-35.64502716064453,-57.14043426513672,46.54475402832031,53.86951446533203,8.78394889831543,3.3103675842285158,-27.967750549316408,-50.32977294921875,-1.0924606323242188,38.76390075683594,1.0775413513183594,-33.983802795410159,-50.74974060058594,58.754024505615237,41.73827362060547,-17.758819580078126,-52.196929931640628,33.64864730834961,36.55254364013672,54.624267578125,27.135671615600587,-19.716276168823243,-0.138580322265625,-58.13507080078125,-27.27967643737793,-12.036401748657227,-45.45417022705078,25.0251522064209,52.317466735839847,29.34412384033203,37.555931091308597,19.3629150390625,-44.21277618408203,38.099586486816409,16.13918685913086,-44.049095153808597,-59.991729736328128,29.708087921142579,-40.53009796142578,22.23021697998047,54.22807312011719,40.291500091552737,58.057090759277347,-6.506744384765625,42.94355392456055,-46.81993865966797,28.804706573486329,0.6823043823242188,-4.600074768066406,-30.428695678710939,54.17279815673828,42.460182189941409,-36.23169708251953,-46.93650817871094,25.874103546142579,38.4359130859375,29.0040340423584,-12.003814697265625],"legSizes":[0.1212557777762413,0.4331700801849365,0.4918641448020935,0.27040523290634158,0.17484980821609498,0.4053913652896881,0.16229672729969026,0.2126532793045044,0.4013316035270691,0.25968414545059206,0.44293588399887087,0.31910985708236697,0.1645224690437317,0.3659901022911072,0.37997880578041079,0.4311113953590393,0.487884521484375,0.3589615821838379,0.17945313453674317,0.19538646936416627,0.1457778960466385,0.35716167092323305,0.2075367271900177,0.16049224138259889],"bodySizes":[2.11307954788208,1.6579010486602784,2.283576726913452],"springs":[],"dumpers":[],"name":11917,"generation":341,"distance":34.96046447753906,"reward":-68.64024353027344}]}