{"geneDatas":[{"angles":[48.917869567871097,14.155160903930664,45.85325622558594,12.895166397094727,0.5656471252441406,-40.910308837890628,-17.160123825073243,49.09545135498047,41.48557662963867,-42.88634490966797,17.490262985229493,-25.384002685546876,58.32481384277344,38.89067077636719,-53.714088439941409,12.583871841430664,54.134613037109378,-29.463279724121095,-55.90397644042969,-8.485872268676758,-46.87012481689453,-21.339746475219728,8.179372787475586,-41.832801818847659,56.02174377441406,7.109018325805664,48.45469665527344,27.699033737182618,-19.6082706451416,-56.055694580078128,40.462806701660159,-20.892539978027345,0.5383644104003906,-59.59064483642578,58.653404235839847,-18.443763732910158,-11.083808898925782,37.929054260253909,-43.02961730957031,54.58136749267578,-43.55266571044922,-11.024345397949219,-49.49201965332031,-53.776329040527347,-4.967130661010742,19.24738883972168,33.72284698486328,22.121915817260743,36.1104736328125,-40.58660125732422,16.431468963623048,-48.231666564941409,-59.430999755859378,-28.83026123046875,18.038175582885743,58.920623779296878,-43.865692138671878,13.795129776000977,-59.991729736328128,-25.687345504760743,-38.115562438964847,6.876031875610352,-22.261240005493165,-20.500511169433595,58.057090759277347,-41.13377380371094,35.819705963134769,-35.67698669433594,-28.594573974609376,-9.37353515625,-47.60972595214844,30.05561637878418,39.92791748046875,-21.62921142578125,1.7342147827148438,57.73143768310547,-50.86012268066406,26.230941772460939,36.20771789550781,-49.38066864013672],"legSizes":[0.35435184836387637,0.42304927110671999,0.4762122631072998,0.16414538025856019,0.45289215445518496,0.10995788872241974,0.48356956243515017,0.13564729690551759,0.10658478736877442,0.11676821857690811,0.187580406665802,0.2769768536090851,0.1645224690437317,0.17333728075027467,0.14985185861587525,0.1508546769618988,0.4848865568637848,0.3245508372783661,0.1855509877204895,0.22804993391036988,0.2964484393596649,0.19009995460510255,0.1364281177520752,0.3374119997024536],"bodySizes":[2.1660377979278566,1.6250988245010377,2.2727105617523195],"springs":[],"dumpers":[],"name":17148,"generation":491,"distance":47.36081314086914,"reward":-47.36081314086914},{"angles":[48.917869567871097,14.155160903930664,31.96918296813965,46.339500427246097,0.5656471252441406,-40.910308837890628,-17.160123825073243,49.09545135498047,41.48557662963867,-51.23545837402344,42.92328643798828,54.02137756347656,-6.0329742431640629,10.646202087402344,35.66101837158203,4.264732360839844,-50.82378387451172,-29.463279724121095,10.749542236328125,-38.342926025390628,-46.87012481689453,-55.824851989746097,26.048870086669923,20.226943969726564,56.02174377441406,48.68987274169922,59.3131103515625,-56.022361755371097,-34.80809020996094,-53.20690155029297,-47.92565155029297,-55.86480712890625,-59.663482666015628,-36.492103576660159,42.400428771972659,-18.443763732910158,-11.083808898925782,37.929054260253909,-6.048925399780273,38.78129577636719,-48.81962585449219,-41.16106414794922,-49.49201965332031,-53.776329040527347,49.11426544189453,19.24738883972168,21.809247970581056,-12.036401748657227,36.1104736328125,1.8251266479492188,16.431468963623048,-48.231666564941409,-59.430999755859378,20.04169273376465,-44.93865966796875,-55.92817687988281,32.017478942871097,-3.6504592895507814,-48.97798156738281,-22.97450828552246,-27.110946655273439,18.871376037597658,54.22807312011719,40.291500091552737,-34.646873474121097,-28.97747802734375,0.9984054565429688,-16.39497184753418,20.15802001953125,-34.59782409667969,38.9144287109375,23.23912811279297,42.68852233886719,14.468114852905274,57.87391662597656,-23.998138427734376,25.874103546142579,-18.4312744140625,-47.28334045410156,-37.21043395996094],"legSizes":[0.35435184836387637,0.42304927110671999,0.4762122631072998,0.4350661635398865,0.49043989181518557,0.19756516814231873,0.149180606007576,0.13564729690551759,0.10658478736877442,0.11676821857690811,0.35459962487220766,0.17872819304466248,0.1645224690437317,0.37129488587379458,0.2813345193862915,0.1508546769618988,0.2922784984111786,0.3245508372783661,0.3729681074619293,0.13985848426818849,0.2964484393596649,0.14358225464820863,0.1364281177520752,0.4002529978752136],"bodySizes":[2.080411434173584,1.672595500946045,2.2990572452545168],"springs":[],"dumpers":[],"name":17148,"generation":491,"distance":47.36081314086914,"reward":-53.249141693115237},{"angles":[25.220802307128908,22.927091598510743,40.253936767578128,-4.989217758178711,-59.424774169921878,-40.910308837890628,-17.160123825073243,49.09545135498047,-4.583824157714844,3.028644561767578,17.490262985229493,-9.855400085449219,-17.934059143066408,0.5754585266113281,-53.714088439941409,8.241743087768555,-50.82378387451172,-22.207197189331056,-33.13066101074219,39.41613006591797,-46.87012481689453,-21.339746475219728,8.179372787475586,-41.832801818847659,56.02174377441406,7.109018325805664,48.45469665527344,27.699033737182618,-13.027101516723633,-56.055694580078128,40.462806701660159,-20.892539978027345,-18.32335662841797,-59.59064483642578,58.653404235839847,-18.443763732910158,-11.083808898925782,37.929054260253909,-5.407928466796875,54.58136749267578,-43.55266571044922,-11.024345397949219,-49.49201965332031,-53.776329040527347,-4.967130661010742,19.24738883972168,33.72284698486328,22.121915817260743,36.1104736328125,-40.58660125732422,16.431468963623048,-48.231666564941409,-59.430999755859378,-28.83026123046875,18.038175582885743,58.920623779296878,-43.865692138671878,13.795129776000977,-59.991729736328128,-25.687345504760743,-38.115562438964847,6.876031875610352,-22.261240005493165,-20.500511169433595,58.057090759277347,-41.13377380371094,35.819705963134769,-35.67698669433594,-28.594573974609376,-9.37353515625,-47.60972595214844,30.05561637878418,-8.481866836547852,-21.62921142578125,1.7342147827148438,57.73143768310547,-50.86012268066406,26.230941772460939,36.20771789550781,-49.38066864013672],"legSizes":[0.24006807804107667,0.42304927110671999,0.4762122631072998,0.4676092565059662,0.2506576180458069,0.18395371735095979,0.40974658727645876,0.15171928703784944,0.10658478736877442,0.1537858545780182,0.35459962487220766,0.17872819304466248,0.1645224690437317,0.3573382794857025,0.2813345193862915,0.44716230034828188,0.2922784984111786,0.3245508372783661,0.3729681074619293,0.13985848426818849,0.2964484393596649,0.14358225464820863,0.1364281177520752,0.3374119997024536],"bodySizes":[2.157163619995117,1.6258642673492432,2.2809860706329347],"springs":[],"dumpers":[],"name":17148,"generation":491,"distance":47.36081314086914,"reward":-54.32605743408203}]}