{"geneDatas":[{"angles":[48.917869567871097,24.950794219970704,31.96918296813965,24.72866439819336,-37.56720733642578,-40.910308837890628,57.091224670410159,-56.439613342285159,41.48557662963867,-17.862144470214845,52.59959411621094,50.17805099487305,-6.0329742431640629,10.646202087402344,35.66101837158203,-35.26696014404297,44.89234161376953,-57.996482849121097,33.386192321777347,-8.485872268676758,-46.87012481689453,-26.192642211914064,8.179372787475586,-41.832801818847659,54.29054260253906,7.109018325805664,48.45469665527344,-38.37712097167969,-19.6082706451416,-56.055694580078128,-49.51377868652344,2.6123504638671877,0.5383644104003906,5.322998046875,34.41025161743164,-18.443763732910158,-11.083808898925782,37.929054260253909,-43.02961730957031,54.58136749267578,-43.55266571044922,29.840740203857423,-49.49201965332031,-53.776329040527347,12.297670364379883,-42.07814025878906,33.72284698486328,22.121915817260743,36.1104736328125,1.8251266479492188,35.67327880859375,-58.72785949707031,-59.430999755859378,-28.83026123046875,-47.70054626464844,58.920623779296878,19.005615234375,13.795129776000977,-59.991729736328128,-25.687345504760743,-44.801544189453128,6.876031875610352,45.78614807128906,40.291500091552737,-34.646873474121097,-33.244659423828128,0.9984054565429688,-16.39497184753418,25.484230041503908,-34.59782409667969,38.9144287109375,-54.79302215576172,13.191726684570313,34.43479919433594,-5.527030944824219,-21.571563720703126,25.874103546142579,-19.366859436035158,7.165094375610352,-37.21043395996094],"legSizes":[0.10060682147741318,0.42304927110671999,0.4762122631072998,0.25913116335868838,0.16843461990356446,0.4067007005214691,0.49109846353530886,0.15171928703784944,0.26138341426849368,0.21389539539813996,0.3846225142478943,0.44604215025901797,0.1645224690437317,0.24056246876716615,0.4436125159263611,0.12968221306800843,0.2922784984111786,0.26562148332595827,0.3729681074619293,0.13985848426818849,0.2964484393596649,0.14358225464820863,0.1364281177520752,0.4018152356147766],"bodySizes":[2.115729808807373,1.6463985443115235,2.29664945602417],"springs":[],"dumpers":[],"name":17684,"generation":507,"distance":37.8104248046875,"reward":-37.8104248046875},{"angles":[14.735147476196289,14.155160903930664,53.77008056640625,24.72866439819336,19.673934936523439,-40.910308837890628,-17.160123825073243,-0.3951568603515625,41.48557662963867,-51.23545837402344,17.490262985229493,-25.384002685546876,58.32481384277344,38.89067077636719,8.735870361328125,12.583871841430664,-47.809593200683597,-29.463279724121095,-15.181337356567383,-8.485872268676758,-46.87012481689453,-26.192642211914064,8.179372787475586,-41.832801818847659,56.02174377441406,7.109018325805664,-20.60076141357422,-38.37712097167969,-19.6082706451416,-56.055694580078128,8.911964416503907,56.688720703125,0.5383644104003906,-59.59064483642578,34.41025161743164,-18.443763732910158,-11.083808898925782,37.929054260253909,-43.02961730957031,54.58136749267578,-43.55266571044922,23.929166793823243,-49.49201965332031,-53.776329040527347,-4.967130661010742,33.52882766723633,33.72284698486328,22.121915817260743,36.1104736328125,1.8251266479492188,35.67327880859375,-48.231666564941409,-59.430999755859378,-28.83026123046875,-47.70054626464844,58.920623779296878,19.005615234375,13.795129776000977,-59.991729736328128,32.88532638549805,-38.115562438964847,6.876031875610352,33.7999382019043,-29.0083065032959,-34.646873474121097,33.37517547607422,0.9984054565429688,48.75439453125,36.06944274902344,-34.59782409667969,38.9144287109375,23.23912811279297,39.09877014160156,-39.31658935546875,-3.1214256286621095,57.73143768310547,-50.86012268066406,26.230941772460939,50.73995590209961,-49.38066864013672],"legSizes":[0.35435184836387637,0.42304927110671999,0.4762122631072998,0.4350661635398865,0.2506576180458069,0.18395371735095979,0.40974658727645876,0.15171928703784944,0.21916863322257996,0.14565306901931764,0.35459962487220766,0.17872819304466248,0.1645224690437317,0.3573382794857025,0.4436125159263611,0.44716230034828188,0.2922784984111786,0.3245508372783661,0.3729681074619293,0.13985848426818849,0.2964484393596649,0.14358225464820863,0.1364281177520752,0.3374119997024536],"bodySizes":[2.1552653312683107,1.6265801191329957,2.2819902896881105],"springs":[],"dumpers":[],"name":17684,"generation":507,"distance":37.8104248046875,"reward":-45.4938850402832},{"angles":[48.917869567871097,14.155160903930664,31.96918296813965,24.72866439819336,0.5656471252441406,-40.910308837890628,57.091224670410159,-56.439613342285159,39.753387451171878,-17.862144470214845,-48.83076477050781,50.17805099487305,-6.0329742431640629,10.646202087402344,35.66101837158203,-35.26696014404297,44.89234161376953,-29.463279724121095,33.386192321777347,-8.485872268676758,-46.87012481689453,-21.339746475219728,8.179372787475586,-41.832801818847659,56.02174377441406,7.109018325805664,-28.812583923339845,-38.37712097167969,-19.6082706451416,-56.055694580078128,38.87324523925781,-13.962814331054688,0.5383644104003906,-59.59064483642578,-23.554651260375978,-18.443763732910158,-11.083808898925782,37.929054260253909,8.296102523803711,54.58136749267578,-55.82269287109375,9.767410278320313,-34.23664855957031,-39.04429626464844,-4.967130661010742,-42.07814025878906,33.72284698486328,22.121915817260743,36.1104736328125,1.8251266479492188,35.67327880859375,-48.231666564941409,-59.430999755859378,-20.603363037109376,-47.70054626464844,58.920623779296878,19.005615234375,-40.57733154296875,-59.991729736328128,-25.687345504760743,-38.115562438964847,6.876031875610352,-27.729684829711915,40.291500091552737,-34.646873474121097,-33.244659423828128,25.216581344604493,-10.692522048950196,21.810089111328126,28.665546417236329,-57.59352111816406,23.23912811279297,13.191726684570313,-56.56396484375,1.7342147827148438,-34.46240997314453,35.869815826416019,26.230941772460939,57.40345001220703,-28.221595764160158],"legSizes":[0.35435184836387637,0.42304927110671999,0.4762122631072998,0.4350661635398865,0.2506576180458069,0.18395371735095979,0.40974658727645876,0.15171928703784944,0.21916863322257996,0.14565306901931764,0.35459962487220766,0.15053018927574159,0.1645224690437317,0.1057928130030632,0.4436125159263611,0.44716230034828188,0.18553051352500916,0.2535746693611145,0.3729681074619293,0.1913183331489563,0.39958319067955019,0.21961969137191773,0.1364281177520752,0.3374119997024536],"bodySizes":[2.1556222438812258,1.6265324354171754,2.2816789150238039],"springs":[],"dumpers":[],"name":17684,"generation":507,"distance":37.8104248046875,"reward":-50.384456634521487}]}