{"geneDatas":[{"angles":[0.2029266357421875,14.606630325317383,-16.790849685668947,-50.32356262207031,-38.54865264892578,16.566421508789064,-18.649085998535158,-31.443313598632814,32.170684814453128,8.004377365112305,35.08668518066406,41.946632385253909,29.106000900268556,43.084556579589847,17.807004928588868,1.8736190795898438,-29.38611602783203,37.49284362792969,30.86432647705078,18.315650939941408,-46.87012481689453,8.258665084838868,26.361736297607423,-9.610427856445313,58.722084045410159,7.109018325805664,7.231040954589844,58.577239990234378,-59.37548065185547,45.65386962890625,-53.55254364013672,-21.37914276123047,4.1497650146484379,12.814529418945313,2.9114112854003908,-17.43299102783203,-11.083808898925782,38.33607482910156,-44.87657165527344,8.033401489257813,-43.031089782714847,-12.76416015625,-44.71189880371094,-39.627540588378909,-14.984413146972657,-54.924705505371097,33.72284698486328,3.8862075805664064,59.65325927734375,-26.347412109375,54.17402648925781,-26.08089256286621,-56.16023254394531,-54.50647735595703,-47.70054626464844,37.06108856201172,-56.97857666015625,-30.299894332885743,-59.991729736328128,-24.67685890197754,-29.536521911621095,0.5657730102539063,-41.128692626953128,-26.859420776367189,35.763084411621097,12.548410415649414,33.79410171508789,5.269838333129883,-41.242156982421878,-1.1307106018066407,-57.27980041503906,-36.800010681152347,-49.052452087402347,-12.85795783996582,34.15939712524414,6.582006454467773,38.15796661376953,-16.83784294128418,-5.008684158325195,2.669414520263672],"legSizes":[0.1740950644016266,0.41163039207458498,0.4762122631072998,0.4350661635398865,0.36008507013320925,0.14269204437732697,0.35939598083496096,0.15171928703784944,0.34494879841804507,0.4614464342594147,0.3635888993740082,0.19916033744812013,0.23522332310676576,0.14593181014060975,0.4679284691810608,0.3554869592189789,0.3794810175895691,0.3974663317203522,0.45017504692077639,0.10714326053857804,0.14840483665466309,0.3237391710281372,0.39742225408554079,0.10232076793909073],"bodySizes":[2.169410467147827,1.6687273979187012,2.2098500728607179],"springs":[],"dumpers":[],"name":22007,"generation":630,"distance":20.811931610107423,"reward":-10.616619110107422},{"angles":[0.2029266357421875,14.606630325317383,-16.790849685668947,-50.32356262207031,-38.54865264892578,16.566421508789064,-18.649085998535158,-31.443313598632814,32.170684814453128,8.004377365112305,35.08668518066406,41.946632385253909,5.3243865966796879,43.084556579589847,-39.86393737792969,1.8736190795898438,-29.38611602783203,37.49284362792969,30.86432647705078,18.315650939941408,-46.87012481689453,8.258665084838868,-35.8358154296875,-9.610427856445313,5.005523681640625,42.64019775390625,10.753349304199219,-24.01044273376465,-59.37548065185547,45.65386962890625,-53.55254364013672,-0.4434928894042969,0.15340042114257813,-0.80987548828125,2.9114112854003908,-44.56443786621094,-11.083808898925782,30.7270565032959,-43.02961730957031,8.033401489257813,-43.031089782714847,-12.76416015625,-44.71189880371094,36.04578399658203,-14.984413146972657,-54.924705505371097,33.72284698486328,3.8862075805664064,59.65325927734375,-26.347412109375,54.17402648925781,-26.08089256286621,-56.16023254394531,-54.50647735595703,-47.70054626464844,37.06108856201172,-56.97857666015625,-30.299894332885743,-59.991729736328128,3.346057891845703,14.714378356933594,0.5657730102539063,-41.128692626953128,-26.859420776367189,35.763084411621097,12.548410415649414,33.79410171508789,5.269838333129883,-41.242156982421878,-1.1307106018066407,-57.27980041503906,-36.800010681152347,-49.052452087402347,-12.85795783996582,34.15939712524414,6.582006454467773,38.15796661376953,-16.83784294128418,-19.728477478027345,2.669414520263672],"legSizes":[0.1740950644016266,0.41163039207458498,0.4762122631072998,0.4350661635398865,0.36008507013320925,0.26303938031196597,0.35939598083496096,0.15171928703784944,0.26138341426849368,0.4614464342594147,0.4906093180179596,0.236064612865448,0.18715119361877442,0.14593181014060975,0.3311789333820343,0.3554869592189789,0.3794810175895691,0.3974663317203522,0.45017504692077639,0.10714326053857804,0.14840483665466309,0.2327408492565155,0.39742225408554079,0.10232076793909073],"bodySizes":[2.1680052280426027,1.669268250465393,2.210566282272339],"springs":[],"dumpers":[],"name":22007,"generation":630,"distance":20.811931610107423,"reward":-12.72323226928711},{"angles":[0.2029266357421875,14.606630325317383,-47.79254150390625,-34.533447265625,-0.7933120727539063,16.566421508789064,-21.554710388183595,-31.443313598632814,32.170684814453128,42.574851989746097,36.8994140625,-6.324943542480469,29.106000900268556,4.9675140380859379,-39.86393737792969,40.8544921875,-29.38611602783203,-53.19654846191406,30.86432647705078,18.315650939941408,-46.87012481689453,-39.17083740234375,-3.2403297424316408,-9.610427856445313,58.722084045410159,7.109018325805664,7.231040954589844,58.577239990234378,-59.37548065185547,45.65386962890625,-53.55254364013672,-3.831989288330078,4.1497650146484379,12.814529418945313,2.9114112854003908,-44.56443786621094,-11.083808898925782,-35.12316131591797,-43.02961730957031,8.033401489257813,-43.031089782714847,-12.76416015625,-44.71189880371094,-39.627540588378909,26.741636276245118,-54.924705505371097,33.72284698486328,3.8862075805664064,59.65325927734375,-26.347412109375,54.17402648925781,-26.08089256286621,-56.16023254394531,-54.50647735595703,-42.787841796875,53.52996826171875,-56.97857666015625,-30.299894332885743,-59.991729736328128,-24.67685890197754,14.714378356933594,0.4033241271972656,-41.128692626953128,-26.859420776367189,35.763084411621097,12.548410415649414,33.79410171508789,5.269838333129883,-41.242156982421878,-1.1307106018066407,-57.27980041503906,-36.800010681152347,-49.052452087402347,-12.85795783996582,34.15939712524414,6.582006454467773,38.15796661376953,-16.83784294128418,-19.728477478027345,2.669414520263672],"legSizes":[0.1740950644016266,0.41163039207458498,0.4762122631072998,0.4350661635398865,0.10302925109863281,0.14269204437732697,0.30204665660858157,0.15171928703784944,0.26138341426849368,0.4614464342594147,0.2265317142009735,0.236064612865448,0.23522332310676576,0.14593181014060975,0.4679284691810608,0.4456845223903656,0.3794810175895691,0.23368903994560243,0.45017504692077639,0.10714326053857804,0.14840483665466309,0.3407978415489197,0.4365236759185791,0.34544798731803896],"bodySizes":[2.1669371128082277,1.6668248176574708,2.214897394180298],"springs":[],"dumpers":[],"name":22007,"generation":630,"distance":20.811931610107423,"reward":-27.039026260375978}]}