{"geneDatas":[{"angles":[37.521629333496097,21.25149154663086,28.451553344726564,16.30309295654297,20.564285278320314,-56.598915100097659,-41.368858337402347,59.428321838378909,-13.016273498535157,0.8533935546875,4.856363296508789,-52.48399353027344,-27.97986602783203,37.11391830444336,-25.34429168701172,-23.997953414916993,27.601943969726564,16.403730392456056,8.393960952758789,24.716320037841798,-39.2525634765625,-34.87708282470703,14.886482238769532,-41.19385528564453,14.385030746459961,52.28655242919922,-33.8328857421875,57.42205810546875,33.19716262817383,-39.657196044921878,-55.407440185546878,-34.09961700439453,-29.38933563232422,-39.25792694091797,44.64972686767578,8.227693557739258,-5.425422668457031,-51.10253143310547,20.51673698425293,-38.26477813720703,7.865058898925781,1.6383018493652344,-18.3189640045166,-54.00212097167969,-44.56775665283203,-53.45172119140625,-52.030364990234378,12.034528732299805,49.642181396484378,-29.972801208496095,40.11790466308594,-7.7390899658203129,15.900707244873047,21.368221282958986,-5.634605407714844,-22.09917640686035,-56.9259033203125,-50.2386474609375,26.810331344604493,53.63232421875,48.123680114746097,38.750755310058597,-57.724525451660159,-9.352418899536133,72.98020935058594,-49.087501525878909,42.65631866455078,-48.469322204589847,49.51786804199219,21.593839645385743,20.74873924255371,-33.68572998046875,-46.614906311035159,30.354564666748048,-13.876197814941407,-37.64665222167969,-2.4667510986328127,11.958425521850586,12.67402458190918,-19.481170654296876],"legSizes":[0.30471518635749819,0.3072538673877716,0.4735024869441986,0.23399770259857179,0.49438390135765078,0.42315346002578738,0.3378153145313263,0.19540873169898988,0.27793604135513308,0.49097704887390139,0.47204193472862246,0.32648950815200808,0.30553367733955386,0.3316178619861603,0.4568813741207123,0.3864060044288635,0.40370169281959536,0.21890825033187867,0.22200138866901399,0.18032225966453553,0.26579082012176516,0.41451898217201235,0.3011290729045868,0.27107861638069155],"bodySizes":[1.854076862335205,2.3640713691711427,1.8251631259918213],"springs":[],"dumpers":[],"name":3186,"generation":93,"distance":47.71757888793945,"reward":-47.71757888793945},{"angles":[4.699981689453125,21.25149154663086,10.650093078613282,31.061264038085939,20.564285278320314,-56.598915100097659,-48.92601013183594,34.14291763305664,33.1114616394043,-35.10602569580078,4.856363296508789,16.4766845703125,-27.97986602783203,-55.42536926269531,17.838720321655275,3.077911376953125,43.739418029785159,53.35166931152344,8.393960952758789,24.716320037841798,-39.2525634765625,-52.36090087890625,14.886482238769532,-41.19385528564453,14.385030746459961,52.28655242919922,-42.29283142089844,57.42205810546875,-42.193634033203128,-39.657196044921878,-55.407440185546878,-34.09961700439453,36.91326141357422,-39.25792694091797,44.64972686767578,8.227693557739258,-56.57817077636719,-51.10253143310547,20.51673698425293,-38.26477813720703,7.865058898925781,-14.403726577758789,-18.3189640045166,43.98771286010742,6.371232986450195,-53.45172119140625,-52.030364990234378,12.034528732299805,49.642181396484378,-29.972801208496095,-39.51414489746094,-7.7390899658203129,15.900707244873047,21.368221282958986,-5.634605407714844,-29.786949157714845,-56.9259033203125,-50.2386474609375,-20.31504249572754,53.63232421875,48.123680114746097,-4.25132942199707,-34.90369415283203,18.6567440032959,72.98020935058594,-9.150588989257813,40.95372772216797,-46.56708526611328,27.877004623413087,-20.58678436279297,-50.309417724609378,24.868526458740236,29.620582580566408,57.02674102783203,59.39799499511719,-31.917701721191408,25.154096603393556,15.545522689819336,35.27662658691406,-19.481170654296876],"legSizes":[0.30471518635749819,0.3072538673877716,0.4735024869441986,0.47346076369285586,0.49438390135765078,0.29574376344680788,0.48054081201553347,0.19540873169898988,0.27793604135513308,0.14432115852832795,0.47204193472862246,0.32648950815200808,0.4628467559814453,0.3316178619861603,0.11457052081823349,0.3686281144618988,0.4823884963989258,0.405062198638916,0.1073237881064415,0.32275083661079409,0.3855006694793701,0.32472774386405947,0.47919535636901858,0.4129698872566223],"bodySizes":[1.727537751197815,2.208460807800293,2.0968759059906008],"springs":[],"dumpers":[],"name":3186,"generation":93,"distance":47.71757888793945,"reward":-48.369136810302737},{"angles":[4.699981689453125,21.25149154663086,5.186384201049805,31.061264038085939,20.564285278320314,-46.75090026855469,-48.92601013183594,34.14291763305664,33.1114616394043,-35.10602569580078,4.856363296508789,16.4766845703125,-27.97986602783203,-55.42536926269531,17.838720321655275,3.077911376953125,43.739418029785159,53.35166931152344,8.393960952758789,24.716320037841798,-39.2525634765625,-52.36090087890625,14.886482238769532,-41.19385528564453,14.385030746459961,52.28655242919922,-42.29283142089844,57.42205810546875,-42.193634033203128,-39.657196044921878,-55.407440185546878,-34.09961700439453,-29.38933563232422,-39.25792694091797,44.64972686767578,8.227693557739258,-56.57817077636719,-51.10253143310547,20.51673698425293,-38.26477813720703,7.865058898925781,-14.403726577758789,-18.3189640045166,43.98771286010742,6.371232986450195,-53.45172119140625,-52.030364990234378,12.034528732299805,49.642181396484378,-29.972801208496095,-39.51414489746094,-7.7390899658203129,15.900707244873047,21.368221282958986,-5.634605407714844,-29.786949157714845,-56.9259033203125,-50.2386474609375,26.810331344604493,53.63232421875,48.123680114746097,-4.25132942199707,14.957748413085938,18.6567440032959,72.98020935058594,-9.150588989257813,42.65631866455078,25.443220138549806,49.51786804199219,-20.58678436279297,-50.309417724609378,40.658729553222659,29.620582580566408,30.354564666748048,24.551437377929689,-31.917701721191408,-2.4667510986328127,56.80500793457031,12.67402458190918,-19.481170654296876],"legSizes":[0.30471518635749819,0.3072538673877716,0.4735024869441986,0.13251280784606934,0.49438390135765078,0.29574376344680788,0.3378153145313263,0.19540873169898988,0.27793604135513308,0.14432115852832795,0.47204193472862246,0.32648950815200808,0.4628467559814453,0.3316178619861603,0.11457052081823349,0.427818238735199,0.4823884963989258,0.15509852766990663,0.1073237881064415,0.1482502967119217,0.3855006694793701,0.32472774386405947,0.47919535636901858,0.21806424856185914],"bodySizes":[1.8740147352218629,1.9406132698059083,2.1997733116149904],"springs":[],"dumpers":[],"name":3186,"generation":93,"distance":47.71757888793945,"reward":-53.033084869384769}]}