{"geneDatas":[{"angles":[38.49730682373047,2.576374053955078,-47.79254150390625,-34.533447265625,-0.7933120727539063,57.07716369628906,-32.5438232421875,-47.86278533935547,34.64906311035156,-26.053796768188478,34.51739501953125,-49.32549285888672,49.698387145996097,17.244657516479493,-43.99723815917969,13.261476516723633,-29.38611602783203,-53.19654846191406,30.86432647705078,-34.176795959472659,-46.87012481689453,-28.540000915527345,-3.2403297424316408,-4.692741394042969,58.722084045410159,7.109018325805664,-16.411949157714845,1.8097763061523438,-59.37548065185547,45.65386962890625,-53.55254364013672,-21.37914276123047,4.915300369262695,12.814529418945313,29.532407760620118,27.28573226928711,-11.083808898925782,-59.47468566894531,-43.02961730957031,8.033401489257813,-43.031089782714847,-18.85686492919922,-44.71189880371094,-39.627540588378909,-14.984413146972657,-14.784286499023438,55.184898376464847,-23.937042236328126,59.65325927734375,-11.600683212280274,54.17402648925781,-19.148117065429689,-56.16023254394531,-54.50647735595703,33.09296417236328,37.06108856201172,-56.97857666015625,13.025215148925782,-59.991729736328128,-24.67685890197754,14.714378356933594,0.5657730102539063,-41.128692626953128,-26.859420776367189,35.763084411621097,7.720848083496094,33.79410171508789,5.269838333129883,-41.242156982421878,-1.1307106018066407,-57.27980041503906,-36.800010681152347,-49.052452087402347,-12.85795783996582,34.15939712524414,6.582006454467773,38.15796661376953,-16.83784294128418,39.09529113769531,2.669414520263672],"legSizes":[0.1740950644016266,0.41163039207458498,0.41578030586242678,0.4350661635398865,0.47917547821998598,0.22663748264312745,0.35939598083496096,0.15171928703784944,0.26138341426849368,0.32173407077789309,0.2265317142009735,0.236064612865448,0.23522332310676576,0.36343464255332949,0.4679284691810608,0.3554869592189789,0.27251893281936648,0.3974663317203522,0.45017504692077639,0.10714326053857804,0.36506032943725588,0.1658000946044922,0.39742225408554079,0.10232076793909073],"bodySizes":[2.169410467147827,1.6687273979187012,2.2098500728607179],"springs":[],"dumpers":[],"name":21229,"generation":607,"distance":23.23202896118164,"reward":-5.536716461181641},{"angles":[38.49730682373047,2.576374053955078,-47.79254150390625,-34.533447265625,-0.7933120727539063,57.07716369628906,-32.5438232421875,-47.86278533935547,34.64906311035156,-26.053796768188478,34.51739501953125,24.60506820678711,29.106000900268556,17.244657516479493,-43.99723815917969,13.261476516723633,-29.38611602783203,-53.19654846191406,30.86432647705078,-34.35272979736328,-46.87012481689453,-11.058891296386719,-3.2403297424316408,-4.692741394042969,58.722084045410159,7.109018325805664,7.231040954589844,58.577239990234378,-59.37548065185547,52.275123596191409,-53.55254364013672,-28.308969497680665,4.1497650146484379,12.814529418945313,2.9114112854003908,-44.56443786621094,-11.083808898925782,-57.04682159423828,-43.02961730957031,8.033401489257813,-43.031089782714847,-12.76416015625,-44.71189880371094,-39.627540588378909,-14.984413146972657,-54.924705505371097,33.72284698486328,3.8862075805664064,59.65325927734375,-11.600683212280274,54.17402648925781,-26.08089256286621,-56.16023254394531,-54.50647735595703,33.09296417236328,37.06108856201172,-56.97857666015625,41.601806640625,-59.991729736328128,-24.67685890197754,14.714378356933594,0.5657730102539063,-41.128692626953128,-26.859420776367189,35.763084411621097,7.720848083496094,33.79410171508789,5.269838333129883,-41.242156982421878,-1.1307106018066407,-57.27980041503906,-36.800010681152347,-49.052452087402347,-12.85795783996582,34.15939712524414,6.582006454467773,38.15796661376953,-16.83784294128418,39.09529113769531,2.669414520263672],"legSizes":[0.1740950644016266,0.41163039207458498,0.4734562933444977,0.4350661635398865,0.4934549927711487,0.34049302339553835,0.35939598083496096,0.15171928703784944,0.26138341426849368,0.32173407077789309,0.2265317142009735,0.236064612865448,0.23522332310676576,0.14593181014060975,0.4679284691810608,0.3554869592189789,0.27251893281936648,0.3974663317203522,0.45017504692077639,0.10714326053857804,0.36506032943725588,0.10750684887170792,0.39742225408554079,0.10232076793909073],"bodySizes":[2.169410467147827,1.6687273979187012,2.2098500728607179],"springs":[],"dumpers":[],"name":21229,"generation":607,"distance":23.23202896118164,"reward":-15.66299057006836},{"angles":[0.2029266357421875,14.606630325317383,-47.79254150390625,-34.533447265625,-0.7933120727539063,16.566421508789064,-18.649085998535158,-31.443313598632814,32.170684814453128,42.574851989746097,36.8994140625,-6.324943542480469,29.106000900268556,4.9675140380859379,-39.86393737792969,40.8544921875,-29.38611602783203,-53.19654846191406,30.86432647705078,18.315650939941408,-46.87012481689453,-11.058891296386719,-3.2403297424316408,-9.610427856445313,58.722084045410159,7.109018325805664,7.231040954589844,58.577239990234378,-59.37548065185547,45.65386962890625,-53.55254364013672,-21.37914276123047,4.1497650146484379,12.814529418945313,2.9114112854003908,-44.56443786621094,-11.083808898925782,30.7270565032959,-43.02961730957031,8.033401489257813,-43.031089782714847,-12.76416015625,-44.71189880371094,-39.627540588378909,-14.984413146972657,-54.924705505371097,33.72284698486328,3.8862075805664064,59.65325927734375,-26.347412109375,54.17402648925781,-26.08089256286621,-56.16023254394531,-54.50647735595703,-47.70054626464844,37.06108856201172,-56.97857666015625,-30.299894332885743,-59.991729736328128,-24.67685890197754,14.714378356933594,0.5657730102539063,-41.128692626953128,-26.859420776367189,35.763084411621097,12.548410415649414,33.79410171508789,5.269838333129883,-41.242156982421878,-1.1307106018066407,-57.27980041503906,-36.800010681152347,-49.052452087402347,-12.85795783996582,34.15939712524414,6.582006454467773,38.15796661376953,-16.83784294128418,-5.008684158325195,2.669414520263672],"legSizes":[0.1740950644016266,0.41163039207458498,0.4762122631072998,0.4350661635398865,0.36008507013320925,0.14269204437732697,0.35939598083496096,0.15171928703784944,0.26138341426849368,0.4614464342594147,0.2265317142009735,0.236064612865448,0.23522332310676576,0.14593181014060975,0.4679284691810608,0.3554869592189789,0.3794810175895691,0.3974663317203522,0.45017504692077639,0.10714326053857804,0.14840483665466309,0.3407978415489197,0.39742225408554079,0.10232076793909073],"bodySizes":[2.1694107055664064,1.6687275171279908,2.209850311279297],"springs":[],"dumpers":[],"name":21229,"generation":607,"distance":23.23202896118164,"reward":-20.006879806518556}]}