{"geneDatas":[{"angles":[-22.496673583984376,59.18855285644531,31.96918296813965,-32.555335998535159,-2.5851287841796877,40.982147216796878,-56.872703552246097,-42.2669677734375,41.48557662963867,-1.3078231811523438,41.94001007080078,49.07952880859375,27.191802978515626,-20.7161865234375,5.715972900390625,57.628082275390628,-50.286399841308597,-21.06199836730957,43.221290588378909,-8.485872268676758,-46.87012481689453,-55.824851989746097,4.155385971069336,49.585533142089847,56.02174377441406,-45.88482666015625,48.45469665527344,-44.25337219238281,-17.57891845703125,-40.84880065917969,-34.954505920410159,28.656461715698243,-20.440027236938478,-10.112335205078125,43.897064208984378,1.8478851318359376,37.60448455810547,26.14944839477539,8.438896179199219,36.210662841796878,-57.712493896484378,21.85406494140625,-41.03380584716797,-36.82721710205078,-27.28141975402832,-19.752639770507814,47.93995666503906,7.408411026000977,36.1104736328125,35.268829345703128,44.915000915527347,-48.231666564941409,-44.245079040527347,20.04169273376465,-44.21277618408203,-44.243743896484378,-43.865692138671878,-52.92799377441406,-59.991729736328128,46.989654541015628,-38.115562438964847,18.871376037597658,34.38358688354492,33.835514068603519,58.057090759277347,30.13632583618164,42.94355392456055,19.294034957885743,19.801122665405275,-34.59782409667969,38.9144287109375,15.129257202148438,41.15960693359375,31.663097381591798,-9.606935501098633,18.345319747924806,25.874103546142579,-18.4312744140625,14.651376724243164,-49.38066864013672],"legSizes":[0.21354734897613526,0.10900311917066574,0.4762122631072998,0.30016380548477175,0.24548232555389405,0.19756516814231873,0.12157745659351349,0.13564729690551759,0.2866324186325073,0.22162693738937379,0.41521650552749636,0.14380903542041779,0.1645224690437317,0.37129488587379458,0.13773933053016663,0.26707571744918826,0.492560476064682,0.4174680709838867,0.20457251369953156,0.2289038449525833,0.4295302927494049,0.3746519684791565,0.1364281177520752,0.4308810830116272],"bodySizes":[2.080263137817383,1.67268967628479,2.2990920543670656],"springs":[],"dumpers":[],"name":15599,"generation":453,"distance":23.98212432861328,"reward":10.221977233886719},{"angles":[-22.496673583984376,-38.134002685546878,31.96918296813965,-4.989217758178711,0.5656471252441406,-40.910308837890628,-56.872703552246097,-55.1634521484375,41.48557662963867,9.608495712280274,16.912734985351564,49.07952880859375,-6.0329742431640629,38.89067077636719,-20.235992431640626,50.096839904785159,-50.82378387451172,-29.463279724121095,-55.90397644042969,-8.485872268676758,-46.87012481689453,-11.196907043457032,51.345619201660159,-41.832801818847659,56.02174377441406,6.959188461303711,48.45469665527344,-44.25337219238281,8.355382919311524,-53.20690155029297,-47.92565155029297,-20.426780700683595,-59.663482666015628,-59.59064483642578,-42.63719177246094,13.9580078125,-11.083808898925782,26.14944839477539,-36.88084411621094,-23.04437255859375,-57.712493896484378,8.112665176391602,-41.03380584716797,-53.776329040527347,-33.81343078613281,56.45650863647461,47.93995666503906,-12.036401748657227,36.1104736328125,-35.79945373535156,52.317466735839847,-58.105743408203128,-26.788681030273439,-22.423730850219728,-34.32849884033203,-44.243743896484378,-15.723459243774414,37.46643829345703,-14.213653564453125,-23.149831771850587,-29.35516357421875,18.871376037597658,39.99189376831055,-16.77641487121582,40.857994079589847,30.13632583618164,42.94355392456055,-6.098793029785156,-18.345945358276368,-34.59782409667969,38.9144287109375,-46.175193786621097,-12.694450378417969,0.2742500305175781,-9.606935501098633,28.54305076599121,25.874103546142579,-57.391876220703128,-41.45732116699219,-42.055389404296878],"legSizes":[0.35435184836387637,0.39972439408302309,0.4762122631072998,0.4578893184661865,0.15118256211280824,0.459174245595932,0.30504944920539858,0.13564729690551759,0.2507534325122833,0.23832643032073975,0.24195964634418488,0.47359418869018557,0.1645224690437317,0.4640161097049713,0.13773933053016663,0.10124578326940537,0.492560476064682,0.49680453538894656,0.48535051941871645,0.1772747039794922,0.4841492176055908,0.14954409003257752,0.23060043156147004,0.33034294843673708],"bodySizes":[2.094165325164795,1.5835810899734498,2.4123406410217287],"springs":[],"dumpers":[],"name":15599,"generation":453,"distance":23.98212432861328,"reward":-53.83932113647461},{"angles":[-22.496673583984376,59.18855285644531,31.96918296813965,-32.555335998535159,-2.5851287841796877,40.982147216796878,-59.40718078613281,-42.2669677734375,41.48557662963867,-1.3078231811523438,41.94001007080078,49.07952880859375,27.191802978515626,-20.7161865234375,5.715972900390625,57.628082275390628,-50.286399841308597,-21.06199836730957,43.221290588378909,-8.485872268676758,-46.87012481689453,-25.499574661254884,4.155385971069336,-56.178619384765628,56.02174377441406,53.2484130859375,48.45469665527344,-44.25337219238281,-50.69578552246094,-40.84880065917969,-34.954505920410159,28.656461715698243,30.838979721069337,-36.492103576660159,43.897064208984378,-20.12266731262207,-59.08844757080078,57.64668273925781,-3.265735626220703,21.567907333374025,-57.712493896484378,21.85406494140625,-23.763593673706056,-53.776329040527347,-2.4736175537109377,-30.034088134765626,32.14692687988281,7.408411026000977,38.249290466308597,58.0177001953125,44.915000915527347,22.77388572692871,-44.245079040527347,42.5966796875,-44.21277618408203,48.06971740722656,-51.3590087890625,-52.92799377441406,-59.991729736328128,32.186893463134769,-40.53009796142578,-50.43463134765625,54.22807312011719,18.62904930114746,58.057090759277347,-12.763572692871094,42.94355392456055,49.734466552734378,20.15802001953125,-34.59782409667969,29.352577209472658,-54.750755310058597,-33.864768981933597,-44.86997985839844,45.33972930908203,-37.30427551269531,-5.409271240234375,-28.042081832885743,14.651376724243164,-42.055389404296878],"legSizes":[0.21354734897613526,0.10900311917066574,0.4762122631072998,0.15713682770729066,0.24548232555389405,0.38569122552871706,0.33472397923469546,0.13564729690551759,0.2866324186325073,0.22162693738937379,0.35459962487220766,0.31910985708236697,0.4408596158027649,0.28941935300827029,0.2601073384284973,0.3659716248512268,0.3068658113479614,0.30407121777534487,0.3290221393108368,0.2289038449525833,0.36703580617904665,0.49467459321022036,0.23060043156147004,0.33034294843673708],"bodySizes":[2.105319023132324,1.6568505764007569,2.293447256088257],"springs":[],"dumpers":[],"name":15599,"generation":453,"distance":23.98212432861328,"reward":-54.49555587768555}]}