{"geneDatas":[{"angles":[57.43994140625,-25.842397689819337,-31.217666625976564,31.061264038085939,20.564285278320314,46.68682861328125,-48.92601013183594,-37.601097106933597,33.1114616394043,-55.12749481201172,58.5250244140625,-12.661720275878907,-40.992652893066409,-44.722564697265628,17.838720321655275,-39.65533447265625,3.585113525390625,-29.749252319335939,30.340316772460939,24.716320037841798,-47.43800354003906,-52.36090087890625,-45.208168029785159,-41.19385528564453,-25.403188705444337,40.16624450683594,50.27350616455078,5.532796859741211,-3.4856910705566408,17.35187339782715,-55.407440185546878,-33.43412780761719,-29.38933563232422,-30.797164916992189,-52.738037109375,17.349071502685548,-56.57817077636719,1.5078239440917969,16.785903930664064,-1.8719024658203126,10.590156555175782,3.8549652099609377,10.958740234375,51.310203552246097,6.371232986450195,36.122745513916019,9.981513977050782,53.06048583984375,32.27811813354492,-47.531089782714847,50.22705841064453,4.998498916625977,39.40644073486328,-4.49835205078125,-22.398569107055665,37.548309326171878,58.6280517578125,-50.2386474609375,11.631582260131836,-25.608993530273439,48.123680114746097,-41.19248962402344,14.957748413085938,29.606063842773439,40.47919464111328,-9.150588989257813,49.49821472167969,-46.56708526611328,27.877004623413087,-38.18568420410156,46.78642272949219,-36.39179992675781,-9.034818649291993,-13.489660263061524,-54.59907531738281,-31.917701721191408,22.708494186401368,4.77069091796875,35.27662658691406,-19.481170654296876],"legSizes":[0.3891364634037018,0.21870672702789308,0.19043570756912232,0.13251280784606934,0.264983206987381,0.48296815156936648,0.3378153145313263,0.3275546729564667,0.27793604135513308,0.4715741276741028,0.11653933674097061,0.3740740716457367,0.17774716019630433,0.3316178619861603,0.2903052568435669,0.3864060044288635,0.34261128306388857,0.4746391177177429,0.35242873430252077,0.21465671062469483,0.25448596477508547,0.32472774386405947,0.27562516927719118,0.1446961909532547],"bodySizes":[1.7846035957336426,2.5812761783599855,1.736655831336975],"springs":[],"dumpers":[],"name":4565,"generation":130,"distance":68.59381103515625,"reward":-68.89410400390625},{"angles":[4.699981689453125,-25.842397689819337,-57.333412170410159,31.061264038085939,20.564285278320314,-56.598915100097659,-48.92601013183594,-18.6882381439209,33.1114616394043,-55.12749481201172,58.5250244140625,-12.661720275878907,-40.992652893066409,-48.91093444824219,17.838720321655275,-27.699228286743165,3.585113525390625,53.35166931152344,30.340316772460939,24.716320037841798,29.37273406982422,-1.0031089782714844,-45.208168029785159,-41.19385528564453,-25.403188705444337,52.28655242919922,50.27350616455078,5.532796859741211,-3.4856910705566408,17.35187339782715,-55.407440185546878,-33.43412780761719,-29.38933563232422,-30.797164916992189,-52.738037109375,17.349071502685548,-56.57817077636719,1.5078239440917969,16.785903930664064,-1.8719024658203126,-30.73072052001953,3.8549652099609377,10.958740234375,51.310203552246097,6.371232986450195,36.122745513916019,-52.030364990234378,53.06048583984375,32.27811813354492,-47.531089782714847,50.22705841064453,13.010065078735352,2.260356903076172,-4.49835205078125,-22.398569107055665,37.548309326171878,-56.64305877685547,-50.2386474609375,48.356895446777347,-25.608993530273439,40.93122482299805,14.980722427368164,14.957748413085938,18.6567440032959,22.899267196655275,57.470611572265628,41.790435791015628,-46.56708526611328,34.36028289794922,-38.18568420410156,48.9791259765625,28.339031219482423,29.620582580566408,16.183616638183595,58.308074951171878,-31.917701721191408,-39.46272277832031,39.15278625488281,33.755889892578128,27.805593490600587],"legSizes":[0.3891364634037018,0.21870672702789308,0.19043570756912232,0.13251280784606934,0.264983206987381,0.48296815156936648,0.3378153145313263,0.19540873169898988,0.27793604135513308,0.4715741276741028,0.11653933674097061,0.11288409680128098,0.4628467559814453,0.3316178619861603,0.11292023956775665,0.3864060044288635,0.34261128306388857,0.4746391177177429,0.2603887915611267,0.16311249136924745,0.1895836889743805,0.18428382277488709,0.4977344572544098,0.31172749400138857],"bodySizes":[1.8733283281326295,2.6490445137023927,1.612080693244934],"springs":[],"dumpers":[],"name":4565,"generation":130,"distance":68.59381103515625,"reward":-76.25296020507813},{"angles":[-1.6530914306640626,21.25149154663086,-45.82438659667969,-26.698043823242189,31.919788360595704,29.089048385620118,50.279457092285159,-49.291419982910159,30.665874481201173,-35.10602569580078,4.856363296508789,-11.846960067749024,-27.97986602783203,41.31037902832031,17.838720321655275,41.919349670410159,43.739418029785159,-14.21319580078125,8.393960952758789,24.716320037841798,-47.43800354003906,-52.36090087890625,-15.326436996459961,-41.19385528564453,-39.4228515625,-37.881935119628909,-42.29283142089844,57.42205810546875,-15.869558334350586,-39.657196044921878,-55.678955078125,52.44073486328125,-29.38933563232422,27.308691024780275,44.64972686767578,-35.2828369140625,-56.57817077636719,2.2053985595703127,-20.01774024963379,-1.8719024658203126,7.865058898925781,-14.403726577758789,8.502410888671875,-25.191686630249025,6.371232986450195,-40.724029541015628,-52.030364990234378,53.06048583984375,-56.98668670654297,46.9127197265625,-0.16682052612304688,-7.7390899658203129,28.400558471679689,-4.49835205078125,-22.398569107055665,37.548309326171878,-56.64305877685547,15.312808990478516,5.658681869506836,-25.608993530273439,48.123680114746097,-0.572113037109375,-38.433677673339847,18.6567440032959,36.40924835205078,-39.03540802001953,42.65631866455078,-46.56708526611328,27.877004623413087,-38.18568420410156,48.9791259765625,-36.39179992675781,-9.034818649291993,-1.5413703918457032,-54.59907531738281,-31.917701721191408,22.708494186401368,4.77069091796875,35.27662658691406,17.459060668945314],"legSizes":[0.3891364634037018,0.3615175187587738,0.4735024869441986,0.17898893356323243,0.17430955171585084,0.3969540596008301,0.3378153145313263,0.19540873169898988,0.27793604135513308,0.4715741276741028,0.11653933674097061,0.32648950815200808,0.43415284156799319,0.24288204312324525,0.11292023956775665,0.3864060044288635,0.34261128306388857,0.4746391177177429,0.23686102032661439,0.16258034110069276,0.2988373637199402,0.4281138479709625,0.27562516927719118,0.15522189438343049],"bodySizes":[1.9488834142684937,2.348778009414673,1.7476810216903687],"springs":[],"dumpers":[],"name":4565,"generation":130,"distance":68.59381103515625,"reward":-95.384521484375}]}