{"geneDatas":[{"angles":[-19.81774139404297,2.765399932861328,0.9233322143554688,-41.847084045410159,-23.444015502929689,36.2794303894043,0.6109352111816406,-17.102243423461915,-41.44248962402344,0.3983192443847656,49.590599060058597,13.341329574584961,19.51856803894043,-6.871467590332031,-17.679885864257814,-35.826271057128909,57.176025390625,44.237693786621097,48.46961975097656,17.90878677368164,-19.172666549682618,-39.67932891845703,31.48733139038086,-39.470733642578128,46.54475402832031,40.04881286621094,8.78394889831543,20.700130462646486,-27.967750549316408,-50.32977294921875,-47.92565155029297,-2.7772178649902345,1.0775413513183594,-27.4259033203125,-50.74974060058594,58.754024505615237,49.08323669433594,-17.758819580078126,-52.196929931640628,33.64864730834961,-57.712493896484378,-34.712615966796878,51.00079345703125,-10.544866561889649,-24.91386604309082,-4.669197082519531,-13.523048400878907,55.02406311035156,29.416908264160158,-18.652748107910158,52.317466735839847,41.32489013671875,28.328330993652345,-5.0955047607421879,29.04265594482422,-4.292900085449219,-32.69452667236328,8.20741081237793,-59.991729736328128,29.708087921142579,-20.68501853942871,-14.786102294921875,54.22807312011719,21.33755111694336,58.057090759277347,16.037519454956056,16.653913497924806,55.743186950683597,-5.894227981567383,0.6823043823242188,10.514381408691407,-30.428695678710939,-28.74095916748047,-57.74402618408203,22.860044479370118,45.580841064453128,21.531171798706056,38.4359130859375,29.0040340423584,-31.27216911315918],"legSizes":[0.32288914918899538,0.46941375732421877,0.43021196126937868,0.30016380548477175,0.22066205739974976,0.25756198167800906,0.29089590907096865,0.19540873169898988,0.43084827065467837,0.27067244052886965,0.279105007648468,0.31910985708236697,0.1645224690437317,0.34512799978256228,0.4852047860622406,0.24926546216011048,0.29797622561454775,0.36308836936950686,0.20893533527851106,0.19538646936416627,0.4323367476463318,0.10995426028966904,0.2075367271900177,0.16049224138259889],"bodySizes":[2.0754992961883547,1.6282148361206055,2.3673129081726076],"springs":[],"dumpers":[],"name":11677,"generation":333,"distance":28.105422973632814,"reward":-28.105422973632814},{"angles":[43.75599670410156,2.765399932861328,0.9233322143554688,-41.847084045410159,-23.444015502929689,-5.379117965698242,0.6109352111816406,-17.102243423461915,-41.44248962402344,0.3983192443847656,26.845190048217775,13.341329574584961,45.32383728027344,-6.871467590332031,-17.679885864257814,-54.696319580078128,57.176025390625,44.237693786621097,48.46961975097656,17.90878677368164,-19.172666549682618,20.591651916503908,-35.64502716064453,-39.470733642578128,46.54475402832031,40.04881286621094,8.78394889831543,-10.687889099121094,-27.967750549316408,-50.32977294921875,-47.92565155029297,-2.7772178649902345,1.0775413513183594,-27.4259033203125,-50.74974060058594,58.754024505615237,49.08323669433594,-17.758819580078126,-52.196929931640628,33.64864730834961,-57.712493896484378,-34.712615966796878,51.00079345703125,-10.544866561889649,13.430723190307618,-4.669197082519531,-13.523048400878907,55.02406311035156,35.6702880859375,-18.652748107910158,52.317466735839847,41.32489013671875,28.328330993652345,-5.0955047607421879,29.04265594482422,-21.577913284301759,-32.69452667236328,8.20741081237793,-59.991729736328128,50.45149230957031,-20.68501853942871,22.23021697998047,54.22807312011719,-35.757537841796878,-5.884729385375977,-6.506744384765625,16.653913497924806,-24.34360694885254,28.804706573486329,0.6823043823242188,38.103492736816409,-30.428695678710939,-28.74095916748047,42.460182189941409,22.860044479370118,45.580841064453128,-14.334419250488282,38.4359130859375,29.0040340423584,21.229246139526368],"legSizes":[0.32288914918899538,0.4331700801849365,0.43021196126937868,0.30016380548477175,0.22066205739974976,0.25756198167800906,0.29089590907096865,0.19540873169898988,0.3788723945617676,0.27067244052886965,0.279105007648468,0.31910985708236697,0.1645224690437317,0.3659901022911072,0.37997880578041079,0.4311113953590393,0.29797622561454775,0.3523670732975006,0.17945313453674317,0.2289038449525833,0.13595910370349885,0.282863587141037,0.2075367271900177,0.16049224138259889],"bodySizes":[1.9845657348632813,1.9440425634384156,2.0735700130462648],"springs":[],"dumpers":[],"name":11677,"generation":333,"distance":28.105422973632814,"reward":-44.04423141479492},{"angles":[43.75599670410156,32.07379913330078,57.01106262207031,-41.847084045410159,-5.9675445556640629,-23.612716674804689,0.6109352111816406,-17.102243423461915,-41.44248962402344,0.3983192443847656,26.845190048217775,13.341329574584961,-5.478437423706055,6.907716751098633,-11.348939895629883,-10.460906982421875,43.405120849609378,16.96473503112793,53.145790100097659,17.90878677368164,-19.172666549682618,25.097877502441408,-35.64502716064453,-57.14043426513672,46.54475402832031,40.04881286621094,58.277732849121097,3.3103675842285158,-27.967750549316408,-50.32977294921875,-47.92565155029297,-41.34534454345703,1.0775413513183594,-27.4259033203125,-45.396568298339847,51.783302307128909,41.73827362060547,22.12939453125,-59.36505126953125,33.64864730834961,-57.712493896484378,-34.712615966796878,32.79340362548828,-53.776329040527347,-53.870201110839847,-58.13507080078125,-45.32164001464844,-12.036401748657227,35.6702880859375,27.27947998046875,35.37407302856445,41.32489013671875,28.328330993652345,19.3629150390625,-44.21277618408203,-21.577913284301759,16.13918685913086,8.20741081237793,-59.991729736328128,29.708087921142579,-20.68501853942871,22.23021697998047,54.22807312011719,40.291500091552737,58.057090759277347,-6.506744384765625,16.653913497924806,-24.34360694885254,-42.340606689453128,0.6823043823242188,47.934852600097659,54.950408935546878,-52.03828430175781,42.460182189941409,22.860044479370118,-36.852577209472659,42.52467346191406,-12.902961730957032,29.0040340423584,-12.003814697265625],"legSizes":[0.4589594304561615,0.4331700801849365,0.46832266449928286,0.12350483238697052,0.4350697994232178,0.25756198167800906,0.29089590907096865,0.19540873169898988,0.3788723945617676,0.27067244052886965,0.279105007648468,0.13915085792541505,0.4003649353981018,0.3333563208580017,0.37997880578041079,0.44746407866477969,0.487884521484375,0.3589615821838379,0.17945313453674317,0.19538646936416627,0.1457778960466385,0.282863587141037,0.2075367271900177,0.16049224138259889],"bodySizes":[2.1386473178863527,1.667946457862854,2.242687463760376],"springs":[],"dumpers":[],"name":11677,"generation":333,"distance":28.105422973632814,"reward":-47.190673828125}]}