{"geneDatas":[{"angles":[18.482620239257814,-5.871786117553711,-18.71862030029297,7.163034439086914,55.268524169921878,25.669095993041993,-1.3639984130859376,-20.755111694335939,33.31385040283203,6.003135681152344,18.511289596557618,13.341329574584961,36.268402099609378,-18.79537010192871,-31.129716873168947,-19.448495864868165,40.42767333984375,-29.15363311767578,49.074066162109378,34.40739059448242,-19.172666549682618,-55.824851989746097,36.8651237487793,-13.171371459960938,56.02174377441406,17.764976501464845,-40.14683532714844,28.864959716796876,20.01386833190918,-8.401071548461914,-47.92565155029297,33.00242614746094,2.5620956420898439,-30.797164916992189,50.044700622558597,-13.922845840454102,-9.822298049926758,-4.086507797241211,-10.286758422851563,33.64864730834961,-57.42729949951172,-34.712615966796878,-27.524192810058595,-20.649009704589845,-46.77033233642578,21.473190307617189,-36.957733154296878,-50.627349853515628,-40.48499298095703,-37.580596923828128,16.558841705322267,55.57349395751953,28.09836196899414,-30.17473602294922,-7.64427375793457,53.06934356689453,-28.006044387817384,-25.935195922851564,36.896507263183597,-54.36479949951172,-56.301841735839847,-36.15763854980469,14.957748413085938,-8.046821594238282,49.620323181152347,-57.042015075683597,59.817955017089847,35.538421630859378,-28.804258346557618,17.774404525756837,26.08577537536621,-12.043596267700196,44.347900390625,8.39600944519043,55.03997039794922,26.6597957611084,35.86846923828125,49.391700744628909,51.67552185058594,20.51881217956543],"legSizes":[0.4977489113807678,0.26240140199661257,0.3697606027126312,0.1815677285194397,0.41633278131484988,0.1939847469329834,0.3494119346141815,0.19540873169898988,0.1507069617509842,0.32124078273773196,0.10257043689489365,0.18891406059265138,0.24348947405815125,0.12134766578674317,0.15873809158802033,0.3864060044288635,0.34261128306388857,0.20083296298980714,0.35726919770240786,0.19538646936416627,0.4593795835971832,0.24817073345184327,0.33969444036483767,0.1530809998512268],"bodySizes":[1.6791080236434937,1.865155577659607,2.554443359375],"springs":[],"dumpers":[],"name":7414,"generation":211,"distance":42.012149810791019,"reward":-52.214786529541019},{"angles":[-56.27558898925781,-5.871786117553711,56.19734191894531,7.163034439086914,41.329010009765628,25.669095993041993,-0.36118316650390627,-20.755111694335939,29.18622398376465,5.843605041503906,18.511289596557618,24.496679306030275,13.152816772460938,50.55876922607422,-43.003135681152347,-19.448495864868165,-30.97725486755371,-29.15363311767578,49.074066162109378,-29.748395919799806,-19.172666549682618,-55.824851989746097,12.498527526855469,-13.171371459960938,56.02174377441406,-17.683273315429689,-40.14683532714844,28.864959716796876,20.01386833190918,-8.401071548461914,21.352672576904298,33.00242614746094,16.724721908569337,-30.797164916992189,50.044700622558597,9.471351623535157,-56.57817077636719,-4.086507797241211,32.923866271972659,-43.96893310546875,27.20729637145996,-5.292928695678711,46.94065856933594,-20.649009704589845,-4.646478652954102,21.473190307617189,-58.03656768798828,-13.414543151855469,32.57835388183594,19.4874267578125,10.335794448852539,55.57349395751953,43.38276672363281,8.070350646972657,8.574636459350586,45.00645065307617,-28.006044387817384,-5.741264343261719,36.896507263183597,55.41738510131836,-56.301841735839847,-36.15763854980469,14.957748413085938,-18.077810287475587,49.620323181152347,-15.497625350952149,25.191490173339845,5.542425155639648,16.663183212280275,53.643310546875,36.63505554199219,50.41310119628906,28.379501342773439,22.43170738220215,41.70648956298828,33.57508850097656,-10.120634078979493,49.506065368652347,51.67552185058594,-20.160247802734376],"legSizes":[0.4977489113807678,0.14233165979385377,0.3697606027126312,0.1815677285194397,0.41633278131484988,0.30325648188591006,0.4470936357975006,0.19540873169898988,0.40125808119773867,0.2652248740196228,0.10257043689489365,0.18891406059265138,0.24348947405815125,0.30064475536346438,0.49028390645980837,0.3835016191005707,0.3309738337993622,0.20083296298980714,0.17945313453674317,0.19538646936416627,0.4593795835971832,0.12783914804458619,0.23747804760932923,0.1530809998512268],"bodySizes":[1.8855000734329224,2.267244338989258,1.8713935613632203],"springs":[],"dumpers":[],"name":7414,"generation":211,"distance":42.012149810791019,"reward":-54.598480224609378},{"angles":[18.482620239257814,-5.871786117553711,56.19734191894531,7.163034439086914,55.268524169921878,25.669095993041993,-50.337364196777347,-20.755111694335939,33.31385040283203,6.003135681152344,18.511289596557618,13.341329574584961,13.152816772460938,-18.79537010192871,-43.003135681152347,-19.448495864868165,-30.97725486755371,-29.15363311767578,49.074066162109378,34.40739059448242,-19.172666549682618,-55.824851989746097,36.8651237487793,-13.171371459960938,56.02174377441406,7.527185440063477,-40.14683532714844,28.864959716796876,20.01386833190918,-8.401071548461914,-47.92565155029297,33.00242614746094,16.724721908569337,-30.797164916992189,50.044700622558597,9.471351623535157,-56.57817077636719,-4.086507797241211,39.984840393066409,33.64864730834961,-57.42729949951172,-34.712615966796878,46.94065856933594,-20.649009704589845,-4.646478652954102,21.473190307617189,-36.957733154296878,48.783729553222659,1.6424789428710938,19.4874267578125,21.414112091064454,55.57349395751953,28.09836196899414,45.19197082519531,-7.64427375793457,53.06934356689453,-28.006044387817384,-25.935195922851564,36.896507263183597,23.687824249267579,-56.301841735839847,-37.17212677001953,14.957748413085938,-18.077810287475587,49.620323181152347,55.91942596435547,25.191490173339845,5.542425155639648,16.663183212280275,14.334920883178711,-23.705184936523439,50.41310119628906,44.347900390625,22.43170738220215,-52.604888916015628,33.57508850097656,-32.14872741699219,-4.559417724609375,35.27662658691406,20.51881217956543],"legSizes":[0.4977489113807678,0.4331700801849365,0.3697606027126312,0.1815677285194397,0.41633278131484988,0.28310978412628176,0.3494119346141815,0.19540873169898988,0.312366783618927,0.3965528607368469,0.11653933674097061,0.4280887544155121,0.4628467559814453,0.3627294898033142,0.49028390645980837,0.3864060044288635,0.34261128306388857,0.20083296298980714,0.17945313453674317,0.19538646936416627,0.4898762106895447,0.24817073345184327,0.4322095811367035,0.15522189438343049],"bodySizes":[2.49481201171875,2.0984323024749758,1.5281190872192383],"springs":[],"dumpers":[],"name":7414,"generation":211,"distance":42.012149810791019,"reward":-58.879638671875}]}