{"geneDatas":[{"angles":[59.07916259765625,59.46387481689453,54.53363037109375,7.163034439086914,-25.710790634155275,27.979185104370118,-1.3639984130859376,22.847929000854493,20.085693359375,7.250495910644531,-44.18207550048828,-0.06791305541992188,36.268402099609378,17.36720848083496,-56.38092041015625,-59.054100036621097,26.91152572631836,41.371551513671878,55.49498748779297,1.6515312194824219,-19.172666549682618,-55.824851989746097,1.1668052673339844,-59.448638916015628,56.02174377441406,32.151973724365237,-40.14683532714844,28.864959716796876,20.01386833190918,-53.14099884033203,-47.92565155029297,-4.940908432006836,-0.552886962890625,-27.4259033203125,-45.396568298339847,9.471351623535157,41.73827362060547,41.872169494628909,39.984840393066409,33.64864730834961,-57.42729949951172,-34.712615966796878,45.148902893066409,-8.317115783691407,13.430723190307618,-50.605247497558597,-36.957733154296878,-56.50639343261719,14.288414001464844,24.729223251342775,-0.45937347412109377,-14.140541076660157,-49.53107452392578,-49.70265197753906,-44.21277618408203,-34.2830810546875,-20.0696964263916,-25.935195922851564,-31.3238525390625,23.687824249267579,-20.68501853942871,18.992612838745118,-47.3753662109375,-18.077810287475587,16.33053207397461,9.003059387207032,16.653913497924806,22.220962524414064,16.663183212280275,-24.23375701904297,31.102108001708986,-50.84132385253906,-19.664663314819337,42.460182189941409,41.017112731933597,33.57508850097656,-57.20728302001953,-33.15795135498047,58.85003662109375,31.769927978515626],"legSizes":[0.4977489113807678,0.3719991147518158,0.3108506500720978,0.1815677285194397,0.4136209487915039,0.4457942545413971,0.18475718796253205,0.1790720522403717,0.41355735063552859,0.3788946270942688,0.41856712102890017,0.25468170642852785,0.36433130502700808,0.23520004749298097,0.36148613691329958,0.4225063920021057,0.15850886702537538,0.49409112334251406,0.17945313453674317,0.2694201171398163,0.4323367476463318,0.14909882843494416,0.3252697288990021,0.24811214208602906],"bodySizes":[1.911456823348999,2.175555944442749,1.9237792491912842],"springs":[],"dumpers":[],"name":9103,"generation":259,"distance":42.56082534790039,"reward":-42.56082534790039},{"angles":[-26.265256881713868,-2.8317604064941408,44.83589172363281,7.163034439086914,26.154813766479493,23.1273193359375,0.6109352111816406,-17.395898818969728,31.57577896118164,-37.12706756591797,26.845190048217775,46.23634719848633,15.01583480834961,6.323698043823242,-59.21369171142578,-0.90948486328125,40.42767333984375,-31.993501663208009,49.074066162109378,-5.573423385620117,-19.172666549682618,-55.824851989746097,1.182037353515625,-13.171371459960938,56.02174377441406,0.08443450927734375,-39.709808349609378,28.864959716796876,-27.967750549316408,-50.32977294921875,-47.92565155029297,-2.7772178649902345,-0.552886962890625,-27.4259033203125,-45.396568298339847,51.783302307128909,41.73827362060547,32.376251220703128,3.3145751953125,33.64864730834961,-57.42729949951172,-34.712615966796878,45.148902893066409,-23.64872169494629,-36.240966796875,-24.77113151550293,-45.32164001464844,-12.036401748657227,35.6702880859375,-6.401304244995117,11.988853454589844,-14.140541076660157,28.09836196899414,-26.426902770996095,-44.21277618408203,-21.577913284301759,-20.0696964263916,-10.867273330688477,8.53059196472168,23.687824249267579,-54.975242614746097,-24.619409561157228,41.171104431152347,2.61669921875,-5.562795639038086,-48.24171447753906,-10.982460021972657,22.220962524414064,16.663183212280275,14.334920883178711,38.103492736816409,-5.0094146728515629,-28.74095916748047,42.460182189941409,-59.351417541503909,-56.706451416015628,-44.28790283203125,38.4359130859375,0.7106437683105469,-41.539093017578128],"legSizes":[0.4977489113807678,0.388893187046051,0.3697606027126312,0.20966613292694093,0.3313576877117157,0.25756198167800906,0.17515596747398377,0.19540873169898988,0.35549649596214297,0.3778645992279053,0.4384441375732422,0.4280887544155121,0.3038496673107147,0.10292702168226242,0.49028390645980837,0.29351159930229189,0.40546709299087527,0.43732166290283205,0.17945313453674317,0.19538646936416627,0.44605979323387148,0.1948494017124176,0.4840279221534729,0.27876538038253786],"bodySizes":[1.8215665817260743,2.108057737350464,2.083350658416748],"springs":[],"dumpers":[],"name":9103,"generation":259,"distance":42.56082534790039,"reward":-51.43375778198242},{"angles":[18.482620239257814,-2.8317604064941408,44.83589172363281,7.163034439086914,26.154813766479493,27.979185104370118,0.6109352111816406,-17.395898818969728,31.57577896118164,-37.12706756591797,26.845190048217775,13.341329574584961,15.01583480834961,6.323698043823242,-59.21369171142578,57.661529541015628,40.42767333984375,-31.993501663208009,49.074066162109378,26.087905883789064,-19.172666549682618,-55.824851989746097,1.182037353515625,-13.171371459960938,56.02174377441406,17.764976501464845,-40.14683532714844,28.864959716796876,-27.967750549316408,30.187294006347658,-47.92565155029297,-2.7772178649902345,-0.552886962890625,-27.4259033203125,-45.396568298339847,51.783302307128909,41.73827362060547,32.376251220703128,3.3145751953125,33.64864730834961,-57.42729949951172,21.034910202026368,45.148902893066409,-23.64872169494629,-36.240966796875,-24.77113151550293,-45.32164001464844,-12.036401748657227,35.6702880859375,-38.821205139160159,11.988853454589844,-14.140541076660157,28.09836196899414,-26.426902770996095,-44.21277618408203,-21.577913284301759,-20.0696964263916,-10.867273330688477,8.53059196472168,-6.371191024780273,2.0443954467773439,-24.619409561157228,41.171104431152347,2.61669921875,-5.562795639038086,-48.24171447753906,-8.86076545715332,22.220962524414064,16.663183212280275,14.334920883178711,38.103492736816409,-5.0094146728515629,-28.74095916748047,42.460182189941409,-59.351417541503909,-56.706451416015628,-44.28790283203125,38.4359130859375,0.7106437683105469,-7.343650817871094],"legSizes":[0.4977489113807678,0.4331700801849365,0.3697606027126312,0.20966613292694093,0.4877609312534332,0.25756198167800906,0.17515596747398377,0.19540873169898988,0.35549649596214297,0.3778645992279053,0.4384441375732422,0.4280887544155121,0.3038496673107147,0.10292702168226242,0.49028390645980837,0.29351159930229189,0.40546709299087527,0.3589615821838379,0.17945313453674317,0.19538646936416627,0.4323367476463318,0.1948494017124176,0.4840279221534729,0.27876538038253786],"bodySizes":[1.8215665817260743,2.108057737350464,2.083350658416748],"springs":[],"dumpers":[],"name":9103,"generation":259,"distance":42.56082534790039,"reward":-52.79141616821289}]}