{"geneDatas":[{"angles":[-17.48619270324707,-25.842397689819337,-57.333412170410159,-10.733922958374024,20.564285278320314,-56.598915100097659,-48.92601013183594,13.880775451660157,13.485382080078125,46.189697265625,58.5250244140625,-12.661720275878907,-40.992652893066409,-44.722564697265628,17.838720321655275,-39.65533447265625,3.585113525390625,-50.05628967285156,35.05780029296875,24.716320037841798,-45.613319396972659,-43.04060363769531,14.886482238769532,-33.28734588623047,32.416046142578128,-5.368829727172852,-0.56109619140625,33.98357391357422,13.396390914916993,17.35187339782715,-55.407440185546878,-25.46491241455078,-29.38933563232422,-30.797164916992189,-45.40580749511719,17.349071502685548,-56.57817077636719,-28.23784637451172,16.785903930664064,-59.15911865234375,53.32093048095703,54.957305908203128,36.419891357421878,-42.068267822265628,17.454483032226564,14.250448226928711,-52.030364990234378,6.2433013916015629,58.94970703125,-13.286369323730469,48.23141098022461,55.57349395751953,53.39378356933594,-38.06585693359375,-7.64427375793457,37.548309326171878,-28.006044387817384,-50.2386474609375,11.631582260131836,-25.608993530273439,50.51654052734375,-14.052236557006836,14.957748413085938,18.6567440032959,40.47919464111328,-9.150588989257813,49.49821472167969,-46.56708526611328,27.877004623413087,7.304740905761719,-0.9230155944824219,3.7868995666503908,-33.747467041015628,-13.489660263061524,-54.59907531738281,-31.917701721191408,22.708494186401368,-56.75679016113281,35.27662658691406,-19.481170654296876],"legSizes":[0.4977489113807678,0.1736641824245453,0.19043570756912232,0.13251280784606934,0.21370717883110047,0.3189227879047394,0.3378153145313263,0.35975590348243716,0.3952648639678955,0.4715741276741028,0.11653933674097061,0.4363768696784973,0.4628467559814453,0.3316178619861603,0.2903052568435669,0.3864060044288635,0.34261128306388857,0.2763122320175171,0.40860748291015627,0.24766966700553895,0.2232491672039032,0.32472774386405947,0.4924091696739197,0.15522189438343049],"bodySizes":[1.8222068548202515,2.558228015899658,1.7161414623260499],"springs":[],"dumpers":[],"name":5056,"generation":147,"distance":57.029109954833987,"reward":-57.029109954833987},{"angles":[-17.48619270324707,-25.842397689819337,-57.333412170410159,-3.5462722778320314,20.564285278320314,-56.598915100097659,-48.92601013183594,26.064016342163087,13.485382080078125,-11.951202392578125,58.5250244140625,-48.858787536621097,-40.992652893066409,-44.722564697265628,17.838720321655275,-39.65533447265625,3.585113525390625,-50.05628967285156,35.05780029296875,24.716320037841798,-45.613319396972659,-43.04060363769531,14.886482238769532,-33.28734588623047,32.416046142578128,14.95484733581543,-0.56109619140625,33.98357391357422,13.396390914916993,17.35187339782715,-55.407440185546878,-25.46491241455078,-29.38933563232422,-28.11635398864746,-45.40580749511719,17.349071502685548,-56.57817077636719,-26.89435386657715,16.785903930664064,-59.15911865234375,53.32093048095703,54.957305908203128,36.419891357421878,-42.068267822265628,17.454483032226564,10.496383666992188,-52.030364990234378,6.2433013916015629,58.94970703125,-13.286369323730469,48.23141098022461,55.57349395751953,53.39378356933594,-38.06585693359375,-7.64427375793457,37.548309326171878,-28.006044387817384,-50.2386474609375,11.631582260131836,36.5795783996582,50.51654052734375,-14.052236557006836,14.957748413085938,18.6567440032959,40.47919464111328,14.6446533203125,49.49821472167969,-46.56708526611328,27.877004623413087,7.304740905761719,-0.9230155944824219,3.7868995666503908,-33.747467041015628,-13.489660263061524,-54.59907531738281,-31.917701721191408,22.708494186401368,-56.75679016113281,35.27662658691406,-19.481170654296876],"legSizes":[0.4977489113807678,0.1736641824245453,0.19043570756912232,0.13251280784606934,0.275598406791687,0.3189227879047394,0.3430313467979431,0.19540873169898988,0.3952648639678955,0.24234387278556825,0.11653933674097061,0.372882604598999,0.4628467559814453,0.3316178619861603,0.2903052568435669,0.3864060044288635,0.34261128306388857,0.2763122320175171,0.40860748291015627,0.19538646936416627,0.2232491672039032,0.32472774386405947,0.4924091696739197,0.15522189438343049],"bodySizes":[1.9544304609298707,2.4701764583587648,1.6570736169815064],"springs":[],"dumpers":[],"name":5056,"generation":147,"distance":57.029109954833987,"reward":-63.29985809326172},{"angles":[4.699981689453125,-25.842397689819337,50.46772766113281,31.061264038085939,-13.347421646118164,-56.598915100097659,13.859674453735352,53.828102111816409,33.1114616394043,-32.052642822265628,27.36867332458496,-12.661720275878907,-40.992652893066409,36.6396598815918,-49.88098907470703,-39.65533447265625,20.317779541015626,-50.05628967285156,8.393960952758789,-15.095352172851563,-47.43800354003906,-53.594642639160159,14.886482238769532,-33.28734588623047,-39.4228515625,52.28655242919922,-42.29283142089844,57.42205810546875,-15.869558334350586,-50.20970916748047,-16.392166137695314,-25.46491241455078,52.52092742919922,-30.797164916992189,-26.877471923828126,17.349071502685548,-56.57817077636719,-28.23784637451172,16.785903930664064,-59.15911865234375,20.90321922302246,54.957305908203128,36.419891357421878,-27.44042205810547,37.6582145690918,14.250448226928711,-53.90270233154297,6.2433013916015629,58.94970703125,19.4874267578125,48.23141098022461,55.57349395751953,19.232681274414064,-38.06585693359375,-7.64427375793457,37.548309326171878,-28.006044387817384,-50.2386474609375,11.631582260131836,-25.608993530273439,-56.301841735839847,-58.997657775878909,14.957748413085938,-16.216798782348634,40.47919464111328,-9.150588989257813,49.49821472167969,-53.655311584472659,27.877004623413087,-46.391273498535159,-0.9230155944824219,3.7868995666503908,-15.119598388671875,40.66389083862305,-54.59907531738281,-31.917701721191408,22.708494186401368,-56.75679016113281,20.414297103881837,-19.481170654296876],"legSizes":[0.3891364634037018,0.21870672702789308,0.4433581233024597,0.27046453952789309,0.264983206987381,0.3189227879047394,0.3378153145313263,0.19540873169898988,0.46084755659103396,0.4715741276741028,0.17529496550559998,0.32648950815200808,0.4628467559814453,0.2140868455171585,0.43441662192344668,0.37904030084609988,0.23904331028461457,0.43168359994888308,0.2762419879436493,0.19779033958911897,0.1895836889743805,0.3119596242904663,0.4924091696739197,0.15522189438343049],"bodySizes":[1.8496365547180176,2.5391881465911867,1.703368902206421],"springs":[],"dumpers":[],"name":5056,"generation":147,"distance":57.029109954833987,"reward":-70.60767364501953}]}