{"geneDatas":[{"angles":[22.3664608001709,3.9469985961914064,12.880617141723633,42.8114013671875,15.946815490722657,-64.67050170898438,-71.95184326171875,-12.562728881835938,49.95539093017578,-22.952529907226564,77.55326843261719,-77.60881042480469,-4.2949981689453129,-3.0254249572753908,-3.4102325439453127,86.24696350097656,36.43658447265625,-78.81619262695313,0.8272018432617188,15.531417846679688,5.5663909912109379,-5.888635635375977,2.9947280883789064,-4.115373611450195,53.14811706542969,46.34846115112305,-71.81942749023438,-77.33349609375,68.16421508789063,26.8708553314209,-47.895782470703128,8.724138259887696,52.74052429199219,-35.501747131347659,-7.731147766113281,-68.434326171875,-36.03076934814453,-39.861473083496097,48.52748107910156,22.412139892578126,83.44708251953125,-6.646461486816406,36.419891357421878,-57.25053024291992,51.04844284057617,56.855384826660159,22.013717651367189,8.777212142944336,-19.370948791503908,51.029693603515628,-22.846704483032228,30.182918548583986,-67.729248046875,-52.758819580078128,-7.701683044433594,-13.971870422363282,-89.60321044921875,55.21659851074219,28.9561824798584,-11.136222839355469,-22.640708923339845,17.324766159057618,37.78479766845703,-17.482070922851564,-49.97283935546875,-86.00064086914063,-16.579971313476564,-27.36077308654785,37.99273681640625,-80.83651733398438,82.31967163085938,34.039119720458987,10.570106506347657,37.9505729675293,24.551437377929689,31.316356658935548,-11.709571838378907,43.207637786865237,69.88420104980469,-59.432716369628909],"legSizes":[0.1598777323961258,0.24999994039535523,0.3757592737674713,0.25,0.25,0.25,0.24999994039535523,0.34981343150138857,0.25,0.25,0.25,0.14380794763565064,0.24999994039535523,0.24999994039535523,0.39567357301712038,0.25,0.24224765598773957,0.25,0.24999994039535523,0.24999994039535523,0.25,0.25,0.25,0.293772429227829],"bodySizes":[2.0357532501220705,2.0357532501220705,1.9303665161132813],"springs":[],"dumpers":[],"name":180,"generation":5,"distance":59.81306457519531,"reward":-59.81306457519531},{"angles":[-8.451425552368164,21.619291305541993,-87.89520263671875,-6.602148056030273,15.946815490722657,-64.67050170898438,-71.95184326171875,-12.562728881835938,36.81271743774414,-22.952529907226564,77.55326843261719,-50.74848175048828,-4.2949981689453129,-3.0254249572753908,-3.4102325439453127,86.24696350097656,36.43658447265625,-78.81619262695313,0.8272018432617188,38.57201385498047,5.5663909912109379,-5.888635635375977,2.9947280883789064,35.147422790527347,52.548336029052737,-80.8636474609375,-32.11090087890625,57.42205810546875,30.755598068237306,-59.95114517211914,33.11027908325195,-61.67169189453125,35.5355110168457,-84.12020874023438,-70.44012451171875,-19.778900146484376,5.701271057128906,53.09971237182617,-16.4498291015625,23.931455612182618,89.56356811523438,-80.15008544921875,10.859375,-53.83648681640625,-77.20149230957031,-42.32194519042969,-49.50632858276367,-52.497955322265628,-56.57890319824219,-36.516395568847659,35.73301696777344,73.82662963867188,-72.97419738769531,-82.56332397460938,20.700698852539064,-59.594268798828128,-48.59819030761719,-23.143142700195314,41.00312042236328,8.104873657226563,48.123680114746097,13.791221618652344,11.849634170532227,-7.9053192138671879,72.98020935058594,-50.691925048828128,75.8382568359375,-17.32238006591797,24.773540496826173,87.12896728515625,-0.828857421875,58.97694396972656,31.511619567871095,61.27693176269531,-35.88751983642578,-45.605491638183597,7.141487121582031,34.429134368896487,-64.67091369628906,-86.1597900390625],"legSizes":[0.3076252341270447,0.24999994039535523,0.25,0.25,0.26333874464035036,0.20724733173847199,0.37876373529434206,0.24999994039535523,0.25,0.24723833799362184,0.25,0.48052120208740237,0.30292341113090517,0.24999994039535523,0.45009922981262209,0.31785961985588076,0.25,0.25,0.24999994039535523,0.24999994039535523,0.25,0.25,0.25,0.39146655797958376],"bodySizes":[2.0,2.0,2.0],"springs":[],"dumpers":[],"name":180,"generation":5,"distance":59.81306457519531,"reward":-137.46945190429688},{"angles":[-89.66464233398438,-50.62615966796875,53.877479553222659,42.8114013671875,15.946815490722657,-64.67050170898438,-71.95184326171875,-16.986289978027345,80.76678466796875,-31.95606231689453,-23.648231506347658,10.418006896972657,-43.004981994628909,-77.37899780273438,-88.11607360839844,-71.75151062011719,-28.143692016601564,-30.26378631591797,-13.0006103515625,-10.815330505371094,52.5096435546875,-7.001243591308594,-3.351165771484375,5.389259338378906,52.548336029052737,-80.8636474609375,22.932628631591798,-42.60237121582031,30.755598068237306,-19.76100730895996,33.11027908325195,-61.67169189453125,20.71331787109375,-84.12020874023438,-49.107696533203128,-68.434326171875,22.57392692565918,65.75980377197266,43.91831970214844,22.412139892578126,83.44708251953125,-6.646461486816406,-12.588737487792969,-55.58967590332031,51.04844284057617,56.855384826660159,24.69001007080078,-27.069229125976564,-1.7931251525878907,-6.026893615722656,-23.313987731933595,40.711326599121097,-55.78559494018555,-38.410560607910159,30.702556610107423,-53.23897171020508,-11.329687118530274,-23.143142700195314,41.00312042236328,10.723379135131836,-16.96552276611328,13.791221618652344,-0.02402496337890625,-7.9053192138671879,72.98020935058594,2.909282684326172,46.54761505126953,-42.136085510253909,-56.039886474609378,25.429855346679689,-0.828857421875,58.97694396972656,14.769645690917969,-15.358579635620118,54.1126708984375,32.60076904296875,7.141487121582031,-65.36569213867188,-64.67091369628906,-86.1597900390625],"legSizes":[0.24999994039535523,0.24999994039535523,0.25,0.11528792232275009,0.25,0.25,0.24529364705085755,0.24999994039535523,0.25,0.17300796508789063,0.25,0.3505249619483948,0.36577606201171877,0.24999994039535523,0.25,0.24868673086166383,0.25,0.25,0.24999994039535523,0.11519479751586914,0.18876609206199647,0.48008784651756289,0.4968721270561218,0.39000803232192995],"bodySizes":[2.0021746158599855,2.0021746158599855,1.9956579208374024],"springs":[],"dumpers":[],"name":180,"generation":5,"distance":59.81306457519531,"reward":-139.10752868652345}]}