{"geneDatas":[{"angles":[0.2029266357421875,-45.80121612548828,-47.79254150390625,52.628387451171878,3.6520729064941408,16.566421508789064,38.510009765625,-31.443313598632814,32.170684814453128,-35.30052947998047,36.8994140625,21.4273738861084,34.804168701171878,4.9675140380859379,3.903400421142578,14.290632247924805,-29.38611602783203,-34.283897399902347,-55.89691925048828,31.849849700927736,-46.87012481689453,19.715879440307618,13.796516418457032,-1.21044921875,26.588056564331056,13.936792373657227,8.903810501098633,-38.37712097167969,-53.207427978515628,-17.41126251220703,-31.42241668701172,17.79059600830078,0.5383644104003906,29.936325073242189,-50.69884490966797,-26.870933532714845,19.86226463317871,24.98164939880371,-43.02961730957031,-34.39680480957031,-43.55266571044922,-50.661346435546878,-44.71189880371094,56.112945556640628,4.496332168579102,58.26551818847656,56.86248779296875,-51.499603271484378,57.96661376953125,-18.3476619720459,35.67327880859375,-57.93903350830078,-7.872627258300781,-5.884157180786133,-47.70054626464844,-8.654287338256836,-46.002342224121097,59.39746856689453,-0.4564704895019531,-24.67685890197754,35.498382568359378,49.23116683959961,-18.93109703063965,45.54827117919922,-15.833267211914063,59.308692932128909,7.190544128417969,-49.037872314453128,-41.242156982421878,-31.028066635131837,55.994422912597659,-31.96888542175293,-51.32292175292969,53.76605987548828,-3.1214256286621095,29.707273483276368,0.31583404541015627,-33.094757080078128,27.500951766967775,2.669414520263672],"legSizes":[0.1740950644016266,0.41163039207458498,0.4762122631072998,0.4350661635398865,0.4934549927711487,0.14269204437732697,0.35939598083496096,0.15171928703784944,0.26138341426849368,0.17791610956192017,0.3846225142478943,0.4546307623386383,0.4988691806793213,0.3244922459125519,0.2411620020866394,0.49254798889160159,0.49015188217163088,0.28523534536361697,0.28610289096832278,0.49520939588546755,0.28981608152389529,0.35365867614746096,0.39742225408554079,0.39950600266456606],"bodySizes":[2.1435439586639406,1.6323844194412232,2.2863101959228517],"springs":[],"dumpers":[],"name":20512,"generation":585,"distance":24.656646728515626,"reward":-24.656646728515626},{"angles":[48.41607666015625,-21.48784828186035,-46.55077362060547,9.417236328125,-2.6065139770507814,-58.90870666503906,-17.160123825073243,-35.38722229003906,32.170684814453128,0.8504447937011719,36.8994140625,24.60506820678711,7.226564407348633,9.965108871459961,-39.86393737792969,14.290632247924805,-29.38611602783203,-48.22218322753906,30.86432647705078,10.697759628295899,-46.87012481689453,19.715879440307618,-3.2403297424316408,-4.692741394042969,37.95215606689453,7.109018325805664,-37.376564025878909,-38.37712097167969,-59.37548065185547,45.65386962890625,-53.55254364013672,-21.37914276123047,-28.303993225097658,12.814529418945313,2.9114112854003908,-41.78785705566406,-11.083808898925782,30.7270565032959,-43.02961730957031,-18.4797420501709,-43.031089782714847,-29.98638916015625,-44.71189880371094,-39.627540588378909,-14.984413146972657,-35.32532501220703,33.72284698486328,-16.31560516357422,59.65325927734375,-1.28985595703125,54.17402648925781,50.35783386230469,-7.872627258300781,42.905433654785159,-47.70054626464844,-2.6670684814453127,-56.97857666015625,-30.299894332885743,-59.991729736328128,-24.67685890197754,-49.22093963623047,0.5657730102539063,-41.128692626953128,-26.859420776367189,3.9286651611328127,37.43292236328125,0.9984054565429688,5.269838333129883,-41.242156982421878,39.263877868652347,-57.27980041503906,-36.800010681152347,-28.655166625976564,33.78148651123047,34.15939712524414,6.582006454467773,38.15796661376953,-33.094757080078128,-5.008684158325195,2.669414520263672],"legSizes":[0.3468824625015259,0.41163039207458498,0.4762122631072998,0.4350661635398865,0.36008507013320925,0.18395371735095979,0.13685208559036256,0.11140900105237961,0.26138341426849368,0.4614464342594147,0.3846225142478943,0.236064612865448,0.23522332310676576,0.14593181014060975,0.4679284691810608,0.3554869592189789,0.3360218405723572,0.43265780806541445,0.3083588778972626,0.19158783555030824,0.28981608152389529,0.28932082653045657,0.39742225408554079,0.10232076793909073],"bodySizes":[2.1424078941345217,1.6315191984176636,2.28873610496521],"springs":[],"dumpers":[],"name":20512,"generation":585,"distance":24.656646728515626,"reward":-44.601600646972659},{"angles":[-59.719749450683597,-50.666717529296878,58.793174743652347,39.153343200683597,34.88250732421875,1.5510978698730469,13.513847351074219,-5.856849670410156,52.69085693359375,-35.30052947998047,55.85869598388672,-25.18287467956543,38.71361541748047,-13.643697738647461,2.02618408203125,29.44414520263672,-29.38611602783203,-48.22218322753906,30.86432647705078,17.422712326049806,-57.276893615722659,19.715879440307618,8.179372787475586,-1.21044921875,56.02174377441406,51.050506591796878,8.903810501098633,-38.37712097167969,-53.207427978515628,-17.41126251220703,-31.42241668701172,-27.8280029296875,0.5383644104003906,29.936325073242189,0.8470001220703125,-26.870933532714845,19.86226463317871,24.98164939880371,-43.02961730957031,54.58136749267578,-43.55266571044922,-50.661346435546878,-44.71189880371094,56.112945556640628,4.496332168579102,58.26551818847656,-2.4100189208984377,-51.499603271484378,57.96661376953125,-18.3476619720459,35.67327880859375,44.97956848144531,-41.34681701660156,8.735353469848633,-26.1668643951416,-24.954750061035158,-31.03131103515625,-14.648902893066407,-59.991729736328128,-2.3396224975585939,-49.22093963623047,42.284576416015628,-29.602609634399415,21.408903121948243,-24.891494750976564,38.915863037109378,0.9984054565429688,-16.39497184753418,21.492061614990236,38.270973205566409,56.50770568847656,-36.800010681152347,-33.83464050292969,-4.6228485107421879,-21.311981201171876,-55.209815979003909,0.31583404541015627,-9.131292343139649,10.972646713256836,6.624490737915039],"legSizes":[0.3468824625015259,0.3854247033596039,0.4784771800041199,0.4350661635398865,0.36008507013320925,0.14269204437732697,0.3242656886577606,0.15171928703784944,0.26138341426849368,0.17791610956192017,0.438042014837265,0.10083413124084473,0.12970776855945588,0.1212339922785759,0.4679284691810608,0.35365623235702517,0.3360218405723572,0.43265780806541445,0.2643603980541229,0.19158783555030824,0.28981608152389529,0.35365867614746096,0.3589397370815277,0.39950600266456606],"bodySizes":[2.14951229095459,1.6246215105056763,2.29085636138916],"springs":[],"dumpers":[],"name":20512,"generation":585,"distance":24.656646728515626,"reward":-47.687435150146487}]}