{"geneDatas":[{"angles":[18.482620239257814,-5.871786117553711,56.19734191894531,-55.55674743652344,26.154813766479493,27.979185104370118,-1.3639984130859376,-32.027565002441409,33.31385040283203,6.003135681152344,18.511289596557618,13.341329574584961,36.268402099609378,-18.79537010192871,-43.003135681152347,51.91703796386719,40.42767333984375,-29.15363311767578,49.074066162109378,34.40739059448242,-19.172666549682618,-44.206512451171878,36.8651237487793,-13.171371459960938,56.02174377441406,17.764976501464845,-40.14683532714844,28.864959716796876,20.01386833190918,-15.212350845336914,-47.92565155029297,33.00242614746094,16.724721908569337,-30.797164916992189,50.044700622558597,9.471351623535157,39.97473907470703,-4.086507797241211,39.984840393066409,4.1637115478515629,-57.42729949951172,-34.712615966796878,46.94065856933594,23.504804611206056,-41.199188232421878,21.473190307617189,-36.957733154296878,48.783729553222659,1.6424789428710938,19.4874267578125,21.414112091064454,55.57349395751953,28.09836196899414,45.19197082519531,-23.171689987182618,53.06934356689453,-23.593704223632814,-25.935195922851564,36.896507263183597,23.687824249267579,6.927772521972656,-22.57093048095703,14.957748413085938,-14.689201354980469,49.620323181152347,55.91942596435547,-24.301620483398439,5.542425155639648,16.663183212280275,14.334920883178711,-23.705184936523439,50.41310119628906,28.379501342773439,22.43170738220215,-0.412109375,33.57508850097656,-55.593238830566409,49.391700744628909,51.67552185058594,-58.676963806152347],"legSizes":[0.4977489113807678,0.46365171670913699,0.3697606027126312,0.1815677285194397,0.41633278131484988,0.45853883028030398,0.45186907052993777,0.19540873169898988,0.312366783618927,0.4789113998413086,0.32896092534065249,0.4280887544155121,0.24348947405815125,0.4383865296840668,0.49028390645980837,0.252172589302063,0.3309738337993622,0.13806191086769105,0.42051538825035097,0.15174540877342225,0.4093347191810608,0.22911584377288819,0.4023309648036957,0.15522189438343049],"bodySizes":[2.257568597793579,2.270275831222534,1.5608831644058228],"springs":[],"dumpers":[],"name":7855,"generation":229,"distance":65.99883270263672,"reward":-65.99883270263672},{"angles":[18.482620239257814,-18.81304931640625,56.19734191894531,49.2239990234375,55.268524169921878,-36.65864562988281,-34.83807373046875,2.0927581787109377,33.31385040283203,7.842100143432617,34.56524658203125,13.341329574584961,36.268402099609378,-49.165191650390628,-24.197525024414064,-19.448495864868165,52.452606201171878,-29.15363311767578,49.074066162109378,34.40739059448242,-19.172666549682618,-55.824851989746097,36.8651237487793,-59.448638916015628,56.02174377441406,17.764976501464845,-40.14683532714844,28.864959716796876,20.01386833190918,-15.212350845336914,-47.92565155029297,33.00242614746094,16.724721908569337,-27.4259033203125,50.044700622558597,9.471351623535157,33.52127456665039,-4.086507797241211,39.984840393066409,33.64864730834961,-57.42729949951172,-34.712615966796878,46.94065856933594,-31.173690795898439,-41.199188232421878,21.473190307617189,-36.957733154296878,48.783729553222659,14.288414001464844,19.4874267578125,21.414112091064454,55.57349395751953,28.09836196899414,-2.6509017944335939,-7.64427375793457,-34.2830810546875,-28.006044387817384,-25.935195922851564,8.53059196472168,23.687824249267579,-56.301841735839847,20.11517906188965,14.957748413085938,-18.077810287475587,-39.17384338378906,55.91942596435547,16.653913497924806,22.220962524414064,16.663183212280275,14.334920883178711,-23.705184936523439,51.34980773925781,-28.74095916748047,17.879560470581056,-0.412109375,57.56724548339844,-32.14872741699219,-44.0572509765625,51.67552185058594,48.70612335205078],"legSizes":[0.4977489113807678,0.4331700801849365,0.3697606027126312,0.1815677285194397,0.16770154237747193,0.45853883028030398,0.45186907052993777,0.19540873169898988,0.312366783618927,0.4789113998413086,0.13706350326538087,0.39130663871765139,0.24348947405815125,0.4383865296840668,0.49028390645980837,0.252172589302063,0.34261128306388857,0.3478490114212036,0.17945313453674317,0.19538646936416627,0.4077422618865967,0.1518814116716385,0.4313811659812927,0.24811214208602906],"bodySizes":[2.1637253761291506,2.2743184566497804,1.6256858110427857],"springs":[],"dumpers":[],"name":7855,"generation":229,"distance":65.99883270263672,"reward":-83.18751525878906},{"angles":[18.482620239257814,-5.871786117553711,56.19734191894531,7.163034439086914,26.154813766479493,27.979185104370118,-1.3639984130859376,-32.027565002441409,33.31385040283203,6.003135681152344,18.511289596557618,13.341329574584961,36.268402099609378,1.5645713806152344,-43.003135681152347,38.6265869140625,40.42767333984375,-29.15363311767578,49.074066162109378,34.40739059448242,-19.172666549682618,-55.824851989746097,36.8651237487793,-13.171371459960938,56.02174377441406,17.764976501464845,-40.14683532714844,28.864959716796876,20.01386833190918,-15.212350845336914,-47.92565155029297,33.00242614746094,16.724721908569337,-27.4259033203125,50.044700622558597,9.471351623535157,39.97473907470703,-4.086507797241211,39.984840393066409,33.64864730834961,-57.42729949951172,-34.712615966796878,46.94065856933594,23.504804611206056,-41.199188232421878,21.473190307617189,-36.957733154296878,48.783729553222659,14.288414001464844,19.4874267578125,21.414112091064454,55.57349395751953,28.09836196899414,-2.6509017944335939,-7.64427375793457,-34.2830810546875,-28.006044387817384,-25.935195922851564,8.53059196472168,23.687824249267579,-56.301841735839847,20.11517906188965,14.957748413085938,-18.077810287475587,-39.17384338378906,55.91942596435547,16.653913497924806,22.220962524414064,16.663183212280275,14.334920883178711,-23.705184936523439,51.34980773925781,-28.74095916748047,17.879560470581056,-0.412109375,33.57508850097656,-32.14872741699219,-44.0572509765625,51.67552185058594,48.70612335205078],"legSizes":[0.4977489113807678,0.4331700801849365,0.3697606027126312,0.1815677285194397,0.41052547097206118,0.28310978412628176,0.3494119346141815,0.19540873169898988,0.35549649596214297,0.32124078273773196,0.2582300007343292,0.18891406059265138,0.24348947405815125,0.36717185378074648,0.15873809158802033,0.3864060044288635,0.34261128306388857,0.3478490114212036,0.17945313453674317,0.19538646936416627,0.4077422618865967,0.1518814116716385,0.23747804760932923,0.24811214208602906],"bodySizes":[2.2858643531799318,2.169771194458008,1.612967610359192],"springs":[],"dumpers":[],"name":7855,"generation":229,"distance":65.99883270263672,"reward":-84.15780639648438}]}