{"geneDatas":[{"angles":[-22.496673583984376,6.289480209350586,41.29631805419922,-4.989217758178711,-0.9412689208984375,-36.29632568359375,-56.872703552246097,31.085012435913087,41.48557662963867,40.03346252441406,40.79563903808594,-42.31877899169922,-6.0329742431640629,38.73347473144531,5.715972900390625,22.878896713256837,-50.286399841308597,-29.463279724121095,43.221290588378909,-8.485872268676758,-46.87012481689453,54.44110107421875,4.155385971069336,-41.832801818847659,56.02174377441406,6.959188461303711,48.45469665527344,-44.25337219238281,-55.41490936279297,-40.84880065917969,-34.77604675292969,28.656461715698243,30.838979721069337,-36.492103576660159,43.897064208984378,-20.12266731262207,-11.083808898925782,57.64668273925781,8.438896179199219,36.210662841796878,-57.712493896484378,21.85406494140625,-41.03380584716797,-53.776329040527347,-2.4736175537109377,-19.752639770507814,47.93995666503906,7.408411026000977,38.249290466308597,58.0177001953125,44.915000915527347,22.77388572692871,-44.245079040527347,42.5966796875,-44.21277618408203,-44.243743896484378,-51.3590087890625,-52.92799377441406,-59.991729736328128,32.186893463134769,-40.53009796142578,-50.43463134765625,54.22807312011719,18.62904930114746,58.057090759277347,30.13632583618164,42.94355392456055,1.9000701904296876,20.15802001953125,-34.59782409667969,38.9144287109375,-54.750755310058597,-33.864768981933597,31.663097381591798,-9.606935501098633,18.345319747924806,25.874103546142579,-28.042081832885743,14.651376724243164,-42.055389404296878],"legSizes":[0.35435184836387637,0.41534775495529177,0.4762122631072998,0.3630683422088623,0.3642272353172302,0.459174245595932,0.30504944920539858,0.13564729690551759,0.2507534325122833,0.23832643032073975,0.22297567129135133,0.47359418869018557,0.1645224690437317,0.4209725856781006,0.33977001905441286,0.4311113953590393,0.3068658113479614,0.30407121777534487,0.4345012605190277,0.2289038449525833,0.4295302927494049,0.17343445122241975,0.23060043156147004,0.22777822613716126],"bodySizes":[2.092702865600586,1.6694018840789796,2.289926052093506],"springs":[],"dumpers":[],"name":15545,"generation":444,"distance":29.63060760498047,"reward":-29.63060760498047},{"angles":[-22.496673583984376,-38.134002685546878,31.96918296813965,-4.989217758178711,0.5656471252441406,-40.910308837890628,-56.872703552246097,-55.1634521484375,41.48557662963867,9.608495712280274,16.912734985351564,49.07952880859375,-6.0329742431640629,38.89067077636719,-20.235992431640626,57.628082275390628,-50.286399841308597,-29.463279724121095,-55.90397644042969,-8.485872268676758,-46.87012481689453,-55.824851989746097,-38.680389404296878,-41.832801818847659,56.02174377441406,6.959188461303711,48.45469665527344,-44.25337219238281,8.355382919311524,-53.20690155029297,-47.92565155029297,-20.426780700683595,-59.663482666015628,-36.492103576660159,-13.512359619140625,-20.12266731262207,-11.083808898925782,26.14944839477539,-36.88084411621094,-26.588136672973634,-57.712493896484378,8.112665176391602,-41.03380584716797,-53.776329040527347,-27.28141975402832,-57.523468017578128,47.93995666503906,-12.036401748657227,36.1104736328125,-58.45475769042969,52.317466735839847,-48.231666564941409,-44.245079040527347,32.03023910522461,-44.21277618408203,-44.243743896484378,36.89354705810547,-52.92799377441406,-59.991729736328128,52.99525451660156,-40.53009796142578,15.454229354858399,54.22807312011719,40.291500091552737,40.857994079589847,-4.158790588378906,42.94355392456055,13.689102172851563,59.920875549316409,32.93882751464844,21.981107711791993,-28.295364379882814,12.995504379272461,31.663097381591798,-37.31207275390625,28.54305076599121,25.874103546142579,-28.042081832885743,-41.45732116699219,-42.055389404296878],"legSizes":[0.35435184836387637,0.41534775495529177,0.4762122631072998,0.15713682770729066,0.25222352147102358,0.459174245595932,0.30504944920539858,0.13564729690551759,0.22695687413215638,0.23832643032073975,0.22297567129135133,0.3034204840660095,0.1645224690437317,0.37129488587379458,0.33977001905441286,0.1668078452348709,0.25193917751312258,0.30407121777534487,0.20457251369953156,0.2289038449525833,0.4295302927494049,0.17343445122241975,0.49729123711586,0.33034294843673708],"bodySizes":[2.1244847774505617,1.5722407102584839,2.3950653076171877],"springs":[],"dumpers":[],"name":15545,"generation":444,"distance":29.63060760498047,"reward":-43.01062774658203},{"angles":[-48.302276611328128,-38.134002685546878,9.521018981933594,25.79432487487793,-18.021034240722658,-40.910308837890628,-6.781347274780273,-50.70849609375,43.11283874511719,-32.7978515625,57.250755310058597,41.30988311767578,-41.908836364746097,-36.28285217285156,-20.235992431640626,-21.38738250732422,54.7652587890625,-29.463279724121095,40.49491882324219,16.860877990722658,-46.87012481689453,-42.529319763183597,4.155385971069336,50.659088134765628,51.92565155029297,-16.52094268798828,-24.010313034057618,-17.83027458190918,23.57052230834961,-26.26996421813965,-47.92565155029297,-20.426780700683595,-20.440027236938478,-36.492103576660159,-13.512359619140625,-20.12266731262207,-11.083808898925782,26.14944839477539,-36.88084411621094,-26.588136672973634,26.446523666381837,8.112665176391602,-41.03380584716797,-53.776329040527347,-57.149749755859378,41.12189483642578,47.93995666503906,-12.036401748657227,36.1104736328125,58.0177001953125,52.317466735839847,-48.231666564941409,-44.245079040527347,24.517635345458986,-46.09382629394531,-44.243743896484378,-29.8792724609375,-50.683563232421878,-59.991729736328128,52.99525451660156,-40.53009796142578,18.871376037597658,54.22807312011719,40.291500091552737,40.857994079589847,30.13632583618164,42.94355392456055,-6.098793029785156,-18.345945358276368,1.1201553344726563,38.9144287109375,-27.050376892089845,-12.694450378417969,31.663097381591798,-9.606935501098633,28.54305076599121,25.874103546142579,-32.08192443847656,-41.45732116699219,-42.055389404296878],"legSizes":[0.21354734897613526,0.40681004524230959,0.4394902288913727,0.4655736982822418,0.24548232555389405,0.21988245844841004,0.30504944920539858,0.13564729690551759,0.4727911055088043,0.22162693738937379,0.35459962487220766,0.14107975363731385,0.1645224690437317,0.23367837071418763,0.3928956985473633,0.4311113953590393,0.3068658113479614,0.4174680709838867,0.3890814781188965,0.2289038449525833,0.18135276436805726,0.14954409003257752,0.23060043156147004,0.4174250066280365],"bodySizes":[2.0759084224700929,1.5905295610427857,2.4229257106781008],"springs":[],"dumpers":[],"name":15545,"generation":444,"distance":29.63060760498047,"reward":-47.69389724731445}]}