{"geneDatas":[{"angles":[-22.69982147216797,-38.134002685546878,31.96918296813965,-4.989217758178711,0.5656471252441406,-40.910308837890628,-12.979825973510743,-31.873138427734376,-42.41389465332031,9.608495712280274,41.94001007080078,-42.31877899169922,-48.535247802734378,-20.7161865234375,5.715972900390625,57.628082275390628,-50.286399841308597,-29.463279724121095,43.221290588378909,-8.485872268676758,-46.87012481689453,27.011459350585939,4.155385971069336,-41.832801818847659,56.02174377441406,6.959188461303711,48.45469665527344,-44.25337219238281,-55.41490936279297,-40.84880065917969,-34.954505920410159,28.656461715698243,-20.440027236938478,-36.492103576660159,43.897064208984378,-20.12266731262207,-11.083808898925782,37.88151550292969,8.438896179199219,36.210662841796878,-57.712493896484378,21.85406494140625,-41.03380584716797,-53.776329040527347,-27.28141975402832,45.10218048095703,47.93995666503906,7.408411026000977,36.1104736328125,58.0177001953125,44.915000915527347,-48.231666564941409,-44.245079040527347,20.04169273376465,-44.21277618408203,-44.243743896484378,-43.865692138671878,-52.92799377441406,-59.991729736328128,52.99525451660156,-40.53009796142578,18.871376037597658,54.22807312011719,-15.881187438964844,58.057090759277347,59.00004577636719,42.94355392456055,8.426734924316407,20.15802001953125,-34.59782409667969,38.9144287109375,-54.750755310058597,-33.864768981933597,31.663097381591798,-9.606935501098633,-59.89512634277344,25.874103546142579,-6.693685531616211,-21.719276428222658,-42.055389404296878],"legSizes":[0.35435184836387637,0.41534775495529177,0.4762122631072998,0.15713682770729066,0.25222352147102358,0.459174245595932,0.30504944920539858,0.13564729690551759,0.2507534325122833,0.23832643032073975,0.13699990510940553,0.3034204840660095,0.1645224690437317,0.37129488587379458,0.33977001905441286,0.4311113953590393,0.20159757137298585,0.3070836365222931,0.15824957191944123,0.2289038449525833,0.24531027674674989,0.42953500151634219,0.2731347382068634,0.33034294843673708],"bodySizes":[2.091191530227661,1.658067226409912,2.307246685028076],"springs":[],"dumpers":[],"name":15162,"generation":432,"distance":25.988256454467775,"reward":-25.988256454467775},{"angles":[-22.496673583984376,-38.134002685546878,31.96918296813965,-4.989217758178711,0.5656471252441406,-40.910308837890628,-6.781347274780273,-31.873138427734376,-46.92585754394531,9.608495712280274,41.94001007080078,-42.31877899169922,-48.535247802734378,-7.585180282592773,5.715972900390625,57.628082275390628,-50.286399841308597,-29.463279724121095,43.221290588378909,-8.485872268676758,-46.87012481689453,-55.824851989746097,4.155385971069336,-41.832801818847659,56.02174377441406,6.959188461303711,48.45469665527344,-44.25337219238281,-55.41490936279297,-40.84880065917969,-34.25628662109375,28.656461715698243,-20.440027236938478,-36.492103576660159,43.897064208984378,-20.12266731262207,-11.083808898925782,26.14944839477539,8.438896179199219,36.210662841796878,-57.712493896484378,21.85406494140625,-41.03380584716797,-53.776329040527347,-27.28141975402832,27.26363182067871,47.93995666503906,7.408411026000977,24.933256149291993,58.0177001953125,44.915000915527347,-58.105743408203128,-44.245079040527347,20.04169273376465,-44.21277618408203,-44.243743896484378,-43.865692138671878,-52.92799377441406,-59.991729736328128,52.99525451660156,-40.53009796142578,18.871376037597658,54.22807312011719,40.291500091552737,58.057090759277347,59.00004577636719,42.94355392456055,8.426734924316407,-38.38951873779297,-34.59782409667969,38.9144287109375,-54.750755310058597,-33.864768981933597,31.663097381591798,-9.606935501098633,18.345319747924806,25.874103546142579,-28.042081832885743,14.651376724243164,-42.055389404296878],"legSizes":[0.35435184836387637,0.13448166847229005,0.4762122631072998,0.15713682770729066,0.25222352147102358,0.3061428368091583,0.30504944920539858,0.13564729690551759,0.2866324186325073,0.22162693738937379,0.35459962487220766,0.31910985708236697,0.1645224690437317,0.17797060310840608,0.3928956985473633,0.4311113953590393,0.25193917751312258,0.47621917724609377,0.3175690472126007,0.2289038449525833,0.4295302927494049,0.17343445122241975,0.23060043156147004,0.33034294843673708],"bodySizes":[2.0888512134552,1.661123275756836,2.305582046508789],"springs":[],"dumpers":[],"name":15162,"generation":432,"distance":25.988256454467775,"reward":-31.273696899414064},{"angles":[-22.496673583984376,-38.134002685546878,31.96918296813965,-4.989217758178711,0.5656471252441406,-40.910308837890628,-6.781347274780273,-31.873138427734376,-42.41389465332031,9.608495712280274,41.94001007080078,-42.31877899169922,-48.535247802734378,-20.7161865234375,5.715972900390625,57.628082275390628,-50.286399841308597,-29.463279724121095,43.221290588378909,-8.485872268676758,-46.87012481689453,-55.824851989746097,4.155385971069336,-41.832801818847659,56.02174377441406,6.959188461303711,48.45469665527344,-44.25337219238281,-55.41490936279297,-40.84880065917969,-34.954505920410159,28.656461715698243,-20.440027236938478,-36.492103576660159,43.897064208984378,-20.12266731262207,-11.083808898925782,26.14944839477539,8.438896179199219,36.210662841796878,-57.712493896484378,21.85406494140625,-41.03380584716797,-53.776329040527347,-27.28141975402832,-19.752639770507814,47.93995666503906,7.408411026000977,36.1104736328125,58.0177001953125,44.915000915527347,-48.231666564941409,-44.245079040527347,20.04169273376465,-44.21277618408203,-44.243743896484378,-43.865692138671878,-52.92799377441406,-59.991729736328128,52.99525451660156,-40.53009796142578,18.871376037597658,54.22807312011719,40.291500091552737,58.057090759277347,59.00004577636719,42.94355392456055,8.426734924316407,20.15802001953125,-34.59782409667969,38.9144287109375,-54.750755310058597,-33.864768981933597,31.663097381591798,-9.606935501098633,18.345319747924806,25.874103546142579,-28.042081832885743,14.651376724243164,-42.055389404296878],"legSizes":[0.35435184836387637,0.41534775495529177,0.4762122631072998,0.15713682770729066,0.25222352147102358,0.459174245595932,0.30504944920539858,0.13564729690551759,0.2507534325122833,0.23832643032073975,0.22297567129135133,0.3034204840660095,0.1645224690437317,0.37129488587379458,0.33977001905441286,0.4311113953590393,0.25193917751312258,0.3070836365222931,0.3175690472126007,0.2289038449525833,0.4295302927494049,0.17343445122241975,0.23060043156147004,0.33034294843673708],"bodySizes":[2.1475489139556886,1.6141647100448609,2.307804822921753],"springs":[],"dumpers":[],"name":15162,"generation":432,"distance":25.988256454467775,"reward":-31.43857765197754}]}