{"geneDatas":[{"angles":[48.917869567871097,14.155160903930664,-31.093399047851564,24.72866439819336,0.5656471252441406,-40.910308837890628,57.091224670410159,-56.439613342285159,41.48557662963867,-17.862144470214845,-48.83076477050781,50.17805099487305,-6.0329742431640629,10.646202087402344,35.66101837158203,-35.26696014404297,44.89234161376953,52.81968688964844,33.386192321777347,-8.485872268676758,-31.566696166992189,-35.25575256347656,8.179372787475586,-41.832801818847659,56.02174377441406,7.109018325805664,48.45469665527344,-38.37712097167969,-19.6082706451416,-56.055694580078128,51.206817626953128,-13.962814331054688,0.5383644104003906,-59.59064483642578,34.41025161743164,-18.443763732910158,-11.083808898925782,37.929054260253909,-43.02961730957031,54.58136749267578,-43.55266571044922,-11.024345397949219,-49.49201965332031,-53.776329040527347,-4.967130661010742,49.80924987792969,33.72284698486328,22.121915817260743,36.1104736328125,14.03266716003418,35.67327880859375,-48.231666564941409,-59.430999755859378,6.099191665649414,-47.70054626464844,58.920623779296878,19.005615234375,13.795129776000977,-59.991729736328128,-25.687345504760743,-38.115562438964847,6.876031875610352,33.7999382019043,40.291500091552737,-34.646873474121097,-33.244659423828128,0.9984054565429688,-16.39497184753418,20.15802001953125,-34.59782409667969,38.9144287109375,58.78688049316406,13.191726684570313,14.468114852905274,57.87391662597656,57.73143768310547,-50.86012268066406,26.230941772460939,36.20771789550781,-49.38066864013672],"legSizes":[0.35435184836387637,0.42304927110671999,0.49310818314552309,0.4350661635398865,0.2506576180458069,0.18395371735095979,0.40974658727645876,0.15171928703784944,0.21916863322257996,0.14565306901931764,0.38754215836524966,0.17872819304466248,0.1645224690437317,0.4577390253543854,0.4436125159263611,0.44716230034828188,0.47592997550964358,0.3245508372783661,0.15221095085144044,0.13985848426818849,0.2964484393596649,0.14358225464820863,0.1364281177520752,0.14915308356285096],"bodySizes":[2.1554055213928224,1.626527190208435,2.2819161415100099],"springs":[],"dumpers":[],"name":17653,"generation":503,"distance":39.34255599975586,"reward":-39.34255599975586},{"angles":[48.917869567871097,14.155160903930664,31.96918296813965,46.339500427246097,0.5656471252441406,-40.910308837890628,-23.471939086914064,-50.615684509277347,54.367889404296878,-54.39814758300781,27.050899505615236,50.17805099487305,-36.83598327636719,10.646202087402344,35.66101837158203,-21.14372444152832,44.89234161376953,-29.463279724121095,33.386192321777347,-8.485872268676758,-46.87012481689453,-19.04323387145996,8.179372787475586,-41.832801818847659,35.633026123046878,7.109018325805664,9.426277160644532,-38.37712097167969,-59.02623748779297,-55.48957061767578,8.911964416503907,-10.962158203125,52.79779052734375,-59.59064483642578,34.41025161743164,-18.443763732910158,-11.083808898925782,24.98164939880371,-31.346839904785158,54.58136749267578,-43.55266571044922,-11.024345397949219,-56.760765075683597,-53.776329040527347,-4.967130661010742,49.80924987792969,-17.493730545043947,22.121915817260743,36.1104736328125,1.8251266479492188,35.67327880859375,-48.231666564941409,-59.430999755859378,12.787864685058594,-47.70054626464844,58.920623779296878,39.32606506347656,13.795129776000977,-59.991729736328128,-25.687345504760743,-38.115562438964847,-11.644386291503907,18.2065486907959,40.291500091552737,-34.646873474121097,-33.244659423828128,0.9984054565429688,-16.39497184753418,25.484230041503908,-34.59782409667969,38.9144287109375,-54.79302215576172,13.191726684570313,14.468114852905274,44.210357666015628,-21.571563720703126,25.874103546142579,-1.6723899841308594,7.165094375610352,-37.21043395996094],"legSizes":[0.35435184836387637,0.2744286358356476,0.4762122631072998,0.4758608937263489,0.2506576180458069,0.18395371735095979,0.40974658727645876,0.15171928703784944,0.2525876760482788,0.1537858545780182,0.35459962487220766,0.17872819304466248,0.1645224690437317,0.3573382794857025,0.4436125159263611,0.44716230034828188,0.2922784984111786,0.3245508372783661,0.3729681074619293,0.13985848426818849,0.2964484393596649,0.14358225464820863,0.1364281177520752,0.4018152356147766],"bodySizes":[2.155125379562378,1.6239005327224732,2.2859039306640627],"springs":[],"dumpers":[],"name":17653,"generation":503,"distance":39.34255599975586,"reward":-46.755043029785159},{"angles":[48.917869567871097,14.155160903930664,31.96918296813965,24.72866439819336,-37.56720733642578,-40.910308837890628,57.091224670410159,-56.439613342285159,41.48557662963867,-17.862144470214845,52.59959411621094,50.17805099487305,-6.0329742431640629,10.646202087402344,35.66101837158203,-35.26696014404297,44.89234161376953,-29.463279724121095,33.386192321777347,-8.485872268676758,-46.87012481689453,-26.192642211914064,8.179372787475586,-41.832801818847659,56.02174377441406,7.109018325805664,16.141948699951173,-38.37712097167969,-19.6082706451416,36.80372619628906,8.911964416503907,-13.962814331054688,0.5383644104003906,29.936325073242189,34.41025161743164,13.341573715209961,-11.083808898925782,24.98164939880371,-43.02961730957031,54.58136749267578,-43.55266571044922,-11.024345397949219,-49.49201965332031,-53.776329040527347,-4.967130661010742,49.80924987792969,33.72284698486328,22.121915817260743,36.1104736328125,1.8251266479492188,3.9049606323242189,-48.231666564941409,-59.430999755859378,-28.83026123046875,-47.70054626464844,58.920623779296878,19.005615234375,13.795129776000977,-59.991729736328128,-25.687345504760743,-38.115562438964847,6.876031875610352,33.7999382019043,40.291500091552737,-34.646873474121097,-33.244659423828128,0.9984054565429688,-16.39497184753418,20.15802001953125,-34.59782409667969,38.9144287109375,23.23912811279297,13.191726684570313,14.468114852905274,57.87391662597656,57.73143768310547,-50.86012268066406,26.230941772460939,41.246681213378909,-49.38066864013672],"legSizes":[0.10060682147741318,0.42304927110671999,0.4762122631072998,0.22917206585407258,0.14227314293384553,0.4067007005214691,0.40974658727645876,0.15171928703784944,0.26138341426849368,0.21389539539813996,0.3846225142478943,0.44604215025901797,0.1645224690437317,0.24056246876716615,0.4436125159263611,0.44716230034828188,0.31756818294525149,0.1695268154144287,0.3729681074619293,0.13985848426818849,0.2964484393596649,0.14358225464820863,0.1364281177520752,0.3374119997024536],"bodySizes":[2.155125379562378,1.626632809638977,2.282064199447632],"springs":[],"dumpers":[],"name":17653,"generation":503,"distance":39.34255599975586,"reward":-48.64140319824219}]}