{"geneDatas":[{"angles":[-1.6342506408691407,14.514404296875,20.9751033782959,-13.866600036621094,20.564285278320314,-56.598915100097659,-39.1793212890625,13.880775451660157,-15.355018615722657,46.189697265625,58.5250244140625,-3.406383514404297,13.152816772460938,-44.722564697265628,36.931800842285159,-39.65533447265625,-37.23500061035156,-35.42438507080078,35.05780029296875,-8.046119689941407,-45.613319396972659,-43.04060363769531,14.886482238769532,-33.28734588623047,56.02174377441406,-23.421241760253908,-40.14683532714844,37.52970886230469,0.2800445556640625,17.35187339782715,-47.92565155029297,-44.27501678466797,52.52092742919922,-42.763526916503909,12.340559005737305,17.349071502685548,-47.34852600097656,-28.23784637451172,16.785903930664064,16.91139030456543,47.05096435546875,-59.03057098388672,36.419891357421878,-22.600830078125,44.965065002441409,-4.784280776977539,-52.030364990234378,5.303657531738281,45.18487548828125,-3.949249267578125,-9.54374885559082,55.57349395751953,40.331642150878909,55.56561279296875,-7.64427375793457,17.74390411376953,27.623119354248048,-53.84337615966797,16.454755783081056,-25.986021041870118,-14.895551681518555,-58.997657775878909,14.957748413085938,-34.74360656738281,40.47919464111328,-8.534523010253907,-34.17359924316406,24.47220230102539,55.39878845214844,12.567306518554688,-44.615447998046878,-17.164701461791993,44.347900390625,-50.97509002685547,27.707603454589845,-36.642547607421878,-33.57081604003906,21.42089080810547,35.27662658691406,34.009490966796878],"legSizes":[0.4977489113807678,0.43333539366722109,0.4782138764858246,0.13251280784606934,0.11570525169372559,0.30325648188591006,0.36627477407455447,0.19540873169898988,0.3952648639678955,0.24234387278556825,0.11653933674097061,0.18891406059265138,0.42891398072242739,0.3627294898033142,0.49028390645980837,0.3864060044288635,0.34261128306388857,0.2763122320175171,0.42442846298217776,0.19538646936416627,0.2232491672039032,0.4200506806373596,0.10556764900684357,0.4562583863735199],"bodySizes":[2.986074209213257,1.710697054862976,1.5660884380340577],"springs":[],"dumpers":[],"name":6141,"generation":181,"distance":50.18658447265625,"reward":-50.18658447265625},{"angles":[40.23596954345703,28.165725708007814,13.371786117553711,-47.266357421875,30.27532958984375,-1.2527503967285157,58.84328842163086,46.805145263671878,-15.355018615722657,46.189697265625,-56.585426330566409,-13.416946411132813,-40.992652893066409,-58.634521484375,-59.870849609375,-39.65533447265625,3.585113525390625,-50.05628967285156,35.05780029296875,49.855369567871097,-45.613319396972659,-43.04060363769531,37.23515319824219,-33.28734588623047,39.67475128173828,-23.421241760253908,41.233604431152347,37.52970886230469,0.2800445556640625,17.35187339782715,-47.92565155029297,-49.203346252441409,52.52092742919922,-30.797164916992189,1.1892051696777344,9.471351623535157,-56.57817077636719,-4.086507797241211,51.80017852783203,-25.342247009277345,2.120441436767578,59.913299560546878,36.419891357421878,-28.264022827148439,45.06006622314453,14.250448226928711,-52.030364990234378,-2.9661598205566408,3.7300949096679689,24.04842758178711,48.23141098022461,55.57349395751953,-40.90740966796875,8.070350646972657,-7.64427375793457,37.548309326171878,-28.006044387817384,-36.95789337158203,17.884078979492189,23.687824249267579,-56.301841735839847,-36.15763854980469,14.957748413085938,11.984445571899414,40.47919464111328,16.84328269958496,25.191490173339845,5.542425155639648,27.877004623413087,-48.72590637207031,-56.070472717285159,50.41310119628906,44.347900390625,31.370956420898439,27.707603454589845,31.078046798706056,22.708494186401368,13.197732925415039,35.27662658691406,-19.481170654296876],"legSizes":[0.4977489113807678,0.36539262533187868,0.4433581233024597,0.13251280784606934,0.11570525169372559,0.40407562255859377,0.3378153145313263,0.2649697959423065,0.3952648639678955,0.39336270093917849,0.33987224102020266,0.4542274475097656,0.4628467559814453,0.14039045572280885,0.4960044026374817,0.2850530445575714,0.34261128306388857,0.3627520501613617,0.12845082581043244,0.19538646936416627,0.4898762106895447,0.24817073345184327,0.33969444036483767,0.15522189438343049],"bodySizes":[1.856454849243164,2.5728440284729006,1.6749123334884644],"springs":[],"dumpers":[],"name":6141,"generation":181,"distance":50.18658447265625,"reward":-58.469303131103519},{"angles":[-18.57814598083496,57.74522399902344,-8.504653930664063,1.0892143249511719,51.61595916748047,-56.598915100097659,-39.1793212890625,46.805145263671878,-15.355018615722657,46.189697265625,-56.585426330566409,38.165260314941409,-40.992652893066409,-58.634521484375,-59.870849609375,-39.65533447265625,3.585113525390625,-50.05628967285156,35.05780029296875,49.855369567871097,-45.613319396972659,-43.04060363769531,34.06861877441406,-27.403213500976564,39.67475128173828,-23.421241760253908,41.233604431152347,37.52970886230469,0.2800445556640625,17.35187339782715,-47.92565155029297,-49.203346252441409,52.52092742919922,-30.797164916992189,1.1892051696777344,58.96241760253906,-56.57817077636719,-4.086507797241211,51.80017852783203,-25.342247009277345,2.120441436767578,-17.857696533203126,36.419891357421878,-28.264022827148439,45.06006622314453,14.250448226928711,-52.030364990234378,-2.9661598205566408,3.7300949096679689,24.04842758178711,48.23141098022461,55.57349395751953,-40.90740966796875,8.070350646972657,-7.64427375793457,37.548309326171878,-28.006044387817384,-36.95789337158203,17.884078979492189,23.687824249267579,-56.301841735839847,-36.15763854980469,14.957748413085938,11.984445571899414,40.47919464111328,16.84328269958496,25.191490173339845,5.542425155639648,27.877004623413087,-48.72590637207031,-56.070472717285159,-24.115026473999025,44.347900390625,31.370956420898439,27.707603454589845,31.078046798706056,22.708494186401368,13.197732925415039,35.27662658691406,-19.481170654296876],"legSizes":[0.4977489113807678,0.36539262533187868,0.4433581233024597,0.4342864155769348,0.18030387163162232,0.19862565398216248,0.3378153145313263,0.12901993095874787,0.3952648639678955,0.39336270093917849,0.33987224102020266,0.4542274475097656,0.4628467559814453,0.14039045572280885,0.4960044026374817,0.2850530445575714,0.34261128306388857,0.3627520501613617,0.12845082581043244,0.19538646936416627,0.4898762106895447,0.24817073345184327,0.33969444036483767,0.15522189438343049],"bodySizes":[1.856454849243164,2.5728440284729006,1.6749123334884644],"springs":[],"dumpers":[],"name":6141,"generation":181,"distance":50.18658447265625,"reward":-66.49391174316406}]}