{"geneDatas":[{"angles":[7.104669570922852,54.60527038574219,-39.98564147949219,-54.37458801269531,30.29273796081543,-45.218597412109378,-46.77020263671875,39.31498718261719,28.077505111694337,13.12646484375,6.99592399597168,-48.76850891113281,-8.783920288085938,-0.059429168701171878,-3.616626739501953,26.135129928588868,49.54749298095703,-48.56055450439453,50.45628356933594,-20.375656127929689,-8.05126953125,29.897560119628908,14.614828109741211,23.79083251953125,41.96025085449219,-45.25404357910156,59.53186798095703,37.029788970947269,-12.562400817871094,-57.02692413330078,-7.936857223510742,-16.924774169921876,46.92792892456055,3.6414451599121095,18.081592559814454,-22.172561645507814,-3.2310447692871095,47.51499557495117,3.8756637573242189,-5.884931564331055,-49.490264892578128,-25.337369918823243,-4.886018753051758,-7.542564392089844,-49.73613739013672,-6.865705490112305,41.34874725341797,25.85932731628418,44.98865509033203,53.928611755371097,-36.96759033203125,42.19536590576172,-49.743804931640628,-51.89856719970703,41.55369567871094,33.77702331542969,-50.948822021484378,7.55980110168457,57.31627655029297,15.5833740234375,31.81576156616211,16.905569076538087,32.05949401855469,-15.67420768737793,57.50299835205078,54.156517028808597,1.5110702514648438,45.57177734375,29.29103660583496,-6.670354843139648,-16.684507369995118,26.4638729095459,-7.834419250488281,-54.26396179199219,-0.3134193420410156,-27.81671905517578,-4.052101135253906,21.894649505615236,14.998031616210938,-36.17230224609375],"legSizes":[0.147242933511734,0.2623104453086853,0.39716729521751406,0.27862435579299929,0.17466703057289124,0.14484071731567384,0.18198652565479279,0.15244752168655396,0.2845277488231659,0.24915535748004914,0.2476731538772583,0.42971524596214297,0.3057219386100769,0.44570761919021609,0.49793320894241335,0.27110081911087038,0.14398247003555299,0.2629254162311554,0.35228198766708376,0.11899538338184357,0.4330054223537445,0.4202516973018646,0.44422420859336855,0.34287402033805849],"bodySizes":[1.9776761531829835,2.125826597213745,1.9028605222702027],"springs":[],"dumpers":[],"name":7024,"generation":217,"distance":34.87827682495117,"reward":-34.87827682495117},{"angles":[7.104669570922852,37.84837341308594,-39.98564147949219,-54.37458801269531,-17.601064682006837,-45.218597412109378,-46.77020263671875,-41.327049255371097,28.077505111694337,13.12646484375,-11.47283935546875,27.451658248901368,-8.783920288085938,24.235525131225587,-3.616626739501953,26.135129928588868,-40.38960266113281,-48.56055450439453,50.45628356933594,-20.375656127929689,44.84785079956055,29.897560119628908,14.614828109741211,23.79083251953125,41.96025085449219,-45.25404357910156,59.53186798095703,14.878242492675782,-12.562400817871094,-47.37971496582031,2.1781463623046877,-16.924774169921876,46.92792892456055,3.6414451599121095,52.658660888671878,-22.172561645507814,-16.563697814941408,50.00646209716797,3.8756637573242189,-5.884931564331055,-49.490264892578128,-25.337369918823243,-4.886018753051758,49.44611358642578,-49.73613739013672,-6.865705490112305,41.34874725341797,19.115821838378908,44.98865509033203,53.928611755371097,-36.96759033203125,40.54205322265625,-21.55491065979004,-51.89856719970703,41.55369567871094,33.77702331542969,-50.948822021484378,7.55980110168457,57.31627655029297,36.97743225097656,31.81576156616211,-5.7983856201171879,32.05949401855469,6.085601806640625,-24.764379501342775,54.156517028808597,1.5110702514648438,45.57177734375,-30.224517822265626,-6.670354843139648,-16.684507369995118,26.4638729095459,-17.53460121154785,-54.26396179199219,-0.3134193420410156,-27.81671905517578,56.29517364501953,-17.90443229675293,14.998031616210938,-36.17230224609375],"legSizes":[0.147242933511734,0.24362023174762727,0.39716729521751406,0.27862435579299929,0.22076532244682313,0.3507738709449768,0.18198652565479279,0.15244752168655396,0.2845277488231659,0.24915535748004914,0.3944358229637146,0.14234299957752229,0.43622884154319765,0.40764570236206057,0.49793320894241335,0.3461439907550812,0.14398247003555299,0.2629254162311554,0.35228198766708376,0.35113754868507388,0.4054557681083679,0.4202516973018646,0.44422420859336855,0.34287402033805849],"bodySizes":[1.9586623907089234,2.1277883052825929,1.9195610284805298],"springs":[],"dumpers":[],"name":7024,"generation":217,"distance":34.87827682495117,"reward":-56.1983757019043},{"angles":[7.104669570922852,37.84837341308594,-39.98564147949219,-54.37458801269531,30.29273796081543,-45.218597412109378,-34.2166748046875,39.31498718261719,47.94210433959961,13.12646484375,47.58447265625,7.473670959472656,44.35017395019531,-0.059429168701171878,-3.616626739501953,26.135129928588868,49.54749298095703,-48.56055450439453,50.45628356933594,56.73884582519531,-33.339515686035159,7.530519485473633,14.614828109741211,-31.27336883544922,-28.705368041992189,-45.25404357910156,12.710988998413086,37.029788970947269,-12.562400817871094,-57.02692413330078,-7.936857223510742,-16.924774169921876,47.042327880859378,3.6414451599121095,18.081592559814454,-47.90215301513672,27.982290267944337,47.51499557495117,3.8756637573242189,-43.241058349609378,-49.490264892578128,-25.337369918823243,-4.886018753051758,-27.830421447753908,-49.73613739013672,-6.865705490112305,41.34874725341797,41.722740173339847,44.98865509033203,17.99311637878418,-36.96759033203125,42.19536590576172,-49.743804931640628,-51.89856719970703,46.720176696777347,11.349128723144532,-50.948822021484378,7.55980110168457,57.31627655029297,36.97743225097656,31.81576156616211,-5.7983856201171879,32.05949401855469,6.085601806640625,-24.764379501342775,54.156517028808597,1.5110702514648438,45.57177734375,29.29103660583496,-6.670354843139648,-16.684507369995118,26.4638729095459,-17.53460121154785,-54.26396179199219,-54.590965270996097,-27.81671905517578,56.29517364501953,-17.90443229675293,-2.7872886657714845,-36.17230224609375],"legSizes":[0.147242933511734,0.24362023174762727,0.39716729521751406,0.27862435579299929,0.17466703057289124,0.14484071731567384,0.18198652565479279,0.15244752168655396,0.2845277488231659,0.4921709895133972,0.2476731538772583,0.27326104044914248,0.2583759129047394,0.32830339670181277,0.49793320894241335,0.19631004333496095,0.14398247003555299,0.2629254162311554,0.3989047408103943,0.11899538338184357,0.4054557681083679,0.4202516973018646,0.44422420859336855,0.34287402033805849],"bodySizes":[1.9698666334152222,2.1217286586761476,1.9140944480895997],"springs":[],"dumpers":[],"name":7024,"generation":217,"distance":34.87827682495117,"reward":-59.264488220214847}]}