{"geneDatas":[{"angles":[-2.3367347717285158,-17.124990463256837,-43.271728515625,-37.1173095703125,-26.733421325683595,-51.76929473876953,-39.59044647216797,21.958621978759767,-23.117013931274415,-84.90518188476563,24.051145553588868,51.359840393066409,-15.921028137207032,-39.78125,-22.512754440307618,7.700836181640625,57.64330291748047,58.638427734375,48.532676696777347,-5.631013870239258,-26.76059913635254,38.29951477050781,24.004125595092775,-5.4177703857421879,-52.687286376953128,-49.38624572753906,53.94468688964844,-7.412530899047852,-70.81510925292969,-8.53584098815918,38.991668701171878,41.106903076171878,21.035926818847658,45.279335021972659,-59.49225616455078,10.917411804199219,-23.638206481933595,35.82394027709961,-41.215110778808597,-36.16002655029297,34.98078155517578,56.359703063964847,23.33913803100586,36.78213882446289,-42.6923828125,49.688941955566409,26.89754867553711,-55.53450012207031,-0.55352783203125,8.298934936523438,-4.549232482910156,17.904836654663087,4.784324645996094,1.6492996215820313,-48.88953399658203,1.3691062927246094,-46.611915588378909,-14.48101806640625,47.933284759521487,-56.739280700683597,-53.255653381347659,36.09735107421875,13.112991333007813,-27.038232803344728,57.50299835205078,14.491630554199219,38.366477966308597,15.923177719116211,-26.574018478393556,29.512779235839845,-54.58287048339844,36.783958435058597,-57.205352783203128,-17.783239364624025,18.468902587890626,38.056541442871097,18.594173431396486,-43.212135314941409,9.939599990844727,56.033348083496097],"legSizes":[0.11478209495544434,0.4759288430213928,0.1429932713508606,0.2578585743904114,0.2660999000072479,0.3356914818286896,0.22980836033821107,0.2516435384750366,0.42210572957992556,0.21633455157279969,0.45445385575294497,0.49907612800598147,0.3520616888999939,0.44424939155578616,0.49326953291893008,0.2763507664203644,0.44522538781166079,0.3312991261482239,0.3170117139816284,0.1716199815273285,0.19214868545532227,0.45940452814102175,0.21423490345478059,0.17510028183460236],"bodySizes":[2.0614359378814699,1.8888520002365113,2.0545756816864015],"springs":[],"dumpers":[],"name":3184,"generation":92,"distance":30.9392147064209,"reward":-29.4395809173584},{"angles":[54.213783264160159,-4.40888786315918,-37.926177978515628,-37.1173095703125,27.831144332885743,-58.584266662597659,-57.08970642089844,21.958621978759767,-22.419828414916993,-84.90518188476563,-7.770332336425781,0.5636138916015625,-40.52197265625,26.74652862548828,-22.512754440307618,7.700836181640625,-39.22511291503906,58.638427734375,46.400657653808597,-0.6264419555664063,-35.14586639404297,38.29951477050781,-0.4090766906738281,-25.59514617919922,-23.352392196655275,-31.46575927734375,43.003074645996097,59.42437744140625,-70.81510925292969,20.844654083251954,-10.909996032714844,39.75298309326172,47.06256866455078,29.4819393157959,57.23445129394531,3.0933876037597658,-23.638206481933595,39.037841796875,-59.63135528564453,-5.884931564331055,40.354087829589847,35.477272033691409,50.489959716796878,59.36748504638672,-33.935882568359378,-41.281455993652347,30.234542846679689,-0.2946357727050781,47.842369079589847,49.571197509765628,34.59291076660156,36.20857620239258,32.197994232177737,33.74107360839844,-43.796722412109378,1.3691062927246094,-41.7091064453125,-58.61598205566406,49.505096435546878,-5.126916885375977,-53.255653381347659,-10.863212585449219,29.96877098083496,-9.650838851928711,57.50299835205078,38.438446044921878,42.98821258544922,28.329345703125,53.59392547607422,-23.114456176757814,-51.178062438964847,21.059486389160158,50.9119873046875,-15.017990112304688,-6.449554443359375,-8.097330093383789,46.671165466308597,-51.49854278564453,-39.671287536621097,16.18526268005371],"legSizes":[0.4157373905181885,0.12715435028076173,0.4521767497062683,0.2578585743904114,0.21044224500656129,0.20334357023239137,0.3215501010417938,0.22182825207710267,0.1465851366519928,0.21633455157279969,0.22385567426681519,0.27145177125930788,0.46421948075294497,0.36106210947036745,0.23876269161701203,0.2763507664203644,0.10599293559789658,0.4612329602241516,0.3170117139816284,0.1716199815273285,0.45092812180519106,0.372232049703598,0.10169344395399094,0.4784514307975769],"bodySizes":[1.7414745092391968,2.0889029502868654,2.199148654937744],"springs":[],"dumpers":[],"name":3184,"generation":92,"distance":30.9392147064209,"reward":-43.64179611206055},{"angles":[-2.3367347717285158,-17.124990463256837,26.470684051513673,-37.1173095703125,-26.733421325683595,-51.76929473876953,-39.59044647216797,21.958621978759767,-23.117013931274415,-84.90518188476563,24.051145553588868,51.359840393066409,44.110321044921878,-39.78125,-7.2808685302734379,7.700836181640625,57.64330291748047,58.638427734375,48.532676696777347,-5.631013870239258,-26.76059913635254,38.29951477050781,24.004125595092775,-5.4177703857421879,-52.687286376953128,-49.38624572753906,-27.057357788085939,-7.412530899047852,-70.81510925292969,-8.53584098815918,38.991668701171878,41.106903076171878,21.035926818847658,45.279335021972659,-59.49225616455078,10.917411804199219,-23.638206481933595,35.82394027709961,-41.215110778808597,-36.16002655029297,40.354087829589847,35.477272033691409,50.489959716796878,59.36748504638672,-33.935882568359378,-41.281455993652347,30.234542846679689,-24.33220672607422,-23.25401496887207,49.571197509765628,34.59291076660156,36.20857620239258,32.197994232177737,45.134422302246097,-43.796722412109378,-58.281097412109378,28.327774047851564,-58.61598205566406,47.933284759521487,-5.126916885375977,-19.573781967163087,13.10905647277832,29.96877098083496,-9.650838851928711,57.50299835205078,14.491630554199219,38.366477966308597,20.677955627441408,27.672483444213868,19.389936447143556,-54.58287048339844,-43.9853515625,21.62110710144043,-17.783239364624025,18.468902587890626,-31.86962127685547,-42.93926239013672,-43.212135314941409,9.939599990844727,-16.477294921875],"legSizes":[0.11478209495544434,0.4759288430213928,0.1429932713508606,0.2578585743904114,0.2660999000072479,0.3356914818286896,0.22980836033821107,0.2516435384750366,0.42210572957992556,0.12955862283706666,0.45445385575294497,0.49907612800598147,0.3520616888999939,0.44424939155578616,0.23876269161701203,0.2763507664203644,0.10599293559789658,0.4612329602241516,0.3170117139816284,0.1716199815273285,0.45092812180519106,0.45940452814102175,0.32742470502853396,0.17510028183460236],"bodySizes":[2.0706915855407717,1.9369885921478272,1.994561791419983],"springs":[],"dumpers":[],"name":3184,"generation":92,"distance":30.9392147064209,"reward":-51.14047622680664}]}