{"geneDatas":[{"angles":[-51.731903076171878,-45.409912109375,1.8897857666015626,-28.06409454345703,57.224464416503909,-20.188688278198243,-59.856422424316409,10.551416397094727,42.77520751953125,-25.437406539916993,34.44559860229492,29.612272262573243,-51.340728759765628,-36.15809631347656,12.184030532836914,16.628934860229493,46.394920349121097,35.77378845214844,-23.29156494140625,-1.0009918212890626,38.2015380859375,19.425827026367189,-50.97584533691406,-29.93682098388672,-57.3719482421875,-47.39111328125,16.99391746520996,-7.192647933959961,55.73954772949219,43.337257385253909,18.8176326751709,-50.065643310546878,44.85075378417969,-0.12341690063476563,48.664710998535159,-33.86231231689453,43.38908386230469,21.686994552612306,-37.013824462890628,53.51277160644531,-1.9070510864257813,13.550941467285157,-37.38055419921875,48.52676773071289,-49.151145935058597,-11.462837219238282,-34.87303924560547,41.939292907714847,33.665184020996097,-49.793670654296878,21.501445770263673,29.238449096679689,-38.046424865722659,50.464393615722659,-19.56456756591797,28.817609786987306,-51.93763732910156,-0.4080162048339844,-20.268951416015626,32.503265380859378,42.36939239501953,-14.222496032714844,-11.118057250976563,13.814254760742188,49.37135314941406,-2.4499282836914064,7.162221908569336,-23.09575653076172,29.29103660583496,-25.08489990234375,23.563323974609376,44.15016174316406,47.99683380126953,49.50312042236328,-33.83143615722656,-5.389188766479492,48.15397644042969,38.790550231933597,39.722145080566409,30.439022064208986],"legSizes":[0.3217903971672058,0.4417323172092438,0.49882420897483828,0.46298640966415408,0.3658576011657715,0.14484071731567384,0.333745539188385,0.15244752168655396,0.3566614091396332,0.14247828722000123,0.21200764179229737,0.20658142864704133,0.4220736026763916,0.44570761919021609,0.49233388900756838,0.35406455397605898,0.3289821445941925,0.12182765454053879,0.16770902276039124,0.11899538338184357,0.40311869978904726,0.2947259247303009,0.24264605343341828,0.1862662434577942],"bodySizes":[2.0783767700195314,2.0682032108306886,1.8611122369766236],"springs":[],"dumpers":[],"name":10876,"generation":310,"distance":48.65684127807617,"reward":-48.65684127807617},{"angles":[4.193395614624023,-45.409912109375,51.08605194091797,24.465879440307618,57.224464416503909,-57.426666259765628,-59.856422424316409,10.551416397094727,53.837642669677737,-8.554079055786133,34.44559860229492,29.612272262573243,-51.340728759765628,-36.15809631347656,17.363462448120118,23.303930282592775,46.394920349121097,35.77378845214844,56.51521301269531,-1.0009918212890626,-0.893218994140625,19.425827026367189,-50.97584533691406,-29.93682098388672,-57.3719482421875,-23.16608238220215,16.99391746520996,48.402587890625,55.73954772949219,21.063291549682618,-30.996681213378908,-50.065643310546878,57.414764404296878,-0.12341690063476563,-0.8710746765136719,-48.03526306152344,43.38908386230469,21.686994552612306,39.69566345214844,44.883140563964847,-49.490264892578128,-1.9604530334472657,30.606033325195314,-48.30181884765625,-49.151145935058597,38.75780487060547,-30.924781799316408,-44.692222595214847,-54.890785217285159,25.44098663330078,-18.5786190032959,-6.23968505859375,-24.515869140625,22.189491271972658,-19.56456756591797,14.114763259887696,-17.045066833496095,29.078662872314454,-19.045778274536134,-0.2535514831542969,-25.450408935546876,28.562091827392579,-21.11543083190918,32.3537483215332,-27.259878158569337,-36.245643615722659,26.114112854003908,2.1845855712890627,-30.203290939331056,35.71593475341797,32.80329895019531,-14.39495849609375,32.610809326171878,-36.6639404296875,22.4378719329834,51.808448791503909,48.15397644042969,9.574522018432618,24.39984703063965,-50.08892822265625],"legSizes":[0.37485313415527346,0.446532666683197,0.49882420897483828,0.46298640966415408,0.1581764817237854,0.4189821779727936,0.11181874573230744,0.15244752168655396,0.29682886600494387,0.4902891218662262,0.3365291953086853,0.40447884798049929,0.4203599989414215,0.28990837931632998,0.24514134228229524,0.14318060874938966,0.3289821445941925,0.4827420711517334,0.24185311794281007,0.1944316327571869,0.4621042311191559,0.2796594798564911,0.24264605343341828,0.3623507618904114],"bodySizes":[2.193674325942993,1.7736046314239503,2.0561790466308595],"springs":[],"dumpers":[],"name":10876,"generation":310,"distance":48.65684127807617,"reward":-60.08066177368164},{"angles":[42.302268981933597,57.755126953125,33.58061218261719,-28.06409454345703,57.224464416503909,-39.40711212158203,-59.856422424316409,14.242652893066407,42.77520751953125,38.213951110839847,34.44559860229492,29.612272262573243,-51.340728759765628,-36.15809631347656,12.184030532836914,16.628934860229493,46.394920349121097,35.77378845214844,46.91405487060547,-1.0009918212890626,-0.893218994140625,19.425827026367189,-50.97584533691406,-29.93682098388672,-57.3719482421875,-23.16608238220215,-4.03693962097168,48.402587890625,55.73954772949219,21.063291549682618,-55.56049346923828,-50.065643310546878,44.85075378417969,-0.12341690063476563,48.664710998535159,-37.66168975830078,43.38908386230469,21.686994552612306,41.685516357421878,53.51277160644531,-1.9070510864257813,-59.681541442871097,18.94451904296875,-14.206245422363282,-49.151145935058597,-11.462837219238282,-34.87303924560547,41.939292907714847,33.665184020996097,-49.793670654296878,21.501445770263673,29.238449096679689,-17.478225708007814,-51.89856719970703,-19.56456756591797,-2.688812255859375,-51.93763732910156,-0.4080162048339844,-17.543397903442384,-29.074554443359376,42.36939239501953,-48.511932373046878,-53.778717041015628,13.814254760742188,49.37135314941406,-2.4499282836914064,27.39484977722168,-23.09575653076172,29.29103660583496,-20.191919326782228,23.563323974609376,44.15016174316406,47.99683380126953,49.50312042236328,-33.83143615722656,-1.2909431457519532,48.15397644042969,-37.97205352783203,54.43511199951172,11.029321670532227],"legSizes":[0.3217903971672058,0.4417323172092438,0.49882420897483828,0.46298640966415408,0.1693967878818512,0.14484071731567384,0.14635367691516877,0.15244752168655396,0.1685074269771576,0.33956024050712588,0.4158998131752014,0.4392484724521637,0.4203599989414215,0.48994046449661257,0.4228208661079407,0.3151101768016815,0.20687004923820496,0.12182765454053879,0.16770902276039124,0.11899538338184357,0.4621042311191559,0.1167910099029541,0.24264605343341828,0.18507224321365357],"bodySizes":[2.0413684844970705,1.8361871242523194,2.1342809200286867],"springs":[],"dumpers":[],"name":10876,"generation":310,"distance":48.65684127807617,"reward":-67.74673461914063}]}