{"geneDatas":[{"angles":[-54.647457122802737,-6.660654067993164,-7.473457336425781,-48.847747802734378,27.831144332885743,-29.529312133789064,-55.18400573730469,-17.226898193359376,-20.526809692382814,-35.994773864746097,0.7808303833007813,-48.120887756347659,47.04850769042969,-9.126731872558594,1.5257186889648438,-2.445751190185547,59.901222229003909,58.638427734375,23.7093505859375,28.58582305908203,-6.944452285766602,33.944847106933597,-52.13922119140625,4.665809631347656,22.921972274780275,-49.38624572753906,19.852581024169923,7.262763977050781,1.9846839904785157,-24.671323776245118,6.4916839599609379,44.55030822753906,47.06256866455078,29.4819393157959,55.35939025878906,-22.931182861328126,-33.38726806640625,50.61564636230469,8.427122116088868,-47.24275207519531,36.68781280517578,21.727249145507814,51.28492736816406,-17.107023239135743,-23.606903076171876,13.408790588378907,-0.6483879089355469,-36.935516357421878,57.358360290527347,31.93024444580078,38.96229553222656,48.026588439941409,4.784324645996094,1.6492996215820313,-36.22254943847656,1.3691062927246094,-41.809059143066409,-58.61598205566406,47.933284759521487,-55.1798095703125,-53.255653381347659,-6.884370803833008,29.96877098083496,1.6477546691894532,57.50299835205078,51.646202087402347,-17.45476531982422,31.075313568115236,-10.917612075805664,-4.036867141723633,-6.611059188842773,56.59416961669922,-33.93518829345703,-15.017990112304688,44.282470703125,-80.08821105957031,42.876373291015628,-74.95600891113281,81.63539123535156,-15.224126815795899],"legSizes":[0.4157373905181885,0.3420298397541046,0.25,0.2065146267414093,0.3701396882534027,0.1441224217414856,0.3274933099746704,0.13397450745105744,0.17882949113845826,0.380244642496109,0.25,0.3712027966976166,0.39570683240890505,0.19103403389453889,0.3696098327636719,0.4820976257324219,0.3857920169830322,0.43469858169555666,0.4214245676994324,0.19841217994689942,0.4203196167945862,0.293430358171463,0.41451793909072878,0.44521206617355349],"bodySizes":[2.085181713104248,1.9688469171524048,1.9486511945724488],"springs":[],"dumpers":[],"name":1132,"generation":31,"distance":56.21168899536133,"reward":-56.21168899536133},{"angles":[23.032636642456056,17.021284103393556,-15.380836486816407,55.501426696777347,-35.64777374267578,48.815460205078128,52.08251190185547,-8.180816650390625,48.95343017578125,-84.90518188476563,4.240242004394531,49.649444580078128,-33.63916015625,-9.126731872558594,1.5257186889648438,11.6343994140625,59.901222229003909,58.638427734375,23.7093505859375,88.56658935546875,5.975252151489258,-58.842384338378909,46.74553680419922,4.665809631347656,-46.972816467285159,-49.38624572753906,19.852581024169923,7.262763977050781,-70.81510925292969,-24.671323776245118,-10.909996032714844,44.55030822753906,47.06256866455078,29.4819393157959,55.35939025878906,-22.931182861328126,-34.08611297607422,23.948795318603517,59.01829528808594,57.023193359375,23.952138900756837,38.863365173339847,-56.142051696777347,38.15216827392578,-24.461929321289064,-49.5567626953125,-38.32057189941406,-0.2946357727050781,45.129432678222659,17.465557098388673,1.644012451171875,43.12702941894531,-7.477991104125977,49.247344970703128,-42.61683654785156,27.188772201538087,-41.809059143066409,-58.61598205566406,-38.662750244140628,40.646392822265628,-48.860107421875,-6.884370803833008,16.9515438079834,-30.688661575317384,29.438636779785158,51.646202087402347,45.79061508178711,31.075313568115236,-10.917612075805664,-4.036867141723633,-7.5903167724609379,-50.30339050292969,-33.93518829345703,-69.84382629394531,44.282470703125,-80.08821105957031,-13.638595581054688,-74.95600891113281,81.63539123535156,-15.224126815795899],"legSizes":[0.25890299677848818,0.23912174999713899,0.25,0.2065146267414093,0.3701396882534027,0.2003978043794632,0.16637477278709413,0.13397450745105744,0.49754270911216738,0.25,0.35032612085342409,0.16588163375854493,0.36888211965560915,0.24854299426078797,0.44159966707229617,0.4860197901725769,0.3702496886253357,0.25,0.3170117139816284,0.19841217994689942,0.4026881754398346,0.293430358171463,0.41451793909072878,0.25],"bodySizes":[2.168088436126709,1.920907735824585,1.920907735824585],"springs":[],"dumpers":[],"name":1132,"generation":31,"distance":56.21168899536133,"reward":-56.83847427368164},{"angles":[-54.647457122802737,-24.24748992919922,-7.473457336425781,-29.892501831054689,27.831144332885743,-29.529312133789064,-55.18400573730469,44.63838195800781,-20.526809692382814,55.406158447265628,15.636428833007813,-16.130882263183595,-33.63916015625,-9.126731872558594,-36.215843200683597,11.6343994140625,-30.774580001831056,58.638427734375,23.7093505859375,88.56658935546875,-6.944452285766602,-0.3137054443359375,-52.13922119140625,4.665809631347656,-46.972816467285159,-49.38624572753906,19.852581024169923,7.262763977050781,-70.81510925292969,-24.671323776245118,-10.909996032714844,44.55030822753906,47.06256866455078,29.4819393157959,55.35939025878906,-16.043006896972658,12.856672286987305,23.948795318603517,8.427122116088868,56.65517807006836,23.952138900756837,44.62084197998047,-56.142051696777347,-45.92393493652344,-24.461929321289064,4.722526550292969,-0.6483879089355469,52.85699462890625,57.358360290527347,28.620756149291993,59.133384704589847,-32.12010192871094,-24.230539321899415,49.495582580566409,-10.003616333007813,50.83056640625,-32.08637237548828,-30.703041076660158,-40.861114501953128,-57.63722229003906,-46.70751953125,10.713966369628907,58.70209884643555,-30.688661575317384,44.3026237487793,-53.80076599121094,19.07259178161621,-55.401634216308597,71.49111938476563,48.369483947753909,-7.5903167724609379,-50.30339050292969,-33.93518829345703,55.911094665527347,13.182098388671875,-20.58167839050293,-22.00768280029297,49.64087677001953,46.5645637512207,-59.14421081542969],"legSizes":[0.4157373905181885,0.421731561422348,0.10279784351587296,0.3900991976261139,0.3701396882534027,0.16378220915794373,0.3274933099746704,0.13397450745105744,0.18309946358203889,0.25,0.1674681305885315,0.3822855055332184,0.2988343834877014,0.24854299426078797,0.2692175507545471,0.2979939579963684,0.18309155106544496,0.25,0.24999994039535523,0.19841217994689942,0.4240788519382477,0.3044036626815796,0.2173299491405487,0.25],"bodySizes":[2.086027145385742,1.9481393098831177,1.9685662984848023],"springs":[],"dumpers":[],"name":1132,"generation":31,"distance":56.21168899536133,"reward":-89.77049255371094}]}