{"geneDatas":[{"angles":[-54.647457122802737,38.94464111328125,-7.473457336425781,-8.203536987304688,-46.094970703125,-54.777931213378909,-55.18400573730469,-45.837738037109378,-12.596504211425782,-70.75457763671875,0.7808303833007813,45.85181427001953,-24.44812774658203,0.9044914245605469,3.3534164428710939,3.0511322021484377,59.92694091796875,-9.867706298828125,49.24608612060547,-48.4886474609375,-14.339790344238282,-17.16535186767578,1.8429641723632813,10.2724609375,78.69551849365235,-33.75818634033203,38.75154113769531,62.129512786865237,43.96546936035156,2.8390350341796877,65.95658874511719,-32.699615478515628,-85.89572143554688,-18.92915153503418,69.35353088378906,11.359207153320313,-34.79327392578125,34.415916442871097,-47.06593322753906,-47.24275207519531,80.76220703125,11.624252319335938,51.28492736816406,-17.107023239135743,-23.606903076171876,-57.50001525878906,-0.6483879089355469,-26.761804580688478,57.358360290527347,28.620756149291993,1.644012451171875,45.25939178466797,4.784324645996094,-33.56890869140625,4.582649230957031,-44.566986083984378,-41.809059143066409,12.380498886108399,47.933284759521487,-23.272727966308595,47.184234619140628,28.310649871826173,29.96877098083496,-30.688661575317384,44.3026237487793,51.646202087402347,45.79061508178711,-20.568199157714845,71.49111938476563,-30.678335189819337,-7.5903167724609379,-50.30339050292969,-33.93518829345703,-69.84382629394531,-76.52554321289063,-80.08821105957031,-13.638595581054688,-74.95600891113281,81.63539123535156,-15.224126815795899],"legSizes":[0.24999994039535523,0.4762651026248932,0.25,0.41382503509521487,0.2129637598991394,0.25,0.49450725317001345,0.1560099720954895,0.25312167406082156,0.22606399655342103,0.4874510169029236,0.25,0.3100338280200958,0.24854299426078797,0.44159966707229617,0.11228957027196884,0.18309155106544496,0.25,0.24999994039535523,0.19841217994689942,0.49209386110305788,0.41728442907333376,0.25,0.25],"bodySizes":[2.0,2.0,2.0],"springs":[],"dumpers":[],"name":297,"generation":9,"distance":72.61312103271485,"reward":-72.61312103271485},{"angles":[82.35223388671875,17.021284103393556,-25.051345825195314,55.501426696777347,-35.64777374267578,-6.8695220947265629,52.08251190185547,-8.180816650390625,-20.526809692382814,-84.90518188476563,15.636428833007813,-48.120887756347659,-37.79521179199219,-9.126731872558594,1.5257186889648438,14.605888366699219,59.901222229003909,58.638427734375,-2.5398025512695314,88.56658935546875,-6.944452285766602,-4.366758346557617,4.875946044921875,4.665809631347656,-46.972816467285159,0.0781707763671875,25.761449813842775,7.262763977050781,-70.81510925292969,-41.12329864501953,-10.909996032714844,44.55030822753906,-4.175743103027344,-53.579254150390628,-6.845306396484375,-22.931182861328126,-33.38726806640625,23.948795318603517,68.02976989746094,57.023193359375,23.952138900756837,-46.27244186401367,-11.389223098754883,34.10076141357422,-24.461929321289064,4.722526550292969,29.311115264892579,-12.728897094726563,40.96006393432617,-38.772674560546878,59.133384704589847,64.60252380371094,-24.230539321899415,22.19269561767578,-34.25291442871094,-76.44218444824219,-32.08637237548828,57.73478698730469,-71.88227844238281,-64.8016357421875,-46.70751953125,89.34173583984375,58.70209884643555,-30.688661575317384,44.3026237487793,51.646202087402347,45.79061508178711,-20.568199157714845,71.49111938476563,33.54010009765625,-7.5903167724609379,-50.30339050292969,-33.93518829345703,-69.84382629394531,-76.52554321289063,-51.372039794921878,-13.638595581054688,-40.82411193847656,81.63539123535156,-43.6756591796875],"legSizes":[0.24999994039535523,0.24999994039535523,0.25,0.2825673222541809,0.15773597359657288,0.25,0.49450725317001345,0.2759537100791931,0.25312167406082156,0.15951085090637208,0.43371421098709109,0.17798691987991334,0.49326270818710329,0.13477344810962678,0.40841418504714968,0.4820976257324219,0.25,0.38885068893432619,0.388577401638031,0.24999994039535523,0.41127005219459536,0.25,0.12862415611743928,0.25],"bodySizes":[2.0,2.0,2.0],"springs":[],"dumpers":[],"name":297,"generation":9,"distance":72.61312103271485,"reward":-102.41682434082031},{"angles":[8.979896545410157,-17.411712646484376,-80.9736328125,55.501426696777347,-35.64777374267578,-56.247108459472659,30.313278198242189,-83.68438720703125,-20.526809692382814,-84.90518188476563,15.636428833007813,74.93441772460938,-37.79521179199219,-9.126731872558594,1.5257186889648438,-48.708984375,35.71211624145508,58.638427734375,-2.5398025512695314,88.56658935546875,-20.22254753112793,-4.366758346557617,4.875946044921875,4.665809631347656,-46.972816467285159,-27.171884536743165,41.39516830444336,7.262763977050781,-70.81510925292969,-41.12329864501953,-10.909996032714844,44.55030822753906,-4.175743103027344,-53.579254150390628,47.49358367919922,25.804380416870118,-33.38726806640625,23.948795318603517,68.02976989746094,57.023193359375,23.952138900756837,-46.27244186401367,-11.389223098754883,-14.004142761230469,-24.461929321289064,4.722526550292969,29.311115264892579,-24.21051025390625,-54.67666244506836,-38.772674560546878,59.133384704589847,64.60252380371094,-44.49359130859375,8.946830749511719,15.507232666015625,23.638885498046876,31.95088768005371,73.887451171875,-18.10870933532715,-64.8016357421875,-46.70751953125,89.34173583984375,35.6195068359375,-12.809738159179688,44.3026237487793,42.50337219238281,2.537445068359375,-20.568199157714845,71.49111938476563,33.54010009765625,-7.5903167724609379,-50.30339050292969,-33.93518829345703,-15.308082580566407,-76.52554321289063,-80.08821105957031,48.033241271972659,43.05494689941406,0.469482421875,-38.83003234863281],"legSizes":[0.24999994039535523,0.24999994039535523,0.25,0.25,0.25,0.25,0.15186935663223267,0.24999994039535523,0.42742642760276797,0.43184715509414675,0.25,0.3476312756538391,0.18941965699195863,0.13477344810962678,0.25,0.4582482874393463,0.25,0.25,0.24999994039535523,0.24999994039535523,0.4588426649570465,0.32832270860671999,0.25,0.2618994116783142],"bodySizes":[2.0,2.0,2.0],"springs":[],"dumpers":[],"name":297,"generation":9,"distance":72.61312103271485,"reward":-105.93367004394531}]}