{"geneDatas":[{"angles":[-21.566856384277345,30.066389083862306,-5.310394287109375,-56.36346435546875,-50.10984802246094,44.548561096191409,6.833002090454102,45.07086944580078,48.91167449951172,-2.5819244384765627,23.184539794921876,28.559001922607423,-50.80957794189453,-46.4337158203125,-18.555742263793947,5.396484375,-0.7339019775390625,59.233245849609378,31.61159896850586,-9.472267150878907,-50.535850524902347,-57.98356628417969,-39.87366485595703,-50.79334259033203,-44.32908630371094,-23.984907150268556,31.439594268798829,-40.533714294433597,34.69745635986328,-41.47624969482422,-58.80267333984375,-59.56764221191406,30.86311149597168,56.963584899902347,-18.4886531829834,49.97865295410156,53.376502990722659,9.46501350402832,-18.899337768554689,40.40199279785156,-42.241546630859378,-15.391624450683594,47.95158767700195,-41.32684326171875,-55.368804931640628,26.831298828125,-18.744558334350587,-53.109413146972659,33.665184020996097,-52.778160095214847,-9.52227783203125,41.890926361083987,-36.065269470214847,-20.991775512695314,23.136388778686525,-26.466384887695314,37.52516174316406,-53.80171203613281,50.020851135253909,-41.95325469970703,-34.786216735839847,-51.580596923828128,56.5440673828125,54.33992004394531,38.50310516357422,51.562599182128909,-6.04393196105957,25.306934356689454,58.24745178222656,-36.307281494140628,-12.177665710449219,46.43919372558594,6.649396896362305,9.584648132324219,49.90174865722656,19.87261962890625,-48.34858703613281,-53.69322204589844,-41.01220703125,-28.002382278442384],"legSizes":[0.21414801478385926,0.24443453550338746,0.2832533121109009,0.19495701789855958,0.20263835787773133,0.45997557044029238,0.29020947217941286,0.1763700544834137,0.15703287720680238,0.2653256058692932,0.24376876652240754,0.4527340531349182,0.3405596911907196,0.21287234127521516,0.44560402631759646,0.4000150263309479,0.4488563537597656,0.2704625427722931,0.3633098602294922,0.2497459203004837,0.12358369678258896,0.11154327541589737,0.2952072322368622,0.3166281580924988],"bodySizes":[2.0034401416778566,2.0656356811523439,1.9331246614456177],"springs":[],"dumpers":[],"name":16868,"generation":483,"distance":25.438100814819337,"reward":-6.849233627319336},{"angles":[15.685598373413086,30.066389083862306,-24.347869873046876,-56.36346435546875,-50.10984802246094,44.548561096191409,6.833002090454102,-31.472068786621095,48.91167449951172,-2.5819244384765627,23.184539794921876,-14.601236343383789,-50.80957794189453,14.501443862915039,-18.555742263793947,5.396484375,-0.7339019775390625,59.233245849609378,51.575592041015628,56.050086975097659,-34.07734680175781,-49.277732849121097,-39.87366485595703,-50.79334259033203,-44.32908630371094,-23.984907150268556,31.439594268798829,36.488399505615237,34.69745635986328,-41.47624969482422,-21.070581436157228,-18.980018615722658,30.86311149597168,56.963584899902347,-20.02653694152832,49.97865295410156,53.376502990722659,29.0074520111084,-18.899337768554689,40.40199279785156,-42.241546630859378,-15.391624450683594,47.95158767700195,-41.32684326171875,2.6671676635742189,7.2364349365234379,-7.292352676391602,-16.475637435913087,33.665184020996097,11.058860778808594,46.182701110839847,-0.9257774353027344,-3.0287437438964845,2.1352462768554689,-40.994178771972659,42.79991912841797,-31.951576232910158,-45.879478454589847,-9.894826889038086,42.57952880859375,-24.70538330078125,-0.7644424438476563,-20.946958541870118,0.15195465087890626,38.40403747558594,-52.782958984375,50.59172821044922,25.306934356689454,-24.126699447631837,39.79424285888672,-40.52655029296875,-11.89739990234375,-47.889793395996097,-57.96568298339844,7.713996887207031,56.0567626953125,4.83135986328125,43.32966613769531,39.93682098388672,-36.97727966308594],"legSizes":[0.45588788390159609,0.24443453550338746,0.2788691818714142,0.19495701789855958,0.20263835787773133,0.45997557044029238,0.4039231240749359,0.1763700544834137,0.15703287720680238,0.2653256058692932,0.18699908256530763,0.4527340531349182,0.30870431661605837,0.21287234127521516,0.4285675883293152,0.44717544317245486,0.4236704707145691,0.102413609623909,0.3633098602294922,0.1250009536743164,0.19287438690662385,0.3288213908672333,0.2614094018936157,0.2968822717666626],"bodySizes":[2.211068630218506,2.0129566192626955,1.7974356412887574],"springs":[],"dumpers":[],"name":16868,"generation":483,"distance":25.438100814819337,"reward":-60.47322082519531},{"angles":[15.685598373413086,30.066389083862306,-24.347869873046876,-56.36346435546875,-50.10984802246094,44.548561096191409,6.833002090454102,45.07086944580078,48.91167449951172,-2.5819244384765627,23.184539794921876,-14.601236343383789,-50.80957794189453,-46.4337158203125,-18.555742263793947,5.396484375,-0.7339019775390625,59.233245849609378,-7.076047897338867,-9.472267150878907,-34.07734680175781,-57.98356628417969,-39.87366485595703,-50.79334259033203,-44.32908630371094,-23.984907150268556,31.439594268798829,-40.533714294433597,34.69745635986328,-41.47624969482422,-39.57429504394531,-59.56764221191406,30.86311149597168,56.963584899902347,-20.02653694152832,49.97865295410156,53.376502990722659,10.044960021972657,-18.899337768554689,40.40199279785156,2.8396568298339845,-5.447166442871094,47.95158767700195,-52.770477294921878,30.097457885742189,26.831298828125,-18.744558334350587,-53.109413146972659,33.665184020996097,-52.778160095214847,33.804073333740237,10.013442993164063,-47.124725341796878,-47.769744873046878,0.10017013549804688,-26.466384887695314,-31.951576232910158,-53.80171203613281,-45.58317565917969,-41.95325469970703,26.87285614013672,-51.580596923828128,38.083248138427737,54.33992004394531,38.50310516357422,32.55802536010742,-6.04393196105957,25.306934356689454,58.24745178222656,54.87157440185547,-12.177665710449219,36.29615020751953,6.649396896362305,9.584648132324219,49.90174865722656,-8.09637451171875,-33.27320861816406,-53.69322204589844,54.43511199951172,47.46263885498047],"legSizes":[0.45588788390159609,0.24443453550338746,0.2832533121109009,0.19495701789855958,0.20263835787773133,0.45997557044029238,0.4039231240749359,0.1763700544834137,0.15703287720680238,0.2653256058692932,0.24376876652240754,0.4527340531349182,0.3405596911907196,0.21287234127521516,0.44560402631759646,0.38898468017578127,0.4488563537597656,0.2704625427722931,0.3633098602294922,0.2497459203004837,0.12358369678258896,0.3871437609195709,0.37453943490982058,0.3166281580924988],"bodySizes":[1.938646912574768,1.998831033706665,2.0645015239715578],"springs":[],"dumpers":[],"name":16868,"generation":483,"distance":25.438100814819337,"reward":-61.93605041503906}]}