{"geneDatas":[{"angles":[-38.55345916748047,-54.75116729736328,6.968330383300781,-37.1173095703125,27.831144332885743,-51.76929473876953,-57.08970642089844,21.958621978759767,35.174957275390628,-84.90518188476563,-23.199913024902345,0.5636138916015625,-40.52197265625,-39.78125,-22.512754440307618,7.700836181640625,-39.22511291503906,58.638427734375,46.400657653808597,-5.631013870239258,-35.14586639404297,38.29951477050781,-0.4090766906738281,-25.59514617919922,-46.972816467285159,-47.90522766113281,43.003074645996097,59.42437744140625,-70.81510925292969,-8.53584098815918,-10.909996032714844,39.75298309326172,47.06256866455078,29.4819393157959,57.23445129394531,27.27228355407715,-23.638206481933595,39.037841796875,-59.63135528564453,-5.884931564331055,40.354087829589847,-15.014596939086914,50.489959716796878,34.218421936035159,-33.935882568359378,-47.64031219482422,30.234542846679689,-0.2946357727050781,47.842369079589847,49.571197509765628,34.59291076660156,36.20857620239258,-11.98095703125,45.134422302246097,-43.796722412109378,1.3691062927246094,-41.7091064453125,-58.61598205566406,47.933284759521487,-5.126916885375977,-53.255653381347659,13.10905647277832,29.96877098083496,-9.650838851928711,57.50299835205078,14.491630554199219,38.366477966308597,15.923177719116211,-58.89244079589844,19.389936447143556,-54.58287048339844,-43.9853515625,-13.209737777709961,-17.783239364624025,18.468902587890626,-31.86962127685547,-42.93926239013672,-43.212135314941409,9.939599990844727,-16.477294921875],"legSizes":[0.4157373905181885,0.1354716420173645,0.4521767497062683,0.2578585743904114,0.21044224500656129,0.20334357023239137,0.388563334941864,0.22182825207710267,0.1465851366519928,0.21633455157279969,0.22385567426681519,0.27145177125930788,0.22383064031600953,0.36106210947036745,0.23876269161701203,0.2763507664203644,0.11465711891651154,0.4612329602241516,0.3170117139816284,0.1716199815273285,0.34856483340263369,0.45940452814102175,0.21423490345478059,0.17510028183460236],"bodySizes":[2.0734734535217287,1.945521354675293,1.983149766921997],"springs":[],"dumpers":[],"name":2844,"generation":80,"distance":36.04813003540039,"reward":-36.04813003540039},{"angles":[9.836347579956055,-54.75116729736328,-57.24409484863281,-37.1173095703125,22.787687301635743,-51.76929473876953,-57.08970642089844,4.148475646972656,57.79890060424805,-84.90518188476563,43.80392074584961,28.990028381347658,-57.50164031982422,-39.78125,-22.512754440307618,7.700836181640625,-21.952865600585939,58.638427734375,48.532676696777347,-5.631013870239258,0.7448616027832031,38.29951477050781,-58.91521453857422,17.445127487182618,-52.687286376953128,-47.4769287109375,-17.912742614746095,31.64984893798828,-9.047506332397461,-44.99980163574219,-5.648969650268555,-5.246177673339844,47.06256866455078,24.571666717529298,-49.17176818847656,-22.931182861328126,52.309226989746097,39.037841796875,-59.63135528564453,-5.884931564331055,-39.861915588378909,-22.4638729095459,50.489959716796878,-37.969635009765628,-33.935882568359378,-47.64031219482422,-26.89598274230957,-0.2946357727050781,-33.69312286376953,49.571197509765628,19.308828353881837,36.20857620239258,-11.98095703125,1.6492996215820313,-10.635787963867188,1.3691062927246094,-27.42394256591797,-45.54771423339844,47.933284759521487,15.561286926269532,-53.255653381347659,49.439537048339847,29.96877098083496,-14.272590637207032,57.50299835205078,51.646202087402347,38.366477966308597,20.73046875,58.9207763671875,-4.036867141723633,-50.25116729736328,36.783958435058597,10.368612289428711,51.46522521972656,44.282470703125,48.983070373535159,-32.225318908691409,-45.452415466308597,-47.60784912109375,21.459074020385743],"legSizes":[0.4157373905181885,0.1354716420173645,0.3841501772403717,0.3900991976261139,0.3701396882534027,0.14251074194908143,0.388563334941864,0.22182825207710267,0.497750461101532,0.21633455157279969,0.22385567426681519,0.27145177125930788,0.21845419704914094,0.36106210947036745,0.23876269161701203,0.18432855606079102,0.11465711891651154,0.3887085020542145,0.27220985293388369,0.1716199815273285,0.4806031584739685,0.3393552899360657,0.4612129330635071,0.2447572499513626],"bodySizes":[2.0542430877685549,1.9540739059448243,1.9929534196853638],"springs":[],"dumpers":[],"name":2844,"generation":80,"distance":36.04813003540039,"reward":-41.567161560058597},{"angles":[9.836347579956055,-54.75116729736328,-57.24409484863281,-37.1173095703125,58.051597595214847,53.068626403808597,-57.08970642089844,21.958621978759767,57.79890060424805,-84.90518188476563,43.80392074584961,3.5478477478027345,-15.921028137207032,-39.78125,-22.512754440307618,7.700836181640625,-21.952865600585939,58.638427734375,48.532676696777347,-5.631013870239258,0.7448616027832031,38.29951477050781,-58.91521453857422,4.665809631347656,-52.687286376953128,-49.38624572753906,43.003074645996097,-28.005701065063478,-70.81510925292969,-8.53584098815918,-10.909996032714844,39.75298309326172,47.06256866455078,29.4819393157959,57.23445129394531,-22.172561645507814,-23.638206481933595,39.037841796875,-59.63135528564453,-5.884931564331055,40.354087829589847,-15.014596939086914,50.489959716796878,34.218421936035159,-33.935882568359378,-47.64031219482422,30.234542846679689,-0.2946357727050781,47.842369079589847,49.571197509765628,34.59291076660156,36.20857620239258,-11.98095703125,45.134422302246097,42.48023986816406,-35.576393127441409,-41.7091064453125,-58.61598205566406,47.933284759521487,-5.126916885375977,-53.255653381347659,-56.993492126464847,29.96877098083496,-14.272590637207032,57.50299835205078,-10.914222717285157,38.366477966308597,57.724525451660159,58.9207763671875,-4.036867141723633,-50.25116729736328,36.783958435058597,10.368612289428711,-15.017990112304688,-23.69488525390625,48.983070373535159,53.138511657714847,-45.452415466308597,-53.27875518798828,-59.14421081542969],"legSizes":[0.3441165089607239,0.1354716420173645,0.3841501772403717,0.3165202736854553,0.3701396882534027,0.20334357023239137,0.24692055583000184,0.22182825207710267,0.2606761157512665,0.21633455157279969,0.3896133005619049,0.49907612800598147,0.29761311411857607,0.35426998138427737,0.49326953291893008,0.37505874037742617,0.45511308312416079,0.3940705358982086,0.2186070680618286,0.1716199815273285,0.45630064606666567,0.3393552899360657,0.2654035687446594,0.29352453351020815],"bodySizes":[2.0137808322906496,1.7765283584594727,2.2361743450164797],"springs":[],"dumpers":[],"name":2844,"generation":80,"distance":36.04813003540039,"reward":-46.54414367675781}]}