{"geneDatas":[{"angles":[7.104669570922852,-4.1691741943359379,58.455047607421878,58.41767883300781,23.088523864746095,24.994281768798829,-7.461141586303711,-29.143014907836915,25.271728515625,-30.01270294189453,2.208332061767578,51.359840393066409,-54.972023010253909,26.87378692626953,-49.98316955566406,32.6998176574707,49.54749298095703,58.638427734375,-21.18047332763672,46.064727783203128,-45.74346923828125,55.95637512207031,18.880733489990236,-27.58692169189453,41.96025085449219,31.51812744140625,-52.326507568359378,-30.291093826293947,-44.55683898925781,-57.02692413330078,-50.26915740966797,58.056175231933597,15.285314559936524,-18.101600646972658,-23.564437866210939,-42.28034210205078,-23.638206481933595,6.281639099121094,55.479766845703128,-5.884931564331055,-49.490264892578128,-25.337369918823243,-8.738859176635743,-7.542564392089844,-33.935882568359378,-41.23040008544922,41.34874725341797,51.842193603515628,25.82642364501953,53.928611755371097,-36.96759033203125,9.418195724487305,-53.705078125,-51.89856719970703,10.859779357910157,-22.659379959106447,-50.948822021484378,-40.67414855957031,57.31627655029297,42.85285949707031,-53.255653381347659,-23.607152938842775,32.05949401855469,13.405715942382813,57.50299835205078,-57.18504333496094,-39.240386962890628,-55.71520233154297,29.29103660583496,-6.670354843139648,-19.120981216430665,38.894405364990237,22.69991111755371,-54.26396179199219,-0.3134193420410156,-14.770683288574219,58.773223876953128,3.2133636474609377,-40.87858581542969,-10.796506881713868],"legSizes":[0.49883827567100527,0.45015209913253786,0.4008163511753082,0.22044380009174348,0.32193514704704287,0.1605011522769928,0.33967798948287966,0.22182825207710267,0.3876405656337738,0.11911311000585556,0.4495714604854584,0.17288288474082948,0.18457016348838807,0.40764570236206057,0.49793320894241335,0.36373037099838259,0.14398247003555299,0.2125268280506134,0.45589327812194826,0.11899538338184357,0.4330054223537445,0.4607000946998596,0.47404927015304568,0.34287402033805849],"bodySizes":[1.865777850151062,2.1315720081329347,2.0115461349487306],"springs":[],"dumpers":[],"name":5884,"generation":171,"distance":39.78337097167969,"reward":-39.78337097167969},{"angles":[44.97739791870117,-13.978721618652344,44.715667724609378,15.663755416870118,23.620634078979493,57.033851623535159,-6.1362152099609379,10.390584945678711,28.077505111694337,-6.139778137207031,6.99592399597168,-57.70497131347656,49.97650909423828,21.205501556396486,-39.63728332519531,32.6998176574707,-59.92552947998047,-48.92973327636719,-25.006362915039064,-20.375656127929689,-45.74346923828125,49.923606872558597,14.614828109741211,36.328468322753909,20.288928985595704,31.037147521972658,59.53186798095703,-28.005701065063478,12.655755996704102,-57.02692413330078,-10.909996032714844,58.056175231933597,15.285314559936524,-34.07643127441406,-45.105857849121097,-22.172561645507814,-37.023094177246097,-16.08061408996582,2.4621047973632814,-16.96537208557129,-49.490264892578128,-57.3172607421875,35.24561309814453,-7.542564392089844,-33.935882568359378,8.526557922363282,-40.960121154785159,-21.32970428466797,55.003196716308597,53.928611755371097,-36.96759033203125,9.418195724487305,-53.705078125,18.6009521484375,51.84519958496094,43.654258728027347,-27.07073402404785,-40.67414855957031,57.31627655029297,42.85285949707031,40.143653869628909,24.936275482177736,-48.82232666015625,-6.055562973022461,-35.2674560546875,17.087902069091798,-17.95960807800293,-55.71520233154297,29.29103660583496,-6.670354843139648,-19.120981216430665,34.729427337646487,22.69991111755371,-54.26396179199219,-0.3134193420410156,-14.770683288574219,58.773223876953128,3.2133636474609377,-22.6671199798584,-10.796506881713868],"legSizes":[0.38501763343811037,0.4148852229118347,0.4092559218406677,0.2280980348587036,0.16955432295799256,0.1605011522769928,0.33967798948287966,0.11756258457899094,0.35360485315322878,0.41585883498191836,0.4495714604854584,0.17288288474082948,0.28726726770401,0.40764570236206057,0.49793320894241335,0.2697690725326538,0.3042033314704895,0.20947487652301789,0.3468812108039856,0.11899538338184357,0.4330054223537445,0.4607000946998596,0.47404927015304568,0.34287402033805849],"bodySizes":[1.879826307296753,2.1476216316223146,1.981593132019043],"springs":[],"dumpers":[],"name":5884,"generation":171,"distance":39.78337097167969,"reward":-43.883487701416019},{"angles":[-1.4653663635253907,-13.978721618652344,-39.98564147949219,15.663755416870118,23.620634078979493,57.033851623535159,-6.1362152099609379,10.390584945678711,28.077505111694337,-6.139778137207031,6.99592399597168,-57.70497131347656,49.97650909423828,21.205501556396486,-39.63728332519531,32.6998176574707,49.54749298095703,-48.92973327636719,-25.006362915039064,-20.375656127929689,-45.74346923828125,-58.83856964111328,14.614828109741211,36.328468322753909,20.288928985595704,31.037147521972658,59.53186798095703,-28.005701065063478,12.655755996704102,-57.02692413330078,-10.909996032714844,58.056175231933597,15.285314559936524,-34.07643127441406,-26.1595401763916,-22.172561645507814,-15.32421875,-16.08061408996582,37.812164306640628,-5.884931564331055,-49.490264892578128,-25.337369918823243,-4.886018753051758,-7.542564392089844,-49.73613739013672,8.526557922363282,41.34874725341797,51.842193603515628,58.33740234375,53.928611755371097,-36.96759033203125,9.418195724487305,-53.705078125,-51.89856719970703,-22.416091918945314,43.654258728027347,-50.948822021484378,-40.67414855957031,57.31627655029297,42.85285949707031,-53.255653381347659,-29.606773376464845,32.05949401855469,13.405715942382813,57.50299835205078,15.943090438842774,-27.161802291870118,-2.15093994140625,29.29103660583496,7.210227966308594,-19.120981216430665,34.729427337646487,22.69991111755371,-54.26396179199219,-0.3134193420410156,-14.770683288574219,58.773223876953128,3.2133636474609377,-40.87858581542969,-10.796506881713868],"legSizes":[0.38501763343811037,0.4148852229118347,0.4092559218406677,0.2280980348587036,0.16955432295799256,0.1605011522769928,0.33967798948287966,0.11756258457899094,0.35360485315322878,0.41585883498191836,0.4495714604854584,0.17288288474082948,0.18457016348838807,0.40764570236206057,0.49793320894241335,0.2697690725326538,0.3410549759864807,0.3300158679485321,0.3468812108039856,0.11899538338184357,0.4330054223537445,0.26240378618240359,0.44422420859336855,0.3712063729763031],"bodySizes":[1.9164434671401978,2.189455270767212,1.906592845916748],"springs":[],"dumpers":[],"name":5884,"generation":171,"distance":39.78337097167969,"reward":-46.46019744873047}]}