{"geneDatas":[{"angles":[-51.731903076171878,-45.409912109375,33.58061218261719,-28.06409454345703,57.224464416503909,-39.40711212158203,-59.856422424316409,10.551416397094727,42.77520751953125,39.624908447265628,34.44559860229492,29.612272262573243,-51.340728759765628,-36.15809631347656,12.184030532836914,16.628934860229493,46.394920349121097,35.77378845214844,56.51521301269531,-1.0009918212890626,-0.893218994140625,19.425827026367189,-50.97584533691406,-29.93682098388672,-57.3719482421875,-23.16608238220215,-4.03693962097168,48.402587890625,55.73954772949219,21.063291549682618,-30.996681213378908,-50.065643310546878,44.85075378417969,-0.12341690063476563,48.664710998535159,16.79866600036621,43.38908386230469,21.686994552612306,41.685516357421878,53.51277160644531,-1.9070510864257813,13.550941467285157,-37.38055419921875,-14.206245422363282,-49.151145935058597,-11.462837219238282,-34.87303924560547,41.939292907714847,33.665184020996097,-49.793670654296878,21.501445770263673,29.238449096679689,-57.23822784423828,-51.89856719970703,-19.56456756591797,28.817609786987306,-51.93763732910156,-0.4080162048339844,-17.543397903442384,32.503265380859378,42.36939239501953,-48.511932373046878,-53.778717041015628,13.814254760742188,49.37135314941406,-2.4499282836914064,7.162221908569336,-23.09575653076172,29.29103660583496,-20.191919326782228,23.563323974609376,44.15016174316406,47.99683380126953,49.50312042236328,-33.83143615722656,-1.2909431457519532,48.15397644042969,-37.97205352783203,54.43511199951172,11.029321670532227],"legSizes":[0.3217903971672058,0.4417323172092438,0.49882420897483828,0.46298640966415408,0.3658576011657715,0.14484071731567384,0.333745539188385,0.15244752168655396,0.1685074269771576,0.33956024050712588,0.4158998131752014,0.4392484724521637,0.4203599989414215,0.44570761919021609,0.24514134228229524,0.27110081911087038,0.11384320259094238,0.12182765454053879,0.46068137884140017,0.3243449032306671,0.4621042311191559,0.1167910099029541,0.24264605343341828,0.18507224321365357],"bodySizes":[1.8123630285263062,1.8034915924072266,2.447544813156128],"springs":[],"dumpers":[],"name":10313,"generation":295,"distance":73.99259185791016,"reward":-73.99259185791016},{"angles":[-25.864599227905275,-45.409912109375,-39.98564147949219,44.2705078125,-56.60481262207031,33.72297668457031,-47.330543518066409,10.551416397094727,42.77520751953125,-56.51587677001953,34.44559860229492,26.289764404296876,-57.58477020263672,14.767478942871094,12.184030532836914,16.628934860229493,0.7059516906738281,-21.435205459594728,56.51521301269531,-1.0009918212890626,-0.893218994140625,32.32233428955078,14.614828109741211,-29.93682098388672,-33.824317932128909,19.67586898803711,13.234785079956055,55.395599365234378,55.73954772949219,-13.230491638183594,12.665153503417969,-50.065643310546878,57.414764404296878,51.38024139404297,58.0489501953125,-45.09400939941406,3.20538330078125,49.62256622314453,39.69566345214844,25.978515625,-49.490264892578128,13.550941467285157,-37.38055419921875,7.099607467651367,22.254135131835939,-44.90880584716797,-34.87303924560547,-59.324256896972659,-11.681221008300782,-11.690305709838868,21.501445770263673,29.238449096679689,-57.23822784423828,-50.40486145019531,-58.50066375732422,14.114763259887696,-45.36827087402344,29.078662872314454,57.31627655029297,-21.918960571289064,20.066396713256837,28.562091827392579,-53.778717041015628,28.94705581665039,18.93914031982422,-36.245643615722659,-48.21766662597656,2.1845855712890627,-30.203290939331056,-44.276214599609378,32.80329895019531,-14.39495849609375,32.610809326171878,-36.6639404296875,22.4378719329834,51.808448791503909,48.15397644042969,9.574522018432618,24.39984703063965,-50.08892822265625],"legSizes":[0.15138673782348634,0.39507126808166506,0.39716729521751406,0.49531999230384829,0.3658576011657715,0.14484071731567384,0.33369529247283938,0.15244752168655396,0.1685074269771576,0.1166953593492508,0.20871159434318543,0.25589901208877566,0.4203599989414215,0.44570761919021609,0.22351014614105225,0.1709938645362854,0.3289821445941925,0.12182765454053879,0.24417707324028016,0.1944316327571869,0.4621042311191559,0.2796594798564911,0.24264605343341828,0.3623507618904114],"bodySizes":[1.9873013496398926,1.787554144859314,2.25199294090271],"springs":[],"dumpers":[],"name":10313,"generation":295,"distance":73.99259185791016,"reward":-93.03620147705078},{"angles":[-25.864599227905275,-45.409912109375,-39.98564147949219,2.9306106567382814,57.224464416503909,33.72297668457031,-47.330543518066409,-25.91083335876465,3.913799285888672,-56.51587677001953,34.44559860229492,29.612272262573243,-57.58477020263672,14.767478942871094,12.184030532836914,16.628934860229493,0.7059516906738281,-21.435205459594728,56.51521301269531,-1.0009918212890626,-7.825721740722656,22.69623565673828,14.614828109741211,-29.93682098388672,-57.3719482421875,19.67586898803711,13.234785079956055,-9.199226379394532,55.73954772949219,16.252111434936525,12.665153503417969,-50.065643310546878,57.414764404296878,51.38024139404297,48.664710998535159,16.79866600036621,43.38908386230469,21.686994552612306,41.685516357421878,53.51277160644531,-1.9070510864257813,13.550941467285157,-37.38055419921875,-14.206245422363282,13.037246704101563,-11.462837219238282,-8.415321350097657,41.939292907714847,33.665184020996097,-49.793670654296878,21.501445770263673,29.238449096679689,-57.23822784423828,-51.89856719970703,-19.56456756591797,28.817609786987306,-51.93763732910156,-0.4080162048339844,-17.543397903442384,32.503265380859378,42.36939239501953,-48.511932373046878,-53.778717041015628,13.814254760742188,49.37135314941406,-2.4499282836914064,7.162221908569336,-23.09575653076172,29.29103660583496,-20.191919326782228,23.563323974609376,44.15016174316406,47.99683380126953,49.50312042236328,-33.83143615722656,-1.2909431457519532,48.15397644042969,-37.97205352783203,54.43511199951172,11.029321670532227],"legSizes":[0.4769746661186218,0.39507126808166506,0.39716729521751406,0.49531999230384829,0.3658576011657715,0.1979418396949768,0.33369529247283938,0.15244752168655396,0.1685074269771576,0.33956024050712588,0.4158998131752014,0.4392484724521637,0.4203599989414215,0.44570761919021609,0.24514134228229524,0.22968867421150208,0.3289821445941925,0.12182765454053879,0.24417707324028016,0.1944316327571869,0.4621042311191559,0.1167910099029541,0.24264605343341828,0.18507224321365357],"bodySizes":[2.199761390686035,1.5677310228347779,2.319758892059326],"springs":[],"dumpers":[],"name":10313,"generation":295,"distance":73.99259185791016,"reward":-93.2503662109375}]}