{"geneDatas":[{"angles":[24.52269744873047,-6.660654067993164,11.37047004699707,-48.847747802734378,-31.634201049804689,-11.352705001831055,-37.57128143310547,-17.226898193359376,18.808406829833986,-46.33794403076172,0.7808303833007813,-51.28057861328125,-37.79521179199219,-49.328269958496097,-44.05445861816406,47.28156280517578,33.794944763183597,58.638427734375,-14.185760498046875,88.56658935546875,-22.738487243652345,42.831329345703128,11.789268493652344,50.15802001953125,22.921972274780275,-30.895301818847658,19.852581024169923,7.262763977050781,-70.81510925292969,-24.671323776245118,-10.909996032714844,44.55030822753906,47.06256866455078,29.4819393157959,55.35939025878906,59.57648468017578,44.343650817871097,50.61564636230469,8.427122116088868,-47.24275207519531,36.68781280517578,21.727249145507814,51.28492736816406,-27.165246963500978,-23.606903076171876,13.408790588378907,-0.6483879089355469,-36.935516357421878,57.358360290527347,-47.73783874511719,38.96229553222656,48.026588439941409,4.784324645996094,1.6492996215820313,-36.22254943847656,1.3691062927246094,-41.809059143066409,-58.61598205566406,47.933284759521487,21.426128387451173,-53.255653381347659,-6.884370803833008,29.96877098083496,1.6477546691894532,52.45233154296875,51.646202087402347,-17.45476531982422,-24.002099990844728,-52.00636291503906,-4.036867141723633,-6.611059188842773,56.59416961669922,18.191940307617189,-15.017990112304688,44.282470703125,-80.08821105957031,42.876373291015628,-74.95600891113281,-35.135032653808597,-15.224126815795899],"legSizes":[0.4157373905181885,0.421731561422348,0.10279784351587296,0.3900991976261139,0.3701396882534027,0.20334357023239137,0.3274933099746704,0.22182825207710267,0.3768990635871887,0.24165642261505128,0.22385567426681519,0.32801419496536257,0.39570683240890505,0.45048198103904726,0.19886264204978944,0.3363916277885437,0.32735660672187807,0.2077261209487915,0.41579070687294009,0.19841217994689942,0.22761400043964387,0.293430358171463,0.41451793909072878,0.44521206617355349],"bodySizes":[2.3954451084136965,1.7584198713302613,1.8992459774017335],"springs":[],"dumpers":[],"name":1413,"generation":39,"distance":56.42301559448242,"reward":-56.42301559448242},{"angles":[-54.647457122802737,-31.51923370361328,10.405603408813477,-29.892501831054689,-37.989990234375,-29.529312133789064,38.77519989013672,-59.78068542480469,-52.64585876464844,-35.994773864746097,15.636428833007813,18.755661010742189,1.4787406921386719,-9.126731872558594,11.575935363769532,9.252799987792969,-32.73741149902344,58.638427734375,2.4035110473632814,28.57530975341797,5.975252151489258,14.588836669921875,-48.504364013671878,47.82379913330078,-46.972816467285159,-8.590827941894532,-33.23164367675781,20.605815887451173,-17.27366065979004,-56.42439270019531,-10.909996032714844,44.55030822753906,47.06256866455078,-30.34752655029297,18.250507354736329,11.359207153320313,-56.98602294921875,34.415916442871097,-47.06593322753906,-47.24275207519531,22.303916931152345,11.624252319335938,-0.6838760375976563,23.00830078125,40.380332946777347,37.602195739746097,-33.49867248535156,-32.47831726074219,-34.355262756347659,49.571197509765628,13.273508071899414,6.842256546020508,35.10417938232422,-39.338951110839847,4.582649230957031,1.3691062927246094,-41.809059143066409,27.559301376342775,-49.920562744140628,-19.226682662963868,-53.255653381347659,-6.884370803833008,29.96877098083496,-49.85419464111328,-0.06290817260742188,47.992271423339847,45.79061508178711,-20.568199157714845,71.49111938476563,-4.746946334838867,-4.047739028930664,-36.74462127685547,59.720008850097659,26.99758529663086,-8.5106201171875,-34.86402893066406,-53.627769470214847,49.14985656738281,-11.000455856323243,6.641286849975586],"legSizes":[0.4157373905181885,0.30792468786239626,0.24302098155021668,0.2065146267414093,0.3701396882534027,0.1441224217414856,0.3274933099746704,0.13397450745105744,0.17882949113845826,0.380244642496109,0.25,0.3712027966976166,0.39570683240890505,0.31942594051361086,0.43451160192489626,0.4820976257324219,0.3857920169830322,0.43469858169555666,0.39631590247154238,0.19841217994689942,0.3736947476863861,0.3478839099407196,0.1260022222995758,0.1308959424495697],"bodySizes":[2.1577181816101076,1.9138398170471192,1.937267780303955],"springs":[],"dumpers":[],"name":1413,"generation":39,"distance":56.42301559448242,"reward":-76.60564422607422},{"angles":[-54.647457122802737,-6.660654067993164,11.37047004699707,-48.847747802734378,-31.634201049804689,-29.529312133789064,28.867549896240236,-17.226898193359376,18.808406829833986,-35.994773864746097,15.636428833007813,-48.120887756347659,-33.63916015625,-57.129493713378909,3.8295860290527345,9.252799987792969,59.901222229003909,58.638427734375,23.7093505859375,88.56658935546875,5.975252151489258,14.588836669921875,-48.504364013671878,4.665809631347656,-46.972816467285159,-49.38624572753906,19.852581024169923,8.435462951660157,-70.81510925292969,-2.3192672729492189,-10.909996032714844,44.55030822753906,47.06256866455078,56.49390411376953,55.35939025878906,-22.931182861328126,-8.313383102416993,4.4385986328125,-35.906394958496097,57.023193359375,23.952138900756837,-46.27244186401367,11.840293884277344,38.15216827392578,-25.132776260375978,-11.086715698242188,-4.363554000854492,-0.2946357727050781,40.96006393432617,-39.77891540527344,59.133384704589847,64.60252380371094,-24.230539321899415,49.495582580566409,-14.667572021484375,-43.52332305908203,-32.08637237548828,45.529632568359378,-71.88227844238281,-64.8016357421875,29.85919189453125,10.410055160522461,58.70209884643555,-30.688661575317384,44.3026237487793,51.646202087402347,19.07259178161621,-20.432687759399415,71.49111938476563,48.369483947753909,-7.5903167724609379,-50.30339050292969,-33.93518829345703,36.21904754638672,-32.522850036621097,17.627059936523439,-31.364763259887697,44.83457565307617,46.5645637512207,-59.14421081542969],"legSizes":[0.38092508912086489,0.421731561422348,0.46446818113327029,0.3900991976261139,0.3701396882534027,0.25198596715927126,0.3274933099746704,0.13397450745105744,0.3768990635871887,0.25,0.22385567426681519,0.3822855055332184,0.2988343834877014,0.40691787004470827,0.1129734069108963,0.2979939579963684,0.18309155106544496,0.43469858169555666,0.4214245676994324,0.19841217994689942,0.4203196167945862,0.3044036626815796,0.25,0.25],"bodySizes":[2.4214351177215578,1.8176429271697999,1.8176429271697999],"springs":[],"dumpers":[],"name":1413,"generation":39,"distance":56.42301559448242,"reward":-81.4228286743164}]}