{"geneDatas":[{"angles":[40.839744567871097,-17.58207893371582,-0.8443946838378906,56.27153015136719,27.93585777282715,42.47687530517578,10.611127853393555,-23.658079147338868,42.77520751953125,-21.10857582092285,31.133220672607423,29.612272262573243,-23.214262008666993,-36.15809631347656,21.157522201538087,-28.41777801513672,6.261627197265625,48.14756774902344,8.729516983032227,42.76142120361328,48.3955192565918,53.4895133972168,-30.623031616210939,32.5604133605957,-57.3719482421875,-23.16608238220215,51.99168395996094,-34.79457092285156,55.73954772949219,21.063291549682618,-20.160491943359376,27.161720275878908,44.85075378417969,33.540016174316409,54.384071350097659,16.79866600036621,53.376502990722659,9.46501350402832,-37.013824462890628,43.34197998046875,5.255561828613281,53.599822998046878,38.591224670410159,-46.02265930175781,24.742124557495118,7.093770980834961,-42.44068908691406,-27.412857055664064,33.665184020996097,-49.91703796386719,-40.63818359375,12.068086624145508,-20.977584838867189,51.27546691894531,-19.56456756591797,27.790916442871095,-31.951576232910158,-53.80171203613281,-9.894826889038086,37.90489196777344,42.36939239501953,-51.580596923828128,-11.118057250976563,44.937400817871097,49.37135314941406,32.55802536010742,15.857877731323243,-53.90516662597656,3.2409744262695314,-46.37162780761719,44.09286880493164,-25.19111442565918,-28.50542449951172,49.50312042236328,48.48293685913086,-12.213043212890625,3.827484130859375,-37.87461853027344,54.43511199951172,-9.23530387878418],"legSizes":[0.45588788390159609,0.4661244750022888,0.23444607853889466,0.34495311975479128,0.12091388553380966,0.46579018235206606,0.4373009204864502,0.2600853741168976,0.11498232185840607,0.24805200099945069,0.37661656737327578,0.27310559153556826,0.3020867705345154,0.2450152188539505,0.21427634358406068,0.13766321539878846,0.3289821445941925,0.3354281187057495,0.46416330337524416,0.11899538338184357,0.17020173370838166,0.11141443252563477,0.24597938358783723,0.4116373658180237],"bodySizes":[1.9761395454406739,1.833441138267517,2.2080321311950685],"springs":[],"dumpers":[],"name":14293,"generation":407,"distance":48.81224822998047,"reward":-48.81224822998047},{"angles":[40.839744567871097,-17.58207893371582,-0.8443946838378906,39.98518371582031,27.93585777282715,42.47687530517578,10.611127853393555,32.20758056640625,-4.067880630493164,-21.10857582092285,21.39522933959961,29.612272262573243,-23.214262008666993,-36.15809631347656,22.076696395874025,-28.41777801513672,6.261627197265625,48.14756774902344,8.729516983032227,42.76142120361328,48.3955192565918,53.4895133972168,-30.623031616210939,32.5604133605957,-57.3719482421875,-23.16608238220215,51.99168395996094,-34.79457092285156,55.73954772949219,21.063291549682618,-43.86737823486328,27.161720275878908,44.85075378417969,33.540016174316409,48.664710998535159,54.56858825683594,53.376502990722659,9.46501350402832,-37.013824462890628,40.40199279785156,-18.006757736206056,13.550941467285157,47.95158767700195,-46.02265930175781,-54.654991149902347,7.093770980834961,-42.44068908691406,-27.412857055664064,33.665184020996097,-49.91703796386719,-40.63818359375,12.068086624145508,-20.977584838867189,51.27546691894531,-19.56456756591797,59.72904968261719,-31.951576232910158,-53.80171203613281,-9.894826889038086,22.054967880249025,42.36939239501953,-51.580596923828128,-11.118057250976563,31.31639862060547,49.37135314941406,32.55802536010742,15.857877731323243,-53.90516662597656,58.24745178222656,-46.37162780761719,44.09286880493164,-25.19111442565918,-28.50542449951172,49.50312042236328,5.469881057739258,-12.213043212890625,-33.27320861816406,54.22810363769531,54.43511199951172,-9.23530387878418],"legSizes":[0.45588788390159609,0.4661244750022888,0.23444607853889466,0.34495311975479128,0.18669858574867249,0.4515581727027893,0.43464016914367678,0.2600853741168976,0.11498232185840607,0.24805200099945069,0.37661656737327578,0.27310559153556826,0.33405664563179018,0.21363723278045655,0.4999081492424011,0.13766321539878846,0.2578650712966919,0.3354281187057495,0.18573522567749024,0.11899538338184357,0.17020173370838166,0.11141443252563477,0.2643459439277649,0.4116373658180237],"bodySizes":[1.9760217666625977,1.833272933959961,2.2083663940429689],"springs":[],"dumpers":[],"name":14293,"generation":407,"distance":48.81224822998047,"reward":-57.80215072631836},{"angles":[40.839744567871097,-17.58207893371582,-0.8443946838378906,10.994073867797852,27.93585777282715,42.47687530517578,10.611127853393555,32.20758056640625,-4.067880630493164,-21.10857582092285,21.39522933959961,29.612272262573243,-23.214262008666993,-36.721771240234378,22.076696395874025,-28.41777801513672,6.261627197265625,48.14756774902344,8.729516983032227,42.76142120361328,48.3955192565918,53.4895133972168,-30.623031616210939,16.21065330505371,-57.3719482421875,-23.16608238220215,51.99168395996094,-34.79457092285156,55.73954772949219,21.063291549682618,-43.86737823486328,27.161720275878908,44.85075378417969,33.540016174316409,48.664710998535159,54.56858825683594,53.376502990722659,9.46501350402832,-37.013824462890628,-2.4836769104003908,-18.006757736206056,-25.88404083251953,47.95158767700195,-46.02265930175781,-54.654991149902347,7.093770980834961,-42.44068908691406,-27.412857055664064,33.665184020996097,-49.91703796386719,-40.63818359375,12.068086624145508,-20.977584838867189,51.27546691894531,-19.56456756591797,59.72904968261719,-31.951576232910158,-53.80171203613281,-9.894826889038086,22.054967880249025,42.36939239501953,-51.580596923828128,-11.118057250976563,31.31639862060547,49.37135314941406,32.55802536010742,15.857877731323243,-53.90516662597656,58.24745178222656,-49.19810485839844,44.09286880493164,-25.19111442565918,-28.50542449951172,49.50312042236328,48.48293685913086,-12.213043212890625,-12.613168716430664,54.22810363769531,54.43511199951172,-9.23530387878418],"legSizes":[0.45588788390159609,0.4661244750022888,0.23444607853889466,0.34495311975479128,0.18669858574867249,0.4515581727027893,0.22857025265693665,0.2600853741168976,0.11498232185840607,0.24805200099945069,0.37661656737327578,0.28568416833877566,0.17917948961257935,0.21363723278045655,0.4999081492424011,0.13766321539878846,0.3289821445941925,0.3354281187057495,0.18573522567749024,0.11899538338184357,0.36042076349258425,0.11141443252563477,0.2643459439277649,0.4116373658180237],"bodySizes":[1.9759682416915894,1.8332977294921876,2.2083961963653566],"springs":[],"dumpers":[],"name":14293,"generation":407,"distance":48.81224822998047,"reward":-64.7784194946289}]}