{"geneDatas":[{"angles":[40.839744567871097,-17.58207893371582,-0.8443946838378906,10.994073867797852,-38.28466796875,51.01336669921875,10.611127853393555,-4.188257217407227,-4.067880630493164,-53.976356506347659,21.39522933959961,10.742691040039063,-21.95067596435547,-43.316734313964847,22.076696395874025,-28.41777801513672,6.261627197265625,48.14756774902344,8.729516983032227,42.76142120361328,48.3955192565918,53.4895133972168,29.66362762451172,16.21065330505371,-57.3719482421875,-23.16608238220215,-28.60125160217285,-55.28141784667969,55.73954772949219,10.989252090454102,-43.86737823486328,27.161720275878908,15.3236083984375,33.540016174316409,48.664710998535159,14.090744018554688,53.376502990722659,9.46501350402832,-7.245790481567383,40.40199279785156,5.255561828613281,53.599822998046878,47.95158767700195,30.9901123046875,-20.617525100708009,-52.65586853027344,-42.44068908691406,54.302490234375,33.665184020996097,-49.91703796386719,-40.63818359375,12.068086624145508,13.405115127563477,-1.381195068359375,19.34889793395996,59.72904968261719,-31.951576232910158,-53.80171203613281,48.60078430175781,-4.42436408996582,42.36939239501953,35.18109893798828,-58.49036407470703,-57.76411437988281,49.37135314941406,32.55802536010742,15.857877731323243,-53.90516662597656,3.2409744262695314,-46.37162780761719,44.09286880493164,-43.99156188964844,-28.50542449951172,49.50312042236328,34.94520568847656,-54.56111145019531,-39.51228332519531,3.5051612854003908,54.43511199951172,-9.23530387878418],"legSizes":[0.45588788390159609,0.15788036584854127,0.3333072066307068,0.27770131826400759,0.2618445158004761,0.14375562965869904,0.3611050546169281,0.2600853741168976,0.11498232185840607,0.24805200099945069,0.37661656737327578,0.2419034242630005,0.3020867705345154,0.2450152188539505,0.4999081492424011,0.26046136021614077,0.2945050001144409,0.3354281187057495,0.18573522567749024,0.11899538338184357,0.17020173370838166,0.31063133478164675,0.2600495517253876,0.4116373658180237],"bodySizes":[1.6498993635177613,2.006763458251953,2.4162187576293947],"springs":[],"dumpers":[],"name":14758,"generation":421,"distance":42.078956604003909,"reward":-42.078956604003909},{"angles":[40.839744567871097,-17.58207893371582,-0.8443946838378906,10.994073867797852,27.93585777282715,51.01336669921875,10.611127853393555,-4.188257217407227,-4.067880630493164,-53.976356506347659,21.39522933959961,10.742691040039063,-21.95067596435547,-43.316734313964847,22.076696395874025,-28.41777801513672,6.261627197265625,48.14756774902344,8.729516983032227,42.76142120361328,48.3955192565918,53.4895133972168,29.66362762451172,16.21065330505371,-57.3719482421875,-23.16608238220215,-28.60125160217285,-55.28141784667969,55.73954772949219,10.989252090454102,-43.86737823486328,27.161720275878908,15.3236083984375,33.540016174316409,48.664710998535159,20.096111297607423,53.376502990722659,9.46501350402832,-7.245790481567383,40.40199279785156,5.255561828613281,53.599822998046878,47.95158767700195,30.9901123046875,-20.617525100708009,-52.65586853027344,-42.44068908691406,-27.412857055664064,33.665184020996097,-49.91703796386719,-40.63818359375,12.068086624145508,13.405115127563477,-1.381195068359375,19.34889793395996,59.72904968261719,-31.951576232910158,-53.80171203613281,48.60078430175781,-4.42436408996582,42.36939239501953,35.18109893798828,-58.49036407470703,2.699382781982422,49.37135314941406,32.55802536010742,15.857877731323243,-53.90516662597656,3.2409744262695314,-46.37162780761719,44.09286880493164,-43.99156188964844,-28.50542449951172,49.50312042236328,34.94520568847656,-54.56111145019531,-39.51228332519531,3.5051612854003908,54.43511199951172,-9.23530387878418],"legSizes":[0.45588788390159609,0.2487604320049286,0.3333072066307068,0.27770131826400759,0.2618445158004761,0.14375562965869904,0.44456082582473757,0.2600853741168976,0.11498232185840607,0.24805200099945069,0.37661656737327578,0.27310559153556826,0.3020867705345154,0.2450152188539505,0.4999081492424011,0.26046136021614077,0.2945050001144409,0.3354281187057495,0.18573522567749024,0.11899538338184357,0.304533451795578,0.11141443252563477,0.24597938358783723,0.4116373658180237],"bodySizes":[1.5076768398284913,2.0514423847198488,2.5865588188171388],"springs":[],"dumpers":[],"name":14758,"generation":421,"distance":42.078956604003909,"reward":-58.50613021850586},{"angles":[15.685598373413086,-24.08002281188965,-19.71733283996582,-9.594778060913086,-56.66078186035156,-32.82501983642578,-38.223106384277347,18.180456161499025,42.77520751953125,-21.10857582092285,31.133220672607423,29.612272262573243,-23.214262008666993,-36.15809631347656,21.157522201538087,-28.41777801513672,6.261627197265625,48.14756774902344,8.729516983032227,42.76142120361328,48.3955192565918,53.4895133972168,-30.623031616210939,32.5604133605957,-57.3719482421875,-23.16608238220215,31.375289916992189,-34.79457092285156,49.57283020019531,21.063291549682618,-43.86737823486328,27.161720275878908,44.85075378417969,33.540016174316409,48.664710998535159,54.56858825683594,53.376502990722659,9.46501350402832,-37.013824462890628,40.40199279785156,-18.006757736206056,13.550941467285157,47.95158767700195,-46.02265930175781,-54.654991149902347,7.093770980834961,-42.44068908691406,25.4368953704834,33.665184020996097,22.084150314331056,0.5317420959472656,47.74659729003906,-20.977584838867189,51.27546691894531,-19.56456756591797,59.72904968261719,-31.951576232910158,-53.80171203613281,-9.894826889038086,22.054967880249025,55.850440979003909,-51.580596923828128,-11.118057250976563,31.31639862060547,-21.98585319519043,32.55802536010742,15.857877731323243,25.306934356689454,58.24745178222656,-46.37162780761719,44.09286880493164,-11.89739990234375,-28.50542449951172,49.50312042236328,5.469881057739258,-12.213043212890625,-33.27320861816406,54.22810363769531,54.43511199951172,-9.23530387878418],"legSizes":[0.45588788390159609,0.4661244750022888,0.48211178183555605,0.1799888163805008,0.22605225443840028,0.2055281400680542,0.22857025265693665,0.2600853741168976,0.39504843950271609,0.24805200099945069,0.37661656737327578,0.27310559153556826,0.3020867705345154,0.2450152188539505,0.4999081492424011,0.13766321539878846,0.3289821445941925,0.3354281187057495,0.12943491339683534,0.23571151494979859,0.17020173370838166,0.11141443252563477,0.2643459439277649,0.4116373658180237],"bodySizes":[1.976178765296936,1.8332487344741822,2.2082204818725588],"springs":[],"dumpers":[],"name":14758,"generation":421,"distance":42.078956604003909,"reward":-69.23419952392578}]}