{"geneDatas":[{"angles":[7.104669570922852,-13.978721618652344,-39.98564147949219,15.663755416870118,-20.399215698242189,57.033851623535159,-17.178346633911134,-18.27899742126465,25.271728515625,-11.613527297973633,6.99592399597168,51.359840393066409,-5.685432434082031,25.583465576171876,-39.63728332519531,32.6998176574707,-49.011451721191409,58.638427734375,5.755455017089844,-20.375656127929689,-45.74346923828125,29.897560119628908,14.614828109741211,18.080718994140626,41.96025085449219,-21.31568717956543,59.53186798095703,-28.005701065063478,12.655755996704102,-57.02692413330078,-10.909996032714844,58.056175231933597,15.285314559936524,-14.21293830871582,-41.78679656982422,-22.172561645507814,-23.638206481933595,32.81904983520508,37.812164306640628,-5.884931564331055,-49.490264892578128,-25.337369918823243,-4.886018753051758,-7.542564392089844,-33.935882568359378,8.526557922363282,41.34874725341797,51.842193603515628,58.33740234375,-6.234334945678711,-36.96759033203125,51.20014953613281,-52.270416259765628,-51.89856719970703,-29.25910186767578,-54.357933044433597,-50.948822021484378,-58.61598205566406,46.6209831237793,18.059690475463868,-53.255653381347659,2.0396461486816408,47.04465866088867,27.483816146850587,-16.700441360473634,17.087902069091798,-0.7591781616210938,46.34642791748047,29.29103660583496,-46.87066650390625,57.45118713378906,2.5628814697265627,41.463348388671878,-54.26396179199219,-45.401458740234378,37.62444305419922,-21.21503448486328,-50.771484375,11.968254089355469,57.39344787597656],"legSizes":[0.38501763343811037,0.388850599527359,0.10550694912672043,0.4490429759025574,0.24312341213226319,0.1605011522769928,0.33967798948287966,0.22182825207710267,0.26420074701309206,0.11891885101795197,0.16132479906082154,0.17288288474082948,0.18457016348838807,0.40764570236206057,0.49793320894241335,0.2697690725326538,0.44522538781166079,0.3300158679485321,0.30505478382110598,0.11899538338184357,0.4543561041355133,0.4417811930179596,0.3058099150657654,0.3833230137825012],"bodySizes":[1.8483755588531495,2.220587968826294,1.9490894079208375],"springs":[],"dumpers":[],"name":5377,"generation":153,"distance":47.645530700683597,"reward":-47.645530700683597},{"angles":[7.104669570922852,10.894180297851563,6.565483093261719,-25.879776000976564,-20.399215698242189,-58.360260009765628,-16.62921714782715,-18.27899742126465,25.271728515625,-51.79132080078125,55.60679626464844,51.359840393066409,-5.685432434082031,-16.867483139038087,-8.579742431640625,32.6998176574707,51.88603973388672,-0.29914093017578127,5.755455017089844,-20.375656127929689,-46.955352783203128,29.897560119628908,9.541891098022461,40.35590362548828,41.96025085449219,38.06822967529297,23.043149948120118,-28.005701065063478,10.699775695800782,31.325725555419923,-10.909996032714844,58.056175231933597,-38.49748229980469,29.4819393157959,-58.5474853515625,-36.50456237792969,-23.638206481933595,32.81904983520508,35.093448638916019,-9.506126403808594,-49.490264892578128,-25.337369918823243,-4.886018753051758,34.218421936035159,-33.935882568359378,8.526557922363282,-25.303865432739259,-7.3556976318359379,58.33740234375,57.287750244140628,42.43351745605469,36.20857620239258,55.717079162597659,24.435880661010743,-29.25910186767578,-27.4423828125,-50.948822021484378,-58.61598205566406,11.391958236694336,40.36238098144531,-53.255653381347659,-19.829328536987306,29.96877098083496,-5.633073806762695,35.490760803222659,17.087902069091798,-53.46363830566406,-16.27739715576172,29.29103660583496,-50.103607177734378,-37.548377990722659,55.36036682128906,32.317298889160159,9.554021835327149,44.221343994140628,-49.95403289794922,-8.793474197387696,-8.214963912963868,-38.1944580078125,3.4007492065429689],"legSizes":[0.38501763343811037,0.388850599527359,0.4778231084346771,0.4490429759025574,0.36988964676856997,0.1605011522769928,0.33967798948287966,0.22182825207710267,0.26420074701309206,0.11891885101795197,0.46568256616592409,0.15271325409412385,0.2201794981956482,0.46369171142578127,0.49793320894241335,0.24895060062408448,0.44522538781166079,0.1357955038547516,0.4514455795288086,0.11899538338184357,0.4330054223537445,0.4599074423313141,0.21423490345478059,0.44287973642349245],"bodySizes":[2.412771224975586,1.5537735223770142,2.1339590549468996],"springs":[],"dumpers":[],"name":5377,"generation":153,"distance":47.645530700683597,"reward":-59.34872055053711},{"angles":[7.104669570922852,41.57288360595703,26.152565002441408,15.663755416870118,-20.399215698242189,57.033851623535159,-17.178346633911134,-18.27899742126465,25.271728515625,-51.79132080078125,-29.23890495300293,51.359840393066409,-56.27947998046875,-16.867483139038087,-34.40607452392578,32.6998176574707,51.88603973388672,58.638427734375,5.755455017089844,37.70635223388672,-45.74346923828125,29.897560119628908,49.626747131347659,-47.12510681152344,41.96025085449219,38.06822967529297,23.043149948120118,-28.005701065063478,10.699775695800782,31.325725555419923,-10.909996032714844,58.056175231933597,2.8719444274902345,29.4819393157959,-23.564437866210939,-22.172561645507814,-23.638206481933595,32.81904983520508,35.093448638916019,-5.884931564331055,-49.490264892578128,-25.337369918823243,-4.886018753051758,34.218421936035159,-33.935882568359378,8.526557922363282,41.34874725341797,52.83135223388672,58.33740234375,-29.25365447998047,27.54579734802246,26.58515167236328,-52.270416259765628,-51.89856719970703,-29.25910186767578,-27.4423828125,-50.948822021484378,-58.61598205566406,-9.403129577636719,14.990793228149414,-53.171669006347659,-29.606773376464845,32.05949401855469,13.405715942382813,57.50299835205078,-57.18504333496094,-58.87983703613281,46.34642791748047,29.29103660583496,-3.3294944763183595,-19.120981216430665,2.5628814697265627,10.745536804199219,-54.26396179199219,21.774587631225587,18.560583114624025,58.773223876953128,-50.38750457763672,-40.87858581542969,30.017208099365236],"legSizes":[0.18686062097549439,0.29062896966934206,0.3169568181037903,0.4976053237915039,0.21925705671310426,0.27357882261276247,0.35902732610702517,0.22182825207710267,0.3013738989830017,0.11891885101795197,0.29352572560310366,0.17728400230407716,0.31622883677482607,0.46369171142578127,0.49793320894241335,0.11293511837720871,0.44522538781166079,0.1357955038547516,0.41783857345581057,0.11899538338184357,0.4330054223537445,0.26240378618240359,0.31567901372909548,0.24520009756088258],"bodySizes":[2.2283449172973635,1.963767170906067,1.828174114227295],"springs":[],"dumpers":[],"name":5377,"generation":153,"distance":47.645530700683597,"reward":-65.69976043701172}]}