{"geneDatas":[{"angles":[40.839744567871097,-17.58207893371582,-0.8443946838378906,39.98518371582031,27.93585777282715,-5.945627212524414,38.03038787841797,-0.8308639526367188,42.77520751953125,-21.10857582092285,-7.467306137084961,-35.102020263671878,-16.070945739746095,-44.20653533935547,21.157522201538087,-28.41777801513672,-2.3902626037597658,6.665788650512695,8.729516983032227,10.433515548706055,-0.893218994140625,26.980276107788087,-43.816810607910159,-29.93682098388672,-57.3719482421875,-23.16608238220215,51.99168395996094,-34.79457092285156,55.73954772949219,21.063291549682618,31.69476890563965,28.599742889404298,44.85075378417969,33.540016174316409,48.664710998535159,16.79866600036621,53.376502990722659,15.105098724365235,-37.013824462890628,40.40199279785156,5.255561828613281,13.550941467285157,47.95158767700195,-46.02265930175781,7.416879653930664,7.093770980834961,-42.44068908691406,57.729881286621097,33.665184020996097,-49.91703796386719,-19.696563720703126,12.068086624145508,-20.977584838867189,53.87340545654297,-19.56456756591797,-10.483739852905274,-31.951576232910158,-53.80171203613281,3.7735519409179689,32.503265380859378,42.36939239501953,-51.580596923828128,-11.118057250976563,31.31639862060547,49.37135314941406,32.55802536010742,-14.157249450683594,-53.90516662597656,3.2409744262695314,32.31944274902344,44.09286880493164,-29.39899444580078,-28.50542449951172,49.50312042236328,36.887451171875,-12.213043212890625,22.51308822631836,54.22810363769531,54.43511199951172,-9.23530387878418],"legSizes":[0.45588788390159609,0.4661244750022888,0.23444607853889466,0.34495311975479128,0.37997788190841677,0.4515581727027893,0.2850659191608429,0.19707265496253968,0.11498232185840607,0.12323369830846787,0.37661656737327578,0.34204012155532839,0.3020867705345154,0.2450152188539505,0.4999081492424011,0.35893893241882326,0.38230031728744509,0.3354281187057495,0.18573522567749024,0.11899538338184357,0.17020173370838166,0.11141443252563477,0.24597938358783723,0.24035537242889405],"bodySizes":[1.9763038158416749,1.8333648443222047,2.2079403400421144],"springs":[],"dumpers":[],"name":13802,"generation":393,"distance":34.994117736816409,"reward":-34.994117736816409},{"angles":[25.76418113708496,-45.72991943359375,-0.8443946838378906,-39.219215393066409,36.03162384033203,-5.945627212524414,10.611127853393555,32.20758056640625,42.77520751953125,-43.39972686767578,34.44559860229492,29.612272262573243,-17.77977752685547,-36.15809631347656,21.157522201538087,-1.9175949096679688,-2.3902626037597658,-5.985868453979492,8.729516983032227,42.76142120361328,-0.893218994140625,26.980276107788087,-43.816810607910159,-29.93682098388672,-50.913490295410159,-23.16608238220215,51.99168395996094,4.2790679931640629,-34.34473419189453,21.063291549682618,31.69476890563965,-34.73334503173828,44.85075378417969,-1.6326484680175782,48.664710998535159,-13.394113540649414,53.376502990722659,15.105098724365235,-32.350990295410159,-58.94927215576172,5.255561828613281,13.550941467285157,47.95158767700195,-46.02265930175781,15.40785026550293,7.093770980834961,-42.44068908691406,57.729881286621097,33.665184020996097,37.644927978515628,-19.696563720703126,12.068086624145508,-37.23814392089844,53.87340545654297,12.516510009765625,-35.13459014892578,-31.951576232910158,-53.80171203613281,-9.894826889038086,22.054967880249025,42.36939239501953,-51.580596923828128,-11.118057250976563,31.31639862060547,49.37135314941406,32.55802536010742,14.135719299316407,46.03173828125,3.2409744262695314,-46.37162780761719,44.09286880493164,-25.19111442565918,-4.968132019042969,56.38252258300781,48.48293685913086,-12.213043212890625,22.51308822631836,31.40618896484375,-52.749420166015628,-9.23530387878418],"legSizes":[0.45588788390159609,0.12198086082935333,0.48211178183555605,0.34495311975479128,0.18669858574867249,0.4515581727027893,0.22857025265693665,0.19707265496253968,0.11498232185840607,0.12323369830846787,0.37661656737327578,0.27310559153556826,0.3020867705345154,0.2450152188539505,0.4999081492424011,0.35893893241882326,0.13415856659412385,0.3354281187057495,0.18573522567749024,0.20576471090316773,0.17020173370838166,0.30167800188064577,0.4640744626522064,0.4116373658180237],"bodySizes":[1.9754122495651246,1.8334921598434449,2.2087836265563967],"springs":[],"dumpers":[],"name":13802,"generation":393,"distance":34.994117736816409,"reward":-54.82818603515625},{"angles":[40.839744567871097,-17.58207893371582,-0.8443946838378906,39.98518371582031,27.93585777282715,-5.945627212524414,10.611127853393555,32.20758056640625,42.77520751953125,-21.10857582092285,36.678611755371097,29.612272262573243,-16.070945739746095,-36.15809631347656,21.157522201538087,-28.41777801513672,-2.3902626037597658,-5.985868453979492,8.729516983032227,42.76142120361328,-0.893218994140625,26.980276107788087,-43.816810607910159,-29.93682098388672,-57.3719482421875,-23.16608238220215,51.99168395996094,-34.79457092285156,55.73954772949219,21.063291549682618,31.69476890563965,28.599742889404298,44.85075378417969,33.540016174316409,48.664710998535159,16.79866600036621,53.376502990722659,15.105098724365235,-37.013824462890628,40.40199279785156,5.255561828613281,13.550941467285157,47.95158767700195,-46.02265930175781,24.742124557495118,7.093770980834961,-42.44068908691406,57.729881286621097,33.665184020996097,-49.91703796386719,-19.696563720703126,12.068086624145508,-20.977584838867189,53.87340545654297,-19.56456756591797,-10.483739852905274,-31.951576232910158,-53.80171203613281,3.7735519409179689,32.503265380859378,42.36939239501953,-51.580596923828128,-11.118057250976563,31.31639862060547,49.37135314941406,32.55802536010742,-14.157249450683594,-53.90516662597656,3.2409744262695314,32.31944274902344,44.09286880493164,38.24592590332031,-28.50542449951172,49.50312042236328,4.3912200927734379,-12.213043212890625,22.51308822631836,54.22810363769531,54.43511199951172,-9.23530387878418],"legSizes":[0.45588788390159609,0.4661244750022888,0.23444607853889466,0.34495311975479128,0.37997788190841677,0.4515581727027893,0.2850659191608429,0.19707265496253968,0.11498232185840607,0.12323369830846787,0.37661656737327578,0.27310559153556826,0.3020867705345154,0.2450152188539505,0.4999081492424011,0.35893893241882326,0.38230031728744509,0.3354281187057495,0.18573522567749024,0.11899538338184357,0.17020173370838166,0.11141443252563477,0.24597938358783723,0.24035537242889405],"bodySizes":[1.9763038158416749,1.8333648443222047,2.2079403400421144],"springs":[],"dumpers":[],"name":13802,"generation":393,"distance":34.994117736816409,"reward":-63.92959213256836}]}