{"geneDatas":[{"angles":[4.17034912109375,5.566314697265625,-53.553428649902347,57.42140197753906,0.6340675354003906,33.72297668457031,-54.055809020996097,12.438591003417969,53.83845520019531,-26.66539764404297,-13.641279220581055,29.612272262573243,-37.55156707763672,-18.327333450317384,12.184030532836914,55.672645568847659,49.54749298095703,-47.467742919921878,56.51521301269531,-1.0009918212890626,-0.893218994140625,12.490144729614258,14.614828109741211,-29.93682098388672,-57.3719482421875,19.67586898803711,13.234785079956055,55.395599365234378,55.73954772949219,21.063291549682618,12.665153503417969,-50.065643310546878,57.414764404296878,51.38024139404297,48.664710998535159,57.83802795410156,43.38908386230469,-39.71155548095703,39.69566345214844,26.68268394470215,-49.490264892578128,-8.404304504394532,15.352546691894532,-7.542564392089844,-49.151145935058597,49.23475646972656,29.355266571044923,-44.692222595214847,33.665184020996097,49.3082275390625,-20.745826721191408,54.77838897705078,-3.682971954345703,-51.89856719970703,-19.56456756591797,0.5025444030761719,-51.93763732910156,29.078662872314454,57.31627655029297,-21.918960571289064,48.5054817199707,-48.511932373046878,-53.778717041015628,-15.67420768737793,56.37608337402344,7.055791854858398,51.22489929199219,33.72359085083008,29.29103660583496,-20.191919326782228,-16.684507369995118,2.1445579528808595,32.610809326171878,28.286773681640626,21.00770378112793,-46.876556396484378,48.15397644042969,-35.199440002441409,24.39984703063965,-50.08892822265625],"legSizes":[0.43430957198143008,0.3249867260456085,0.16503234207630158,0.21768853068351746,0.3658576011657715,0.14484071731567384,0.33369529247283938,0.15244752168655396,0.2766944169998169,0.25309622287750246,0.15105128288269044,0.413169801235199,0.3187989890575409,0.44570761919021609,0.19638505578041078,0.27110081911087038,0.3650742173194885,0.28952062129974368,0.2965058982372284,0.11899538338184357,0.4621042311191559,0.11930542439222336,0.24264605343341828,0.3903059959411621],"bodySizes":[1.77057945728302,2.0717358589172365,2.180922269821167],"springs":[],"dumpers":[],"name":9601,"generation":273,"distance":34.915771484375,"reward":-34.915771484375},{"angles":[46.33512496948242,42.83818054199219,38.274017333984378,59.95953369140625,-16.3408260345459,33.72297668457031,-24.837905883789064,12.438591003417969,15.400983810424805,-26.66539764404297,-13.641279220581055,29.612272262573243,-37.55156707763672,-18.327333450317384,12.184030532836914,55.672645568847659,49.54749298095703,-47.467742919921878,56.51521301269531,-1.0009918212890626,-0.893218994140625,12.490144729614258,14.614828109741211,-29.93682098388672,-57.3719482421875,19.67586898803711,13.234785079956055,55.395599365234378,55.73954772949219,21.063291549682618,12.665153503417969,-50.065643310546878,57.414764404296878,51.38024139404297,48.664710998535159,57.83802795410156,-3.2310447692871095,-51.56938171386719,39.69566345214844,26.68268394470215,-49.490264892578128,-8.404304504394532,15.352546691894532,-7.542564392089844,-49.151145935058597,49.23475646972656,29.355266571044923,-44.692222595214847,33.665184020996097,49.3082275390625,-20.745826721191408,54.77838897705078,-3.682971954345703,-51.89856719970703,-19.56456756591797,0.5025444030761719,-51.93763732910156,29.078662872314454,57.31627655029297,-21.918960571289064,48.5054817199707,-48.511932373046878,-53.778717041015628,-15.67420768737793,56.37608337402344,7.055791854858398,51.22489929199219,-51.06768798828125,29.29103660583496,-20.191919326782228,-16.684507369995118,2.1445579528808595,32.610809326171878,28.286773681640626,21.00770378112793,-46.876556396484378,48.15397644042969,34.75483322143555,24.39984703063965,-50.08892822265625],"legSizes":[0.4769746661186218,0.24362023174762727,0.1746816188097,0.4208233952522278,0.32078850269317629,0.14484071731567384,0.33369529247283938,0.15244752168655396,0.2766944169998169,0.19946356117725373,0.15105128288269044,0.413169801235199,0.4203599989414215,0.44570761919021609,0.19638505578041078,0.27110081911087038,0.3650742173194885,0.28952062129974368,0.2965058982372284,0.11899538338184357,0.4621042311191559,0.11930542439222336,0.24264605343341828,0.23760464787483216],"bodySizes":[1.7907555103302003,2.0600318908691408,2.1686015129089357],"springs":[],"dumpers":[],"name":9601,"generation":273,"distance":34.915771484375,"reward":-35.31661605834961},{"angles":[-23.621557235717775,56.15364074707031,58.100555419921878,-54.37458801269531,-56.4326171875,16.528501510620118,-34.07002258300781,21.276639938354493,40.87113952636719,-25.373291015625,34.44559860229492,29.612272262573243,48.46205139160156,14.767478942871094,12.184030532836914,16.628934860229493,0.7059516906738281,-21.435205459594728,56.51521301269531,-1.0009918212890626,-0.893218994140625,-15.971481323242188,14.614828109741211,-29.93682098388672,-57.3719482421875,19.67586898803711,13.234785079956055,55.395599365234378,55.73954772949219,16.252111434936525,12.665153503417969,-50.065643310546878,57.414764404296878,51.38024139404297,48.664710998535159,57.83802795410156,-3.2310447692871095,49.62256622314453,39.69566345214844,25.978515625,-49.490264892578128,-8.404304504394532,15.352546691894532,-7.542564392089844,-49.151145935058597,49.23475646972656,-34.87303924560547,-59.324256896972659,33.665184020996097,-11.690305709838868,21.501445770263673,29.238449096679689,-27.681419372558595,29.722593307495118,-19.56456756591797,14.114763259887696,-51.93763732910156,29.078662872314454,57.31627655029297,-21.918960571289064,48.5054817199707,-48.511932373046878,-53.778717041015628,-15.67420768737793,56.37608337402344,7.055791854858398,51.22489929199219,-23.09575653076172,29.29103660583496,-20.191919326782228,-16.684507369995118,2.1445579528808595,32.610809326171878,-36.6639404296875,21.00770378112793,51.808448791503909,48.15397644042969,44.503265380859378,24.39984703063965,-50.08892822265625],"legSizes":[0.147242933511734,0.24362023174762727,0.49023690819740298,0.4208233952522278,0.32078850269317629,0.14484071731567384,0.33369529247283938,0.19462719559669496,0.19841653108596803,0.11914558708667755,0.12144503742456436,0.1884469985961914,0.4203599989414215,0.44570761919021609,0.24514134228229524,0.27110081911087038,0.3289821445941925,0.12182765454053879,0.2965058982372284,0.11899538338184357,0.4621042311191559,0.2796594798564911,0.24264605343341828,0.23760464787483216],"bodySizes":[1.7641550302505494,2.045610189437866,2.2168192863464357],"springs":[],"dumpers":[],"name":9601,"generation":273,"distance":34.915771484375,"reward":-46.60297775268555}]}