{"geneDatas":[{"angles":[-2.3367347717285158,-25.43389892578125,42.323524475097659,56.93072509765625,-2.5882034301757814,-24.416261672973634,-17.178346633911134,-0.344146728515625,25.271728515625,-35.37762451171875,24.051145553588868,51.359840393066409,-56.27947998046875,28.797195434570314,-43.23057556152344,-41.687705993652347,16.495840072631837,1.1660614013671876,32.04249572753906,37.70635223388672,-52.57603454589844,38.29951477050781,25.024078369140626,-19.137245178222658,46.58048629760742,-49.38624572753906,27.554182052612306,-12.191970825195313,-58.38108825683594,-57.02692413330078,-10.909996032714844,46.095558166503909,-21.861684799194337,38.689697265625,38.018348693847659,-22.172561645507814,-11.994489669799805,39.037841796875,-47.302940368652347,-5.884931564331055,51.675880432128909,-51.50776672363281,-59.678733825683597,-24.59942626953125,-36.352699279785159,-33.22282409667969,7.289262771606445,0.3899078369140625,-34.81907653808594,45.210052490234378,34.59291076660156,5.96978759765625,5.975440979003906,19.405431747436525,18.728755950927736,-48.207618713378909,-50.948822021484378,-58.61598205566406,47.933284759521487,54.11943817138672,-53.255653381347659,-9.011085510253907,-11.343276977539063,54.36528778076172,31.085012435913087,16.633026123046876,-17.95960807800293,-59.18647003173828,46.05763244628906,-38.14471435546875,-46.68358612060547,38.296653747558597,12.369255065917969,-54.26396179199219,-46.535400390625,39.052791595458987,18.594173431396486,-53.975242614746097,-38.1944580078125,56.033348083496097],"legSizes":[0.10818653553724289,0.23272326588630677,0.15570759773254395,0.10413055866956711,0.2550566494464874,0.4493138790130615,0.4301474690437317,0.22182825207710267,0.14741778373718263,0.21633455157279969,0.17217856645584107,0.47344058752059939,0.18457016348838807,0.40764570236206057,0.45060038566589358,0.2581390142440796,0.37706270813941958,0.14643511176109315,0.38819876313209536,0.1037294864654541,0.24142944812774659,0.26240378618240359,0.23170140385627747,0.21702463924884797],"bodySizes":[2.001220226287842,2.0044755935668947,1.9943172931671143],"springs":[],"dumpers":[],"name":4439,"generation":127,"distance":49.00724792480469,"reward":-49.00724792480469},{"angles":[-2.3367347717285158,30.795162200927736,-53.891685485839847,56.93072509765625,-2.5882034301757814,-24.416261672973634,-17.178346633911134,-18.27899742126465,25.271728515625,-35.37762451171875,24.051145553588868,51.359840393066409,-56.27947998046875,28.797195434570314,-34.40607452392578,-41.687705993652347,16.495840072631837,58.638427734375,32.04249572753906,37.70635223388672,-52.57603454589844,38.29951477050781,25.024078369140626,-19.137245178222658,46.58048629760742,-49.38624572753906,27.554182052612306,-28.005701065063478,-52.4368896484375,-57.02692413330078,-10.909996032714844,41.0291862487793,0.37078094482421877,38.689697265625,38.018348693847659,-22.172561645507814,-23.638206481933595,39.037841796875,-47.302940368652347,-5.884931564331055,51.675880432128909,-25.337369918823243,-59.678733825683597,34.218421936035159,-36.352699279785159,-49.730430603027347,7.289262771606445,0.3899078369140625,-34.81907653808594,45.210052490234378,34.59291076660156,-8.242086410522461,5.975440979003906,19.405431747436525,18.728755950927736,-27.4423828125,-50.948822021484378,-57.191490173339847,47.933284759521487,27.30301284790039,-53.255653381347659,-56.993492126464847,29.96877098083496,-5.633073806762695,35.490760803222659,17.087902069091798,-4.8803253173828129,46.34642791748047,29.29103660583496,-11.43165397644043,-37.548377990722659,56.33445739746094,-9.778711318969727,16.117399215698243,10.449966430664063,38.056541442871097,18.594173431396486,10.668045043945313,-38.1944580078125,56.033348083496097],"legSizes":[0.38501763343811037,0.23272326588630677,0.15570759773254395,0.10413055866956711,0.21925705671310426,0.4493138790130615,0.4301474690437317,0.22182825207710267,0.14741778373718263,0.21389324963092805,0.20659597218036652,0.4523044228553772,0.18457016348838807,0.40764570236206057,0.45060038566589358,0.10732746124267578,0.37706270813941958,0.14643511176109315,0.30505478382110598,0.11899538338184357,0.4330054223537445,0.26240378618240359,0.21423490345478059,0.44287973642349245],"bodySizes":[1.9704896211624146,2.047616720199585,1.9827464818954468],"springs":[],"dumpers":[],"name":4439,"generation":127,"distance":49.00724792480469,"reward":-50.56159591674805},{"angles":[7.104669570922852,30.795162200927736,-53.891685485839847,56.93072509765625,-2.5882034301757814,-24.416261672973634,-17.178346633911134,-18.27899742126465,25.271728515625,-51.79132080078125,-27.378509521484376,51.359840393066409,-56.27947998046875,-16.867483139038087,-34.40607452392578,-41.687705993652347,16.495840072631837,58.638427734375,32.04249572753906,37.70635223388672,-52.57603454589844,38.29951477050781,37.154415130615237,21.494808197021486,46.58048629760742,21.807844161987306,27.554182052612306,3.507007598876953,-52.4368896484375,-57.02692413330078,4.060127258300781,55.364959716796878,10.095054626464844,-35.40727233886719,16.855527877807618,-22.172561645507814,4.624521255493164,56.832244873046878,-47.302940368652347,-5.884931564331055,32.25366973876953,-25.337369918823243,-59.678733825683597,34.218421936035159,-51.25532531738281,-49.730430603027347,7.289262771606445,28.490550994873048,-34.81907653808594,45.210052490234378,34.59291076660156,-8.242086410522461,3.248096466064453,19.405431747436525,22.038528442382814,-8.177083969116211,-50.948822021484378,-57.191490173339847,47.933284759521487,54.923614501953128,-53.255653381347659,-56.993492126464847,29.96877098083496,-5.633073806762695,50.17724609375,17.087902069091798,-36.267242431640628,46.34642791748047,-39.49042510986328,-4.036867141723633,-37.548377990722659,-21.342681884765626,-9.778711318969727,-15.0699462890625,10.449966430664063,58.666351318359378,18.594173431396486,-51.793113708496097,-38.1944580078125,56.033348083496097],"legSizes":[0.38501763343811037,0.388850599527359,0.10550694912672043,0.4976053237915039,0.1976085603237152,0.31547725200653078,0.42770200967788699,0.28627902269363406,0.49523288011550906,0.11891885101795197,0.29352572560310366,0.47344058752059939,0.18457016348838807,0.40764570236206057,0.49793320894241335,0.27084845304489138,0.44522538781166079,0.14643511176109315,0.41783857345581057,0.1037294864654541,0.24142944812774659,0.26240378618240359,0.23170140385627747,0.21702463924884797],"bodySizes":[2.1817407608032228,1.823955774307251,2.0103538036346437],"springs":[],"dumpers":[],"name":4439,"generation":127,"distance":49.00724792480469,"reward":-63.28382110595703}]}