{"geneDatas":[{"angles":[-25.864599227905275,-45.409912109375,-28.55756378173828,-14.341873168945313,-6.493827819824219,0.21332550048828126,-24.837905883789064,39.31498718261719,25.351821899414064,-24.126800537109376,-23.331619262695314,33.02262878417969,17.955533981323243,5.735971450805664,12.184030532836914,53.47222137451172,21.20485496520996,-48.56055450439453,56.75242614746094,11.341690063476563,46.345664978027347,29.897560119628908,14.614828109741211,2.7125701904296877,-34.239593505859378,-45.25404357910156,59.53186798095703,-6.255376815795898,-4.457780838012695,-41.40691375732422,12.665153503417969,22.59070587158203,46.92792892456055,36.53936767578125,48.98822021484375,-22.172561645507814,-3.2310447692871095,47.51499557495117,-46.26496887207031,-5.884931564331055,-49.490264892578128,-25.337369918823243,-24.294540405273439,-38.01026153564453,-47.3583984375,-6.865705490112305,23.003707885742189,-59.66105651855469,5.417510986328125,34.0660400390625,-51.002342224121097,42.19536590576172,8.667190551757813,-51.89856719970703,-17.18035125732422,-43.98255157470703,-4.884759902954102,-10.349143981933594,57.31627655029297,15.5833740234375,-11.44072151184082,31.800983428955079,25.756916046142579,-15.67420768737793,57.50299835205078,33.72221755981445,-9.851852416992188,-11.652153015136719,29.29103660583496,-6.670354843139648,-16.684507369995118,-32.823211669921878,-7.834419250488281,34.306884765625,46.78749465942383,-2.818401336669922,-28.371797561645509,54.897193908691409,24.39984703063965,51.651519775390628],"legSizes":[0.1834063082933426,0.19760996103286744,0.39716729521751406,0.47360095381736758,0.48705369234085085,0.14484071731567384,0.33369529247283938,0.15244752168655396,0.17402896285057069,0.25309622287750246,0.12144503742456436,0.1884469985961914,0.4752260744571686,0.4604718089103699,0.30005958676338198,0.27110081911087038,0.3650742173194885,0.12182765454053879,0.2965058982372284,0.11899538338184357,0.4330054223537445,0.4202516973018646,0.24264605343341828,0.4540136456489563],"bodySizes":[2.0643908977508547,1.9006528854370118,2.0388967990875246],"springs":[],"dumpers":[],"name":8759,"generation":249,"distance":41.33544921875,"reward":-42.8369140625},{"angles":[-16.63484001159668,53.135345458984378,-39.98564147949219,-44.404090881347659,7.145698547363281,33.72297668457031,-24.837905883789064,39.31498718261719,15.400983810424805,13.12646484375,6.99592399597168,29.612272262573243,17.955533981323243,14.767478942871094,12.184030532836914,55.672645568847659,49.54749298095703,-48.56055450439453,50.45628356933594,-20.375656127929689,46.345664978027347,29.897560119628908,14.614828109741211,19.88582420349121,-57.3719482421875,-45.25404357910156,59.53186798095703,37.029788970947269,-40.60298156738281,-57.02692413330078,12.665153503417969,-30.64666175842285,-2.368175506591797,51.38024139404297,18.081592559814454,-22.172561645507814,-3.2310447692871095,47.51499557495117,13.749725341796875,49.326683044433597,-49.490264892578128,-8.404304504394532,37.26670837402344,-39.13359832763672,-47.3583984375,-6.865705490112305,29.355266571044923,-59.66105651855469,44.98865509033203,49.3082275390625,-36.96759033203125,42.19536590576172,11.247489929199219,-51.89856719970703,-19.56456756591797,33.77702331542969,-4.884759902954102,-35.34120178222656,57.31627655029297,15.5833740234375,48.5054817199707,39.22825622558594,-53.778717041015628,-15.67420768737793,57.50299835205078,40.59104919433594,-9.851852416992188,45.57177734375,29.29103660583496,-6.670354843139648,-36.872108459472659,26.4638729095459,-7.834419250488281,-54.26396179199219,-0.3134193420410156,-27.81671905517578,-4.052101135253906,54.897193908691409,24.39984703063965,-31.92120361328125],"legSizes":[0.147242933511734,0.2623104453086853,0.39716729521751406,0.27862435579299929,0.35998138785362246,0.14484071731567384,0.33369529247283938,0.15244752168655396,0.2845277488231659,0.44492268562316897,0.17051954567432404,0.4872991144657135,0.1287924349308014,0.44570761919021609,0.49793320894241335,0.27110081911087038,0.3650742173194885,0.3054833710193634,0.35223159193992617,0.11899538338184357,0.4330054223537445,0.4202516973018646,0.28927814960479739,0.28482916951179507],"bodySizes":[1.960574746131897,2.2428112030029299,1.8193398714065552],"springs":[],"dumpers":[],"name":8759,"generation":249,"distance":41.33544921875,"reward":-57.4820442199707},{"angles":[7.104669570922852,-39.157958984375,-39.98564147949219,-54.37458801269531,30.29273796081543,16.528501510620118,-4.309593200683594,-39.38813018798828,40.87113952636719,13.12646484375,38.03620910644531,33.02262878417969,17.955533981323243,19.640562057495118,12.184030532836914,53.47222137451172,21.20485496520996,-48.56055450439453,26.44178581237793,11.341690063476563,46.345664978027347,29.897560119628908,14.614828109741211,2.7125701904296877,-34.239593505859378,-45.25404357910156,59.53186798095703,-54.603050231933597,-40.60298156738281,-41.40691375732422,12.665153503417969,22.59070587158203,46.92792892456055,51.38024139404297,48.98822021484375,-22.172561645507814,-57.8367919921875,47.51499557495117,-46.26496887207031,-5.884931564331055,-49.490264892578128,-25.337369918823243,-24.294540405273439,-38.01026153564453,-47.3583984375,-6.865705490112305,23.003707885742189,-59.66105651855469,5.417510986328125,34.0660400390625,-36.96759033203125,42.19536590576172,8.667190551757813,-51.89856719970703,-19.56456756591797,-43.98255157470703,-4.884759902954102,-10.349143981933594,57.31627655029297,15.5833740234375,-11.44072151184082,31.800983428955079,26.677236557006837,-15.67420768737793,57.50299835205078,33.72221755981445,-9.851852416992188,-11.652153015136719,-2.9153900146484377,-6.670354843139648,-16.684507369995118,-32.823211669921878,-7.834419250488281,34.306884765625,46.78749465942383,-59.73963165283203,-54.133758544921878,54.897193908691409,24.39984703063965,51.651519775390628],"legSizes":[0.147242933511734,0.2623104453086853,0.39716729521751406,0.27862435579299929,0.35998138785362246,0.14484071731567384,0.33369529247283938,0.15244752168655396,0.15725302696228028,0.25309622287750246,0.12144503742456436,0.1884469985961914,0.347823828458786,0.14084644615650178,0.30005958676338198,0.27110081911087038,0.3650742173194885,0.12182765454053879,0.2965058982372284,0.11899538338184357,0.4330054223537445,0.4202516973018646,0.24264605343341828,0.4540136456489563],"bodySizes":[2.0643908977508547,1.9006528854370118,2.0388967990875246],"springs":[],"dumpers":[],"name":8759,"generation":249,"distance":41.33544921875,"reward":-62.13418960571289}]}