{"geneDatas":[{"angles":[15.685598373413086,59.269996643066409,36.64671325683594,26.798612594604493,-56.66078186035156,-32.82501983642578,-21.242231369018556,18.180456161499025,22.66340446472168,13.14851188659668,41.618385314941409,-51.46955871582031,-50.217979431152347,-21.290639877319337,56.094947814941409,-8.882497787475586,-32.350860595703128,59.233245849609378,8.729516983032227,-9.472267150878907,-26.947982788085939,-57.98356628417969,-22.265562057495118,-50.79334259033203,-44.32908630371094,-23.984907150268556,31.439594268798829,-14.8790283203125,34.69745635986328,-41.47624969482422,-21.070581436157228,-16.86083221435547,30.86311149597168,56.963584899902347,-20.02653694152832,49.97865295410156,53.376502990722659,9.46501350402832,-18.899337768554689,40.40199279785156,7.436004638671875,-59.854820251464847,30.366825103759767,-46.02265930175781,39.371726989746097,-42.42363739013672,-52.63960266113281,25.4368953704834,33.665184020996097,21.834638595581056,56.021018981933597,10.013442993164063,-47.124725341796878,-47.769744873046878,0.10017013549804688,15.703680038452149,-31.951576232910158,-44.86065673828125,18.250577926635743,-41.95325469970703,26.87285614013672,14.679702758789063,-45.831214904785159,54.33992004394531,38.50310516357422,32.55802536010742,-6.04393196105957,25.306934356689454,58.24745178222656,54.87157440185547,-12.177665710449219,-11.89739990234375,6.649396896362305,9.584648132324219,54.57112121582031,-7.419525146484375,5.001861572265625,11.607406616210938,54.43511199951172,47.46263885498047],"legSizes":[0.12588182091712953,0.49022752046585085,0.48212283849716189,0.35969480872154238,0.2848486304283142,0.16930493712425233,0.41119876503944399,0.2600853741168976,0.43222761154174807,0.4262286126613617,0.2653319537639618,0.3544738292694092,0.13419786095619203,0.48004913330078127,0.19708867371082307,0.14096927642822267,0.45088252425193789,0.4612325131893158,0.24997317790985108,0.11899538338184357,0.42626720666885378,0.3871437609195709,0.14635729789733888,0.23661406338214875],"bodySizes":[2.005065679550171,1.8502215147018433,2.1564414501190187],"springs":[],"dumpers":[],"name":15789,"generation":453,"distance":32.05073928833008,"reward":-32.05073928833008},{"angles":[15.685598373413086,-15.077598571777344,-19.71733283996582,7.27056884765625,-56.66078186035156,-29.91536521911621,6.833002090454102,18.180456161499025,-34.095367431640628,57.7354736328125,23.184539794921876,-14.601236343383789,-50.80957794189453,-18.294288635253908,13.904165267944336,5.396484375,-36.85906219482422,2.5712242126464845,47.03765106201172,-28.212942123413087,45.284427642822269,4.29327392578125,-17.68170166015625,-27.00281524658203,-57.3719482421875,-58.13871765136719,31.375289916992189,-34.79457092285156,11.698043823242188,-55.31748962402344,-14.116493225097657,31.696998596191408,22.878067016601564,33.540016174316409,-23.50176429748535,-46.61487579345703,43.74664306640625,9.46501350402832,-36.16503143310547,40.40199279785156,30.835617065429689,-5.447166442871094,47.95158767700195,14.519197463989258,-54.654991149902347,7.093770980834961,-42.44068908691406,-56.07197570800781,33.665184020996097,22.084150314331056,28.45513153076172,47.74659729003906,-20.977584838867189,20.857711791992189,0.10017013549804688,15.703680038452149,-46.76466369628906,-53.80171203613281,-9.894826889038086,42.57952880859375,55.850440979003909,39.42948913574219,10.730903625488282,31.31639862060547,38.50310516357422,49.66217803955078,15.857877731323243,25.306934356689454,37.60308074951172,45.623085021972659,-12.177665710449219,0.3372917175292969,-28.50542449951172,49.50312042236328,5.469881057739258,9.234415054321289,37.04362487792969,-45.26844787597656,30.176536560058595,-9.23530387878418],"legSizes":[0.1631356179714203,0.4661244750022888,0.48212283849716189,0.3753564953804016,0.20263835787773133,0.45997557044029238,0.44456082582473757,0.2833440899848938,0.15703287720680238,0.2653256058692932,0.3938911557197571,0.15902528166770936,0.2310550957918167,0.21287234127521516,0.44560402631759646,0.4000150263309479,0.4650283455848694,0.13734307885169984,0.13553619384765626,0.2497459203004837,0.3331792950630188,0.4282340407371521,0.4653284549713135,0.4116373658180237],"bodySizes":[1.997692346572876,1.8348608016967774,2.1825203895568849],"springs":[],"dumpers":[],"name":15789,"generation":453,"distance":32.05073928833008,"reward":-33.96392059326172},{"angles":[15.685598373413086,59.269996643066409,56.58318328857422,26.798612594604493,-9.983087539672852,-32.82501983642578,-21.242231369018556,18.180456161499025,22.66340446472168,-46.61804962158203,3.745342254638672,-14.601236343383789,-50.80957794189453,-18.294288635253908,16.752187728881837,5.396484375,-36.85906219482422,2.5712242126464845,47.03765106201172,50.54541778564453,45.284427642822269,4.29327392578125,-17.68170166015625,-27.00281524658203,-57.3719482421875,-58.13871765136719,31.375289916992189,-34.79457092285156,11.698043823242188,-55.31748962402344,-43.86737823486328,31.696998596191408,28.236835479736329,33.540016174316409,-28.49176025390625,14.585174560546875,43.74664306640625,45.234344482421878,-36.16503143310547,40.40199279785156,41.27110290527344,-5.447166442871094,47.95158767700195,14.519197463989258,-16.86444854736328,7.093770980834961,-42.44068908691406,-56.07197570800781,33.665184020996097,-52.778160095214847,28.45513153076172,47.74659729003906,-20.977584838867189,20.857711791992189,0.10017013549804688,15.703680038452149,-31.951576232910158,-39.72808074951172,-9.894826889038086,42.57952880859375,55.850440979003909,-0.7644424438476563,-45.831214904785159,8.922248840332032,38.50310516357422,31.361228942871095,-4.738348007202148,25.306934356689454,58.24745178222656,2.4723739624023439,-12.177665710449219,-11.89739990234375,6.649396896362305,9.584648132324219,49.90174865722656,-7.419525146484375,-33.27320861816406,-53.69322204589844,54.43511199951172,47.46263885498047],"legSizes":[0.23343059420585633,0.49022752046585085,0.48212283849716189,0.471707820892334,0.2848486304283142,0.4124114513397217,0.41119876503944399,0.2600853741168976,0.43222761154174807,0.4262286126613617,0.2653319537639618,0.3544738292694092,0.4725190997123718,0.48004913330078127,0.19708867371082307,0.4000150263309479,0.4650283455848694,0.2704625427722931,0.24997317790985108,0.11899538338184357,0.42626720666885378,0.4944966435432434,0.14635729789733888,0.3166281580924988],"bodySizes":[2.138481616973877,1.7915760278701783,2.088089942932129],"springs":[],"dumpers":[],"name":15789,"generation":453,"distance":32.05073928833008,"reward":-35.326683044433597}]}