{"geneDatas":[{"angles":[82.35223388671875,34.546051025390628,-25.051345825195314,55.501426696777347,-55.8448486328125,-6.8695220947265629,52.08251190185547,-8.180816650390625,-38.86377716064453,-84.90518188476563,15.636428833007813,-48.120887756347659,-37.79521179199219,-9.126731872558594,1.5257186889648438,14.605888366699219,59.901222229003909,58.638427734375,-2.5398025512695314,88.56658935546875,-6.944452285766602,-4.366758346557617,4.875946044921875,4.665809631347656,-46.972816467285159,0.0781707763671875,25.761449813842775,7.262763977050781,-70.81510925292969,-31.249122619628908,-10.909996032714844,44.55030822753906,19.07086181640625,-53.579254150390628,-6.845306396484375,-22.931182861328126,-33.38726806640625,-22.389930725097658,68.02976989746094,57.023193359375,-3.6908836364746095,-46.27244186401367,21.552343368530275,34.10076141357422,-24.461929321289064,4.722526550292969,29.311115264892579,-12.728897094726563,40.96006393432617,-38.772674560546878,59.133384704589847,64.60252380371094,-24.230539321899415,22.19269561767578,-34.25291442871094,-76.44218444824219,-32.08637237548828,57.73478698730469,-71.88227844238281,-64.8016357421875,-46.70751953125,89.34173583984375,58.70209884643555,-30.688661575317384,44.3026237487793,51.646202087402347,30.601613998413087,-20.568199157714845,71.49111938476563,33.54010009765625,-7.5903167724609379,-50.30339050292969,-33.93518829345703,-69.84382629394531,-76.52554321289063,-51.372039794921878,-13.638595581054688,-40.82411193847656,81.63539123535156,-43.6756591796875],"legSizes":[0.41333144903182986,0.16776496171951295,0.25,0.26720234751701357,0.11836089938879013,0.39871519804000857,0.379498153924942,0.24999994039535523,0.2784671187400818,0.25,0.25,0.25,0.39570683240890505,0.44555598497390749,0.43086665868759158,0.4820976257324219,0.25,0.38885068893432619,0.388577401638031,0.24999994039535523,0.41127005219459536,0.25,0.12862415611743928,0.25],"bodySizes":[2.0,2.0,2.0],"springs":[],"dumpers":[],"name":496,"generation":13,"distance":68.2371826171875,"reward":-68.2371826171875},{"angles":[82.35223388671875,17.021284103393556,-25.051345825195314,40.52095031738281,-35.64777374267578,-6.8695220947265629,52.08251190185547,20.301746368408204,-20.526809692382814,-84.90518188476563,15.636428833007813,-48.120887756347659,-37.79521179199219,-9.126731872558594,1.5257186889648438,14.605888366699219,59.901222229003909,58.638427734375,-2.5398025512695314,88.56658935546875,-6.944452285766602,27.13928985595703,4.875946044921875,4.665809631347656,-46.972816467285159,0.0781707763671875,25.761449813842775,7.262763977050781,-70.81510925292969,-41.12329864501953,-10.909996032714844,44.55030822753906,-4.175743103027344,-53.579254150390628,-6.845306396484375,-22.931182861328126,-33.38726806640625,23.948795318603517,68.02976989746094,57.023193359375,23.952138900756837,-46.27244186401367,-11.389223098754883,34.10076141357422,-24.461929321289064,4.722526550292969,56.27112579345703,-12.728897094726563,40.96006393432617,-38.772674560546878,59.133384704589847,18.20923614501953,-24.230539321899415,22.19269561767578,-34.25291442871094,-76.44218444824219,-47.45922088623047,39.758949279785159,-71.88227844238281,-64.8016357421875,-46.70751953125,89.34173583984375,56.13819122314453,-30.688661575317384,44.3026237487793,51.646202087402347,45.79061508178711,-20.568199157714845,71.49111938476563,33.54010009765625,-7.5903167724609379,-41.25128936767578,24.962139129638673,-69.84382629394531,-76.52554321289063,-80.08821105957031,-13.638595581054688,-74.95600891113281,81.63539123535156,-1.2801132202148438],"legSizes":[0.24999994039535523,0.24999994039535523,0.25,0.2825673222541809,0.48367539048194888,0.25,0.379498153924942,0.24999994039535523,0.12960654497146607,0.15951085090637208,0.43371421098709109,0.17798691987991334,0.3735889494419098,0.13477344810962678,0.40841418504714968,0.25,0.4909631311893463,0.38885068893432619,0.388577401638031,0.24999994039535523,0.41127005219459536,0.25,0.25,0.25],"bodySizes":[2.0,2.0,2.0],"springs":[],"dumpers":[],"name":496,"generation":13,"distance":68.2371826171875,"reward":-78.38660430908203},{"angles":[82.35223388671875,17.021284103393556,-15.380836486816407,55.501426696777347,-35.64777374267578,-6.8695220947265629,52.08251190185547,-8.180816650390625,-20.526809692382814,-84.90518188476563,15.636428833007813,-48.120887756347659,25.958690643310548,-9.126731872558594,1.5257186889648438,11.6343994140625,59.901222229003909,58.638427734375,23.7093505859375,88.56658935546875,-6.944452285766602,-4.366758346557617,4.875946044921875,4.665809631347656,-46.972816467285159,0.0781707763671875,25.761449813842775,7.262763977050781,-70.81510925292969,-41.12329864501953,-10.909996032714844,44.55030822753906,47.06256866455078,-58.62828063964844,35.0740966796875,-22.931182861328126,-33.38726806640625,23.948795318603517,8.427122116088868,57.023193359375,23.952138900756837,-46.27244186401367,17.372173309326173,34.10076141357422,-24.461929321289064,4.722526550292969,-38.32057189941406,-12.728897094726563,40.96006393432617,-39.77891540527344,59.133384704589847,64.60252380371094,-24.230539321899415,22.19269561767578,-34.25291442871094,-76.44218444824219,-32.08637237548828,45.529632568359378,-71.88227844238281,-64.8016357421875,-46.70751953125,-35.64027404785156,58.70209884643555,-30.688661575317384,44.3026237487793,51.646202087402347,45.79061508178711,-20.568199157714845,71.49111938476563,-33.31963348388672,-7.5903167724609379,-50.30339050292969,-33.93518829345703,1.8793716430664063,-76.52554321289063,-51.372039794921878,-13.638595581054688,-40.82411193847656,81.63539123535156,-43.6756591796875],"legSizes":[0.24999994039535523,0.42454639077186587,0.25,0.18847551941871644,0.1389758139848709,0.25,0.49450725317001345,0.1560099720954895,0.4478148818016052,0.22606399655342103,0.4874510169029236,0.25,0.3628939688205719,0.24854299426078797,0.44159966707229617,0.11228957027196884,0.18309155106544496,0.28874489665031435,0.24999994039535523,0.19841217994689942,0.49209386110305788,0.293430358171463,0.25,0.33220478892326357],"bodySizes":[2.0,2.0,2.0],"springs":[],"dumpers":[],"name":496,"generation":13,"distance":68.2371826171875,"reward":-97.7464599609375}]}