{"geneDatas":[{"angles":[-54.67645263671875,16.823928833007814,51.08605194091797,14.353803634643555,-52.73719024658203,-57.84972381591797,10.611127853393555,32.20758056640625,42.77520751953125,0.8642082214355469,13.717741012573243,29.612272262573243,-2.8742637634277345,-36.15809631347656,21.157522201538087,-28.41777801513672,-45.75050354003906,-5.985868453979492,8.729516983032227,42.76142120361328,-0.893218994140625,6.643102645874023,-50.97584533691406,-29.93682098388672,-57.3719482421875,-23.16608238220215,51.99168395996094,-34.79457092285156,55.73954772949219,21.063291549682618,-30.996681213378908,27.161720275878908,44.85075378417969,33.540016174316409,48.664710998535159,16.79866600036621,53.376502990722659,9.46501350402832,-37.013824462890628,40.40199279785156,5.255561828613281,13.550941467285157,47.95158767700195,-35.226043701171878,24.742124557495118,7.093770980834961,-42.44068908691406,57.729881286621097,33.665184020996097,-49.91703796386719,-19.696563720703126,12.068086624145508,-20.977584838867189,53.87340545654297,-19.56456756591797,-10.483739852905274,-31.951576232910158,-53.80171203613281,3.7735519409179689,32.503265380859378,42.36939239501953,-51.580596923828128,-11.118057250976563,31.31639862060547,49.37135314941406,9.730417251586914,15.857877731323243,-53.90516662597656,3.2409744262695314,32.31944274902344,44.09286880493164,-25.19111442565918,-28.50542449951172,49.50312042236328,4.3912200927734379,-12.213043212890625,22.51308822631836,7.773935317993164,54.43511199951172,-9.23530387878418],"legSizes":[0.3095766305923462,0.49636274576187136,0.20062072575092317,0.4219357371330261,0.35331544280052187,0.4637203812599182,0.22851961851119996,0.22392195463180543,0.264187753200531,0.20060022175312043,0.17111411690711976,0.3934010863304138,0.2272515594959259,0.10606050491333008,0.4999081492424011,0.41355428099632265,0.27220457792282107,0.274321049451828,0.2121356725692749,0.11899538338184357,0.17020173370838166,0.11141443252563477,0.28819653391838076,0.24035537242889405],"bodySizes":[1.9884161949157715,1.8277723789215088,2.201205253601074],"springs":[],"dumpers":[],"name":13121,"generation":375,"distance":41.9510612487793,"reward":-41.9510612487793},{"angles":[25.76418113708496,-51.87572479248047,44.607051849365237,-55.15447235107422,-18.31553077697754,-41.447540283203128,-39.87950134277344,-47.03557586669922,-45.40098571777344,-51.6171875,34.44559860229492,29.612272262573243,-31.00391960144043,6.746040344238281,21.157522201538087,-25.72947120666504,46.394920349121097,-5.240629196166992,54.68424987792969,-44.27540588378906,-14.727666854858399,-22.69367027282715,0.6280021667480469,-29.93682098388672,-57.3719482421875,-23.16608238220215,8.509346008300782,16.3535213470459,36.71094512939453,21.063291549682618,-30.996681213378908,27.161720275878908,44.85075378417969,-16.69072723388672,52.07421112060547,5.098836898803711,47.19298553466797,21.686994552612306,-37.013824462890628,40.40199279785156,5.255561828613281,13.550941467285157,47.95158767700195,-46.02265930175781,24.742124557495118,7.093770980834961,-42.44068908691406,-29.049402236938478,-21.334569931030275,-15.47486686706543,1.0453262329101563,-47.011474609375,-20.977584838867189,53.87340545654297,-19.56456756591797,40.48283386230469,-31.951576232910158,-53.80171203613281,3.7735519409179689,18.289188385009767,42.36939239501953,-51.580596923828128,-11.118057250976563,31.31639862060547,49.37135314941406,32.55802536010742,5.118019104003906,-20.01005744934082,-3.2015914916992189,32.31944274902344,44.09286880493164,-25.19111442565918,-28.50542449951172,49.50312042236328,4.3912200927734379,-12.213043212890625,58.230499267578128,54.22810363769531,12.826143264770508,-9.23530387878418],"legSizes":[0.10837087780237198,0.24145352840423585,0.44660815596580508,0.20572049915790559,0.44520750641822817,0.4515581727027893,0.22857025265693665,0.19707265496253968,0.11498232185840607,0.12323369830846787,0.37661656737327578,0.27310559153556826,0.3020867705345154,0.2450152188539505,0.4999081492424011,0.13766321539878846,0.3289821445941925,0.3354281187057495,0.18573522567749024,0.12296261638402939,0.17020173370838166,0.11141443252563477,0.24597938358783723,0.1718948483467102],"bodySizes":[1.9815031290054322,1.8309581279754639,2.2050418853759767],"springs":[],"dumpers":[],"name":13121,"generation":375,"distance":41.9510612487793,"reward":-57.22438430786133},{"angles":[15.114837646484375,-38.25611114501953,51.08605194091797,-57.09839630126953,8.108390808105469,-57.84972381591797,41.250946044921878,32.20758056640625,42.77520751953125,39.624908447265628,34.44559860229492,29.612272262573243,-31.00391960144043,-36.15809631347656,21.157522201538087,51.88130187988281,46.394920349121097,22.44980239868164,54.68424987792969,-11.751274108886719,-12.412298202514649,1.5160789489746094,44.052330017089847,-29.93682098388672,-57.3719482421875,-23.16608238220215,8.509346008300782,16.3535213470459,36.71094512939453,-29.225669860839845,-19.38212013244629,27.161720275878908,44.85075378417969,-0.7247772216796875,52.07421112060547,-14.043310165405274,53.376502990722659,-53.749168395996097,-37.013824462890628,40.40199279785156,5.255561828613281,17.41889190673828,47.95158767700195,-46.02265930175781,-13.016801834106446,7.093770980834961,-42.44068908691406,11.3453369140625,-21.334569931030275,-55.32569122314453,55.722816467285159,13.854469299316407,-47.79906463623047,53.87340545654297,-19.56456756591797,40.48283386230469,-31.951576232910158,-53.80171203613281,3.7735519409179689,32.503265380859378,42.36939239501953,26.36092185974121,-11.118057250976563,31.31639862060547,49.37135314941406,9.730417251586914,12.134063720703125,-53.90516662597656,3.2409744262695314,32.31944274902344,54.32423400878906,-25.19111442565918,-28.50542449951172,49.50312042236328,4.3912200927734379,51.150901794433597,22.51308822631836,54.22810363769531,54.43511199951172,-17.736318588256837],"legSizes":[0.3095766305923462,0.49636274576187136,0.20062072575092317,0.4219357371330261,0.35331544280052187,0.4637203812599182,0.22851961851119996,0.22392195463180543,0.264187753200531,0.20060022175312043,0.2551242709159851,0.27903473377227785,0.2932995557785034,0.10606050491333008,0.4999081492424011,0.41355428099632265,0.3289821445941925,0.4574313163757324,0.2121356725692749,0.11899538338184357,0.17020173370838166,0.11141443252563477,0.20070631802082063,0.24035537242889405],"bodySizes":[1.9970113039016724,1.8215051889419556,2.1992721557617189],"springs":[],"dumpers":[],"name":13121,"generation":375,"distance":41.9510612487793,"reward":-63.57369613647461}]}