{"geneDatas":[{"angles":[-13.474380493164063,-72.69204711914063,-29.969253540039064,-3.5916786193847658,26.751407623291017,33.232513427734378,-13.830039978027344,77.10737609863281,-12.205747604370118,40.19004821777344,30.564922332763673,-35.86219787597656,-88.17007446289063,-50.6689453125,30.508258819580079,-44.454376220703128,74.41941833496094,-26.6488037109375,-37.24659729003906,13.188179016113282,43.4132080078125,-47.39140319824219,-66.81060791015625,17.81627655029297,-17.542699813842775,-20.63568115234375,63.81208801269531,61.97477722167969,25.379444122314454,-27.588159561157228,-64.076171875,52.047210693359378,49.10877227783203,39.765541076660159,42.75920104980469,-13.614913940429688,11.458345413208008,-49.00746154785156,21.386289596557618,43.017669677734378,-74.58317565917969,-4.0345001220703129,13.565620422363282,6.014036178588867,12.583587646484375,39.16541290283203,-36.52400207519531,-52.329620361328128,-33.80925750732422,-18.008529663085939,16.01101303100586,9.850908279418946,3.002635955810547,-42.49053955078125,-72.5838623046875,6.627439498901367,62.19364547729492,57.41124725341797,5.122039794921875,-39.907623291015628,-54.0750732421875,-49.74009704589844,6.160634994506836,-33.13970184326172,40.484230041503909,-59.54413604736328,-46.18373107910156,-44.695037841796878,7.983146667480469,19.50715446472168,-23.18743896484375,46.31010437011719,71.97737884521485,30.15291976928711,3.644908905029297,3.3167037963867189,-18.634963989257814,10.572052001953125,52.646514892578128,-10.42756462097168],"legSizes":[0.24724514782428742,0.2890661060810089,0.25,0.25,0.25,0.25,0.40369734168052676,0.24999994039535523,0.26017263531684878,0.25,0.25,0.359701007604599,0.3740963041782379,0.24999994039535523,0.25,0.25,0.25,0.3606831431388855,0.18026405572891236,0.24999994039535523,0.3631337285041809,0.33533984422683718,0.4610249102115631,0.10307774692773819],"bodySizes":[2.4051358699798586,1.7997764348983765,1.8481272459030152],"springs":[],"dumpers":[],"name":522,"generation":16,"distance":67.42791748046875,"reward":-67.42791748046875},{"angles":[-13.474380493164063,-72.69204711914063,-4.872358322143555,10.289276123046875,54.243133544921878,29.748443603515626,48.87127685546875,-23.544052124023439,79.08377075195313,4.358940124511719,-18.5187931060791,-28.73407745361328,-45.14213562011719,44.43281555175781,-16.696523666381837,0.7840995788574219,74.41941833496094,-44.56726837158203,-55.837669372558597,-6.768745422363281,50.622467041015628,34.32157516479492,13.570783615112305,9.495590209960938,-8.155569076538086,26.418270111083986,-23.970542907714845,50.68395233154297,6.320993423461914,79.29721069335938,-25.4228572845459,33.87190628051758,67.76112365722656,74.28114318847656,-11.038719177246094,48.6845703125,-31.881284713745118,44.754180908203128,28.098155975341798,-17.95598602294922,-74.58317565917969,-2.8608856201171877,-7.678476333618164,-15.108078002929688,28.58466339111328,42.137603759765628,-36.52400207519531,3.6773223876953127,-83.18800354003906,-18.008529663085939,10.963747024536133,-50.71705627441406,23.638656616210939,43.65064239501953,-22.31178092956543,36.789283752441409,-52.02604675292969,-64.0015869140625,-25.95493507385254,33.02324676513672,-59.1307373046875,12.860006332397461,-72.15884399414063,55.294044494628909,-77.00843811035156,4.0501861572265629,51.969581604003909,-44.695037841796878,-19.6473388671875,60.566707611083987,51.50410461425781,-46.962135314941409,-23.31298065185547,-13.619979858398438,58.14897155761719,-85.00686645507813,-25.77666473388672,44.576568603515628,-8.321393966674805,81.41957092285156],"legSizes":[0.13127213716506959,0.24999994039535523,0.2962248921394348,0.25,0.10059390217065811,0.25,0.23534223437309266,0.24999994039535523,0.2916716933250427,0.42451876401901247,0.25,0.359701007604599,0.3740963041782379,0.24999994039535523,0.25,0.25,0.25,0.25,0.3586159646511078,0.24999994039535523,0.16032132506370545,0.25,0.25,0.25],"bodySizes":[2.0118203163146974,1.9452580213546754,2.044200897216797],"springs":[],"dumpers":[],"name":522,"generation":16,"distance":67.42791748046875,"reward":-138.39056396484376},{"angles":[-21.028884887695314,-31.951675415039064,-29.969253540039064,37.872161865234378,54.06310272216797,58.745399475097659,-6.617424011230469,77.10737609863281,-11.293495178222657,40.19004821777344,30.564922332763673,-4.845479965209961,-88.17007446289063,-52.2757568359375,30.508258819580079,-44.454376220703128,74.41941833496094,-26.6488037109375,-37.24659729003906,3.5438003540039064,43.4132080078125,66.10073852539063,-66.81060791015625,17.81627655029297,54.75800323486328,12.181055068969727,-4.7743682861328129,22.309255599975587,-33.19304656982422,-37.099395751953128,1.038665771484375,59.011070251464847,67.76112365722656,74.28114318847656,-11.038719177246094,-10.350214004516602,-12.718313217163086,-11.233255386352539,52.70259094238281,-48.88719940185547,39.406227111816409,-2.8608856201171877,13.379911422729493,-15.108078002929688,77.99203491210938,39.16541290283203,-36.52400207519531,-6.997840881347656,-33.80925750732422,-56.445526123046878,56.237144470214847,-7.6228179931640629,3.002635955810547,-42.49053955078125,-72.5838623046875,40.066810607910159,-31.762245178222658,32.134796142578128,-2.0071868896484377,16.57137107849121,-54.0750732421875,18.131729125976564,6.160634994506836,53.82386779785156,40.484230041503909,43.23682403564453,32.03693389892578,-44.695037841796878,-28.190780639648439,-5.50560188293457,56.82538986206055,-17.54099464416504,71.97737884521485,-58.91712951660156,-8.647689819335938,-11.360214233398438,-18.634963989257814,10.572052001953125,53.643836975097659,-23.478134155273439],"legSizes":[0.24999994039535523,0.45679759979248049,0.16757626831531526,0.41980037093162539,0.16574549674987794,0.25,0.3595700263977051,0.24999994039535523,0.25,0.21924611926078797,0.3336995244026184,0.359701007604599,0.1429191529750824,0.24999994039535523,0.25,0.25,0.34632623195648196,0.25,0.4980804920196533,0.24999994039535523,0.4664272665977478,0.45082229375839236,0.4896628260612488,0.33777326345443728],"bodySizes":[1.9435468912124634,1.570801854133606,2.620435953140259],"springs":[],"dumpers":[],"name":522,"generation":16,"distance":67.42791748046875,"reward":-158.07803344726563}]}