{"geneDatas":[{"angles":[-10.960113525390625,10.369598388671875,-29.969253540039064,37.872161865234378,-17.43506622314453,-5.534599304199219,-6.617424011230469,77.10737609863281,46.73114776611328,40.19004821777344,30.564922332763673,-39.72191619873047,-45.14213562011719,44.43281555175781,-16.696523666381837,-24.332021713256837,74.41941833496094,-44.56726837158203,-55.837669372558597,-6.768745422363281,50.622467041015628,34.32157516479492,13.570783615112305,-21.774038314819337,-8.155569076538086,26.418270111083986,-8.305870056152344,50.68395233154297,6.320993423461914,79.29721069335938,-25.4228572845459,33.87190628051758,67.76112365722656,74.28114318847656,-11.038719177246094,-47.243316650390628,8.720907211303711,44.754180908203128,28.098155975341798,-17.95598602294922,-74.58317565917969,-2.8608856201171877,13.379911422729493,-15.108078002929688,77.99203491210938,39.16541290283203,-36.52400207519531,-6.997840881347656,-33.80925750732422,-56.445526123046878,56.237144470214847,-7.6228179931640629,-8.624917984008789,-27.198150634765626,-72.5838623046875,40.64414978027344,-31.762245178222658,32.134796142578128,-2.0071868896484377,-20.876319885253908,-23.004432678222658,18.131729125976564,6.160634994506836,53.82386779785156,40.484230041503909,43.23682403564453,56.566829681396487,-44.695037841796878,-28.190780639648439,-5.50560188293457,-58.22010040283203,-17.54099464416504,71.97737884521485,-58.91712951660156,-43.10039520263672,-11.360214233398438,-18.634963989257814,10.572052001953125,53.643836975097659,-23.478134155273439],"legSizes":[0.24999994039535523,0.24999994039535523,0.2962248921394348,0.2286742925643921,0.10059390217065811,0.25,0.4420274794101715,0.24999994039535523,0.2916716933250427,0.42451876401901247,0.4144659638404846,0.4528677463531494,0.18860407173633576,0.40155115723609927,0.46950119733810427,0.12624874711036683,0.25,0.25,0.4980804920196533,0.24999994039535523,0.4664272665977478,0.45082229375839236,0.4896628260612488,0.33777326345443728],"bodySizes":[1.8443655967712403,1.8010578155517579,2.4083261489868166],"springs":[],"dumpers":[],"name":677,"generation":18,"distance":117.64877319335938,"reward":-117.64877319335938},{"angles":[-13.474380493164063,36.5892333984375,-38.293922424316409,40.168243408203128,11.368982315063477,33.232513427734378,3.60589599609375,-16.566987991333009,-12.205747604370118,4.358940124511719,16.643463134765626,-45.98310852050781,-88.17007446289063,56.392608642578128,11.608835220336914,-30.47199821472168,74.41941833496094,-52.33069610595703,-55.837669372558597,-6.768745422363281,-5.726816177368164,34.32157516479492,-4.3243560791015629,9.495590209960938,9.999824523925782,12.181055068969727,48.56430435180664,-11.798721313476563,57.460182189941409,-33.216346740722659,-45.90691375732422,59.011070251464847,67.76112365722656,74.28114318847656,-1.9541587829589844,-5.081184387207031,-12.718313217163086,-32.233985900878909,52.70259094238281,43.017669677734378,-74.58317565917969,-4.0345001220703129,13.565620422363282,38.61460876464844,54.177146911621097,39.16541290283203,-36.52400207519531,-52.329620361328128,-38.63420867919922,-18.008529663085939,10.963747024536133,41.67168426513672,-38.3834228515625,-33.84431457519531,19.914478302001954,0.5075798034667969,34.32884216308594,-25.98493194580078,5.122039794921875,78.17437744140625,-54.0750732421875,-56.37738800048828,76.73194885253906,53.82386779785156,-0.16973876953125,24.207571029663087,41.558258056640628,-44.695037841796878,7.983146667480469,-52.88666534423828,56.82538986206055,24.96034812927246,71.47052001953125,39.90284729003906,87.35177612304688,43.79695129394531,-16.571685791015626,-45.247711181640628,-47.31690216064453,81.41957092285156],"legSizes":[0.2541359066963196,0.24999994039535523,0.44970226287841799,0.180535227060318,0.18457412719726563,0.25,0.40369734168052676,0.24999994039535523,0.105664923787117,0.21924611926078797,0.3336995244026184,0.4343244433403015,0.1429191529750824,0.24999994039535523,0.25,0.25,0.34632623195648196,0.25,0.11070694774389267,0.24999994039535523,0.25,0.25,0.25,0.25],"bodySizes":[1.9545878171920777,1.9706932306289673,2.0769007205963136],"springs":[],"dumpers":[],"name":677,"generation":18,"distance":117.64877319335938,"reward":-122.96691131591797},{"angles":[-13.474380493164063,36.5892333984375,-38.293922424316409,40.168243408203128,11.368982315063477,33.232513427734378,3.60589599609375,77.10737609863281,-12.205747604370118,4.358940124511719,51.04705810546875,-45.98310852050781,-88.17007446289063,56.392608642578128,11.608835220336914,-30.47199821472168,74.41941833496094,-52.33069610595703,-55.837669372558597,-6.768745422363281,43.4132080078125,66.10073852539063,-66.81060791015625,17.81627655029297,54.75800323486328,12.181055068969727,-4.7743682861328129,16.224258422851564,-33.19304656982422,-37.099395751953128,1.038665771484375,59.011070251464847,67.76112365722656,74.28114318847656,-11.038719177246094,-10.350214004516602,-12.718313217163086,-11.233255386352539,52.70259094238281,-48.88719940185547,39.406227111816409,-2.8608856201171877,13.379911422729493,-15.108078002929688,77.99203491210938,14.196229934692383,-36.52400207519531,-6.997840881347656,-33.80925750732422,-56.445526123046878,20.796430587768556,-7.6228179931640629,3.002635955810547,-42.49053955078125,27.96332359313965,40.066810607910159,-31.762245178222658,-56.70872497558594,-2.0071868896484377,-49.23163604736328,-54.0750732421875,-49.87335205078125,6.160634994506836,53.82386779785156,40.484230041503909,43.23682403564453,32.03693389892578,-44.695037841796878,-20.400245666503908,-5.50560188293457,56.82538986206055,55.960853576660159,71.97737884521485,-58.91712951660156,-8.647689819335938,-11.360214233398438,-18.634963989257814,10.572052001953125,53.643836975097659,-23.478134155273439],"legSizes":[0.24724514782428742,0.24999994039535523,0.44970226287841799,0.180535227060318,0.25,0.25,0.40369734168052676,0.24999994039535523,0.25,0.21924611926078797,0.3336995244026184,0.4343244433403015,0.1429191529750824,0.24999994039535523,0.25,0.25,0.34632623195648196,0.25,0.4980804920196533,0.24999994039535523,0.4664272665977478,0.3303925693035126,0.4896628260612488,0.33777326345443728],"bodySizes":[1.9435468912124634,1.570801854133606,2.620435953140259],"springs":[],"dumpers":[],"name":677,"generation":18,"distance":117.64877319335938,"reward":-139.22360229492188}]}