{"geneDatas":[{"angles":[-21.028884887695314,-31.951675415039064,-21.036895751953126,11.11212158203125,55.52079772949219,-12.240293502807618,3.248126983642578,77.10737609863281,-11.380041122436524,-50.94291687011719,9.858749389648438,-37.15129852294922,14.4375,43.338958740234378,-45.91522979736328,-20.89678955078125,36.122501373291019,54.08055877685547,-47.09282684326172,40.01568603515625,-33.063079833984378,24.453231811523439,-66.81060791015625,-16.96811866760254,10.244613647460938,-25.44939422607422,31.644529342651368,61.97477722167969,-16.110586166381837,21.69147300720215,-57.90857696533203,59.011070251464847,-5.752708435058594,74.28114318847656,-30.20091438293457,-21.54001808166504,22.086566925048829,25.462017059326173,33.58384704589844,35.383914947509769,-74.58317565917969,-8.34490966796875,13.565620422363282,13.603311538696289,53.47150421142578,38.133155822753909,-29.205459594726564,22.19880485534668,-38.63420867919922,8.604303359985352,31.957107543945314,-26.02335548400879,-38.3834228515625,5.769617080688477,50.6236572265625,0.5075798034667969,49.075401306152347,-42.373992919921878,-1.2743339538574219,78.17437744140625,25.937589645385743,55.369346618652347,76.73194885253906,53.82386779785156,-10.541160583496094,42.67620849609375,41.558258056640628,-44.695037841796878,-6.674688339233398,32.14479064941406,-4.07098388671875,27.085346221923829,53.841636657714847,-7.3834075927734379,19.819961547851564,28.614418029785158,49.40899658203125,2.9716949462890627,-53.35321044921875,-10.42756462097168],"legSizes":[0.45836693048477175,0.49968448281288149,0.4151076376438141,0.2286742925643921,0.10059390217065811,0.4408467411994934,0.4420274794101715,0.21104595065116883,0.4817027151584625,0.42451876401901247,0.18597498536109925,0.3163594901561737,0.34540313482284548,0.408331960439682,0.46950119733810427,0.12624874711036683,0.1412481814622879,0.47402986884117129,0.15971894562244416,0.18896332383155824,0.2403397262096405,0.45082229375839236,0.3811872899532318,0.4747921824455261],"bodySizes":[1.9739536046981812,1.8702353239059449,2.166989326477051],"springs":[],"dumpers":[],"name":1889,"generation":53,"distance":54.13993835449219,"reward":-54.13993835449219},{"angles":[-21.028884887695314,-31.951675415039064,-21.036895751953126,11.11212158203125,55.52079772949219,-12.240293502807618,-6.617424011230469,77.10737609863281,-11.380041122436524,-50.94291687011719,16.169340133666993,-37.15129852294922,21.77269744873047,43.338958740234378,-45.91522979736328,-25.916168212890626,36.122501373291019,54.08055877685547,2.495922088623047,40.01568603515625,-33.063079833984378,24.453231811523439,-66.81060791015625,-16.96811866760254,10.244613647460938,-20.63568115234375,-29.72230339050293,61.97477722167969,-16.110586166381837,21.69147300720215,-57.90857696533203,59.011070251464847,-5.752708435058594,74.28114318847656,-1.9541587829589844,-21.54001808166504,22.086566925048829,29.240840911865236,33.58384704589844,36.287296295166019,-74.58317565917969,-8.34490966796875,13.565620422363282,18.213470458984376,53.47150421142578,-30.825048446655275,-29.205459594726564,-57.53656005859375,-38.63420867919922,8.604303359985352,10.963747024536133,-26.02335548400879,-38.3834228515625,5.769617080688477,50.6236572265625,0.5075798034667969,-36.624366760253909,-25.98493194580078,5.122039794921875,34.558624267578128,-0.8086471557617188,55.369346618652347,76.73194885253906,2.3100547790527345,57.64629364013672,-49.30602264404297,24.90355682373047,-44.695037841796878,7.983146667480469,37.16465759277344,-23.18743896484375,-2.2841033935546877,71.97737884521485,57.18843078613281,3.644908905029297,-6.517446517944336,-18.634963989257814,39.80854797363281,-35.70984649658203,-10.42756462097168],"legSizes":[0.45836693048477175,0.45679759979248049,0.4151076376438141,0.2286742925643921,0.4569247364997864,0.39228391647338869,0.47755295038223269,0.194471076130867,0.2864932715892792,0.23396766185760499,0.14193840324878694,0.24381250143051148,0.49056464433670046,0.485935777425766,0.4580759108066559,0.13413047790527345,0.341974139213562,0.25,0.15971894562244416,0.19226312637329102,0.2403397262096405,0.45082229375839236,0.4610249102115631,0.25719448924064639],"bodySizes":[1.9750797748565674,1.8713022470474244,2.1645190715789797],"springs":[],"dumpers":[],"name":1889,"generation":53,"distance":54.13993835449219,"reward":-76.77894592285156},{"angles":[-21.028884887695314,-31.951675415039064,-5.030172348022461,59.82868194580078,55.52079772949219,22.728008270263673,-6.617424011230469,77.10737609863281,-11.380041122436524,-19.234594345092775,16.169340133666993,6.9532928466796879,30.38507843017578,43.338958740234378,-45.91522979736328,39.62963104248047,36.122501373291019,54.08055877685547,-35.542633056640628,40.01568603515625,-26.565162658691408,18.684608459472658,-2.115947723388672,-43.94761657714844,-43.004295349121097,-6.635734558105469,48.72429275512695,50.68395233154297,6.320993423461914,-36.052696228027347,-5.381875991821289,59.011070251464847,-5.752708435058594,-58.31822204589844,29.781173706054689,-49.70519256591797,2.5945396423339845,38.20494079589844,59.31809997558594,-9.7264404296875,-74.58317565917969,-24.672712326049806,-9.466287612915039,-12.533218383789063,53.47150421142578,12.628303527832032,-44.42155456542969,-52.6435546875,-38.63420867919922,8.604303359985352,41.845237731933597,-23.385177612304689,-53.71430206298828,5.769617080688477,50.6236572265625,-40.77605438232422,3.6441917419433595,-53.07722473144531,5.122039794921875,-38.831947326660159,-56.467376708984378,-45.25481414794922,76.73194885253906,53.82386779785156,-0.16973876953125,4.2044219970703129,-2.3445587158203127,-36.232566833496097,-1.2626190185546876,-22.42738151550293,21.49898338317871,45.5501708984375,53.841636657714847,41.927345275878909,-44.322967529296878,10.23796272277832,58.0943603515625,39.80854797363281,-35.70984649658203,8.611413955688477],"legSizes":[0.45836693048477175,0.45679759979248049,0.4151076376438141,0.2286742925643921,0.10059390217065811,0.4408467411994934,0.4420274794101715,0.24999994039535523,0.1826276332139969,0.42451876401901247,0.4998609125614166,0.24381250143051148,0.1500471532344818,0.485935777425766,0.4580759108066559,0.43758702278137209,0.1412481814622879,0.25,0.39373406767845156,0.19226312637329102,0.2403397262096405,0.23432214558124543,0.3811872899532318,0.13776984810829163],"bodySizes":[1.9941500425338746,2.0048770904541017,2.0009875297546388],"springs":[],"dumpers":[],"name":1889,"generation":53,"distance":54.13993835449219,"reward":-78.1749038696289}]}