{"geneDatas":[{"angles":[-21.028884887695314,-31.951675415039064,-5.030172348022461,59.82868194580078,9.475814819335938,-12.240293502807618,-6.617424011230469,77.10737609863281,-11.380041122436524,-19.234594345092775,-21.65430450439453,-29.652379989624025,21.77269744873047,43.338958740234378,-45.91522979736328,-25.916168212890626,36.122501373291019,54.08055877685547,2.495922088623047,40.01568603515625,-33.063079833984378,24.453231811523439,-66.81060791015625,-16.96811866760254,-20.867950439453126,-20.63568115234375,-29.72230339050293,61.97477722167969,-16.110586166381837,29.662555694580079,-32.499176025390628,40.79125213623047,-5.752708435058594,74.28114318847656,-1.9541587829589844,-29.50769805908203,-1.2726058959960938,29.240840911865236,33.58384704589844,36.287296295166019,-74.58317565917969,1.8013496398925782,58.75082015991211,-12.670578002929688,50.29109191894531,-30.825048446655275,-29.205459594726564,-57.53656005859375,-38.63420867919922,-59.545997619628909,10.963747024536133,-26.02335548400879,-38.3834228515625,5.769617080688477,50.6236572265625,0.5075798034667969,3.6441917419433595,-25.98493194580078,5.122039794921875,34.558624267578128,-0.8086471557617188,55.369346618652347,76.73194885253906,2.3100547790527345,-57.28966522216797,24.207571029663087,-39.394813537597659,-44.695037841796878,7.983146667480469,37.16465759277344,-23.18743896484375,46.31010437011719,-59.45771026611328,39.36968994140625,3.644908905029297,-6.517446517944336,-18.634963989257814,39.80854797363281,-35.70984649658203,-10.42756462097168],"legSizes":[0.45836693048477175,0.45679759979248049,0.4151076376438141,0.2286742925643921,0.10059390217065811,0.4408467411994934,0.4420274794101715,0.24999994039535523,0.1826276332139969,0.21448147296905518,0.4998609125614166,0.24381250143051148,0.4911766052246094,0.485935777425766,0.4580759108066559,0.12624874711036683,0.24111345410346986,0.21843507885932923,0.3349050283432007,0.18906670808792115,0.2403397262096405,0.14912576973438264,0.3811872899532318,0.25719448924064639],"bodySizes":[1.9739534854888917,1.8718359470367432,2.1651365756988527],"springs":[],"dumpers":[],"name":1793,"generation":50,"distance":74.52228546142578,"reward":-74.52228546142578},{"angles":[-21.028884887695314,-31.951675415039064,-21.036895751953126,11.11212158203125,55.52079772949219,-12.240293502807618,55.23582458496094,77.10737609863281,-11.380041122436524,-50.94291687011719,16.169340133666993,-37.15129852294922,21.77269744873047,43.338958740234378,-45.91522979736328,-25.916168212890626,36.122501373291019,54.08055877685547,2.495922088623047,40.01568603515625,-33.063079833984378,24.453231811523439,-66.81060791015625,-16.96811866760254,-58.281768798828128,-20.63568115234375,-11.07267951965332,61.97477722167969,-16.110586166381837,21.69147300720215,-57.90857696533203,59.011070251464847,-5.752708435058594,74.28114318847656,-1.9541587829589844,-21.54001808166504,22.086566925048829,29.240840911865236,33.58384704589844,36.287296295166019,-74.58317565917969,-8.34490966796875,13.565620422363282,18.213470458984376,53.47150421142578,-0.8031539916992188,-33.36901092529297,-20.848251342773439,11.300619125366211,-18.008529663085939,-0.0486602783203125,-23.845947265625,-38.3834228515625,5.769617080688477,-42.85869598388672,0.5075798034667969,3.6441917419433595,-25.98493194580078,1.8793716430664063,78.17437744140625,-59.21234893798828,55.369346618652347,76.73194885253906,53.82386779785156,-10.541160583496094,42.67620849609375,41.558258056640628,-44.695037841796878,-14.005571365356446,-22.42738151550293,56.82538986206055,17.908842086791993,53.841636657714847,-7.3834075927734379,19.819961547851564,28.614418029785158,-12.528482437133789,2.9716949462890627,-53.35321044921875,-10.42756462097168],"legSizes":[0.45836693048477175,0.45679759979248049,0.4151076376438141,0.2286742925643921,0.10059390217065811,0.4408467411994934,0.4420274794101715,0.24999994039535523,0.45457500219345095,0.42451876401901247,0.42863479256629946,0.2659985423088074,0.3447515666484833,0.29086777567863467,0.46950119733810427,0.12624874711036683,0.1412481814622879,0.47402986884117129,0.15971894562244416,0.19226312637329102,0.2403397262096405,0.45082229375839236,0.3811872899532318,0.10307774692773819],"bodySizes":[1.9739536046981812,1.8702353239059449,2.166989326477051],"springs":[],"dumpers":[],"name":1793,"generation":50,"distance":74.52228546142578,"reward":-90.13623046875},{"angles":[-21.028884887695314,-31.951675415039064,47.09595489501953,45.77197265625,55.52079772949219,-12.240293502807618,-6.617424011230469,77.10737609863281,-11.380041122436524,-50.94291687011719,16.169340133666993,-37.15129852294922,21.77269744873047,43.338958740234378,-45.91522979736328,-25.916168212890626,36.122501373291019,54.08055877685547,2.495922088623047,56.562721252441409,-33.063079833984378,24.453231811523439,-66.81060791015625,-16.96811866760254,19.05305290222168,-20.63568115234375,-29.72230339050293,61.97477722167969,-16.110586166381837,21.69147300720215,-57.90857696533203,35.4958381652832,-5.752708435058594,74.28114318847656,-30.20091438293457,-21.54001808166504,22.086566925048829,29.240840911865236,33.58384704589844,36.287296295166019,-74.58317565917969,-8.34490966796875,13.565620422363282,13.603311538696289,53.47150421142578,-30.825048446655275,-29.205459594726564,22.19880485534668,-38.63420867919922,8.604303359985352,43.769386291503909,-26.02335548400879,-38.3834228515625,5.769617080688477,50.6236572265625,0.5075798034667969,3.6441917419433595,-25.98493194580078,5.122039794921875,34.558624267578128,-0.8086471557617188,55.369346618652347,76.73194885253906,2.3100547790527345,-0.16973876953125,24.207571029663087,-39.394813537597659,-44.695037841796878,7.983146667480469,37.16465759277344,-33.71802520751953,22.31367301940918,71.97737884521485,7.414819717407227,3.644908905029297,-6.517446517944336,-18.634963989257814,39.80854797363281,-35.70984649658203,-10.42756462097168],"legSizes":[0.39581209421157839,0.20396044850349427,0.27493375539779665,0.4746510982513428,0.2122550755739212,0.39228391647338869,0.19688892364501954,0.194471076130867,0.2864932715892792,0.23396766185760499,0.4998609125614166,0.24381250143051148,0.1500471532344818,0.485935777425766,0.4580759108066559,0.12624874711036683,0.2905840575695038,0.25,0.3349050283432007,0.18906670808792115,0.2403397262096405,0.14912576973438264,0.4610249102115631,0.25719448924064639],"bodySizes":[1.9750796556472779,1.8713022470474244,2.1645190715789797],"springs":[],"dumpers":[],"name":1793,"generation":50,"distance":74.52228546142578,"reward":-91.92494201660156}]}