{"geneDatas":[{"angles":[-32.423255920410159,-44.076377868652347,30.11395263671875,53.770263671875,69.60398864746094,5.896903991699219,28.498634338378908,59.765281677246097,45.342018127441409,57.59001922607422,2.339080810546875,24.930660247802736,14.89996337890625,20.253538131713868,-9.789312362670899,-61.91609191894531,77.76597595214844,-45.149749755859378,-55.559547424316409,26.944026947021486,39.49736785888672,-85.38409423828125,-14.120513916015625,-73.571044921875,5.900968551635742,3.8355941772460939,-23.192298889160158,-73.91189575195313,-43.97882843017578,-27.877647399902345,16.69330596923828,81.79258728027344,-0.9421272277832031,40.78141784667969,83.47877502441406,-12.92242431640625,-23.514596939086915,1.002960205078125,-58.74177551269531,-85.13301086425781,38.915992736816409,-48.53790283203125,25.815593719482423,-32.119056701660159,-15.789335250854493,-56.395484924316409,74.89126586914063,-26.716970443725587,-10.961715698242188,-17.41460418701172,1.1235313415527344,-19.29680633544922,-25.221555709838868,8.646766662597657,-20.07477569580078,-48.54094696044922,-43.178245544433597,68.76976013183594,25.977256774902345,-73.65528869628906,-39.3698844909668,10.60792350769043,-36.69140625,-18.16313934326172,47.604087829589847,-23.32787322998047,-52.01380920410156,-22.16809844970703,-31.1966552734375,-73.45916748046875,17.63152313232422,-49.657188415527347,77.82118225097656,-22.4696102142334,-22.79058837890625,40.51615905761719,10.95100212097168,-33.32750701904297,65.87704467773438,89.64208984375],"legSizes":[0.42978501319885256,0.20750278234481812,0.12361450493335724,0.25,0.25,0.25,0.24999994039535523,0.24999994039535523,0.10995674133300781,0.25649911165237429,0.25,0.25,0.24999994039535523,0.44194546341896059,0.15727367997169496,0.43240195512771609,0.2966073751449585,0.25,0.11934852600097656,0.18909603357315064,0.25,0.1536666452884674,0.25,0.4812169671058655],"bodySizes":[2.0,2.0,2.0],"springs":[],"dumpers":[],"name":558,"generation":16,"distance":117.64603424072266,"reward":-117.64603424072266},{"angles":[50.913063049316409,20.68480682373047,-42.389495849609378,-31.733566284179689,-39.355682373046878,51.04186248779297,-38.33158874511719,40.33415985107422,40.593994140625,-21.44506072998047,-55.220550537109378,47.293067932128909,-58.30828857421875,-23.241111755371095,-53.42066192626953,-83.63786315917969,33.78789520263672,7.60308837890625,28.149946212768556,30.239757537841798,-53.03192138671875,12.225502014160157,-64.70872497558594,14.624443054199219,1.6088447570800782,-46.45813751220703,-23.192298889160158,-9.524452209472657,-34.840789794921878,39.860130310058597,-41.791473388671878,47.52734375,83.02314758300781,21.297895431518556,-6.062471389770508,31.846464157104493,19.419418334960939,11.693817138671875,-22.97212028503418,-30.53380584716797,-17.893117904663087,77.58090209960938,25.815593719482423,-51.486656188964847,-15.789335250854493,-56.395484924316409,3.3878860473632814,58.51335144042969,57.854034423828128,33.21000671386719,1.4614601135253907,-7.1371307373046879,-25.493494033813478,-56.335731506347659,-56.387428283691409,-57.121681213378909,28.70245361328125,74.47685241699219,62.13212585449219,-4.680826187133789,28.096088409423829,43.66509246826172,-11.837135314941407,-10.835214614868164,44.698944091796878,8.655632019042969,30.83710479736328,-13.406417846679688,-32.41645050048828,-73.45916748046875,-45.321510314941409,81.61747741699219,77.82118225097656,-35.47278594970703,11.149978637695313,38.541038513183597,-35.404258728027347,-29.71666717529297,25.355140686035158,89.64208984375],"legSizes":[0.24999994039535523,0.24999994039535523,0.25,0.25,0.25,0.25,0.24999994039535523,0.24999994039535523,0.25,0.24178865551948548,0.32162240147590639,0.2872762382030487,0.12436037510633469,0.24999994039535523,0.472724586725235,0.38947463035583498,0.2783973813056946,0.25,0.24416378140449525,0.4216342568397522,0.25,0.12714609503746034,0.25,0.3721136450767517],"bodySizes":[2.0,2.0,2.0],"springs":[],"dumpers":[],"name":558,"generation":16,"distance":117.64603424072266,"reward":-120.54554748535156},{"angles":[-5.299522399902344,20.68480682373047,-42.389495849609378,33.656742095947269,-39.355682373046878,-56.265647888183597,26.586498260498048,-48.26378631591797,47.90981674194336,-21.44506072998047,-55.220550537109378,47.293067932128909,-58.30828857421875,-15.092498779296875,-53.42066192626953,-54.093902587890628,33.78789520263672,7.60308837890625,52.82841491699219,30.239757537841798,-27.641136169433595,-31.92950439453125,-64.70872497558594,28.77143096923828,15.6148681640625,-46.45813751220703,-23.192298889160158,-73.91189575195313,38.539154052734378,51.49468231201172,-41.791473388671878,47.52734375,83.02314758300781,21.297895431518556,-6.062471389770508,15.650121688842774,19.419418334960939,11.693817138671875,2.7266616821289064,-30.53380584716797,-65.77784729003906,77.58090209960938,25.815593719482423,17.135955810546876,-15.789335250854493,-56.395484924316409,3.3878860473632814,-26.716970443725587,47.47630310058594,-2.2441940307617189,-7.26507568359375,8.075286865234375,72.14637756347656,-56.335731506347659,-28.943544387817384,25.253074645996095,40.94289779663086,68.76976013183594,25.977256774902345,-18.07745361328125,-39.3698844909668,34.37425994873047,21.042150497436525,-17.224411010742189,22.4139404296875,49.974029541015628,-52.01380920410156,72.08694458007813,14.159353256225586,-65.0279541015625,44.47936248779297,1.4883537292480469,-38.10254669189453,29.66390037536621,-6.31292724609375,-48.59088134765625,10.95100212097168,-33.32750701904297,65.87704467773438,89.64208984375],"legSizes":[0.42978501319885256,0.45823726058006289,0.25,0.25,0.25,0.16500148177146913,0.45949119329452517,0.24999994039535523,0.25,0.3594202399253845,0.25,0.23721110820770265,0.24999994039535523,0.24999994039535523,0.25,0.20859825611114503,0.13713856041431428,0.25,0.24999994039535523,0.18909603357315064,0.25,0.1536666452884674,0.25,0.3721136450767517],"bodySizes":[2.0,2.0,2.0],"springs":[],"dumpers":[],"name":558,"generation":16,"distance":117.64603424072266,"reward":-131.14093017578126}]}