{"geneDatas":[{"angles":[29.911006927490236,5.778572082519531,55.5183219909668,55.74580383300781,9.368097305297852,-39.365013122558597,9.260251998901368,29.524038314819337,53.0032958984375,-42.39038848876953,-30.57160186767578,35.698856353759769,-19.898963928222658,-48.87937927246094,-35.40741729736328,-57.223602294921878,21.715892791748048,-31.05591583251953,49.93482208251953,-45.074615478515628,36.251617431640628,40.89820861816406,-48.95808410644531,22.92872428894043,43.68809509277344,2.3832969665527345,46.087318420410159,-56.93778991699219,10.583030700683594,7.583648681640625,-12.758697509765625,-22.483686447143556,-0.4307060241699219,-39.68260192871094,54.5546875,1.2264976501464844,-38.286468505859378,-23.215591430664064,58.440216064453128,21.775243759155275,-26.905237197875978,58.19784164428711,35.329986572265628,23.746061325073243,40.15563201904297,47.85039520263672,-25.876014709472658,-18.99051856994629,12.338340759277344,4.741323471069336,37.62335205078125,-6.2675933837890629,-43.5655517578125,-8.802459716796875,49.24501037597656,53.41820526123047,-45.410011291503909,8.912252426147461,36.665740966796878,37.662689208984378,-58.407981872558597,-53.70599365234375,-54.842559814453128,-48.07335662841797,-13.415071487426758,23.960866928100587,-20.158945083618165,-22.286603927612306,38.72932434082031,34.36514663696289,-21.223892211914064,-51.16792297363281,50.10710906982422,-41.697967529296878,-34.931976318359378,10.276344299316407,-59.705718994140628,-19.14996337890625,-55.449241638183597,45.560001373291019],"legSizes":[0.3560203015804291,0.22012799978256226,0.2687625288963318,0.24052360653877259,0.3972260057926178,0.454010546207428,0.19018322229385377,0.19141073524951936,0.4413693845272064,0.25773388147354128,0.2927249073982239,0.390230655670166,0.4933357238769531,0.1676843762397766,0.1437891125679016,0.4459008574485779,0.34294742345809939,0.17127284407615663,0.18259020149707795,0.2978721261024475,0.45489341020584109,0.4157329201698303,0.3610230088233948,0.3075560927391052],"bodySizes":[2.0713024139404299,2.1746418476104738,1.776064157485962],"springs":[],"dumpers":[],"name":5951,"generation":169,"distance":34.07258605957031,"reward":-68.87361145019531},{"angles":[27.957670211791993,39.0142822265625,-55.08403015136719,1.162628173828125,-43.362281799316409,23.51008415222168,-24.57616424560547,45.64297103881836,26.740921020507814,-22.22047233581543,58.71631622314453,18.37006950378418,-36.289215087890628,23.005657196044923,-35.40741729736328,-29.30188751220703,-14.871917724609375,-31.05591583251953,49.93482208251953,36.991981506347659,-8.518701553344727,34.165103912353519,1.2701873779296876,22.92872428894043,43.68809509277344,54.89537811279297,46.087318420410159,-56.93778991699219,51.37452697753906,7.583648681640625,-12.758697509765625,28.55215072631836,-33.58219909667969,-39.68260192871094,54.5546875,1.2264976501464844,-42.8157958984375,-23.215591430664064,58.440216064453128,56.43087387084961,-26.905237197875978,58.19784164428711,35.329986572265628,4.60380744934082,47.82832336425781,-40.209434509277347,-25.876014709472658,-18.99051856994629,-2.368762969970703,-44.18035888671875,37.62335205078125,-6.2675933837890629,-43.5655517578125,-8.802459716796875,49.24501037597656,53.41820526123047,-0.8818893432617188,8.912252426147461,36.665740966796878,-26.4957275390625,-58.407981872558597,-53.70599365234375,-54.842559814453128,42.21037292480469,-13.415071487426758,23.960866928100587,-20.158945083618165,-22.286603927612306,38.72932434082031,40.045936584472659,38.190834045410159,-18.267166137695314,59.50116729736328,43.79755401611328,46.308502197265628,-45.0382080078125,-59.705718994140628,38.731300354003909,-33.680747985839847,-55.10889434814453],"legSizes":[0.48136788606643679,0.1625848412513733,0.4031871259212494,0.16702818870544434,0.3972260057926178,0.47158879041671755,0.4260120987892151,0.19141073524951936,0.3810030519962311,0.473054975271225,0.20534655451774598,0.42539677023887637,0.10457267612218857,0.1676843762397766,0.35049957036972048,0.4459008574485779,0.13025227189064027,0.4522154927253723,0.48739394545555117,0.15233954787254334,0.11514057964086533,0.25622856616973879,0.4789462685585022,0.3396033048629761],"bodySizes":[2.0241217613220217,1.9974042177200318,1.9787338972091675],"springs":[],"dumpers":[],"name":5951,"generation":169,"distance":34.07258605957031,"reward":-70.13957977294922},{"angles":[27.957670211791993,-30.41889762878418,14.829460144042969,30.900360107421876,-22.62865447998047,23.51008415222168,25.497722625732423,23.64276123046875,26.740921020507814,-28.905136108398439,45.69343948364258,11.763917922973633,-14.581382751464844,23.005657196044923,-35.40741729736328,24.155242919921876,21.715892791748048,52.121612548828128,46.267791748046878,36.991981506347659,39.104061126708987,27.67761993408203,7.5948638916015629,22.92872428894043,-34.275970458984378,2.3832969665527345,6.781562805175781,-56.93778991699219,51.37452697753906,7.583648681640625,-56.74291229248047,28.55215072631836,-33.022300720214847,-2.861858367919922,21.546634674072267,1.2264976501464844,-42.8157958984375,-21.438982009887697,58.440216064453128,19.753616333007814,-34.990150451660159,-17.39381217956543,-46.550148010253909,-36.691261291503909,-51.984169006347659,-41.42546844482422,-18.297592163085939,-27.548295974731447,-21.671411514282228,37.011207580566409,37.62335205078125,54.96893310546875,29.66407012939453,-31.765077590942384,-53.883888244628909,53.41820526123047,0.211578369140625,8.912252426147461,36.665740966796878,-26.4957275390625,-58.407981872558597,-2.390636444091797,-54.842559814453128,-20.059310913085939,-35.67316436767578,24.986270904541017,-20.158945083618165,-22.50733184814453,38.72932434082031,34.36514663696289,-21.223892211914064,30.630966186523439,50.10710906982422,43.79755401611328,-34.931976318359378,10.276344299316407,-59.705718994140628,38.731300354003909,-55.449241638183597,45.560001373291019],"legSizes":[0.3146374523639679,0.1625848412513733,0.2687625288963318,0.3070789575576782,0.3972260057926178,0.454010546207428,0.4260120987892151,0.19141073524951936,0.32030898332595827,0.45331525802612307,0.48528894782066347,0.4228317141532898,0.11824264377355576,0.4438331723213196,0.30429574847221377,0.24691617488861085,0.28987163305282595,0.4479750096797943,0.36290091276168826,0.2978721261024475,0.45489341020584109,0.28384116291999819,0.340549111366272,0.4573853611946106],"bodySizes":[2.0974602699279787,2.1535651683807375,1.7710802555084229],"springs":[],"dumpers":[],"name":5951,"generation":169,"distance":34.07258605957031,"reward":-83.93035125732422}]}