{"geneDatas":[{"angles":[-0.2662239074707031,40.814292907714847,-6.263975143432617,-8.248764038085938,-4.437524795532227,-23.92391014099121,29.27754783630371,-11.873781204223633,-10.53343391418457,22.366287231445314,4.916473388671875,-22.043617248535158,-8.244216918945313,-3.799060821533203,0.666839599609375,-4.74913215637207,-7.436906814575195,-32.22810363769531,10.241167068481446,-10.799896240234375,-16.71912384033203,47.837791442871097,17.384145736694337,-37.556365966796878,14.956306457519532,-7.30070686340332,31.09828758239746,-11.150156021118164,8.344152450561524,44.36578369140625,31.205419540405275,45.70133590698242,-12.90223503112793,56.403236389160159,-22.70299530029297,-29.217445373535158,-0.89801025390625,-51.74310302734375,59.36455535888672,38.00328063964844,-17.361310958862306,-36.59480285644531,-33.0919189453125,35.08313751220703,59.53778839111328,-31.392446517944337,-43.66980743408203,-55.629371643066409,52.467185974121097,-26.74411964416504,52.29119873046875,-36.025115966796878,-41.194366455078128,-1.7974739074707032,-26.646589279174806,46.23284149169922,42.47895050048828,37.23358154296875,-43.20631408691406,3.6422195434570314,-52.200096130371097,2.6300888061523439,-3.474964141845703,57.6866455078125,-14.799835205078125,30.188711166381837,-42.28770446777344,-1.9102249145507813,22.006772994995118,19.893033981323243,-28.700889587402345,57.044578552246097,-35.57775115966797,-37.920928955078128,-12.55426025390625,-10.272253036499024,14.486440658569336,-42.237709045410159,-14.098127365112305,-38.14324188232422],"legSizes":[0.2572857737541199,0.48277029395103457,0.38990306854248049,0.11463308334350586,0.42337077856063845,0.2984463572502136,0.1724512130022049,0.22578632831573487,0.43601447343826296,0.13515730202198029,0.2917472720146179,0.32605618238449099,0.3972408175468445,0.36823901534080508,0.4145876467227936,0.4577164053916931,0.1296880841255188,0.3156793415546417,0.11449022591114044,0.10031399875879288,0.39823222160339358,0.10793104022741318,0.37146276235580447,0.2220638543367386],"bodySizes":[2.1965065002441408,1.5740116834640504,2.3139264583587648],"springs":[],"dumpers":[],"name":30045,"generation":861,"distance":43.505088806152347,"reward":-43.505088806152347},{"angles":[-0.2662239074707031,40.814292907714847,-25.955923080444337,-25.22420310974121,15.545352935791016,-14.110015869140625,-26.344894409179689,36.90193176269531,-10.53343391418457,22.366287231445314,4.916473388671875,57.41436767578125,-8.244216918945313,-3.799060821533203,0.666839599609375,-4.74913215637207,-7.436906814575195,-32.22810363769531,-12.381454467773438,-10.799896240234375,-16.71912384033203,47.837791442871097,17.384145736694337,-2.103057861328125,-9.512664794921875,-7.30070686340332,44.054603576660159,-11.150156021118164,8.344152450561524,44.36578369140625,31.205419540405275,25.678922653198243,-12.90223503112793,56.403236389160159,-22.70299530029297,-13.710214614868164,-24.10059356689453,-10.439237594604493,43.24909973144531,38.00328063964844,-17.361310958862306,31.18547821044922,-33.0919189453125,32.99028015136719,59.53778839111328,-31.392446517944337,-43.66980743408203,-55.629371643066409,-6.11085319519043,-26.74411964416504,52.29119873046875,-36.025115966796878,-41.194366455078128,25.713558197021486,-26.646589279174806,46.23284149169922,42.47895050048828,37.23358154296875,-43.20631408691406,59.10963439941406,-52.200096130371097,18.799407958984376,-3.474964141845703,57.6866455078125,-22.09943389892578,30.188711166381837,-42.28770446777344,-54.55171203613281,-40.481712341308597,19.893033981323243,-51.17723083496094,-40.6837158203125,-35.57775115966797,-37.920928955078128,-22.527070999145509,-35.961082458496097,14.486440658569336,-42.237709045410159,17.556896209716798,-38.14324188232422],"legSizes":[0.3627857565879822,0.10293450206518173,0.38990306854248049,0.11463308334350586,0.4426237642765045,0.2984463572502136,0.1724512130022049,0.22578632831573487,0.43601447343826296,0.3705204427242279,0.2917472720146179,0.32605618238449099,0.4388121962547302,0.21847489476203919,0.4145876467227936,0.4577164053916931,0.3175649046897888,0.2210046648979187,0.11449022591114044,0.10031399875879288,0.24145296216011048,0.3927026689052582,0.1731456220149994,0.2220638543367386],"bodySizes":[2.2023465633392336,1.5781967639923096,2.3016703128814699],"springs":[],"dumpers":[],"name":30045,"generation":861,"distance":43.505088806152347,"reward":-61.047874450683597},{"angles":[22.079498291015626,40.814292907714847,-6.263975143432617,-25.22420310974121,15.545352935791016,-23.92391014099121,-26.344894409179689,-29.3382511138916,53.813865661621097,-51.168365478515628,4.916473388671875,57.41436767578125,-23.263343811035158,8.914224624633789,-52.09546661376953,53.330711364746097,39.2562255859375,10.923393249511719,33.39750671386719,-10.799896240234375,-16.71912384033203,47.837791442871097,51.03544235229492,-47.40440368652344,-9.512664794921875,39.63094711303711,44.054603576660159,-11.150156021118164,8.344152450561524,44.36578369140625,31.205419540405275,25.678922653198243,-12.90223503112793,56.403236389160159,-7.835020065307617,-29.217445373535158,-24.10059356689453,-51.74310302734375,43.24909973144531,38.00328063964844,-17.361310958862306,31.18547821044922,-33.0919189453125,32.99028015136719,59.53778839111328,-31.392446517944337,-43.66980743408203,-55.629371643066409,-42.61595153808594,-43.988067626953128,36.09281921386719,8.245475769042969,-41.194366455078128,-29.141286849975587,-26.646589279174806,33.27841567993164,-27.971099853515626,44.11030578613281,-43.20631408691406,-8.757797241210938,8.077690124511719,2.6300888061523439,-47.31719970703125,48.28160858154297,2.3922500610351564,-0.2488861083984375,16.930028915405275,-6.2389678955078129,-11.89306640625,14.36041259765625,37.605857849121097,-20.771705627441408,24.53902244567871,-5.781349182128906,-31.082496643066408,21.301616668701173,6.569887161254883,1.7175941467285157,9.466461181640625,-41.89045715332031],"legSizes":[0.2572857737541199,0.48277029395103457,0.38990306854248049,0.11463308334350586,0.29110410809516909,0.2984463572502136,0.1724512130022049,0.1162450835108757,0.43601447343826296,0.3705204427242279,0.2917472720146179,0.13381704688072205,0.4388121962547302,0.21847489476203919,0.46015849709510805,0.22926205396652223,0.41328293085098269,0.40114444494247439,0.3182375729084015,0.10031399875879288,0.25391480326652529,0.3927026689052582,0.31627896428108218,0.23463937640190125],"bodySizes":[2.250498056411743,1.6127018928527833,2.2042315006256105],"springs":[],"dumpers":[],"name":30045,"generation":861,"distance":43.505088806152347,"reward":-61.5152473449707}]}