{"geneDatas":[{"angles":[18.3072566986084,-42.08831024169922,42.86554718017578,-26.17218780517578,54.11414337158203,-46.29308319091797,50.381195068359378,-7.037939071655273,-0.2781410217285156,49.39271545410156,-8.379884719848633,-8.511606216430664,-43.327247619628909,-50.28406524658203,-58.55787658691406,50.34754943847656,38.30317687988281,50.83026123046875,-12.223785400390625,-55.25938415527344,-27.8242130279541,-10.860506057739258,12.499658584594727,-57.850440979003909,22.119253158569337,-15.649057388305664,58.12774658203125,-31.26251220703125,-10.774576187133789,7.781059265136719,14.439834594726563,-25.05169677734375,-15.333686828613282,-24.576021194458009,54.76374053955078,-22.414018630981447,-12.760643005371094,4.1501922607421879,41.22279357910156,54.70893859863281,34.62359619140625,55.19817352294922,48.75933837890625,24.500255584716798,-1.1777191162109376,-11.745277404785157,-51.080406188964847,-46.12855529785156,54.076080322265628,-6.639810562133789,-18.37605857849121,-44.603187561035159,-39.12754821777344,-8.350488662719727,-13.047830581665039,-24.697546005249025,30.265859603881837,-54.953643798828128,26.527217864990236,55.605308532714847,44.189483642578128,-46.867515563964847,25.745040893554689,55.9324951171875,12.63923454284668,17.987821578979493,23.424495697021486,-40.954498291015628,-39.012977600097659,-45.03642272949219,-56.895530700683597,-0.014270782470703125,-29.154014587402345,38.0906982421875,-50.303924560546878,-45.345794677734378,-8.8477783203125,-49.79673767089844,-43.31834411621094,28.595409393310548],"legSizes":[0.2365538775920868,0.4638203978538513,0.16139370203018189,0.12336897850036621,0.41139739751815798,0.2010766863822937,0.3172593414783478,0.34147387742996218,0.24616602063179017,0.44211965799331667,0.4650050103664398,0.4247387945652008,0.29106849431991579,0.11105699837207794,0.18738313019275666,0.3668840825557709,0.17594647407531739,0.18140216171741486,0.47208237648010256,0.293732225894928,0.2236141562461853,0.4327007234096527,0.1867954283952713,0.4863348603248596],"bodySizes":[2.248598098754883,2.969764232635498,1.1979984045028687],"springs":[],"dumpers":[],"name":14247,"generation":412,"distance":26.255868911743165,"reward":-31.353525161743165},{"angles":[25.27822494506836,-42.08831024169922,42.86554718017578,-26.17218780517578,54.11414337158203,-46.29308319091797,50.381195068359378,-7.037939071655273,-0.2781410217285156,49.39271545410156,-8.379884719848633,31.34203338623047,-43.327247619628909,-50.28406524658203,-58.55787658691406,50.34754943847656,38.30317687988281,50.83026123046875,-12.223785400390625,-55.25938415527344,-27.8242130279541,-10.860506057739258,-2.8237648010253908,-57.850440979003909,22.119253158569337,-15.649057388305664,58.12774658203125,-31.26251220703125,-10.774576187133789,7.781059265136719,14.439834594726563,-25.05169677734375,-15.333686828613282,-24.576021194458009,54.76374053955078,-22.414018630981447,-12.760643005371094,4.1501922607421879,41.22279357910156,54.70893859863281,34.62359619140625,55.19817352294922,48.75933837890625,24.500255584716798,-1.1777191162109376,-11.745277404785157,-51.080406188964847,-46.12855529785156,30.712764739990236,-6.639810562133789,-18.37605857849121,-44.603187561035159,-39.12754821777344,-8.350488662719727,-13.047830581665039,-24.697546005249025,30.265859603881837,-54.953643798828128,30.507644653320314,55.605308532714847,44.189483642578128,-46.867515563964847,25.745040893554689,55.9324951171875,-13.743659973144532,17.987821578979493,23.424495697021486,-40.954498291015628,-39.012977600097659,-45.03642272949219,-56.895530700683597,-0.014270782470703125,-48.021514892578128,17.43817710876465,52.2535514831543,57.00715637207031,-21.66571807861328,13.406204223632813,4.410375595092773,6.184309005737305],"legSizes":[0.37398761510849,0.36551791429519656,0.28263723850250246,0.12336897850036621,0.41139739751815798,0.2010766863822937,0.3172593414783478,0.3054775595664978,0.22558072209358216,0.3137165904045105,0.3929477632045746,0.1447373330593109,0.41007646918296816,0.2813628017902374,0.153822660446167,0.4243563115596771,0.22027608752250672,0.49512729048728945,0.3128000497817993,0.22669237852096559,0.2524097263813019,0.3755520284175873,0.48387908935546877,0.45553821325302126],"bodySizes":[2.043917179107666,2.6994385719299318,1.4499506950378419],"springs":[],"dumpers":[],"name":14247,"generation":412,"distance":26.255868911743165,"reward":-55.080692291259769},{"angles":[18.3072566986084,21.781810760498048,58.396568298339847,-26.17218780517578,41.559722900390628,-58.55835723876953,42.17036437988281,-29.992942810058595,19.77593231201172,49.39271545410156,49.622711181640628,-3.4300575256347658,-43.327247619628909,51.781837463378909,-34.32964324951172,50.34754943847656,50.03388214111328,5.014307022094727,13.636743545532227,9.9942626953125,-27.8242130279541,-10.860506057739258,-18.81568145751953,38.87017059326172,22.119253158569337,-15.649057388305664,53.72105407714844,12.742944717407227,-10.774576187133789,38.83685302734375,14.439834594726563,-30.60906982421875,-24.902122497558595,-26.878860473632814,54.76374053955078,20.159282684326173,-56.15998077392578,-16.31104278564453,49.88063049316406,34.806060791015628,34.62359619140625,-42.39826965332031,44.307289123535159,-31.321319580078126,-16.39605712890625,-11.745277404785157,-51.080406188964847,-46.12855529785156,54.076080322265628,-6.639810562133789,-18.37605857849121,-44.603187561035159,-39.12754821777344,-8.350488662719727,-13.047830581665039,-24.697546005249025,30.265859603881837,-54.953643798828128,26.527217864990236,55.605308532714847,44.189483642578128,-46.867515563964847,11.673582077026368,55.9324951171875,12.63923454284668,17.987821578979493,23.424495697021486,-40.954498291015628,-39.012977600097659,-45.03642272949219,-56.895530700683597,-0.014270782470703125,-29.154014587402345,6.605466842651367,-50.303924560546878,-5.166742324829102,13.547452926635743,-49.79673767089844,-43.31834411621094,28.595409393310548],"legSizes":[0.37398761510849,0.4638203978538513,0.49524179100990298,0.12336897850036621,0.41139739751815798,0.2010766863822937,0.16663074493408204,0.23252037167549134,0.24616602063179017,0.27662020921707156,0.4650050103664398,0.4247387945652008,0.29411154985427859,0.24059422314167024,0.18738313019275666,0.24968460202217103,0.17594647407531739,0.18140216171741486,0.47208237648010256,0.293732225894928,0.2236141562461853,0.4327007234096527,0.1867954283952713,0.4863348603248596],"bodySizes":[2.1500415802001955,2.6893374919891359,1.3835594654083253],"springs":[],"dumpers":[],"name":14247,"generation":412,"distance":26.255868911743165,"reward":-73.06901550292969}]}