{"geneDatas":[{"angles":[80.41108703613281,-0.5465774536132813,50.12690734863281,-45.74127960205078,-37.58782196044922,13.633026123046875,-12.677000045776368,-18.977815628051759,26.740921020507814,-0.7484512329101563,53.56773376464844,27.905385971069337,-27.68412208557129,21.701828002929689,-46.61274719238281,-57.769744873046878,-46.362205505371097,3.5854835510253908,38.95140838623047,-29.12353515625,20.651418685913087,-33.71033477783203,-33.17500305175781,-27.44725799560547,-10.215545654296875,56.870269775390628,47.1658935546875,-56.97235107421875,-38.27490997314453,7.583648681640625,8.785593032836914,10.026748657226563,-2.643218994140625,-9.602571487426758,-13.36265754699707,-49.831321716308597,5.02311897277832,-44.84107208251953,34.48006057739258,48.500587463378909,-25.04108238220215,-17.39381217956543,41.1492919921875,-45.79380798339844,85.06039428710938,11.966207504272461,-25.876014709472658,43.08723449707031,6.4294281005859379,-37.87886047363281,-45.835350036621097,52.09870147705078,-27.308929443359376,4.177543640136719,49.24501037597656,53.41820526123047,21.963071823120118,7.322639465332031,36.665740966796878,37.52684783935547,-59.380706787109378,-1.890472412109375,-54.842559814453128,-30.37042999267578,18.760969161987306,-48.856231689453128,38.76844787597656,1.8152122497558594,52.93304443359375,-25.89164924621582,8.572935104370118,36.877540588378909,-30.175064086914064,13.466598510742188,-52.70539093017578,-5.291038513183594,-34.399208068847659,-56.240875244140628,-41.05589294433594,45.560001373291019],"legSizes":[0.3578730523586273,0.37140050530433657,0.186366468667984,0.1075497642159462,0.42824554443359377,0.30611103773117068,0.20379693806171418,0.12373810261487961,0.24430930614471436,0.3491690754890442,0.3671943247318268,0.2527180016040802,0.3644274175167084,0.2957935631275177,0.302314817905426,0.11142444610595703,0.17253413796424867,0.17127284407615663,0.42934125661849978,0.24108096957206727,0.4785797595977783,0.10694628208875656,0.25,0.25],"bodySizes":[1.9796680212020875,1.9630811214447022,2.058540105819702],"springs":[],"dumpers":[],"name":2658,"generation":83,"distance":31.868309020996095,"reward":-13.268455505371094},{"angles":[-49.56622314453125,17.255613327026368,-1.8660659790039063,7.88789176940918,-37.58782196044922,1.3933982849121094,-33.28535461425781,-18.977815628051759,26.740921020507814,-36.84065246582031,33.76692199707031,27.905385971069337,-27.68412208557129,21.701828002929689,-46.61274719238281,57.083717346191409,-46.362205505371097,3.5854835510253908,38.95140838623047,-29.12353515625,-56.51069641113281,-33.71033477783203,-33.17500305175781,-27.44725799560547,-10.215545654296875,56.870269775390628,47.1658935546875,52.90935516357422,-38.27490997314453,7.583648681640625,8.785593032836914,10.026748657226563,-2.643218994140625,-9.602571487426758,-13.36265754699707,-49.831321716308597,5.02311897277832,-44.84107208251953,34.48006057739258,48.500587463378909,-25.04108238220215,-21.014808654785158,41.1492919921875,-45.79380798339844,85.06039428710938,11.966207504272461,-25.876014709472658,43.08723449707031,6.4294281005859379,-37.87886047363281,-45.835350036621097,45.83525848388672,-27.308929443359376,4.177543640136719,58.419883728027347,53.41820526123047,21.963071823120118,7.322639465332031,36.665740966796878,37.52684783935547,-59.380706787109378,-1.890472412109375,-54.842559814453128,-30.37042999267578,18.760969161987306,-48.856231689453128,38.76844787597656,1.8152122497558594,52.93304443359375,-25.89164924621582,8.572935104370118,36.877540588378909,-30.175064086914064,13.466598510742188,-52.70539093017578,-5.291038513183594,-29.84117889404297,-56.240875244140628,-31.727201461791993,45.560001373291019],"legSizes":[0.42257970571517947,0.37140050530433657,0.30405882000923159,0.17359980940818788,0.42824554443359377,0.30611103773117068,0.21772511303424836,0.12373810261487961,0.24430930614471436,0.3491690754890442,0.3671943247318268,0.2527180016040802,0.3644274175167084,0.2957935631275177,0.302314817905426,0.11142444610595703,0.1616409420967102,0.17127284407615663,0.18639978766441346,0.24108096957206727,0.4785797595977783,0.10694628208875656,0.25,0.25],"bodySizes":[1.7594023942947388,1.8543699979782105,2.4520444869995119],"springs":[],"dumpers":[],"name":2658,"generation":83,"distance":31.868309020996095,"reward":-20.464473724365236},{"angles":[37.2426643371582,-0.5465774536132813,-7.959129333496094,7.88789176940918,-8.036834716796875,13.643508911132813,42.02751159667969,-18.977815628051759,26.740921020507814,-0.7484512329101563,53.56773376464844,33.99550247192383,-27.68412208557129,49.72623825073242,-46.61274719238281,-57.769744873046878,-31.10100555419922,-15.172296524047852,38.95140838623047,-29.12353515625,20.651418685913087,-33.71033477783203,-33.17500305175781,-36.550140380859378,-10.215545654296875,5.078681945800781,47.1658935546875,-56.97235107421875,-6.30943489074707,7.583648681640625,-40.34484100341797,-2.993053436279297,-2.643218994140625,2.204540252685547,44.98931121826172,-42.96003723144531,5.02311897277832,-1.1267776489257813,-18.457725524902345,-52.40534210205078,-25.04108238220215,-17.39381217956543,41.1492919921875,-45.79380798339844,16.063398361206056,-30.292198181152345,-25.876014709472658,-32.506370544433597,6.4294281005859379,46.99689483642578,-45.835350036621097,52.09870147705078,-27.308929443359376,4.177543640136719,49.24501037597656,48.26361083984375,21.963071823120118,-56.417396545410159,36.665740966796878,24.85791015625,-59.380706787109378,37.49705123901367,-54.842559814453128,-30.37042999267578,4.268440246582031,-43.20512390136719,38.76844787597656,36.46192169189453,52.93304443359375,-25.89164924621582,8.572935104370118,36.877540588378909,-0.15636062622070313,13.466598510742188,-52.70539093017578,-5.291038513183594,-12.414831161499024,-56.240875244140628,-41.05589294433594,45.560001373291019],"legSizes":[0.43513911962509158,0.37140050530433657,0.20527222752571107,0.1075497642159462,0.42824554443359377,0.3864039480686188,0.3226928114891052,0.13137871026992799,0.24430930614471436,0.3491690754890442,0.36057329177856448,0.17876262962818147,0.3644274175167084,0.19036275148391725,0.302314817905426,0.3725191652774811,0.2436581403017044,0.41922298073768618,0.18639978766441346,0.3834824562072754,0.4785797595977783,0.10694628208875656,0.25,0.25],"bodySizes":[1.9567692279815674,1.953370213508606,2.0929834842681886],"springs":[],"dumpers":[],"name":2658,"generation":83,"distance":31.868309020996095,"reward":-65.34522247314453}]}