{"geneDatas":[{"angles":[25.27822494506836,-55.622474670410159,-19.254776000976564,9.854101181030274,-32.086875915527347,3.3143310546875,-17.139808654785158,-29.992942810058595,19.77593231201172,-31.594205856323243,49.622711181640628,-3.4300575256347658,29.377025604248048,51.781837463378909,-34.32964324951172,50.34754943847656,34.82621765136719,33.82967758178711,13.636743545532227,9.9942626953125,-27.8242130279541,-10.860506057739258,44.93658447265625,38.87017059326172,12.805458068847657,-15.649057388305664,53.72105407714844,12.742944717407227,-10.774576187133789,38.83685302734375,14.439834594726563,-30.60906982421875,-9.417121887207032,-21.10078239440918,32.47514343261719,-16.054624557495118,-56.15998077392578,4.1501922607421879,41.22279357910156,54.70893859863281,34.62359619140625,10.885726928710938,44.307289123535159,-28.42474365234375,46.238407135009769,-55.338035583496097,-51.080406188964847,-14.037271499633789,56.072601318359378,-6.639810562133789,-18.37605857849121,-25.162187576293947,-41.029945373535159,-52.479888916015628,-36.5123291015625,59.708030700683597,-2.9809226989746095,29.005447387695314,24.62403678894043,50.335479736328128,-30.173049926757814,-28.525047302246095,49.78832244873047,-12.597375869750977,-31.631528854370118,-0.6660957336425781,23.424495697021486,-40.954498291015628,-39.012977600097659,-45.03642272949219,-56.895530700683597,-0.014270782470703125,-29.154014587402345,-29.975173950195314,-29.116050720214845,-54.61534118652344,-8.8477783203125,-38.43988800048828,33.01032257080078,-59.25526428222656],"legSizes":[0.3358984589576721,0.36551791429519656,0.41195231676101687,0.12336897850036621,0.41139739751815798,0.3374539017677307,0.3122853934764862,0.17643213272094727,0.3266715705394745,0.44211965799331667,0.30770161747932436,0.20435136556625367,0.29398518800735476,0.21126607060432435,0.26525428891181948,0.1736619472503662,0.17594647407531739,0.21091768145561219,0.47208237648010256,0.3871486186981201,0.18945008516311646,0.29308825731277468,0.3528369069099426,0.2862853705883026],"bodySizes":[1.7345616817474366,2.5082106590270998,1.838807463645935],"springs":[],"dumpers":[],"name":14648,"generation":421,"distance":36.278099060058597,"reward":-36.878684997558597},{"angles":[25.27822494506836,-55.622474670410159,-19.254776000976564,9.854101181030274,54.11414337158203,3.3143310546875,-17.139808654785158,-29.992942810058595,19.77593231201172,53.38114929199219,49.622711181640628,-3.4300575256347658,-43.327247619628909,31.865156173706056,-58.55787658691406,17.357954025268556,50.03388214111328,5.014307022094727,-12.223785400390625,9.9942626953125,-27.8242130279541,-10.860506057739258,-34.152000427246097,18.80913543701172,22.119253158569337,-15.649057388305664,48.53107452392578,12.742944717407227,-10.774576187133789,-10.560943603515625,14.439834594726563,-38.601768493652347,-24.902122497558595,-26.878860473632814,54.76374053955078,20.159282684326173,-51.66938781738281,4.1501922607421879,41.22279357910156,54.70893859863281,34.62359619140625,10.885726928710938,44.307289123535159,-28.42474365234375,46.238407135009769,-55.338035583496097,-51.080406188964847,-14.037271499633789,56.072601318359378,-6.639810562133789,-18.37605857849121,-25.162187576293947,-50.211341857910159,-52.479888916015628,-36.5123291015625,59.708030700683597,-2.9809226989746095,38.73136901855469,24.62403678894043,50.335479736328128,-30.173049926757814,-28.525047302246095,49.78832244873047,-12.597375869750977,-31.631528854370118,-0.6660957336425781,23.424495697021486,-40.954498291015628,-39.012977600097659,-45.03642272949219,-56.895530700683597,-0.014270782470703125,-29.154014587402345,-42.06733703613281,-29.116050720214845,-54.61534118652344,-6.954153060913086,-38.43988800048828,33.01032257080078,-59.25526428222656],"legSizes":[0.2508586645126343,0.36551791429519656,0.1724690943956375,0.1653127670288086,0.3226451277732849,0.13834019005298615,0.2922287583351135,0.17643213272094727,0.22368982434272767,0.4286370277404785,0.15287670493125916,0.4247387945652008,0.32832491397857668,0.2813628017902374,0.20840927958488465,0.1515330821275711,0.20348519086837769,0.21091768145561219,0.47208237648010256,0.3871486186981201,0.18945008516311646,0.29308825731277468,0.21191853284835816,0.2862853705883026],"bodySizes":[1.8326997756958008,2.4001739025115969,1.8186784982681275],"springs":[],"dumpers":[],"name":14648,"generation":421,"distance":36.278099060058597,"reward":-41.16173553466797},{"angles":[25.27822494506836,-55.622474670410159,42.569175720214847,9.854101181030274,-32.086875915527347,3.3143310546875,-28.50475311279297,-29.992942810058595,19.77593231201172,49.39271545410156,39.12211608886719,-3.4300575256347658,-43.327247619628909,31.865156173706056,-52.12599182128906,17.357954025268556,50.03388214111328,-29.73409080505371,-12.223785400390625,9.9942626953125,-28.97032356262207,-10.860506057739258,-18.81568145751953,-56.80974578857422,37.76823425292969,-15.649057388305664,49.67555236816406,12.742944717407227,-10.774576187133789,22.977590560913087,-34.252281188964847,-38.601768493652347,-24.902122497558595,-26.878860473632814,54.76374053955078,20.159282684326173,-51.66938781738281,4.1501922607421879,49.88063049316406,54.70893859863281,34.62359619140625,-42.39826965332031,44.307289123535159,-5.946014404296875,-16.39605712890625,-11.745277404785157,-51.080406188964847,-46.12855529785156,38.05602264404297,-6.639810562133789,-6.9682159423828129,-44.603187561035159,19.126081466674806,-29.269546508789064,-13.047830581665039,7.634088516235352,-23.9277286529541,-54.953643798828128,26.527217864990236,55.605308532714847,44.189483642578128,-46.867515563964847,-11.838277816772461,55.9324951171875,12.63923454284668,17.987821578979493,-8.562089920043946,-45.711883544921878,-39.012977600097659,8.426979064941407,-56.895530700683597,53.573055267333987,-48.021514892578128,17.43817710876465,-27.457059860229493,-37.713401794433597,-21.66571807861328,13.406204223632813,-26.32924461364746,55.96453857421875],"legSizes":[0.37398761510849,0.36551791429519656,0.41195231676101687,0.12336897850036621,0.41139739751815798,0.4510691165924072,0.3172593414783478,0.21422269940376283,0.2489054948091507,0.44211965799331667,0.4650050103664398,0.4103379249572754,0.2770901322364807,0.1107051894068718,0.36447396874427798,0.24968460202217103,0.17594647407531739,0.22667238116264344,0.47208237648010256,0.18789181113243104,0.2236141562461853,0.4327007234096527,0.1867954283952713,0.17374201118946076],"bodySizes":[1.9519282579421998,2.441531181335449,1.6786640882492066],"springs":[],"dumpers":[],"name":14648,"generation":421,"distance":36.278099060058597,"reward":-43.285987854003909}]}