{"geneDatas":[{"angles":[80.41108703613281,-0.5465774536132813,50.12690734863281,-45.74127960205078,-37.58782196044922,18.2200927734375,-12.677000045776368,-18.977815628051759,26.740921020507814,-0.7484512329101563,53.56773376464844,27.905385971069337,-27.68412208557129,-11.696342468261719,-21.592561721801759,-57.769744873046878,-46.362205505371097,3.5854835510253908,38.95140838623047,-29.12353515625,20.651418685913087,-33.71033477783203,-33.17500305175781,-27.44725799560547,-10.215545654296875,56.870269775390628,47.1658935546875,-56.97235107421875,-38.27490997314453,7.583648681640625,8.785593032836914,-37.01200866699219,-2.643218994140625,-9.602571487426758,-13.36265754699707,-49.831321716308597,5.02311897277832,-44.84107208251953,34.48006057739258,48.500587463378909,-25.04108238220215,-17.39381217956543,41.1492919921875,-45.79380798339844,85.06039428710938,11.966207504272461,-25.876014709472658,43.08723449707031,6.4294281005859379,-37.87886047363281,-45.835350036621097,52.09870147705078,-27.308929443359376,4.177543640136719,49.24501037597656,53.41820526123047,21.963071823120118,7.322639465332031,36.665740966796878,37.52684783935547,-59.380706787109378,24.511383056640626,-54.842559814453128,-30.37042999267578,55.088111877441409,-48.856231689453128,38.76844787597656,1.8152122497558594,52.93304443359375,-25.89164924621582,8.572935104370118,6.05034065246582,-34.877044677734378,56.925514221191409,-52.70539093017578,-5.291038513183594,-34.399208068847659,-59.29417419433594,-55.247352600097659,45.560001373291019],"legSizes":[0.3578730523586273,0.37140050530433657,0.186366468667984,0.1075497642159462,0.22995145618915559,0.30611103773117068,0.20379693806171418,0.12373810261487961,0.24430930614471436,0.3491690754890442,0.3671943247318268,0.2527180016040802,0.3644274175167084,0.2957935631275177,0.302314817905426,0.11142444610595703,0.17253413796424867,0.17127284407615663,0.42934125661849978,0.24108096957206727,0.4785797595977783,0.10694628208875656,0.25,0.3192717432975769],"bodySizes":[1.9796680212020875,1.9630811214447022,2.058540105819702],"springs":[],"dumpers":[],"name":3148,"generation":119,"distance":68.97411346435547,"reward":-68.97411346435547},{"angles":[11.614730834960938,-33.60807800292969,37.18780517578125,4.425607681274414,-10.949769973754883,1.2905998229980469,8.892997741699219,-9.975091934204102,26.740921020507814,-0.7484512329101563,58.71631622314453,-54.33174133300781,-27.68412208557129,14.086610794067383,13.567163467407227,-57.769744873046878,-33.554473876953128,-17.84137535095215,46.267791748046878,47.04332733154297,-22.07152557373047,54.23021697998047,-48.406951904296878,-23.756996154785158,-10.215545654296875,12.310501098632813,50.369483947753909,-5.676475524902344,-25.64798927307129,7.583648681640625,-3.3027877807617189,-37.01200866699219,-2.643218994140625,-9.602571487426758,-13.36265754699707,-59.49250793457031,5.02311897277832,-44.84107208251953,58.440216064453128,-26.248306274414064,-14.914833068847657,-17.39381217956543,-33.55952453613281,-45.79380798339844,-38.61542510986328,-22.053672790527345,-39.14232635498047,43.08723449707031,6.4294281005859379,-37.87886047363281,11.755064010620118,52.09870147705078,-27.308929443359376,42.10588836669922,49.24501037597656,53.41820526123047,-1.6909561157226563,18.13935661315918,-54.558937072753909,49.034088134765628,-59.380706787109378,43.65238952636719,-54.842559814453128,39.488380432128909,10.802787780761719,23.960866928100587,-20.158945083618165,28.941791534423829,46.186668395996097,-25.89164924621582,8.572935104370118,6.05034065246582,2.5585784912109377,-55.546478271484378,-23.094886779785158,34.79133987426758,-34.399208068847659,-59.29417419433594,-19.67388916015625,-19.25029945373535],"legSizes":[0.14876151084899903,0.47731590270996096,0.22930625081062318,0.2963745892047882,0.46801313757896426,0.406095415353775,0.3931155800819397,0.12373810261487961,0.24430930614471436,0.3491690754890442,0.3607768416404724,0.4985446035861969,0.41887274384498598,0.3895791172981262,0.1068655475974083,0.11142444610595703,0.12611985206604005,0.3484451472759247,0.19991478323936463,0.24108096957206727,0.1361602246761322,0.10694628208875656,0.4945104718208313,0.4872725009918213],"bodySizes":[1.8879369497299195,2.0076210498809816,2.1106717586517336],"springs":[],"dumpers":[],"name":3148,"generation":119,"distance":68.97411346435547,"reward":-94.02601623535156},{"angles":[7.9081878662109379,-40.82635498046875,47.827293395996097,-45.74127960205078,10.926668167114258,18.2200927734375,54.59667205810547,-18.977815628051759,26.740921020507814,59.977500915527347,53.56773376464844,27.905385971069337,-27.68412208557129,-11.696342468261719,-45.18340301513672,-57.769744873046878,-46.362205505371097,-7.146871566772461,38.95140838623047,42.3358154296875,20.651418685913087,-39.29619598388672,-53.14274597167969,-27.44725799560547,44.61494827270508,56.870269775390628,47.1658935546875,-56.97235107421875,19.153318405151368,7.583648681640625,-40.34484100341797,-5.281913757324219,-37.661521911621097,34.54586410522461,55.16371154785156,38.70045471191406,38.722900390625,-44.84107208251953,6.685930252075195,48.500587463378909,-25.04108238220215,-17.39381217956543,41.1492919921875,-12.199752807617188,85.06039428710938,11.966207504272461,45.244171142578128,43.08723449707031,-19.7996883392334,38.482391357421878,-12.2347412109375,52.09870147705078,-16.96265411376953,4.177543640136719,49.24501037597656,53.41820526123047,21.963071823120118,-28.75986671447754,36.665740966796878,49.034088134765628,-59.380706787109378,24.511383056640626,-54.842559814453128,-35.04930114746094,21.880056381225587,-48.856231689453128,38.76844787597656,-20.043603897094728,-13.124549865722657,-57.349464416503909,8.572935104370118,35.660362243652347,-34.877044677734378,-45.74363708496094,-52.70539093017578,32.70765686035156,-6.963106155395508,-6.833230972290039,-55.247352600097659,-39.76933288574219],"legSizes":[0.3578730523586273,0.37140050530433657,0.186366468667984,0.3333030343055725,0.46801313757896426,0.37363868951797488,0.32996413111686709,0.21998751163482667,0.3810030519962311,0.3491690754890442,0.3607768416404724,0.2838187515735626,0.41887274384498598,0.3895791172981262,0.1068655475974083,0.11142444610595703,0.27506378293037417,0.3484451472759247,0.42934125661849978,0.2978721261024475,0.40008544921875,0.10694628208875656,0.29300206899642947,0.3956219255924225],"bodySizes":[1.951856017112732,1.9289965629577637,2.1247644424438478],"springs":[],"dumpers":[],"name":3148,"generation":119,"distance":68.97411346435547,"reward":-94.50593566894531}]}