{"geneDatas":[{"angles":[59.911033630371097,17.775920867919923,-13.455856323242188,11.168569564819336,42.683197021484378,-24.15593719482422,-50.84410858154297,57.313011169433597,-46.94252014160156,-42.67041015625,5.939191818237305,50.45654296875,-40.32341766357422,-3.799060821533203,-21.439783096313478,25.01838493347168,-3.2562789916992189,-5.283445358276367,-8.655616760253907,-10.799896240234375,59.768768310546878,47.837791442871097,-47.37316131591797,-35.22059631347656,14.890302658081055,-5.590446472167969,44.054603576660159,-7.6477508544921879,57.225608825683597,0.17563247680664063,31.205419540405275,45.70133590698242,-12.90223503112793,57.327545166015628,20.06037712097168,-29.217445373535158,-0.89801025390625,35.87166213989258,28.535812377929689,38.00328063964844,52.57209777832031,-15.816957473754883,-0.23874664306640626,55.398590087890628,36.640045166015628,-57.451202392578128,-49.915069580078128,-5.425437927246094,-49.43724822998047,-1.2668533325195313,34.97038269042969,-36.025115966796878,-12.559539794921875,53.95634460449219,-32.30732727050781,-49.715484619140628,-4.6120758056640629,-36.64061737060547,-49.68163299560547,-50.301902770996097,32.25146484375,-38.11363220214844,52.60369873046875,10.434873580932618,53.751686096191409,-37.854522705078128,-43.82627868652344,5.355783462524414,-32.67266845703125,-30.67608642578125,55.613807678222659,15.774991989135743,-37.036285400390628,-29.306425094604493,-19.79253387451172,47.509071350097659,31.124221801757814,46.50176239013672,-40.744232177734378,48.76750946044922],"legSizes":[0.1490095555782318,0.10608945041894913,0.287983775138855,0.28894469141960146,0.13349610567092896,0.23377330601215363,0.44099801778793337,0.22578632831573487,0.37181156873703005,0.12282481044530869,0.17849555611610413,0.13063985109329225,0.47873836755752566,0.2464928925037384,0.4952372908592224,0.27710169553756716,0.41328293085098269,0.2532801330089569,0.12124639004468918,0.10031399875879288,0.15452280640602113,0.1391044557094574,0.31627896428108218,0.36301660537719729],"bodySizes":[2.2528445720672609,1.6230151653289796,2.187943935394287],"springs":[],"dumpers":[],"name":29210,"generation":837,"distance":53.90297317504883,"reward":-54.51820755004883},{"angles":[-0.2662239074707031,40.814292907714847,-6.263975143432617,-25.22420310974121,15.545352935791016,-2.4882545471191408,-26.344894409179689,-18.684232711791993,43.835174560546878,-15.727235794067383,-8.066904067993164,-24.230323791503908,-48.41913604736328,-25.19202995300293,59.12710189819336,-34.0672607421875,-7.436906814575195,-13.878400802612305,0.9042625427246094,-10.799896240234375,-16.71912384033203,47.837791442871097,-47.37316131591797,-2.103057861328125,-47.21307373046875,-7.30070686340332,44.054603576660159,-54.98773193359375,-8.768999099731446,0.17563247680664063,31.205419540405275,45.70133590698242,52.95729064941406,-49.763404846191409,20.06037712097168,-29.217445373535158,-0.89801025390625,-51.74310302734375,43.24909973144531,38.00328063964844,24.420446395874025,-15.816957473754883,39.09062957763672,-18.09748077392578,59.53778839111328,-52.03478240966797,-43.66980743408203,-55.629371643066409,10.514566421508789,-2.395282745361328,-3.6960182189941408,-36.025115966796878,-41.194366455078128,-9.49847412109375,-42.83038330078125,46.23284149169922,-34.29652404785156,44.11030578613281,-43.20631408691406,-8.757797241210938,42.705772399902347,2.6300888061523439,14.658599853515625,9.975250244140625,-51.577117919921878,5.824663162231445,-12.120843887329102,-54.787086486816409,-55.30079650878906,-3.1441268920898439,-28.700889587402345,-32.75526428222656,14.112089157104493,-5.781349182128906,-31.082496643066408,21.301616668701173,6.31219482421875,1.7175941467285157,9.466461181640625,48.76750946044922],"legSizes":[0.2572857737541199,0.4844074845314026,0.3547218441963196,0.221084326505661,0.3376038670539856,0.12132582813501358,0.4982341229915619,0.22578632831573487,0.4915468692779541,0.11902766674757004,0.4405202865600586,0.41221433877944949,0.47873836755752566,0.2464928925037384,0.4952372908592224,0.42753171920776369,0.2867223918437958,0.2532801330089569,0.38881364464759829,0.10031399875879288,0.14690431952476502,0.3927026689052582,0.21382972598075868,0.3306114971637726],"bodySizes":[2.1887238025665285,1.6452387571334839,2.221621513366699],"springs":[],"dumpers":[],"name":29210,"generation":837,"distance":53.90297317504883,"reward":-58.82062530517578},{"angles":[-33.12602233886719,0.4963798522949219,20.033767700195314,11.168569564819336,-1.80804443359375,-5.704458236694336,-50.84410858154297,57.313011169433597,43.835174560546878,-25.156997680664064,26.35674285888672,52.40519714355469,-40.86518859863281,-3.799060821533203,-21.439783096313478,-4.74913215637207,-7.436906814575195,-35.1700439453125,53.21636962890625,-10.799896240234375,-16.71912384033203,47.837791442871097,37.812469482421878,-2.103057861328125,20.063480377197267,22.9481201171875,44.054603576660159,-27.97693634033203,8.344152450561524,0.17563247680664063,31.205419540405275,45.70133590698242,-12.90223503112793,-49.763404846191409,20.06037712097168,-29.217445373535158,-0.89801025390625,-51.74310302734375,28.535812377929689,38.00328063964844,52.57209777832031,-15.816957473754883,-0.23874664306640626,-45.435020446777347,36.640045166015628,-57.451202392578128,-49.915069580078128,-28.809980392456056,-49.43724822998047,-21.208297729492189,34.97038269042969,-36.025115966796878,-12.559539794921875,-1.0893287658691407,-32.30732727050781,46.23284149169922,-4.6120758056640629,-51.20391082763672,-49.68163299560547,-50.301902770996097,32.25146484375,-38.11363220214844,52.60369873046875,10.434873580932618,53.751686096191409,-37.854522705078128,-43.82627868652344,-7.02154541015625,-27.126724243164064,-36.6302490234375,58.19737243652344,15.774991989135743,-38.83196258544922,-18.679039001464845,-19.79253387451172,47.509071350097659,56.6162109375,10.554693222045899,-40.744232177734378,48.76750946044922],"legSizes":[0.16659465432167054,0.1233518123626709,0.3547218441963196,0.28894469141960146,0.4794970452785492,0.3074490427970886,0.44099801778793337,0.2821429371833801,0.4915468692779541,0.4843309819698334,0.4405202865600586,0.41221433877944949,0.47873836755752566,0.2464928925037384,0.4952372908592224,0.27710169553756716,0.29755574464797976,0.2532801330089569,0.12124639004468918,0.10031399875879288,0.2722393274307251,0.1391044557094574,0.31627896428108218,0.36301660537719729],"bodySizes":[2.1474995613098146,1.6623470783233643,2.2409660816192629],"springs":[],"dumpers":[],"name":29210,"generation":837,"distance":53.90297317504883,"reward":-59.56373977661133}]}