{"geneDatas":[{"angles":[27.957670211791993,-45.02764892578125,35.912174224853519,14.571111679077149,-20.42517852783203,-28.796831130981447,-5.876991271972656,23.64276123046875,-44.76499938964844,39.63170623779297,-25.94489288330078,24.296979904174806,-34.32929992675781,-54.24705505371094,-40.48308563232422,-57.223602294921878,2.3565444946289064,-48.52610778808594,4.118736267089844,38.589508056640628,-54.35054016113281,19.47927474975586,25.583221435546876,-30.299720764160158,45.132293701171878,-49.06770324707031,-30.16071891784668,-19.6794376373291,51.99810791015625,51.80622863769531,-41.81067657470703,-39.96540069580078,-21.8120174407959,-30.747283935546876,54.5546875,-2.5606651306152345,-57.839080810546878,-8.105329513549805,49.69050598144531,56.43087387084961,54.703330993652347,-20.055734634399415,-34.456756591796878,55.49726486206055,40.15563201904297,20.22246551513672,-49.766563415527347,-18.99051856994629,-8.150588989257813,10.124067306518555,37.62335205078125,-6.2675933837890629,-44.44214630126953,-15.076154708862305,49.24501037597656,53.41820526123047,15.204717636108399,-52.99835968017578,44.39225769042969,37.662689208984378,28.325841903686525,9.797492980957032,-54.842559814453128,-48.07335662841797,-13.415071487426758,0.23851776123046876,-20.158945083618165,-22.286603927612306,40.89408874511719,5.233419418334961,-41.4365234375,-25.367111206054689,-50.75730895996094,21.67005729675293,-34.931976318359378,21.525434494018556,-26.089874267578126,-38.511260986328128,-55.449241638183597,1.195587158203125],"legSizes":[0.3146374523639679,0.1625848412513733,0.27925336360931399,0.4901188910007477,0.3972260057926178,0.454010546207428,0.4830614924430847,0.3404465317726135,0.1058012992143631,0.45331525802612307,0.47686630487442019,0.31285473704338076,0.4420449137687683,0.1865123212337494,0.2387835681438446,0.47749966382980349,0.13196130096912385,0.2477346658706665,0.1527620255947113,0.18051129579544068,0.46690502762794497,0.4858444333076477,0.4031331539154053,0.24681031703948975],"bodySizes":[1.8155969381332398,2.233593702316284,1.9727243185043336],"springs":[],"dumpers":[],"name":7600,"generation":223,"distance":37.227630615234378,"reward":32.975006103515628},{"angles":[32.077857971191409,6.302682876586914,-20.149690628051759,7.3391876220703129,-30.49382781982422,23.061843872070314,-26.676612854003908,23.64276123046875,-1.5692787170410157,-1.4008941650390626,13.375688552856446,40.04663848876953,-36.289215087890628,-54.24705505371094,51.56073760986328,-57.223602294921878,-12.861249923706055,26.59596824645996,35.41196823120117,-33.997032165527347,-54.35054016113281,44.15802764892578,-31.724166870117189,7.5799713134765629,-41.682769775390628,-52.72846984863281,27.684688568115236,-43.076133728027347,45.763519287109378,51.80622863769531,37.83536911010742,13.311859130859375,-38.529052734375,-5.061485290527344,41.519065856933597,-8.55805778503418,-35.53765106201172,-23.215591430664064,56.82124328613281,48.098731994628909,-42.78025817871094,41.77056121826172,36.404884338378909,6.816251754760742,40.15563201904297,20.9798641204834,-40.828025817871097,-1.4520339965820313,-44.922454833984378,37.38121032714844,37.62335205078125,52.71017074584961,-44.44214630126953,7.9285888671875,-53.66380310058594,53.41820526123047,7.813804626464844,-50.76936340332031,-2.7037010192871095,-30.856077194213868,-58.407981872558597,-53.70599365234375,-49.816375732421878,-26.807106018066408,-17.816299438476564,0.23851776123046876,-20.158945083618165,-22.286603927612306,40.89408874511719,5.233419418334961,-41.4365234375,-38.45826721191406,-50.75730895996094,47.1473388671875,-34.931976318359378,21.525434494018556,58.12464141845703,42.040199279785159,-55.449241638183597,1.195587158203125],"legSizes":[0.4116145968437195,0.1625848412513733,0.20364901423454286,0.2961050271987915,0.2835542559623718,0.454010546207428,0.4830614924430847,0.23755553364753724,0.15397682785987855,0.4022882580757141,0.13671579957008363,0.3247326612472534,0.38602399826049807,0.1865123212337494,0.3196153938770294,0.47749966382980349,0.13196130096912385,0.37453165650367739,0.47921982407569888,0.18051129579544068,0.46690502762794497,0.2654080092906952,0.28332921862602236,0.24681031703948975],"bodySizes":[1.9626682996749879,2.1449601650238039,1.9003071784973145],"springs":[],"dumpers":[],"name":7600,"generation":223,"distance":37.227630615234378,"reward":-49.2722282409668},{"angles":[1.5703239440917969,-30.41889762878418,-13.249231338500977,48.004859924316409,50.13427734375,27.584896087646486,-54.996826171875,23.64276123046875,33.702850341796878,-28.905136108398439,-30.338401794433595,-54.720237731933597,59.210296630859378,1.3014564514160157,-54.977760314941409,-13.812067031860352,-12.861249923706055,-48.52610778808594,35.41196823120117,20.333587646484376,-54.35054016113281,19.47927474975586,-31.724166870117189,-30.299720764160158,45.132293701171878,-45.309791564941409,35.352901458740237,-9.44036865234375,45.763519287109378,51.80622863769531,21.72487449645996,13.311859130859375,38.523834228515628,-5.061485290527344,41.519065856933597,-8.55805778503418,-35.53765106201172,-21.97593879699707,56.82124328613281,48.098731994628909,-42.78025817871094,41.77056121826172,36.404884338378909,55.49726486206055,19.420665740966798,20.9798641204834,-23.40019989013672,-18.99051856994629,-44.922454833984378,10.124067306518555,37.62335205078125,-6.2675933837890629,-44.44214630126953,42.9737548828125,-36.851806640625,53.41820526123047,7.813804626464844,-50.76936340332031,-2.7037010192871095,-30.856077194213868,-58.407981872558597,-53.70599365234375,-49.816375732421878,-58.06037139892578,-30.77495002746582,-55.00525665283203,-20.158945083618165,-8.988241195678711,-40.55345153808594,51.18595886230469,1.8488273620605469,-25.367111206054689,-52.630462646484378,21.67005729675293,50.38996887207031,8.131750106811524,-26.089874267578126,22.93756103515625,5.299009323120117,1.195587158203125],"legSizes":[0.4127533435821533,0.2655254602432251,0.3667145371437073,0.3070789575576782,0.3972260057926178,0.3804856836795807,0.2170073390007019,0.1302918940782547,0.3514336943626404,0.4022882580757141,0.35728317499160769,0.3079320788383484,0.37088340520858767,0.34371259808540347,0.23290565609931947,0.4459008574485779,0.28883835673332217,0.3340302109718323,0.47921982407569888,0.43505367636680605,0.1557096540927887,0.3865912854671478,0.10693497955799103,0.24681031703948975],"bodySizes":[1.9997801780700684,2.185518980026245,1.8304301500320435],"springs":[],"dumpers":[],"name":7600,"generation":223,"distance":37.227630615234378,"reward":-65.42910766601563}]}