{"geneDatas":[{"angles":[-19.068710327148439,-3.0160560607910158,34.746463775634769,43.658836364746097,27.28663444519043,55.928924560546878,-18.300613403320314,-7.963035583496094,-24.666772842407228,-58.6656494140625,-52.711143493652347,7.380401611328125,-4.127403259277344,-41.28553771972656,-44.05902099609375,19.54773712158203,-14.10890007019043,-13.481849670410157,13.662666320800782,55.125648498535159,5.024908065795898,-10.989267349243164,-56.7283935546875,54.76163864135742,3.197601318359375,53.51673889160156,33.504608154296878,-39.45294952392578,9.597208023071289,49.413787841796878,38.484580993652347,-51.39979553222656,-21.8120174407959,-51.01300048828125,57.61180114746094,-48.25059509277344,-30.971290588378908,-0.7149925231933594,49.69050598144531,56.907203674316409,-12.975875854492188,40.41791534423828,28.14978790283203,33.540557861328128,-29.440834045410158,-8.334609985351563,-50.502418518066409,-47.18304443359375,50.41423034667969,12.74177360534668,-29.24608612060547,8.509317398071289,59.8289794921875,-38.951385498046878,9.899391174316407,-46.49137878417969,1.3732261657714844,-0.697509765625,59.811500549316409,8.549345016479493,-26.267860412597658,6.486917495727539,-49.816375732421878,-30.740846633911134,-0.9103546142578125,-34.71240234375,23.152769088745118,13.79095458984375,59.94196319580078,-33.347869873046878,-34.34087371826172,3.9182510375976564,-50.48072052001953,-55.367958068847659,-12.509414672851563,20.716022491455079,-21.66571807861328,-30.442270278930665,-42.014305114746097,28.50760269165039],"legSizes":[0.47332650423049929,0.2689718008041382,0.29684460163116457,0.4255708158016205,0.18050822615623475,0.2985941171646118,0.48078861832618716,0.2738173305988312,0.3067278265953064,0.487269788980484,0.44990476965904238,0.28643056750297549,0.4652668535709381,0.4891885221004486,0.3583291471004486,0.29944661259651186,0.35292086005210879,0.299327552318573,0.328487753868103,0.132127583026886,0.3516983389854431,0.29351675510406496,0.28332921862602236,0.4712449908256531],"bodySizes":[1.7660236358642579,2.410705327987671,1.879097819328308],"springs":[],"dumpers":[],"name":9957,"generation":284,"distance":53.2629280090332,"reward":-53.2629280090332},{"angles":[-38.084503173828128,-18.62977409362793,-46.075958251953128,43.658836364746097,27.28663444519043,55.928924560546878,-46.08631896972656,26.341581344604493,28.71674346923828,-55.352195739746097,-40.82324981689453,24.65998649597168,-40.142799377441409,-40.89518737792969,-44.05902099609375,-40.82771301269531,19.966650009155275,-13.481849670410157,43.732025146484378,7.187339782714844,-54.35054016113281,29.38988494873047,-37.390464782714847,34.65182113647461,34.73680877685547,-54.454505920410159,-49.110862731933597,-39.45294952392578,-31.192359924316408,29.460208892822267,-36.56403350830078,-28.941558837890626,-21.8120174407959,-52.83460998535156,54.5546875,-44.896873474121097,-18.242347717285158,46.92407989501953,49.69050598144531,55.971736907958987,-22.978097915649415,40.41791534423828,28.14978790283203,33.540557861328128,-29.440834045410158,-8.334609985351563,-50.502418518066409,-20.150619506835939,50.41423034667969,12.74177360534668,-29.24608612060547,-36.70149230957031,59.8289794921875,-38.951385498046878,9.899391174316407,-46.49137878417969,1.3732261657714844,7.139488220214844,29.619596481323243,8.549345016479493,-26.267860412597658,-22.857805252075197,-49.816375732421878,-43.462799072265628,2.9441299438476564,-34.71240234375,-53.50531768798828,-56.877037048339847,-48.78563690185547,56.715919494628909,-37.40233612060547,-25.367111206054689,-31.327842712402345,-55.367958068847659,25.950592041015626,20.716022491455079,12.46977424621582,26.28677749633789,42.563140869140628,-11.373102188110352],"legSizes":[0.4916440546512604,0.25836819410324099,0.3157925307750702,0.11192750930786133,0.3676833510398865,0.2090366631746292,0.4081795811653137,0.3096787631511688,0.46553903818130495,0.487269788980484,0.44990476965904238,0.28643056750297549,0.4652668535709381,0.48144739866256716,0.3583291471004486,0.1773877739906311,0.23132207989692689,0.3200644254684448,0.3744053840637207,0.21612995862960816,0.4357019364833832,0.22725218534469605,0.28332921862602236,0.4712449908256531],"bodySizes":[1.919333577156067,2.3451530933380129,1.777330994606018],"springs":[],"dumpers":[],"name":9957,"generation":284,"distance":53.2629280090332,"reward":-68.05477142333985},{"angles":[-53.110595703125,22.142227172851564,6.749061584472656,-48.27874755859375,-4.708648681640625,55.928924560546878,-13.938623428344727,48.093353271484378,8.947755813598633,0.5371627807617188,-8.379884719848633,7.380401611328125,-40.142799377441409,-46.35662841796875,-10.717901229858399,-40.82771301269531,-32.87617492675781,-13.481849670410157,13.662666320800782,7.187339782714844,-41.412132263183597,29.38988494873047,-37.390464782714847,34.65182113647461,34.73680877685547,37.02216339111328,46.97724914550781,-58.291229248046878,32.07099151611328,49.413787841796878,38.484580993652347,-51.39979553222656,-49.95489501953125,-51.88903045654297,43.20197296142578,-31.24571990966797,-18.242347717285158,21.469785690307618,49.69050598144531,55.971736907958987,-10.066329956054688,-25.832712173461915,28.14978790283203,33.540557861328128,-26.014732360839845,-15.03541374206543,-50.328285217285159,-18.04649543762207,50.41423034667969,12.74177360534668,-6.347158432006836,55.208213806152347,57.719764709472659,-44.8929443359375,38.97484588623047,-46.49137878417969,10.607521057128907,-6.300851821899414,17.601669311523439,-28.749555587768556,-33.19456481933594,20.562698364257814,-23.692853927612306,9.377325057983399,-12.418634414672852,8.589513778686524,-40.53178405761719,35.258216857910159,-47.24354553222656,-49.56396484375,1.3800086975097657,28.9139404296875,17.318199157714845,-12.240564346313477,25.950592041015626,-50.32838439941406,50.273681640625,33.98993682861328,-33.374534606933597,17.458389282226564],"legSizes":[0.35749706625938418,0.48141759634017947,0.20364901423454286,0.276760458946228,0.43522223830223086,0.11383533477783203,0.3752407133579254,0.2738173305988312,0.48658329248428347,0.25861242413520815,0.44990476965904238,0.28643056750297549,0.3353995084762573,0.48144739866256716,0.3583291471004486,0.1773877739906311,0.23132207989692689,0.2713368535041809,0.3744053840637207,0.21612995862960816,0.23910529911518098,0.29351675510406496,0.17387977242469788,0.19575843214988709],"bodySizes":[1.8881118297576905,2.4387285709381105,1.737396240234375],"springs":[],"dumpers":[],"name":9957,"generation":284,"distance":53.2629280090332,"reward":-72.20438385009766}]}