{"geneDatas":[{"angles":[-58.98271942138672,24.036352157592775,-46.075958251953128,43.658836364746097,9.932579040527344,20.9492244720459,-46.08631896972656,-37.58403015136719,28.71674346923828,-55.352195739746097,-40.82324981689453,-37.34065246582031,-45.88145446777344,-40.89518737792969,24.048139572143556,2.8037681579589845,-12.990638732910157,-13.481849670410157,44.421173095703128,38.118953704833987,54.913116455078128,29.38988494873047,7.915199279785156,34.65182113647461,23.467382431030275,-13.856470108032227,33.504608154296878,-39.45294952392578,-35.111732482910159,-44.89154052734375,38.484580993652347,-51.39979553222656,-21.8120174407959,-51.01300048828125,57.61180114746094,-48.25059509277344,-30.971290588378908,-54.646522521972659,49.69050598144531,25.261442184448243,-12.975875854492188,-55.673736572265628,52.40815734863281,33.540557861328128,-29.440834045410158,-8.334609985351563,-50.502418518066409,-47.18304443359375,50.41423034667969,9.672395706176758,-27.974103927612306,-15.13304328918457,59.8289794921875,25.46308708190918,57.015480041503909,14.301946640014649,1.3732261657714844,-51.06932067871094,59.811500549316409,8.549345016479493,-26.267860412597658,-24.1392879486084,-49.816375732421878,-30.740846633911134,-53.689666748046878,-58.61271667480469,23.152769088745118,13.79095458984375,59.94196319580078,-28.482450485229493,-34.34087371826172,28.9139404296875,17.318199157714845,24.661399841308595,25.950592041015626,21.488956451416017,-36.205963134765628,18.0376033782959,-33.374534606933597,13.55650520324707],"legSizes":[0.4916440546512604,0.30831021070480349,0.20364901423454286,0.276760458946228,0.21366102993488313,0.11383533477783203,0.28453022241592409,0.2738173305988312,0.46553903818130495,0.487269788980484,0.44990476965904238,0.38002103567123415,0.49540215730667117,0.48144739866256716,0.3583291471004486,0.46960407495498659,0.23132207989692689,0.3200644254684448,0.20374639332294465,0.21612995862960816,0.4019802212715149,0.29351675510406496,0.12469444423913956,0.32357338070869448],"bodySizes":[1.8534860610961915,2.461402416229248,1.7535494565963746],"springs":[],"dumpers":[],"name":10288,"generation":294,"distance":56.130680084228519,"reward":-56.130680084228519},{"angles":[-53.110595703125,-32.407447814941409,49.237876892089847,-48.27874755859375,-4.708648681640625,35.488155364990237,-57.011817932128909,-37.76750183105469,8.947755813598633,0.5371627807617188,-8.379884719848633,28.664587020874025,-40.142799377441409,-28.553747177124025,-26.212297439575197,-40.82771301269531,-32.87617492675781,-13.481849670410157,13.662666320800782,7.187339782714844,-41.412132263183597,-15.099014282226563,-37.390464782714847,-9.226020812988282,34.73680877685547,-56.104888916015628,-49.110862731933597,-52.40947723388672,32.07099151611328,29.460208892822267,-36.56403350830078,23.465078353881837,-21.8120174407959,-9.852210998535157,54.5546875,-44.896873474121097,-18.242347717285158,46.92407989501953,40.390289306640628,55.971736907958987,32.091705322265628,29.40283203125,53.79679870605469,33.540557861328128,-26.014732360839845,-46.958526611328128,-50.328285217285159,-18.04649543762207,50.41423034667969,12.74177360534668,-6.347158432006836,-36.70149230957031,57.719764709472659,-44.8929443359375,38.97484588623047,2.685749053955078,10.607521057128907,-6.300851821899414,29.619596481323243,-28.749555587768556,-33.19456481933594,-40.56660461425781,-23.692853927612306,9.377325057983399,-12.418634414672852,8.589513778686524,14.399133682250977,-4.757360458374023,-44.03086853027344,-49.56396484375,1.3800086975097657,28.9139404296875,17.318199157714845,-52.03169250488281,0.7463188171386719,-50.32838439941406,50.273681640625,49.04039001464844,-33.374534606933597,13.55650520324707],"legSizes":[0.15841031074523927,0.30831021070480349,0.20364901423454286,0.276760458946228,0.18639612197875977,0.48774614930152895,0.19703999161720277,0.12302546948194504,0.46553903818130495,0.27210572361946108,0.49897807836532595,0.22909089922904969,0.4652668535709381,0.327096164226532,0.18738313019275666,0.1773877739906311,0.23132207989692689,0.3200644254684448,0.3744053840637207,0.21612995862960816,0.46690502762794497,0.29351675510406496,0.17387977242469788,0.14184150099754334],"bodySizes":[1.884584665298462,1.9457907676696778,2.1816155910491945],"springs":[],"dumpers":[],"name":10288,"generation":294,"distance":56.130680084228519,"reward":-80.24922943115235},{"angles":[-19.068710327148439,-3.0160560607910158,15.370458602905274,41.234596252441409,-28.294479370117189,55.928924560546878,-37.72240447998047,51.804771423339847,-0.02198028564453125,-24.194692611694337,-16.00368309020996,55.460899353027347,-40.142799377441409,56.9609375,-44.05902099609375,-40.82771301269531,15.026304244995118,-39.170082092285159,-17.730079650878908,7.187339782714844,20.38271141052246,-34.59882354736328,-31.724166870117189,33.79005432128906,-36.99219512939453,-7.654901504516602,33.504608154296878,-39.45294952392578,9.597208023071289,-44.89154052734375,38.484580993652347,-51.39979553222656,-21.8120174407959,-51.01300048828125,57.61180114746094,-48.25059509277344,50.72943878173828,-0.7149925231933594,49.69050598144531,25.261442184448243,-12.975875854492188,-55.673736572265628,17.7835750579834,33.540557861328128,-29.440834045410158,-8.334609985351563,-50.502418518066409,-47.18304443359375,50.41423034667969,-12.610166549682618,-27.974103927612306,8.509317398071289,59.8289794921875,25.46308708190918,57.015480041503909,14.301946640014649,1.3732261657714844,-51.06932067871094,59.811500549316409,8.549345016479493,-26.267860412597658,-24.1392879486084,-49.816375732421878,-30.740846633911134,-11.012815475463868,-58.61271667480469,23.152769088745118,13.79095458984375,59.94196319580078,-28.482450485229493,-34.34087371826172,28.9139404296875,17.318199157714845,-55.367958068847659,25.950592041015626,21.488956451416017,-36.205963134765628,49.04039001464844,-33.374534606933597,13.55650520324707],"legSizes":[0.4916440546512604,0.30174076557159426,0.29684460163116457,0.18246084451675416,0.34282171726226809,0.48774614930152895,0.329115092754364,0.3498075604438782,0.46553903818130495,0.487269788980484,0.442099392414093,0.28643056750297549,0.4652668535709381,0.327096164226532,0.18738313019275666,0.48938822746276858,0.23132207989692689,0.3200644254684448,0.3744053840637207,0.21612995862960816,0.49047550559043887,0.29351675510406496,0.12469444423913956,0.32357338070869448],"bodySizes":[1.8534860610961915,2.461402416229248,1.7535494565963746],"springs":[],"dumpers":[],"name":10288,"generation":294,"distance":56.130680084228519,"reward":-82.09979248046875}]}