{"geneDatas":[{"angles":[-30.038795471191408,-14.100317001342774,-28.317413330078126,-28.550886154174806,-47.49458312988281,-56.082801818847659,52.377159118652347,-13.625600814819336,59.702552795410159,-50.977561950683597,50.52839660644531,-35.76903533935547,-49.041107177734378,-16.08672332763672,-22.630455017089845,8.755081176757813,-19.095762252807618,-57.816383361816409,37.02874755859375,-35.725921630859378,-15.304847717285157,-58.22925567626953,-27.924148559570314,-6.078178405761719,9.444643020629883,-53.680503845214847,13.186477661132813,12.610809326171875,17.24298095703125,44.85128402709961,17.882192611694337,0.6154403686523438,9.027778625488282,-20.201974868774415,54.76374053955078,-9.922836303710938,5.821929931640625,-9.631553649902344,51.56334686279297,56.65204620361328,-5.1183624267578129,-34.84503936767578,51.50779724121094,45.52073669433594,59.53778839111328,-47.56329345703125,-43.66980743408203,-28.076744079589845,7.680509567260742,6.727689743041992,13.188436508178711,20.968822479248048,-55.359405517578128,39.572021484375,-26.316984176635743,55.7252311706543,-31.09532928466797,-4.324342727661133,58.11238098144531,-34.00756072998047,40.149879455566409,-43.970130920410159,-53.550323486328128,6.537717819213867,-32.449134826660159,-25.455116271972658,4.360822677612305,-16.00525665283203,-26.141616821289064,-13.75242805480957,52.47649383544922,4.690467834472656,33.540958404541019,46.13346481323242,28.367584228515626,31.700748443603517,57.85630798339844,-21.648523330688478,-0.40010833740234377,5.9567718505859379],"legSizes":[0.4840831756591797,0.3781210482120514,0.4862433075904846,0.3078504204750061,0.4228231906890869,0.20968177914619447,0.39738965034484866,0.26989200711250307,0.13293547928333283,0.2148577868938446,0.2953316867351532,0.24145644903182984,0.33402517437934878,0.12731142342090608,0.24486196041107179,0.24942715466022492,0.18386134505271913,0.31124112010002139,0.21426203846931458,0.14687032997608186,0.4296908974647522,0.32034122943878176,0.34276124835014346,0.41630634665489199],"bodySizes":[1.797278642654419,2.0690248012542726,2.151338815689087],"springs":[],"dumpers":[],"name":20268,"generation":580,"distance":37.22561264038086,"reward":-16.83498764038086},{"angles":[-5.2847747802734379,-14.100317001342774,-42.99584197998047,11.168569564819336,-3.2317771911621095,-31.85840606689453,52.377159118652347,-5.863746643066406,24.3653564453125,-20.334142684936525,32.840179443359378,-35.76903533935547,-49.041107177734378,-17.58770179748535,-22.630455017089845,29.786823272705079,-19.095762252807618,-31.19622039794922,37.02874755859375,-35.725921630859378,-19.118621826171876,-58.22925567626953,-40.964569091796878,0.3442878723144531,-2.7470626831054689,-53.680503845214847,50.209495544433597,-12.088844299316407,39.84764099121094,44.85128402709961,17.882192611694337,0.6154403686523438,9.027778625488282,-20.201974868774415,54.76374053955078,-9.922836303710938,5.821929931640625,-9.631553649902344,51.56334686279297,56.65204620361328,-22.443273544311525,-34.84503936767578,51.50779724121094,45.52073669433594,59.53778839111328,-47.56329345703125,-43.66980743408203,-54.24134826660156,-51.50122833251953,6.727689743041992,13.188436508178711,3.057781219482422,-55.359405517578128,39.572021484375,-15.621437072753907,17.2823486328125,-31.09532928466797,43.299964904785159,-8.068735122680664,-28.586448669433595,-41.55995178222656,50.23029327392578,-12.6417236328125,4.3380889892578129,-41.231101989746097,-32.12256622314453,38.694664001464847,-16.00525665283203,-26.141616821289064,-35.60472869873047,52.47649383544922,38.71588897705078,-21.24729347229004,46.13346481323242,-26.809280395507814,57.72977828979492,22.91252899169922,51.42671203613281,58.54950714111328,-34.76939392089844],"legSizes":[0.17782551050186158,0.10920262336730957,0.4659404754638672,0.35694122314453127,0.38943952322006228,0.1925499439239502,0.39738965034484866,0.10821213573217392,0.177154541015625,0.2807564437389374,0.3005528748035431,0.43959522247314455,0.4529789090156555,0.35218119621276858,0.29076477885246279,0.23917219042778016,0.4132300019264221,0.3822181224822998,0.21426203846931458,0.2313947081565857,0.4296908974647522,0.24182474613189698,0.34276124835014346,0.1841144561767578],"bodySizes":[1.8360215425491334,2.0057380199432375,2.1723906993865969],"springs":[],"dumpers":[],"name":20268,"generation":580,"distance":37.22561264038086,"reward":-43.9819221496582},{"angles":[-30.038795471191408,-14.100317001342774,-28.317413330078126,-5.463689804077148,-3.2317771911621095,-56.082801818847659,52.377159118652347,38.42778778076172,59.702552795410159,-18.2520751953125,32.840179443359378,-35.76903533935547,-18.098953247070314,-56.316993713378909,-22.630455017089845,-0.9199104309082031,46.949012756347659,-31.19622039794922,-45.99855041503906,-46.70366668701172,-19.118621826171876,-58.22925567626953,-40.964569091796878,0.3442878723144531,9.444643020629883,-53.680503845214847,50.209495544433597,-45.441856384277347,17.24298095703125,44.85128402709961,17.882192611694337,0.6154403686523438,9.027778625488282,-20.201974868774415,54.76374053955078,-9.922836303710938,5.821929931640625,-9.631553649902344,51.56334686279297,56.65204620361328,26.463804244995118,43.751251220703128,51.50779724121094,-54.732940673828128,59.53778839111328,-47.56329345703125,-43.66980743408203,-28.076744079589845,7.680509567260742,-23.96352195739746,13.188436508178711,38.248382568359378,-17.589332580566408,-49.213714599609378,-15.621437072753907,17.2823486328125,-31.09532928466797,43.299964904785159,-8.068735122680664,-32.617279052734378,39.416015625,50.23029327392578,-12.6417236328125,4.3380889892578129,-41.231101989746097,-32.12256622314453,38.694664001464847,-16.00525665283203,-26.141616821289064,-35.60472869873047,52.47649383544922,38.71588897705078,-21.24729347229004,46.13346481323242,-19.270584106445314,57.72977828979492,40.16840362548828,51.42671203613281,58.54950714111328,-45.12062072753906],"legSizes":[0.4840831756591797,0.43032246828079226,0.4862433075904846,0.3078504204750061,0.3821500837802887,0.4601668417453766,0.39738965034484866,0.14696627855300904,0.3258568048477173,0.2807564437389374,0.4144381582736969,0.11325722187757492,0.4529789090156555,0.12731142342090608,0.1989823877811432,0.24942715466022492,0.34137213230133059,0.31124112010002139,0.380138635635376,0.293732225894928,0.3989171087741852,0.4121626913547516,0.3497408628463745,0.20432212948799134],"bodySizes":[1.808767557144165,2.0207927227020265,2.1886961460113527],"springs":[],"dumpers":[],"name":20268,"generation":580,"distance":37.22561264038086,"reward":-53.39716339111328}]}