{"geneDatas":[{"angles":[50.72068786621094,1.5160064697265626,1.2921180725097657,-36.58172607421875,1.9972915649414063,-42.6701545715332,38.47393798828125,-23.68451499938965,-16.453819274902345,-3.0708274841308595,53.56773376464844,-31.30695915222168,-27.68412208557129,16.973731994628908,-46.61274719238281,40.113525390625,-46.362205505371097,23.643798828125,6.830039978027344,53.54309844970703,-36.044227600097659,6.8855438232421879,44.50785827636719,24.23299217224121,-27.045557022094728,1.3957138061523438,26.020071029663087,47.24208068847656,-35.26678466796875,7.583648681640625,-21.657564163208009,-27.823869705200197,-56.9056396484375,52.99983215332031,44.98931121826172,-30.881025314331056,17.060606002807618,-43.14502716064453,-9.736724853515625,50.244483947753909,-11.769241333007813,-17.39381217956543,13.080289840698243,-42.695892333984378,85.06039428710938,-6.4371795654296879,-3.460430145263672,-51.466888427734378,16.401626586914064,-41.80682373046875,-45.835350036621097,52.09870147705078,-16.44588279724121,-24.325225830078126,-44.66395950317383,48.26361083984375,-50.34919738769531,-24.604875564575197,39.40029525756836,-57.94792938232422,-37.7353515625,33.64628601074219,-21.385665893554689,6.645063400268555,12.35017204284668,-20.83636474609375,38.76844787597656,31.63620376586914,-43.08900451660156,-8.814674377441407,8.572935104370118,-56.26557922363281,19.294692993164064,-86.06404113769531,-31.314598083496095,29.74788475036621,27.342565536499025,-56.240875244140628,33.32888412475586,14.55567741394043],"legSizes":[0.11814671009778977,0.4093846380710602,0.49218320846557619,0.4631769061088562,0.43670588731765749,0.1289377212524414,0.4836922585964203,0.20894858241081239,0.15686780214309693,0.18113955855369569,0.18970876932144166,0.25,0.4100585877895355,0.2576577067375183,0.27208802103996279,0.29041817784309389,0.19015654921531678,0.25,0.44851765036582949,0.22345764935016633,0.16837568581104279,0.43315476179122927,0.25,0.25],"bodySizes":[2.131783962249756,2.134842872619629,1.7578458786010743],"springs":[],"dumpers":[],"name":831,"generation":27,"distance":55.74965286254883,"reward":-55.74965286254883},{"angles":[80.41108703613281,-0.5465774536132813,50.324188232421878,-36.58172607421875,-39.59986114501953,28.128103256225587,-44.50880432128906,-55.093849182128909,-16.453819274902345,22.169981002807618,51.015655517578128,54.88862609863281,3.0318603515625,16.973731994628908,52.199798583984378,-38.692657470703128,7.524084091186523,23.643798828125,44.9089469909668,55.68946838378906,-12.011110305786133,-73.644775390625,41.30900573730469,50.92540740966797,30.568784713745118,-16.990005493164064,-39.78105163574219,17.486183166503908,11.074052810668946,7.583648681640625,-7.023645401000977,-27.823869705200197,-56.9056396484375,52.99983215332031,44.98931121826172,40.136817932128909,-2.723857879638672,-43.14502716064453,-9.736724853515625,50.244483947753909,-36.94842529296875,16.341644287109376,13.080289840698243,-42.695892333984378,85.06039428710938,16.69844627380371,-3.460430145263672,-51.466888427734378,33.8603630065918,-41.80682373046875,-45.835350036621097,4.5539703369140629,-16.44588279724121,-24.325225830078126,-44.66395950317383,-23.725685119628908,-50.34919738769531,-24.604875564575197,39.40029525756836,-57.94792938232422,-2.7582321166992189,33.64628601074219,-21.385665893554689,6.645063400268555,-4.1753997802734379,-52.44047546386719,38.76844787597656,31.63620376586914,5.662229537963867,11.788681030273438,8.572935104370118,26.639511108398439,46.96369171142578,49.61785888671875,-31.314598083496095,29.74788475036621,46.742462158203128,51.223052978515628,33.32888412475586,14.55567741394043],"legSizes":[0.48617419600486758,0.4093846380710602,0.4298444390296936,0.4631769061088562,0.23306000232696534,0.1289377212524414,0.48798951506614687,0.3867378830909729,0.15686780214309693,0.18113955855369569,0.18970876932144166,0.25,0.4100585877895355,0.2576577067375183,0.27208802103996279,0.4611262381076813,0.19015654921531678,0.1509789526462555,0.44851765036582949,0.22345764935016633,0.16837568581104279,0.19849643111228944,0.25,0.25],"bodySizes":[1.9875810146331788,2.1721227169036867,1.853022813796997],"springs":[],"dumpers":[],"name":831,"generation":27,"distance":55.74965286254883,"reward":-83.79934692382813},{"angles":[17.45306968688965,-0.5465774536132813,1.2921180725097657,-36.58172607421875,-23.10268211364746,-21.157958984375,-26.406618118286134,-55.093849182128909,-16.453819274902345,-25.106529235839845,62.475555419921878,10.632299423217774,3.0318603515625,4.105630874633789,52.199798583984378,-38.692657470703128,47.81549072265625,23.643798828125,20.214956283569337,55.68946838378906,-36.044227600097659,-73.644775390625,44.50785827636719,-30.987871170043947,30.568784713745118,-39.81732940673828,39.80677032470703,51.02442932128906,-35.26678466796875,7.583648681640625,26.277318954467775,74.76992797851563,8.89463996887207,52.99983215332031,44.98931121826172,40.136817932128909,-11.681951522827149,-43.14502716064453,-54.152252197265628,50.244483947753909,-11.769241333007813,-51.486724853515628,13.080289840698243,55.062835693359378,85.06039428710938,-6.4371795654296879,-3.460430145263672,-51.466888427734378,16.401626586914064,15.531232833862305,-50.32994079589844,52.09870147705078,-16.44588279724121,-42.893798828125,-35.71825408935547,48.26361083984375,-50.34919738769531,-24.604875564575197,39.40029525756836,-43.25171661376953,-2.7582321166992189,33.64628601074219,-21.385665893554689,6.645063400268555,8.737527847290039,-16.153615951538087,38.76844787597656,31.63620376586914,-43.08900451660156,32.381813049316409,8.572935104370118,-30.87840461730957,19.294692993164064,-86.06404113769531,-31.314598083496095,-17.625022888183595,-41.93926239013672,31.417320251464845,33.32888412475586,14.55567741394043],"legSizes":[0.48617419600486758,0.4093846380710602,0.15266060829162599,0.24623030424118043,0.4222427308559418,0.35295453667640688,0.18502750992774964,0.24999994039535523,0.44896990060806277,0.1946224719285965,0.16180601716041566,0.25,0.4100585877895355,0.2576577067375183,0.27208802103996279,0.29041817784309389,0.19015654921531678,0.34966161847114565,0.44851765036582949,0.1133330836892128,0.16732627153396607,0.43315476179122927,0.4728347659111023,0.25],"bodySizes":[2.1302411556243898,2.098341941833496,1.7897194623947144],"springs":[],"dumpers":[],"name":831,"generation":27,"distance":55.74965286254883,"reward":-118.83667755126953}]}