{"geneDatas":[{"angles":[18.3072566986084,-55.622474670410159,41.00751495361328,45.92259216308594,54.751609802246097,-58.55835723876953,-44.07090759277344,19.736778259277345,-0.2781410217285156,49.39271545410156,-8.379884719848633,-8.511606216430664,-43.327247619628909,-49.02375793457031,-58.55787658691406,50.34754943847656,50.03388214111328,-52.92237091064453,58.752296447753909,21.6585693359375,-27.8242130279541,-10.860506057739258,36.51045608520508,-50.01374053955078,22.119253158569337,-15.649057388305664,53.72105407714844,51.114952087402347,-53.05860137939453,-52.25489807128906,14.439834594726563,-25.05169677734375,-15.333686828613282,-26.878860473632814,54.262245178222659,20.159282684326173,-56.15998077392578,4.1501922607421879,39.958091735839847,54.70893859863281,-0.17927932739257813,-20.046422958374025,-48.511207580566409,57.15611267089844,-17.078184127807618,12.506254196166993,-46.109130859375,-38.624725341796878,41.858882904052737,8.052343368530274,0.034481048583984378,-52.76886749267578,-41.029945373535159,-52.479888916015628,18.88385009765625,36.3310546875,7.781332015991211,42.892799377441409,26.527217864990236,23.711469650268556,44.189483642578128,-25.87059211730957,32.25920486450195,55.9324951171875,16.391958236694337,9.127212524414063,18.330615997314454,-16.793481826782228,-53.373741149902347,-4.940034866333008,-56.895530700683597,30.791099548339845,10.688888549804688,17.43817710876465,47.17864227294922,57.00715637207031,-21.66571807861328,13.406204223632813,46.23816680908203,-16.879684448242189],"legSizes":[0.37398761510849,0.4638203978538513,0.41195231676101687,0.12336897850036621,0.442025363445282,0.31780141592025759,0.19633278250694276,0.16148439049720765,0.4460471570491791,0.38262420892715456,0.4650050103664398,0.4640037417411804,0.43322354555130007,0.1107051894068718,0.1966175138950348,0.267724871635437,0.2607031464576721,0.18140216171741486,0.47208237648010256,0.10867857933044434,0.23282188177108766,0.3755520284175873,0.48387908935546877,0.3089367151260376],"bodySizes":[1.86539626121521,2.3268203735351564,1.843130111694336],"springs":[],"dumpers":[],"name":13741,"generation":392,"distance":44.56576919555664,"reward":-44.56576919555664},{"angles":[18.3072566986084,-55.622474670410159,58.396568298339847,45.92259216308594,54.11414337158203,-58.55835723876953,-44.07090759277344,-29.992942810058595,-0.2781410217285156,49.39271545410156,-8.379884719848633,-8.511606216430664,-43.327247619628909,-49.02375793457031,-58.55787658691406,50.34754943847656,50.03388214111328,50.83026123046875,-12.223785400390625,21.6585693359375,-27.8242130279541,-10.860506057739258,36.51045608520508,-50.01374053955078,22.119253158569337,-15.649057388305664,53.72105407714844,51.114952087402347,-10.774576187133789,-52.25489807128906,14.439834594726563,-25.05169677734375,-15.333686828613282,-26.878860473632814,54.262245178222659,20.159282684326173,-56.15998077392578,4.1501922607421879,39.958091735839847,54.70893859863281,-0.17927932739257813,-20.046422958374025,-48.511207580566409,-7.9690704345703129,-17.078184127807618,12.506254196166993,-46.109130859375,-38.624725341796878,41.858882904052737,8.052343368530274,0.034481048583984378,-26.835542678833009,-41.029945373535159,-52.479888916015628,18.88385009765625,36.3310546875,7.781332015991211,54.17193603515625,26.527217864990236,-52.5224609375,44.189483642578128,1.4623756408691407,32.25920486450195,55.9324951171875,-50.212242126464847,17.987821578979493,40.17970275878906,-16.793481826782228,-53.373741149902347,-4.940034866333008,-56.895530700683597,30.791099548339845,10.688888549804688,-50.54402160644531,10.486398696899414,52.775115966796878,-27.147180557250978,-30.865446090698243,-43.31834411621094,4.965299606323242],"legSizes":[0.37398761510849,0.4638203978538513,0.41195231676101687,0.12336897850036621,0.442025363445282,0.31780141592025759,0.19633278250694276,0.16148439049720765,0.4460471570491791,0.38262420892715456,0.4650050103664398,0.4640037417411804,0.43322354555130007,0.1107051894068718,0.18738313019275666,0.267724871635437,0.2607031464576721,0.1901373416185379,0.47208237648010256,0.2128325253725052,0.26713550090789797,0.3306892216205597,0.4719564914703369,0.22284753620624543],"bodySizes":[1.7974988222122193,2.446840524673462,1.818928599357605],"springs":[],"dumpers":[],"name":13741,"generation":392,"distance":44.56576919555664,"reward":-52.91303253173828},{"angles":[18.3072566986084,-55.622474670410159,58.396568298339847,42.454376220703128,54.11414337158203,-58.55835723876953,-44.07090759277344,-29.992942810058595,-0.2781410217285156,49.39271545410156,-8.379884719848633,-8.511606216430664,-43.327247619628909,-49.02375793457031,-58.55787658691406,50.34754943847656,50.03388214111328,27.228239059448243,-12.223785400390625,21.6585693359375,-27.8242130279541,-10.860506057739258,36.51045608520508,-50.01374053955078,22.119253158569337,-15.649057388305664,53.72105407714844,51.114952087402347,-10.774576187133789,-52.25489807128906,14.439834594726563,-25.05169677734375,-15.333686828613282,6.2804107666015629,54.262245178222659,20.159282684326173,-56.15998077392578,4.1501922607421879,39.958091735839847,54.70893859863281,-0.17927932739257813,-20.046422958374025,-48.511207580566409,-7.9690704345703129,-17.078184127807618,12.506254196166993,-46.109130859375,-38.624725341796878,41.858882904052737,-50.72593688964844,-25.7589111328125,-26.835542678833009,50.56520080566406,-52.479888916015628,-24.705583572387697,2.2256698608398439,7.781332015991211,-8.454587936401368,26.527217864990236,55.605308532714847,44.189483642578128,-46.867515563964847,32.25920486450195,55.9324951171875,16.391958236694337,17.987821578979493,23.424495697021486,-40.954498291015628,-39.012977600097659,0.4203071594238281,-56.895530700683597,-0.014270782470703125,-29.154014587402345,23.981380462646486,10.486398696899414,52.775115966796878,-27.147180557250978,-30.865446090698243,-43.31834411621094,4.965299606323242],"legSizes":[0.37398761510849,0.4638203978538513,0.41195231676101687,0.12336897850036621,0.442025363445282,0.46955856680870058,0.19633278250694276,0.16148439049720765,0.4460471570491791,0.38262420892715456,0.4650050103664398,0.4640037417411804,0.43322354555130007,0.1107051894068718,0.18738313019275666,0.3889268934726715,0.2033366560935974,0.1901373416185379,0.47208237648010256,0.1341288983821869,0.26713550090789797,0.3306892216205597,0.4719564914703369,0.22284753620624543],"bodySizes":[1.8381333351135255,2.444770336151123,1.7802252769470215],"springs":[],"dumpers":[],"name":13741,"generation":392,"distance":44.56576919555664,"reward":-56.68047332763672}]}