{"geneDatas":[{"angles":[4.097206115722656,-34.95661926269531,58.396568298339847,46.93452453613281,-51.54975128173828,-42.24676513671875,-39.74150848388672,-19.847625732421876,43.375396728515628,-56.421531677246097,-8.379884719848633,-20.553422927856447,53.68513488769531,-10.665014266967774,-16.043922424316408,-14.772184371948243,-22.6490535736084,1.4641342163085938,13.662666320800782,21.6585693359375,-27.8242130279541,-10.860506057739258,-37.390464782714847,-31.386838912963868,22.119253158569337,-9.37537956237793,53.72105407714844,51.114952087402347,-3.288623809814453,-52.25489807128906,14.439834594726563,-25.05169677734375,-15.333686828613282,-26.878860473632814,54.76374053955078,20.159282684326173,-56.15998077392578,4.1501922607421879,49.69050598144531,52.32660675048828,55.089080810546878,-36.144447326660159,34.23719024658203,-35.21698760986328,-35.12882995605469,12.506254196166993,-51.080406188964847,2.4409332275390627,56.072601318359378,-30.331235885620118,0.034481048583984378,13.0115966796875,57.719764709472659,-26.611953735351564,20.474365234375,-52.30158996582031,7.781332015991211,42.892799377441409,26.527217864990236,-34.212501525878909,-33.131500244140628,40.60136413574219,-6.35987663269043,55.9324951171875,27.554210662841798,46.82258605957031,33.26688766479492,44.16706848144531,26.973493576049806,-4.940034866333008,-56.895530700683597,-53.45283508300781,10.688888549804688,17.43817710876465,-59.07948303222656,31.222599029541017,-21.66571807861328,13.406204223632813,-42.014305114746097,31.91402244567871],"legSizes":[0.39931195974349978,0.30831021070480349,0.1786205768585205,0.4499501585960388,0.1449967324733734,0.3770727217197418,0.3780011534690857,0.17865295708179475,0.27844902873039248,0.3960908055305481,0.4650050103664398,0.3623622953891754,0.43322354555130007,0.290729820728302,0.18738313019275666,0.35975170135498049,0.4297856390476227,0.1901373416185379,0.47208237648010256,0.10867857933044434,0.2385624200105667,0.39378270506858828,0.3549928069114685,0.4863348603248596],"bodySizes":[2.122421979904175,2.217083215713501,1.7001069784164429],"springs":[],"dumpers":[],"name":12897,"generation":368,"distance":31.076858520507814,"reward":-46.07685852050781},{"angles":[43.066078186035159,-34.95661926269531,58.396568298339847,46.93452453613281,-51.54975128173828,40.53485870361328,-44.07090759277344,-29.992942810058595,43.375396728515628,-9.471525192260743,-8.379884719848633,7.380401611328125,-40.142799377441409,-52.76258850097656,-16.043922424316408,-14.772184371948243,47.73666763305664,4.624963760375977,13.662666320800782,51.01897430419922,-42.158973693847659,21.352384567260743,-37.390464782714847,-54.65556335449219,-1.5649147033691407,-8.026206970214844,-5.46624755859375,51.114952087402347,-18.996841430664064,-35.184112548828128,54.25214767456055,-51.39979553222656,8.483770370483399,-27.125022888183595,53.24805450439453,20.159282684326173,-56.15998077392578,51.084869384765628,49.69050598144531,7.6246337890625,-0.17927932739257813,3.0624618530273439,34.23719024658203,17.047231674194337,25.938201904296876,24.172765731811525,-50.502418518066409,-14.037271499633789,11.078516006469727,-46.591957092285159,0.034481048583984378,13.0115966796875,57.719764709472659,-57.054931640625,20.474365234375,36.3310546875,38.534759521484378,28.510047912597658,-7.6278533935546879,-34.212501525878909,-51.461891174316409,19.27461051940918,-1.9878158569335938,31.836904525756837,-9.331748962402344,-52.83650207519531,57.991233825683597,-39.06744384765625,48.60654830932617,-20.453962326049806,15.686216354370118,37.21395492553711,46.93937301635742,17.43817710876465,-59.07948303222656,31.848976135253908,-21.66571807861328,-30.442270278930665,-38.8787841796875,4.965299606323242],"legSizes":[0.39931195974349978,0.30831021070480349,0.1786205768585205,0.12336897850036621,0.41139739751815798,0.26208144426345827,0.33513858914375307,0.16148439049720765,0.2612074613571167,0.4286370277404785,0.4047226309776306,0.3623622953891754,0.3810809254646301,0.24844887852668763,0.18738313019275666,0.2939203977584839,0.23515340685844422,0.4575375020503998,0.4226965010166168,0.10867857933044434,0.23655489087104798,0.3864265978336334,0.29451921582221987,0.46301087737083437],"bodySizes":[2.0890345573425295,2.2210326194763185,1.7242070436477662],"springs":[],"dumpers":[],"name":12897,"generation":368,"distance":31.076858520507814,"reward":-55.044551849365237},{"angles":[4.097206115722656,-34.95661926269531,58.396568298339847,46.93452453613281,-51.54975128173828,40.53485870361328,-30.91655731201172,-52.87397766113281,43.375396728515628,-56.421531677246097,-8.379884719848633,-20.553422927856447,-40.142799377441409,-10.665014266967774,-16.043922424316408,-14.772184371948243,47.73666763305664,1.4641342163085938,13.662666320800782,28.489521026611329,-27.8242130279541,36.09031677246094,-37.390464782714847,26.38868522644043,-1.5649147033691407,31.768138885498048,-5.46624755859375,-21.70402717590332,-3.288623809814453,-35.184112548828128,34.61930847167969,-51.39979553222656,-15.333686828613282,-27.125022888183595,52.33476257324219,20.159282684326173,-56.15998077392578,4.1501922607421879,49.69050598144531,34.23836135864258,16.771413803100587,41.030845642089847,34.23719024658203,3.3713645935058595,-58.41120147705078,12.506254196166993,-51.080406188964847,-14.037271499633789,56.072601318359378,-30.331235885620118,0.034481048583984378,13.0115966796875,57.719764709472659,-26.611953735351564,20.474365234375,36.3310546875,7.781332015991211,42.892799377441409,26.527217864990236,-34.212501525878909,-33.131500244140628,40.60136413574219,-6.35987663269043,55.9324951171875,16.391958236694337,46.82258605957031,6.888822555541992,-16.793481826782228,48.60654830932617,-30.783493041992189,15.686216354370118,37.21395492553711,-55.70074462890625,17.43817710876465,-59.07948303222656,31.848976135253908,-21.66571807861328,-30.442270278930665,-38.8787841796875,4.965299606323242],"legSizes":[0.39931195974349978,0.30831021070480349,0.1786205768585205,0.4499501585960388,0.1449967324733734,0.4711270332336426,0.3780011534690857,0.28353020548820498,0.27844902873039248,0.3960908055305481,0.4650050103664398,0.3623622953891754,0.43322354555130007,0.290729820728302,0.18738313019275666,0.2939203977584839,0.23515340685844422,0.4575375020503998,0.4226965010166168,0.10867857933044434,0.22028902173042298,0.3864265978336334,0.29451921582221987,0.32533520460128786],"bodySizes":[2.1113312244415285,2.205497980117798,1.7180150747299195],"springs":[],"dumpers":[],"name":12897,"generation":368,"distance":31.076858520507814,"reward":-57.59976577758789}]}