{"geneDatas":[{"angles":[-56.865577697753909,-1.4106063842773438,45.35884094238281,-23.999855041503908,-20.016923904418947,-37.33551788330078,-58.01286315917969,-31.24287223815918,18.679332733154298,-20.30218505859375,48.2103385925293,-36.760009765625,-54.147216796875,-17.58770179748535,-31.817365646362306,25.803220748901368,32.04457092285156,-8.890350341796875,39.254150390625,-25.80201530456543,-19.118621826171876,-21.007240295410158,-40.964569091796878,-36.25030517578125,-2.7470626831054689,22.00758934020996,50.209495544433597,-12.088844299316407,-35.227317810058597,44.85128402709961,44.00493621826172,59.014862060546878,-10.905267715454102,-15.148721694946289,37.87257385253906,49.63182067871094,7.919334411621094,-0.8044967651367188,51.56334686279297,57.959632873535159,-2.077526092529297,5.3257293701171879,39.09062957763672,-56.66643524169922,59.53778839111328,15.318660736083985,-43.66980743408203,-58.32306671142578,45.93410873413086,45.60639190673828,-26.366235733032228,-6.779417037963867,-55.359405517578128,-25.357223510742189,-55.72923278808594,-55.83277893066406,31.032127380371095,-25.771787643432618,58.11238098144531,-43.483070373535159,-0.9184684753417969,39.85228729248047,-16.375816345214845,-41.104217529296878,35.941200256347659,39.357994079589847,-47.99833679199219,-12.741386413574219,-34.79638671875,5.749519348144531,-40.46522521972656,57.897361755371097,3.181995391845703,55.52769470214844,-45.83766174316406,32.523536682128909,-11.482278823852539,4.372251510620117,30.025175094604493,17.390525817871095],"legSizes":[0.43734464049339297,0.203006774187088,0.34696972370147707,0.47636929154396059,0.4664771556854248,0.2820642590522766,0.32288914918899538,0.128065824508667,0.2774185836315155,0.41093674302101138,0.46550601720809939,0.4448716640472412,0.4529789090156555,0.4409554600715637,0.12155795097351074,0.37861642241477969,0.10704846680164337,0.10267210006713867,0.4641036093235016,0.13565555214881898,0.442455917596817,0.37899699807167055,0.2545021176338196,0.41630634665489199],"bodySizes":[1.6585757732391358,2.117002010345459,2.2784180641174318],"springs":[],"dumpers":[],"name":22383,"generation":642,"distance":28.660749435424806,"reward":-28.660749435424806},{"angles":[1.7823371887207032,-1.4106063842773438,45.35884094238281,58.02606201171875,37.73371887207031,-37.33551788330078,39.72553253173828,-31.24287223815918,18.679332733154298,-20.30218505859375,-39.33434295654297,-36.760009765625,26.24756622314453,-17.58770179748535,-53.00476837158203,25.803220748901368,32.04457092285156,-46.742835998535159,39.254150390625,-25.80201530456543,-36.91321563720703,9.860122680664063,-40.964569091796878,-36.25030517578125,-2.7470626831054689,-45.115013122558597,50.209495544433597,-12.088844299316407,20.972326278686525,44.85128402709961,16.678373336791993,59.014862060546878,-10.905267715454102,-15.148721694946289,37.87257385253906,49.63182067871094,7.919334411621094,-0.8044967651367188,51.56334686279297,57.959632873535159,-2.077526092529297,5.3257293701171879,39.09062957763672,-56.66643524169922,36.6025390625,15.318660736083985,-43.66980743408203,-58.32306671142578,45.93410873413086,49.09485626220703,26.2368221282959,-6.779417037963867,-55.359405517578128,-25.357223510742189,25.064847946166993,-55.83277893066406,31.032127380371095,13.658744812011719,58.11238098144531,-43.483070373535159,-0.9184684753417969,33.84358215332031,-16.375816345214845,-41.104217529296878,35.941200256347659,39.357994079589847,-47.99833679199219,-12.741386413574219,-34.79638671875,-8.856645584106446,-40.46522521972656,57.897361755371097,3.181995391845703,55.52769470214844,-45.83766174316406,32.523536682128909,-11.482278823852539,4.372251510620117,30.025175094604493,19.261320114135743],"legSizes":[0.43734464049339297,0.10255718231201172,0.4659404754638672,0.3390403985977173,0.4664771556854248,0.15154647827148438,0.2580071687698364,0.22762969136238099,0.177154541015625,0.41093674302101138,0.46550601720809939,0.2263910174369812,0.4529789090156555,0.4409554600715637,0.12155795097351074,0.37861642241477969,0.1579073965549469,0.10267210006713867,0.29696911573410036,0.13565555214881898,0.39834117889404299,0.19815364480018617,0.2545021176338196,0.41630634665489199],"bodySizes":[1.7633229494094849,2.002122163772583,2.266040086746216],"springs":[],"dumpers":[],"name":22383,"generation":642,"distance":28.660749435424806,"reward":-31.67064666748047},{"angles":[-26.610366821289064,-38.644020080566409,52.053550720214847,11.168569564819336,10.016433715820313,-37.33551788330078,39.72553253173828,31.694580078125,11.218620300292969,-20.30218505859375,48.2103385925293,-36.760009765625,-48.41913604736328,-17.58770179748535,-53.86536407470703,25.803220748901368,32.04457092285156,-11.99761962890625,37.02874755859375,-3.778888702392578,-19.118621826171876,-26.203229904174806,-40.964569091796878,-36.25030517578125,-2.7470626831054689,18.957763671875,50.209495544433597,-12.088844299316407,9.932106018066407,44.85128402709961,49.943992614746097,59.014862060546878,-29.58660125732422,-15.148721694946289,20.06037712097168,-18.07197380065918,4.989860534667969,-11.415374755859375,51.56334686279297,57.959632873535159,12.841751098632813,35.113807678222659,39.09062957763672,-56.66643524169922,30.5941162109375,-34.66101837158203,-43.66980743408203,-55.629371643066409,52.76793670654297,-16.38648796081543,26.2368221282959,37.94084167480469,-55.359405517578128,-25.357223510742189,-24.74566650390625,1.5365638732910157,-53.310386657714847,-25.771787643432618,58.11238098144531,22.339950561523439,51.47416687011719,-39.369346618652347,34.79016876220703,-41.104217529296878,35.941200256347659,39.357994079589847,-16.68781089782715,-9.947212219238282,27.583364486694337,-30.67608642578125,18.131574630737306,29.692380905151368,-28.79492950439453,55.52769470214844,-50.07588195800781,-41.09236145019531,-43.711265563964847,11.251565933227539,52.32616424560547,17.390525817871095],"legSizes":[0.12333712726831436,0.30168649554252627,0.4659404754638672,0.36234259605407717,0.22563889622688294,0.26337993144989016,0.1404007077217102,0.128065824508667,0.2774185836315155,0.41093674302101138,0.2190340757369995,0.2393263578414917,0.4529789090156555,0.4409554600715637,0.12155795097351074,0.2893598675727844,0.1579073965549469,0.10267210006713867,0.25797039270401,0.2639548182487488,0.4296908974647522,0.3627908229827881,0.39570704102516177,0.41630634665489199],"bodySizes":[1.5516982078552247,2.1710262298583986,2.3747482299804689],"springs":[],"dumpers":[],"name":22383,"generation":642,"distance":28.660749435424806,"reward":-35.60832595825195}]}