{"geneDatas":[{"angles":[16.70966148376465,-51.49220275878906,39.80937194824219,-36.410797119140628,28.453929901123048,5.718406677246094,5.604578018188477,-18.29288673400879,43.375396728515628,4.910165786743164,-8.379884719848633,-5.679422378540039,-22.22032928466797,48.607421875,-58.55787658691406,11.740659713745118,47.73666763305664,-33.66960144042969,-12.223785400390625,21.6585693359375,-27.8242130279541,-10.860506057739258,-37.390464782714847,-31.386838912963868,22.119253158569337,-9.37537956237793,53.72105407714844,51.114952087402347,-3.288623809814453,-52.25489807128906,14.439834594726563,-25.05169677734375,-15.333686828613282,-26.878860473632814,54.76374053955078,20.159282684326173,-56.15998077392578,4.1501922607421879,49.69050598144531,54.70893859863281,-0.17927932739257813,-22.473800659179689,56.607086181640628,17.047231674194337,-17.078184127807618,12.506254196166993,-51.080406188964847,-14.037271499633789,56.072601318359378,-46.591957092285159,0.034481048583984378,13.0115966796875,57.719764709472659,-52.479888916015628,20.474365234375,36.3310546875,7.781332015991211,42.892799377441409,26.527217864990236,-52.5224609375,44.189483642578128,1.4623756408691407,32.25920486450195,55.9324951171875,16.391958236694337,-24.247690200805665,18.330615997314454,-16.793481826782228,-39.012977600097659,-4.940034866333008,-56.895530700683597,-53.45283508300781,10.688888549804688,17.43817710876465,-59.07948303222656,31.222599029541017,-21.66571807861328,13.406204223632813,-42.014305114746097,31.91402244567871],"legSizes":[0.13999152183532716,0.39495962858200076,0.41195231676101687,0.12336897850036621,0.41139739751815798,0.11383533477783203,0.4180034101009369,0.16148439049720765,0.39019304513931277,0.4286370277404785,0.4650050103664398,0.24099424481391908,0.43322354555130007,0.24059422314167024,0.18738313019275666,0.267724871635437,0.4297856390476227,0.1901373416185379,0.47208237648010256,0.10867857933044434,0.1800806075334549,0.11014638096094132,0.3549928069114685,0.4863348603248596],"bodySizes":[1.677718162536621,2.4535160064697267,1.9434887170791627],"springs":[],"dumpers":[],"name":12979,"generation":379,"distance":58.95757293701172,"reward":-58.95757293701172},{"angles":[6.4944305419921879,54.66023254394531,58.396568298339847,46.93452453613281,-15.745046615600586,-46.64337158203125,-57.60462188720703,-14.093490600585938,43.375396728515628,49.84751892089844,45.37957000732422,-8.511606216430664,-33.278472900390628,-50.28406524658203,-58.55787658691406,-14.772184371948243,50.130775451660159,50.83026123046875,-9.34324836730957,21.6585693359375,-27.8242130279541,-38.5958251953125,14.687911987304688,-57.87416076660156,22.119253158569337,-30.83165740966797,39.64508056640625,35.323890686035159,6.676660537719727,-52.25489807128906,14.439834594726563,-25.05169677734375,12.431539535522461,11.30912971496582,53.96464538574219,20.159282684326173,-56.15998077392578,4.1501922607421879,49.69050598144531,54.70893859863281,10.702964782714844,-33.14813995361328,56.607086181640628,-21.88763427734375,-17.078184127807618,-30.745254516601564,27.57412338256836,4.467950820922852,54.95093536376953,-46.591957092285159,0.034481048583984378,43.40087127685547,9.185249328613282,34.143157958984378,20.474365234375,-28.090675354003908,44.5504150390625,28.510047912597658,-53.935760498046878,-52.5224609375,44.189483642578128,1.4623756408691407,32.25920486450195,33.856014251708987,16.391958236694337,17.987821578979493,18.330615997314454,-16.793481826782228,-53.373741149902347,-4.940034866333008,-56.895530700683597,30.791099548339845,10.688888549804688,53.45582580566406,47.17864227294922,31.222599029541017,-21.66571807861328,-40.05497741699219,4.410375595092773,31.91402244567871],"legSizes":[0.41654616594314577,0.39495962858200076,0.1786205768585205,0.12336897850036621,0.41139739751815798,0.26208144426345827,0.33513858914375307,0.3017781972885132,0.27844902873039248,0.3960908055305481,0.44251012802124026,0.17037096619606019,0.43322354555130007,0.2576717734336853,0.27344053983688357,0.4315277636051178,0.23515340685844422,0.4575375020503998,0.4226965010166168,0.10867857933044434,0.1800806075334549,0.4537932276725769,0.3549928069114685,0.4863348603248596],"bodySizes":[1.7840896844863892,2.3792500495910646,1.8846608400344849],"springs":[],"dumpers":[],"name":12979,"generation":379,"distance":58.95757293701172,"reward":-64.45813751220703},{"angles":[6.4944305419921879,54.66023254394531,58.396568298339847,46.93452453613281,16.64810562133789,14.244026184082032,-44.07090759277344,-29.992942810058595,43.375396728515628,4.910165786743164,-8.379884719848633,-8.511606216430664,-43.327247619628909,-50.28406524658203,-58.55787658691406,50.34754943847656,50.03388214111328,50.83026123046875,-9.34324836730957,10.11029052734375,-27.8242130279541,-38.5958251953125,47.779869079589847,9.323080062866211,22.15148162841797,-30.83165740966797,-26.008506774902345,-21.70402717590332,-3.288623809814453,-35.184112548828128,54.25214767456055,-28.18952178955078,-17.525604248046876,-27.125022888183595,54.76374053955078,20.159282684326173,-56.15998077392578,4.1501922607421879,49.69050598144531,54.70893859863281,55.089080810546878,-36.144447326660159,38.10413360595703,32.45927429199219,52.16123962402344,12.506254196166993,-51.080406188964847,2.4409332275390627,56.072601318359378,-30.331235885620118,0.034481048583984378,13.0115966796875,57.719764709472659,-26.611953735351564,20.474365234375,-52.30158996582031,26.96143341064453,42.892799377441409,26.527217864990236,-34.212501525878909,-33.131500244140628,-57.913482666015628,-6.35987663269043,55.9324951171875,27.554210662841798,46.82258605957031,33.26688766479492,-55.547821044921878,26.973493576049806,-4.940034866333008,-56.895530700683597,-53.45283508300781,10.688888549804688,-31.9132080078125,-59.07948303222656,31.222599029541017,-21.66571807861328,13.406204223632813,-42.014305114746097,31.91402244567871],"legSizes":[0.37398761510849,0.39495962858200076,0.41195231676101687,0.12336897850036621,0.41139739751815798,0.20379197597503663,0.19633278250694276,0.16148439049720765,0.39019304513931277,0.4286370277404785,0.4650050103664398,0.24099424481391908,0.43322354555130007,0.24059422314167024,0.18738313019275666,0.35975170135498049,0.4297856390476227,0.1901373416185379,0.47208237648010256,0.10867857933044434,0.2385624200105667,0.36577171087265017,0.3490248918533325,0.4863348603248596],"bodySizes":[2.1025352478027345,2.227543830871582,1.7081283330917359],"springs":[],"dumpers":[],"name":12979,"generation":379,"distance":58.95757293701172,"reward":-67.872802734375}]}