{"geneDatas":[{"angles":[-13.323295593261719,-76.27180480957031,7.5541839599609379,70.40185546875,66.92608642578125,11.145126342773438,-27.417871475219728,32.242897033691409,85.19633483886719,42.291717529296878,81.38909912109375,-59.56478500366211,-10.800148010253907,-52.26646423339844,-8.188491821289063,50.806976318359378,-24.06249237060547,-45.09564208984375,-67.18907165527344,-2.96221923828125,51.753929138183597,65.33075714111328,81.91410827636719,-72.60995483398438,11.404914855957032,76.47982788085938,-60.05760192871094,-21.245956420898439,-21.4007568359375,69.02604675292969,-67.03831481933594,15.415008544921875,37.462303161621097,13.407325744628907,-49.10416793823242,-45.409908294677737,0.9751129150390625,-86.49574279785156,-12.460868835449219,46.64170455932617,-27.755638122558595,-55.990875244140628,19.911399841308595,32.15549850463867,-35.339210510253909,79.39755249023438,-86.79295349121094,-40.17727279663086,-23.335830688476564,64.47588348388672,55.7940673828125,-70.28155517578125,-82.53315734863281,-8.439826965332032,8.700325012207032,70.41380310058594,37.7708854675293,-11.986030578613282,-36.32550811767578,34.16726303100586,27.80555534362793,89.70195007324219,56.54652404785156,60.93341064453125,0.2286834716796875,-68.61473083496094,48.64496994018555,-55.3209228515625,-25.978065490722658,-11.865158081054688,-63.267391204833987,39.93858337402344,11.624320983886719,-48.57568359375,-36.19854736328125,-57.6062126159668,-76.58549499511719,-88.84465026855469,64.31121826171875,-10.538284301757813],"legSizes":[0.24999994039535523,0.24999994039535523,0.25,0.25,0.25,0.25,0.24999994039535523,0.24999994039535523,0.25,0.25,0.25,0.25,0.24999994039535523,0.24999994039535523,0.25,0.25,0.25,0.25,0.24999994039535523,0.24999994039535523,0.25,0.25,0.25,0.25],"bodySizes":[2.0,2.0,2.0],"springs":[],"dumpers":[],"name":35,"generation":0,"distance":120.57472229003906,"reward":-140.07473754882813},{"angles":[31.785053253173829,76.84363555908203,89.87808227539063,79.01869201660156,10.3807373046875,46.653076171875,6.473899841308594,9.985015869140625,-17.39031982421875,19.53411102294922,-49.71438217163086,-11.83526611328125,-28.06475830078125,70.41778564453125,-10.3123779296875,-38.66017150878906,-7.236396789550781,78.04513549804688,-65.20597839355469,19.725341796875,39.541015625,45.712520599365237,76.42936706542969,-62.38041687011719,22.225631713867189,-87.83193969726563,-37.71925354003906,-83.02769470214844,-82.97541809082031,-2.2998428344726564,-37.36283874511719,85.86585998535156,8.917839050292969,45.371665954589847,13.502037048339844,-83.47174072265625,-42.73976135253906,8.983695983886719,59.99189758300781,8.186050415039063,9.155975341796875,10.295082092285157,74.25247192382813,4.241180419921875,-63.16360092163086,-56.58961486816406,29.503843307495118,-16.620460510253908,-68.54402160644531,88.45918273925781,3.6275787353515627,-20.661712646484376,39.48040008544922,-76.29275512695313,-26.931276321411134,-79.62364196777344,-30.496877670288087,-73.56446838378906,23.828140258789064,43.89878845214844,82.19863891601563,42.00171661376953,-12.232597351074219,-65.90068054199219,-60.694549560546878,-12.247795104980469,-79.94097900390625,-58.061676025390628,49.05491638183594,4.3402557373046879,29.558521270751954,21.94861602783203,74.46533203125,-83.81027221679688,63.54620361328125,-72.05320739746094,-81.30743408203125,26.076068878173829,-77.32868957519531,32.55315399169922],"legSizes":[0.24999994039535523,0.24999994039535523,0.25,0.25,0.25,0.25,0.24999994039535523,0.24999994039535523,0.25,0.25,0.25,0.25,0.24999994039535523,0.24999994039535523,0.25,0.25,0.25,0.25,0.24999994039535523,0.24999994039535523,0.25,0.25,0.25,0.25],"bodySizes":[2.0,2.0,2.0],"springs":[],"dumpers":[],"name":35,"generation":0,"distance":120.57472229003906,"reward":-217.8080291748047},{"angles":[11.69354248046875,2.4556732177734377,-21.563705444335939,-65.38850402832031,1.9972915649414063,-42.6701545715332,-42.19279479980469,11.820632934570313,-16.453819274902345,59.7956657409668,62.475555419921878,73.08465576171875,14.794776916503907,-28.97930335998535,52.199798583984378,-68.24325561523438,-66.8466796875,11.767486572265625,-18.023529052734376,-49.1322135925293,35.38569641113281,-63.29460144042969,-61.464324951171878,-44.76069641113281,-41.16477584838867,52.31695556640625,58.702545166015628,-22.530349731445314,55.238914489746097,-49.71412658691406,-63.60500717163086,71.08769989013672,11.948135375976563,80.77935791015625,-35.11360168457031,11.106224060058594,-11.204757690429688,-69.65016174316406,6.971031188964844,-85.16310119628906,51.97451400756836,10.947265625,7.840301513671875,-1.9157485961914063,-31.907182693481447,-79.99815368652344,-75.90411376953125,37.2132453918457,-46.92595291137695,-15.398612976074219,89.34683227539063,-63.79831314086914,-17.298667907714845,5.429100036621094,72.24300384521485,-82.7984619140625,77.3009033203125,-42.67430114746094,39.40029525756836,-71.86961364746094,43.83797836303711,63.38338851928711,-37.084617614746097,-57.3213996887207,16.344253540039064,61.672847747802737,53.248756408691409,-11.77679443359375,-44.239227294921878,66.06295776367188,8.711654663085938,46.29893493652344,-49.363433837890628,-42.785152435302737,-70.07884216308594,18.150901794433595,27.342565536499025,-24.1552734375,-29.690818786621095,-26.460474014282228],"legSizes":[0.24999994039535523,0.24999994039535523,0.25,0.25,0.25,0.25,0.24999994039535523,0.24999994039535523,0.25,0.25,0.25,0.25,0.24999994039535523,0.24999994039535523,0.25,0.25,0.25,0.25,0.24999994039535523,0.24999994039535523,0.25,0.25,0.25,0.25],"bodySizes":[2.0,2.0,2.0],"springs":[],"dumpers":[],"name":35,"generation":0,"distance":120.57472229003906,"reward":-247.84689331054688}]}