{"geneDatas":[{"angles":[25.27822494506836,-55.622474670410159,-19.254776000976564,9.854101181030274,20.341543197631837,27.069738388061525,-17.139808654785158,-29.992942810058595,19.77593231201172,17.544105529785158,39.12211608886719,-3.4300575256347658,-43.327247619628909,36.77056884765625,-9.675613403320313,17.357954025268556,50.03388214111328,-40.40766906738281,-12.223785400390625,9.9942626953125,-27.8242130279541,-7.474113464355469,-56.875465393066409,18.80913543701172,33.397247314453128,-21.06169891357422,48.53107452392578,12.742944717407227,-10.774576187133789,38.83685302734375,54.616859436035159,-30.60906982421875,-24.902122497558595,14.076742172241211,49.232383728027347,35.258872985839847,-51.66938781738281,4.1501922607421879,49.88063049316406,54.70893859863281,34.62359619140625,-42.39826965332031,44.307289123535159,-5.946014404296875,-16.39605712890625,34.54286193847656,-57.068023681640628,-46.12855529785156,38.05602264404297,-10.213714599609375,12.064712524414063,-44.603187561035159,19.126081466674806,-29.269546508789064,-37.534271240234378,26.85706329345703,-23.9277286529541,-54.953643798828128,26.527217864990236,-0.6106796264648438,44.189483642578128,-57.06475830078125,-11.838277816772461,-12.597375869750977,-31.631528854370118,-0.6660957336425781,0.3935279846191406,-40.954498291015628,-39.012977600097659,-45.03642272949219,-37.31568908691406,3.5186080932617189,-29.154014587402345,-22.11968994140625,-29.116050720214845,-54.61534118652344,-43.61114501953125,-38.43988800048828,33.01032257080078,-55.73521423339844],"legSizes":[0.37398761510849,0.1876705288887024,0.41195231676101687,0.12336897850036621,0.21609337627887727,0.23846204578876496,0.2922287583351135,0.36411675810813906,0.3266715705394745,0.4987688660621643,0.4650050103664398,0.4247387945652008,0.35760384798049929,0.2649497389793396,0.23226197063922883,0.24968460202217103,0.45062628388404848,0.18140216171741486,0.47208237648010256,0.293732225894928,0.4466838836669922,0.29308825731277468,0.42325273156166079,0.2862853705883026],"bodySizes":[1.8652311563491822,2.413081645965576,1.7774004936218262],"springs":[],"dumpers":[],"name":15112,"generation":437,"distance":39.79758834838867,"reward":-41.29172897338867},{"angles":[25.27822494506836,-55.622474670410159,-19.254776000976564,9.854101181030274,54.11414337158203,3.3143310546875,-17.139808654785158,-29.992942810058595,19.77593231201172,2.9267616271972658,49.622711181640628,-14.896238327026368,-43.327247619628909,-16.08672332763672,-9.675613403320313,17.357954025268556,50.03388214111328,5.014307022094727,-12.223785400390625,9.9942626953125,-27.8242130279541,-47.84508514404297,-34.152000427246097,18.80913543701172,22.119253158569337,-21.06169891357422,48.53107452392578,12.742944717407227,-10.774576187133789,-10.560943603515625,14.439834594726563,-38.601768493652347,-24.902122497558595,40.730712890625,54.76374053955078,-36.80488586425781,-51.66938781738281,4.1501922607421879,41.22279357910156,54.70893859863281,-11.268661499023438,10.885726928710938,28.778671264648439,-28.42474365234375,46.238407135009769,-55.338035583496097,-51.080406188964847,-14.037271499633789,56.072601318359378,-52.93147277832031,-18.37605857849121,-54.81163787841797,-50.211341857910159,-3.6436767578125,-36.5123291015625,59.708030700683597,-2.9809226989746095,38.73136901855469,24.62403678894043,52.909767150878909,-30.173049926757814,-28.525047302246095,-16.621248245239259,-12.597375869750977,46.669090270996097,-0.6660957336425781,23.424495697021486,53.217430114746097,-39.012977600097659,31.56756591796875,-56.895530700683597,-0.014270782470703125,-29.154014587402345,-42.06733703613281,-29.116050720214845,-17.457168579101564,-29.898300170898439,-50.886268615722659,33.01032257080078,28.595409393310548],"legSizes":[0.1287572979927063,0.36551791429519656,0.1724690943956375,0.1653127670288086,0.33542153239250185,0.23846204578876496,0.1013297587633133,0.17643213272094727,0.33991414308547976,0.4376487731933594,0.30770161747932436,0.4247387945652008,0.29398518800735476,0.39200925827026369,0.26525428891181948,0.1736619472503662,0.20348519086837769,0.13654646277427674,0.47208237648010256,0.1510058343410492,0.17901355028152467,0.29308825731277468,0.3906281888484955,0.2028110772371292],"bodySizes":[1.8420770168304444,2.4148623943328859,1.7984144687652588],"springs":[],"dumpers":[],"name":15112,"generation":437,"distance":39.79758834838867,"reward":-69.05892944335938},{"angles":[25.27822494506836,-55.622474670410159,-19.254776000976564,9.854101181030274,54.11414337158203,3.3143310546875,-17.139808654785158,-29.992942810058595,22.263607025146486,-8.889091491699219,49.622711181640628,41.35020446777344,4.220087051391602,-16.08672332763672,-9.675613403320313,17.357954025268556,37.71788024902344,5.014307022094727,-12.223785400390625,9.9942626953125,-27.8242130279541,-47.84508514404297,-34.152000427246097,18.80913543701172,8.154151916503907,-21.06169891357422,48.53107452392578,12.742944717407227,-23.970502853393556,-29.163488388061525,14.439834594726563,-38.601768493652347,-24.902122497558595,37.195655822753909,54.76374053955078,-36.80488586425781,-51.66938781738281,4.1501922607421879,41.22279357910156,54.70893859863281,-36.76061248779297,10.885726928710938,4.071985244750977,-28.42474365234375,46.238407135009769,-55.338035583496097,-36.83740234375,-14.037271499633789,56.072601318359378,-52.93147277832031,-18.37605857849121,45.42877960205078,-50.211341857910159,37.87708282470703,-36.5123291015625,59.708030700683597,-2.9809226989746095,58.063232421875,12.647859573364258,52.909767150878909,-55.24188995361328,-28.525047302246095,-16.621248245239259,-12.597375869750977,46.669090270996097,-0.6660957336425781,-10.63447380065918,53.217430114746097,-39.012977600097659,-55.686767578125,-56.895530700683597,-32.4964599609375,-29.154014587402345,-42.06733703613281,-44.004302978515628,-17.457168579101564,-18.3067626953125,-50.886268615722659,33.01032257080078,28.595409393310548],"legSizes":[0.1287572979927063,0.20994833111763,0.1724690943956375,0.1653127670288086,0.33542153239250185,0.31434959173202517,0.4619014263153076,0.11125355213880539,0.3266715705394745,0.27662020921707156,0.4650050103664398,0.4247387945652008,0.29411154985427859,0.24059422314167024,0.18738313019275666,0.374187707901001,0.16438236832618714,0.17898139357566834,0.47208237648010256,0.293732225894928,0.4820265769958496,0.12267036736011505,0.3528369069099426,0.23914659023284913],"bodySizes":[2.0795841217041017,2.290712594985962,1.6793564558029175],"springs":[],"dumpers":[],"name":15112,"generation":437,"distance":39.79758834838867,"reward":-73.3943099975586}]}