{"geneDatas":[{"angles":[29.911006927490236,22.690000534057618,47.827293395996097,7.304901123046875,9.368097305297852,35.822322845458987,49.18190002441406,-39.354087829589847,14.611307144165039,59.741363525390628,-18.38682746887207,27.905385971069337,-27.68412208557129,45.27874755859375,22.518980026245118,38.819976806640628,-37.931640625,1.9988327026367188,45.22812271118164,52.36894989013672,23.88532066345215,27.67761993408203,-48.406951904296878,10.423585891723633,10.19752311706543,56.545860290527347,10.140472412109375,-5.676475524902344,51.37452697753906,7.583648681640625,-3.3027877807617189,28.55215072631836,-2.643218994140625,49.516151428222659,1.2803993225097657,55.50523376464844,-42.90886688232422,-6.35662841796875,58.440216064453128,-26.248306274414064,-8.701921463012696,-17.39381217956543,-46.550148010253909,-36.691261291503909,43.18150329589844,-23.322250366210939,-25.876014709472658,2.4509735107421877,6.4294281005859379,26.832975387573243,37.62335205078125,44.54150390625,-55.17857360839844,-31.765077590942384,49.24501037597656,53.41820526123047,0.211578369140625,8.912252426147461,36.665740966796878,49.034088134765628,-58.407981872558597,-53.70599365234375,-54.842559814453128,45.9296875,-13.415071487426758,23.960866928100587,-20.158945083618165,-3.796611785888672,38.72932434082031,34.36514663696289,-21.223892211914064,30.630966186523439,-34.651092529296878,43.79755401611328,54.67408752441406,21.525434494018556,-59.705718994140628,-2.6591567993164064,-55.247352600097659,45.560001373291019],"legSizes":[0.11614012718200684,0.3039759397506714,0.43502292037010195,0.3525068163871765,0.44857850670814516,0.37995028495788576,0.22315657138824464,0.19090676307678224,0.3810030519962311,0.41376176476478579,0.480968713760376,0.498953253030777,0.10457267612218857,0.45626911520957949,0.3660624027252197,0.20638616383075715,0.44800668954849245,0.17127284407615663,0.42934125661849978,0.2978721261024475,0.46667346358299258,0.21273395419120789,0.20395596325397492,0.13141503930091859],"bodySizes":[1.9819231033325196,1.980965495109558,2.0376346111297609],"springs":[],"dumpers":[],"name":5015,"generation":142,"distance":61.46411895751953,"reward":-61.46411895751953},{"angles":[-32.28093719482422,6.932853698730469,43.220458984375,12.152374267578125,-37.58782196044922,-59.551422119140628,-43.770606994628909,-29.953445434570314,-24.338043212890626,-0.7484512329101563,53.56773376464844,41.320823669433597,-15.007360458374024,45.27874755859375,-50.403785705566409,38.819976806640628,-37.931640625,1.9988327026367188,45.22812271118164,52.36894989013672,47.31250762939453,-2.550609588623047,-48.406951904296878,13.94926643371582,-6.5660552978515629,4.695219039916992,47.1658935546875,-53.074195861816409,17.27276611328125,-12.901662826538086,-18.060516357421876,-5.281913757324219,-46.862754821777347,29.756725311279298,1.2803993225097657,-59.49250793457031,-32.09136199951172,42.835235595703128,-53.22974395751953,-26.248306274414064,-8.701921463012696,-17.39381217956543,14.932960510253907,57.32442855834961,52.879730224609378,11.735221862792969,-8.135553359985352,28.268905639648439,6.4294281005859379,-40.55220031738281,22.251174926757814,52.09870147705078,-35.42052459716797,4.177543640136719,49.24501037597656,53.41820526123047,0.211578369140625,-51.67041778564453,36.665740966796878,49.034088134765628,-58.407981872558597,43.65238952636719,-54.842559814453128,45.9296875,59.399169921875,23.960866928100587,-20.158945083618165,-3.796611785888672,38.72932434082031,34.36514663696289,-21.223892211914064,30.630966186523439,-34.651092529296878,43.79755401611328,-52.70539093017578,21.525434494018556,-59.705718994140628,-2.6591567993164064,-55.247352600097659,45.560001373291019],"legSizes":[0.1708664894104004,0.22012799978256226,0.1462291181087494,0.3525068163871765,0.44857850670814516,0.37995028495788576,0.3562978208065033,0.19090676307678224,0.3810030519962311,0.41376176476478579,0.480968713760376,0.3824845254421234,0.10457267612218857,0.45626911520957949,0.3660624027252197,0.20638616383075715,0.44800668954849245,0.17127284407615663,0.42934125661849978,0.2978721261024475,0.25349873304367068,0.21273395419120789,0.20395596325397492,0.13141503930091859],"bodySizes":[1.8424867391586304,2.03328013420105,2.1354451179504396],"springs":[],"dumpers":[],"name":5015,"generation":142,"distance":61.46411895751953,"reward":-77.53377532958985},{"angles":[29.911006927490236,22.690000534057618,47.827293395996097,7.304901123046875,9.368097305297852,35.822322845458987,49.18190002441406,-39.354087829589847,14.611307144165039,59.741363525390628,-18.38682746887207,27.905385971069337,-27.68412208557129,45.27874755859375,22.518980026245118,38.819976806640628,-37.931640625,1.9988327026367188,45.22812271118164,52.36894989013672,47.31250762939453,-2.550609588623047,-49.58447265625,13.94926643371582,-6.5660552978515629,4.695219039916992,47.1658935546875,-53.074195861816409,17.27276611328125,-38.48826599121094,-18.060516357421876,-5.281913757324219,-46.862754821777347,-22.79241943359375,1.2803993225097657,-59.49250793457031,31.324508666992189,42.835235595703128,-53.22974395751953,-26.248306274414064,-8.701921463012696,-17.39381217956543,14.932960510253907,57.32442855834961,52.879730224609378,11.735221862792969,-8.135553359985352,28.268905639648439,6.4294281005859379,-45.90476989746094,22.251174926757814,52.09870147705078,-35.42052459716797,-44.61261749267578,49.24501037597656,53.41820526123047,0.211578369140625,-51.67041778564453,36.665740966796878,49.034088134765628,-58.407981872558597,43.65238952636719,-54.842559814453128,45.9296875,-33.367706298828128,23.960866928100587,-20.158945083618165,-3.796611785888672,38.72932434082031,34.36514663696289,-21.223892211914064,30.630966186523439,-34.651092529296878,28.69461441040039,-52.70539093017578,21.525434494018556,-59.705718994140628,38.731300354003909,-55.247352600097659,45.560001373291019],"legSizes":[0.14798212051391602,0.3039759397506714,0.43502292037010195,0.3525068163871765,0.44857850670814516,0.37995028495788576,0.3562978208065033,0.19090676307678224,0.3810030519962311,0.41376176476478579,0.480968713760376,0.498953253030777,0.10457267612218857,0.45626911520957949,0.3660624027252197,0.20638616383075715,0.12463360279798508,0.30697914958000185,0.42934125661849978,0.2978721261024475,0.25349873304367068,0.1515626460313797,0.20395596325397492,0.3075560927391052],"bodySizes":[1.9892343282699586,1.9568449258804322,2.0551693439483644],"springs":[],"dumpers":[],"name":5015,"generation":142,"distance":61.46411895751953,"reward":-86.40660858154297}]}