{"geneDatas":[{"angles":[-36.314849853515628,-18.71154022216797,6.749061584472656,46.93452453613281,-51.54975128173828,55.928924560546878,-56.91485595703125,48.093353271484378,43.375396728515628,-56.421531677246097,-8.379884719848633,7.380401611328125,-40.142799377441409,5.090497970581055,-16.043922424316408,-14.772184371948243,47.73666763305664,-13.481849670410157,13.662666320800782,21.6585693359375,-27.8242130279541,39.425941467285159,-37.390464782714847,-31.386838912963868,22.119253158569337,-9.37537956237793,9.116043090820313,51.114952087402347,-3.288623809814453,-35.184112548828128,14.439834594726563,-51.39979553222656,-15.333686828613282,-35.638343811035159,57.61180114746094,20.159282684326173,-56.15998077392578,4.1501922607421879,49.69050598144531,34.23836135864258,-0.17927932739257813,41.030845642089847,34.23719024658203,17.047231674194337,-32.40599060058594,24.172765731811525,-50.502418518066409,-14.037271499633789,56.072601318359378,-46.591957092285159,0.034481048583984378,13.0115966796875,57.719764709472659,-26.611953735351564,-35.776634216308597,36.3310546875,0.5318717956542969,-33.355247497558597,26.527217864990236,-34.212501525878909,-59.33436584472656,19.27461051940918,32.25920486450195,55.9324951171875,-13.534706115722657,-52.83650207519531,42.090843200683597,-11.832109451293946,26.973493576049806,-4.940034866333008,-56.895530700683597,32.45412826538086,17.318199157714845,17.43817710876465,-59.07948303222656,31.848976135253908,-21.66571807861328,-30.442270278930665,-42.014305114746097,51.64466857910156],"legSizes":[0.39931195974349978,0.30831021070480349,0.1786205768585205,0.12336897850036621,0.41139739751815798,0.11383533477783203,0.4180034101009369,0.16148439049720765,0.27844902873039248,0.4686287045478821,0.4650050103664398,0.3623622953891754,0.43322354555130007,0.31243422627449038,0.18738313019275666,0.1999155580997467,0.1578916609287262,0.1901373416185379,0.47208237648010256,0.10867857933044434,0.1800806075334549,0.3598138391971588,0.3549928069114685,0.45448392629623415],"bodySizes":[2.0720019340515138,2.2628984451293947,1.7062187194824219],"springs":[],"dumpers":[],"name":12211,"generation":352,"distance":51.08213424682617,"reward":-51.08213424682617},{"angles":[-51.40076446533203,6.053316116333008,6.749061584472656,46.93452453613281,-51.54975128173828,55.928924560546878,-56.91485595703125,48.093353271484378,43.375396728515628,-56.421531677246097,29.252342224121095,7.380401611328125,45.686546325683597,5.090497970581055,-23.267906188964845,-14.772184371948243,47.73666763305664,-13.481849670410157,13.662666320800782,-44.283668518066409,-27.8242130279541,39.425941467285159,-37.390464782714847,-31.386838912963868,14.482833862304688,-9.37537956237793,9.116043090820313,2.107666015625,-3.288623809814453,-21.316688537597658,14.439834594726563,-51.39979553222656,-15.333686828613282,-35.638343811035159,57.61180114746094,20.159282684326173,-56.15998077392578,5.665334701538086,49.69050598144531,34.23836135864258,20.333158493041993,-17.21741485595703,34.23719024658203,-46.79376220703125,7.471681594848633,27.638580322265626,3.4693832397460939,-38.83616638183594,56.072601318359378,-9.079778671264649,0.034481048583984378,57.373023986816409,57.719764709472659,-26.611953735351564,-35.776634216308597,-19.585813522338868,0.5318717956542969,-35.36384582519531,26.527217864990236,0.5913505554199219,-59.33436584472656,-14.275854110717774,-45.9058837890625,25.50417137145996,-13.534706115722657,-52.83650207519531,54.24401092529297,-39.06744384765625,5.238367080688477,26.01705551147461,15.686216354370118,37.21395492553711,-55.70074462890625,17.43817710876465,-59.07948303222656,31.848976135253908,-23.968427658081056,-30.442270278930665,-42.014305114746097,51.64466857910156],"legSizes":[0.39931195974349978,0.30831021070480349,0.1786205768585205,0.12336897850036621,0.41139739751815798,0.11383533477783203,0.4180034101009369,0.2238680124282837,0.27844902873039248,0.1331106722354889,0.17688727378845216,0.19587907195091248,0.43322354555130007,0.1443866789340973,0.18738313019275666,0.1999155580997467,0.1578916609287262,0.25356143712997439,0.47208237648010256,0.10867857933044434,0.1800806075334549,0.11014638096094132,0.3549928069114685,0.20825102925300599],"bodySizes":[2.1029274463653566,2.1199262142181398,1.7945064306259156],"springs":[],"dumpers":[],"name":12211,"generation":352,"distance":51.08213424682617,"reward":-52.90226745605469},{"angles":[-48.10871887207031,6.053316116333008,6.749061584472656,46.93452453613281,-0.0763092041015625,55.928924560546878,9.686759948730469,48.093353271484378,43.375396728515628,-56.421531677246097,29.252342224121095,7.380401611328125,45.686546325683597,5.090497970581055,-23.267906188964845,-14.772184371948243,47.73666763305664,-13.481849670410157,13.662666320800782,51.01897430419922,-27.8242130279541,39.425941467285159,-48.460533142089847,-33.74030303955078,22.119253158569337,-9.37537956237793,-5.46624755859375,51.114952087402347,-3.288623809814453,-35.184112548828128,14.439834594726563,-51.39979553222656,-15.333686828613282,-35.638343811035159,57.61180114746094,20.005186080932618,-56.15998077392578,4.1501922607421879,49.69050598144531,34.23836135864258,-0.17927932739257813,41.030845642089847,34.23719024658203,17.047231674194337,-33.03285217285156,24.172765731811525,-50.502418518066409,-14.037271499633789,56.072601318359378,-46.591957092285159,0.034481048583984378,13.0115966796875,57.719764709472659,-26.611953735351564,-35.776634216308597,36.3310546875,0.5318717956542969,-35.36384582519531,26.527217864990236,-44.214866638183597,-59.33436584472656,19.27461051940918,-11.76007080078125,-26.172487258911134,-13.534706115722657,-52.83650207519531,54.24401092529297,-11.832109451293946,48.60654830932617,-42.2662353515625,27.547643661499025,32.45412826538086,17.318199157714845,17.43817710876465,-59.07948303222656,31.848976135253908,-21.66571807861328,-30.442270278930665,-42.014305114746097,51.64466857910156],"legSizes":[0.39931195974349978,0.30831021070480349,0.1786205768585205,0.12336897850036621,0.41139739751815798,0.11383533477783203,0.4180034101009369,0.328400194644928,0.27844902873039248,0.1331106722354889,0.29881471395492556,0.3623622953891754,0.43322354555130007,0.32142728567123415,0.21144425868988038,0.4365481734275818,0.1578916609287262,0.1901373416185379,0.47208237648010256,0.10867857933044434,0.1800806075334549,0.11014638096094132,0.3549928069114685,0.45448392629623415],"bodySizes":[2.0773942470550539,2.2599599361419679,1.7040029764175416],"springs":[],"dumpers":[],"name":12211,"generation":352,"distance":51.08213424682617,"reward":-55.30150604248047}]}