{"geneDatas":[{"angles":[-19.068710327148439,-3.0160560607910158,34.746463775634769,43.658836364746097,27.28663444519043,55.928924560546878,-37.72240447998047,51.804771423339847,48.93284606933594,-24.194692611694337,-16.00368309020996,42.61219024658203,-40.142799377441409,-54.24705505371094,-44.05902099609375,-40.82771301269531,-12.861249923706055,-13.481849670410157,13.662666320800782,7.187339782714844,-54.35054016113281,29.38988494873047,-37.390464782714847,34.65182113647461,34.73680877685547,-56.104888916015628,44.095001220703128,-39.45294952392578,-58.5257568359375,29.460208892822267,-36.56403350830078,-28.941558837890626,-21.8120174407959,-52.83460998535156,54.5546875,-2.5606651306152345,-58.60975646972656,-25.91191864013672,49.69050598144531,4.048040390014648,12.42790412902832,-1.4747200012207032,28.14978790283203,33.540557861328128,-37.73883819580078,-15.03541374206543,-29.762969970703126,9.658876419067383,50.41423034667969,12.74177360534668,-53.6580810546875,-36.70149230957031,59.8289794921875,-38.951385498046878,9.899391174316407,-46.49137878417969,31.525739669799806,5.303483963012695,29.619596481323243,8.549345016479493,-26.267860412597658,-24.883195877075197,-49.816375732421878,-43.462799072265628,-56.413909912109378,-34.71240234375,-2.083789825439453,-26.230796813964845,55.46812438964844,-55.6533203125,40.809471130371097,-25.367111206054689,-35.5771484375,36.147579193115237,25.950592041015626,20.716022491455079,-21.66571807861328,-30.442270278930665,-42.014305114746097,57.38953399658203],"legSizes":[0.4916440546512604,0.41460123658180239,0.29684460163116457,0.4255708158016205,0.18050822615623475,0.2090366631746292,0.4473409652709961,0.12302546948194504,0.46553903818130495,0.4171646535396576,0.17053040862083436,0.16679224371910096,0.4652668535709381,0.43048396706581118,0.48830467462539675,0.17384973168373109,0.23132207989692689,0.49186357855796816,0.3744053840637207,0.21612995862960816,0.46690502762794497,0.29351675510406496,0.28332921862602236,0.36114341020584109],"bodySizes":[1.8791306018829346,2.358043909072876,1.8054319620132447],"springs":[],"dumpers":[],"name":9701,"generation":278,"distance":38.778141021728519,"reward":-38.778141021728519},{"angles":[-38.084503173828128,-18.62977409362793,-46.075958251953128,43.658836364746097,27.28663444519043,55.928924560546878,-46.08631896972656,26.341581344604493,28.71674346923828,33.21154022216797,-40.82324981689453,18.393001556396486,-40.142799377441409,-40.89518737792969,-44.05902099609375,-40.82771301269531,-32.87617492675781,-13.481849670410157,43.732025146484378,7.187339782714844,-54.35054016113281,29.38988494873047,-37.390464782714847,34.65182113647461,34.73680877685547,-56.104888916015628,-49.110862731933597,-39.45294952392578,-31.192359924316408,29.460208892822267,-36.56403350830078,-28.941558837890626,-21.8120174407959,-52.83460998535156,54.5546875,-44.896873474121097,-18.242347717285158,46.92407989501953,49.69050598144531,55.971736907958987,32.091705322265628,-6.890523910522461,28.14978790283203,33.540557861328128,-26.014732360839845,-15.03541374206543,-50.328285217285159,9.658876419067383,50.41423034667969,12.74177360534668,-6.347158432006836,-36.70149230957031,57.719764709472659,-44.8929443359375,38.97484588623047,-46.49137878417969,1.3732261657714844,-6.300851821899414,29.619596481323243,-32.686500549316409,-33.19456481933594,20.562698364257814,-3.571521759033203,9.377325057983399,-12.418634414672852,8.589513778686524,-40.53178405761719,35.258216857910159,-44.03086853027344,-49.56396484375,1.3800086975097657,28.9139404296875,17.318199157714845,-55.367958068847659,25.950592041015626,-50.32838439941406,50.273681640625,33.98993682861328,-33.374534606933597,13.55650520324707],"legSizes":[0.4916440546512604,0.25836819410324099,0.43666911125183108,0.11192750930786133,0.3676833510398865,0.2090366631746292,0.4081795811653137,0.3096787631511688,0.46553903818130495,0.487269788980484,0.44990476965904238,0.28643056750297549,0.4652668535709381,0.48144739866256716,0.3583291471004486,0.1773877739906311,0.23132207989692689,0.3200644254684448,0.3744053840637207,0.21612995862960816,0.46690502762794497,0.29351675510406496,0.17387977242469788,0.10373134911060333],"bodySizes":[1.959315538406372,2.394005298614502,1.7055344581604005],"springs":[],"dumpers":[],"name":9701,"generation":278,"distance":38.778141021728519,"reward":-54.040771484375},{"angles":[27.460182189941408,-46.41144561767578,-46.075958251953128,-37.30570983886719,-24.86784553527832,55.928924560546878,-46.08631896972656,5.06414794921875,28.71674346923828,33.21154022216797,-40.82324981689453,18.393001556396486,-40.142799377441409,-40.89518737792969,-44.05902099609375,-40.82771301269531,-32.87617492675781,-13.481849670410157,13.662666320800782,7.187339782714844,-54.35054016113281,29.38988494873047,-37.390464782714847,34.65182113647461,34.73680877685547,-56.104888916015628,-3.5707359313964845,-39.45294952392578,-31.192359924316408,29.460208892822267,-50.96930694580078,-28.941558837890626,-21.8120174407959,-52.83460998535156,54.5546875,-44.896873474121097,38.83788299560547,46.92407989501953,49.69050598144531,55.971736907958987,32.091705322265628,-6.890523910522461,28.14978790283203,33.540557861328128,-26.014732360839845,43.60260772705078,-29.762969970703126,9.658876419067383,59.303497314453128,12.74177360534668,-6.347158432006836,-36.70149230957031,57.719764709472659,-44.8929443359375,38.97484588623047,-36.582252502441409,1.3732261657714844,-6.300851821899414,29.619596481323243,-32.686500549316409,-33.19456481933594,-48.390655517578128,-49.816375732421878,9.377325057983399,-3.6294021606445314,-34.71240234375,-40.53178405761719,-26.230796813964845,50.359893798828128,50.62804412841797,-43.85762023925781,28.9139404296875,17.318199157714845,-55.367958068847659,25.950592041015626,-50.32838439941406,50.273681640625,33.98993682861328,-33.374534606933597,13.55650520324707],"legSizes":[0.4916440546512604,0.38333338499069216,0.38415995240211489,0.11192750930786133,0.16088028252124787,0.21853959560394288,0.34929534792900088,0.3096787631511688,0.46553903818130495,0.487269788980484,0.44990476965904238,0.28643056750297549,0.4652668535709381,0.48144739866256716,0.3005010485649109,0.1773877739906311,0.23132207989692689,0.3200644254684448,0.4429861903190613,0.21612995862960816,0.46690502762794497,0.29351675510406496,0.17387977242469788,0.10373134911060333],"bodySizes":[1.8567259311676026,2.459254026412964,1.752018928527832],"springs":[],"dumpers":[],"name":9701,"generation":278,"distance":38.778141021728519,"reward":-70.90314483642578}]}