{"geneDatas":[{"angles":[80.41108703613281,12.910573959350586,50.12690734863281,0.002826690673828125,56.125274658203128,13.633026123046875,17.85010528564453,42.04979705810547,26.740921020507814,-0.7484512329101563,53.56773376464844,33.99550247192383,39.698280334472659,49.72623825073242,-46.61274719238281,-57.769744873046878,-49.84906005859375,-51.18775939941406,38.95140838623047,30.10651397705078,20.651418685913087,-33.71033477783203,-33.17500305175781,-27.44725799560547,-10.215545654296875,40.250274658203128,47.1658935546875,-56.97235107421875,-38.27490997314453,7.583648681640625,-40.34484100341797,24.397756576538087,-55.145843505859378,-24.800798416137697,-11.852851867675782,10.434988021850586,5.02311897277832,-1.1267776489257813,-18.457725524902345,48.500587463378909,4.947044372558594,30.997966766357423,24.394208908081056,-45.79380798339844,85.06039428710938,28.672225952148439,-25.876014709472658,43.08723449707031,6.4294281005859379,-27.51851463317871,21.55477523803711,52.09870147705078,-36.89710998535156,-40.92274475097656,49.24501037597656,48.26361083984375,-13.80769157409668,-18.786699295043947,-6.404378890991211,19.320173263549806,-6.216493606567383,-0.03319549560546875,-49.20903778076172,-30.37042999267578,12.35017204284668,-28.557891845703126,-20.163522720336915,-6.381690979003906,23.993282318115236,-56.74940490722656,-24.24554443359375,53.95049285888672,-26.99182891845703,30.880735397338868,-59.895469665527347,-22.189041137695314,-44.27897644042969,57.433387756347659,-33.7264404296875,-1.2022514343261719],"legSizes":[0.3578730523586273,0.43776893615722659,0.186366468667984,0.1075497642159462,0.42824554443359377,0.30611103773117068,0.11235552281141281,0.12373810261487961,0.3126874566078186,0.3491690754890442,0.36057329177856448,0.2153262495994568,0.3887453079223633,0.2404767870903015,0.4899575710296631,0.11142444610595703,0.3777848780155182,0.41922298073768618,0.2595234513282776,0.3919595777988434,0.4785797595977783,0.1329193115234375,0.25,0.25],"bodySizes":[1.8541386127471924,1.8562718629837037,2.3243749141693117],"springs":[],"dumpers":[],"name":3093,"generation":88,"distance":40.200408935546878,"reward":-40.200408935546878},{"angles":[21.46561050415039,-0.5465774536132813,50.12690734863281,-45.74127960205078,-15.536865234375,13.633026123046875,-12.677000045776368,-18.977815628051759,26.740921020507814,-0.7484512329101563,53.56773376464844,27.905385971069337,-27.68412208557129,21.701828002929689,-46.61274719238281,-57.769744873046878,-46.362205505371097,3.5854835510253908,38.95140838623047,-29.12353515625,20.651418685913087,-33.71033477783203,-33.17500305175781,-27.44725799560547,-10.215545654296875,40.250274658203128,47.1658935546875,-56.97235107421875,-38.27490997314453,7.583648681640625,8.785593032836914,10.026748657226563,-2.643218994140625,-9.602571487426758,-13.36265754699707,-49.831321716308597,5.02311897277832,-44.84107208251953,34.48006057739258,48.500587463378909,-25.04108238220215,-17.39381217956543,41.1492919921875,-45.79380798339844,85.06039428710938,11.966207504272461,-25.876014709472658,43.08723449707031,6.4294281005859379,-37.87886047363281,-45.835350036621097,52.09870147705078,-27.308929443359376,4.177543640136719,38.980224609375,53.41820526123047,21.963071823120118,7.322639465332031,36.665740966796878,37.52684783935547,-59.380706787109378,-1.890472412109375,-54.842559814453128,-30.37042999267578,18.760969161987306,-48.856231689453128,38.76844787597656,1.8152122497558594,52.93304443359375,-25.89164924621582,8.572935104370118,36.877540588378909,-30.175064086914064,13.466598510742188,-52.70539093017578,-5.291038513183594,-34.399208068847659,-56.240875244140628,-41.05589294433594,45.560001373291019],"legSizes":[0.49961742758750918,0.4019869267940521,0.186366468667984,0.1075497642159462,0.42824554443359377,0.30611103773117068,0.20379693806171418,0.12373810261487961,0.24430930614471436,0.3491690754890442,0.3671943247318268,0.2527180016040802,0.3644274175167084,0.2957935631275177,0.302314817905426,0.11142444610595703,0.17253413796424867,0.17127284407615663,0.42934125661849978,0.24108096957206727,0.4785797595977783,0.10694628208875656,0.25,0.25],"bodySizes":[1.9670860767364503,1.9693492650985718,2.065113067626953],"springs":[],"dumpers":[],"name":3093,"generation":88,"distance":40.200408935546878,"reward":-40.670188903808597},{"angles":[80.41108703613281,-0.5465774536132813,50.12690734863281,-45.74127960205078,-37.58782196044922,13.633026123046875,-12.677000045776368,-18.977815628051759,26.740921020507814,-0.7484512329101563,53.56773376464844,27.905385971069337,-27.68412208557129,21.701828002929689,-46.61274719238281,-57.769744873046878,-46.362205505371097,3.5854835510253908,38.95140838623047,-29.12353515625,20.651418685913087,-33.71033477783203,-33.17500305175781,-27.44725799560547,-10.215545654296875,56.870269775390628,47.1658935546875,-56.97235107421875,-38.27490997314453,7.583648681640625,8.785593032836914,10.026748657226563,-2.643218994140625,-9.602571487426758,-13.36265754699707,-49.831321716308597,5.02311897277832,-44.84107208251953,34.48006057739258,48.500587463378909,-25.04108238220215,-17.39381217956543,41.1492919921875,-45.79380798339844,85.06039428710938,11.966207504272461,-25.876014709472658,43.08723449707031,6.4294281005859379,-37.87886047363281,-45.835350036621097,52.09870147705078,-27.308929443359376,4.177543640136719,49.24501037597656,53.41820526123047,21.963071823120118,7.322639465332031,36.665740966796878,37.52684783935547,-59.380706787109378,-1.890472412109375,-54.842559814453128,-30.37042999267578,18.760969161987306,-48.856231689453128,38.76844787597656,1.8152122497558594,52.93304443359375,-25.89164924621582,8.572935104370118,36.877540588378909,-30.175064086914064,13.466598510742188,-52.70539093017578,-5.291038513183594,-34.399208068847659,-56.240875244140628,-41.05589294433594,45.560001373291019],"legSizes":[0.3578730523586273,0.37140050530433657,0.186366468667984,0.1075497642159462,0.42824554443359377,0.30611103773117068,0.20379693806171418,0.12373810261487961,0.24430930614471436,0.3491690754890442,0.3671943247318268,0.2527180016040802,0.3644274175167084,0.2957935631275177,0.302314817905426,0.11142444610595703,0.17253413796424867,0.17127284407615663,0.42934125661849978,0.24108096957206727,0.4785797595977783,0.10694628208875656,0.25,0.25],"bodySizes":[1.9796680212020875,1.9630811214447022,2.058540105819702],"springs":[],"dumpers":[],"name":3093,"generation":88,"distance":40.200408935546878,"reward":-51.609989166259769}]}