{"geneDatas":[{"angles":[-0.2662239074707031,-47.62644958496094,-25.955923080444337,-25.22420310974121,15.545352935791016,57.99134826660156,44.291282653808597,36.3480224609375,-41.1373291015625,-51.438201904296878,11.595291137695313,57.41436767578125,-8.244216918945313,33.12284851074219,18.77342987060547,34.91851043701172,-7.436906814575195,-33.946266174316409,-30.933509826660158,-32.459495544433597,50.22643280029297,58.798744201660159,-19.673601150512697,-4.4859466552734379,-4.2573089599609379,-7.30070686340332,12.664581298828125,42.15907287597656,-4.038339614868164,47.899375915527347,50.344635009765628,-23.718902587890626,19.8595027923584,-7.869909286499023,4.78767204284668,-13.710214614868164,-24.10059356689453,-4.788816452026367,43.24909973144531,38.00328063964844,49.49226379394531,-26.49665641784668,-33.0919189453125,32.99028015136719,59.53778839111328,40.323341369628909,-36.66453552246094,-38.62956237792969,51.188621520996097,-26.74411964416504,-16.811521530151368,-27.24818992614746,-47.275611877441409,-35.59291076660156,-12.18988037109375,27.112180709838868,42.47895050048828,37.23358154296875,-43.20631408691406,41.70050811767578,48.28140640258789,2.8994407653808595,57.067420959472659,57.6866455078125,-48.275482177734378,30.188711166381837,31.86561393737793,-54.55171203613281,-46.527244567871097,-22.920021057128908,-28.700889587402345,49.91999816894531,-43.512428283691409,-15.884834289550782,-22.527070999145509,-51.51625061035156,-42.602806091308597,-42.237709045410159,5.978759765625,4.905876159667969],"legSizes":[0.303554892539978,0.48277029395103457,0.38990306854248049,0.4798339903354645,0.4896918833255768,0.37403780221939089,0.30468761920928957,0.22578632831573487,0.4129047989845276,0.19846215844154359,0.16025304794311524,0.4246276915073395,0.267428994178772,0.15926118195056916,0.41232165694236758,0.47964152693748476,0.26629704236984255,0.12523098289966584,0.11449022591114044,0.10031399875879288,0.22954495251178742,0.22753623127937318,0.23234012722969056,0.32341015338897707],"bodySizes":[2.2150912284851076,1.5693106651306153,2.3013861179351808],"springs":[],"dumpers":[],"name":31699,"generation":905,"distance":23.168731689453126,"reward":-23.168731689453126},{"angles":[55.94818878173828,-51.81605529785156,-6.263975143432617,-32.652496337890628,-16.115507125854493,47.83391571044922,-31.137542724609376,17.739614486694337,-41.1373291015625,-5.273588180541992,32.631309509277347,5.701509475708008,-8.244216918945313,25.31945037841797,30.914596557617189,48.0921630859375,-10.961357116699219,-52.521270751953128,57.337059020996097,-10.799896240234375,26.320852279663087,58.798744201660159,51.964317321777347,-4.4859466552734379,1.3269081115722657,-7.30070686340332,44.054603576660159,-11.150156021118164,10.861579895019532,47.899375915527347,-9.619880676269532,-39.94947814941406,27.381519317626954,59.787567138671878,-46.658477783203128,39.887840270996097,-24.10059356689453,-10.439237594604493,43.24909973144531,-14.586816787719727,-40.19688415527344,-51.081092834472659,-33.0919189453125,32.99028015136719,59.53778839111328,40.323341369628909,-36.66453552246094,33.474525451660159,-6.11085319519043,-26.74411964416504,-16.811521530151368,-54.659584045410159,-47.275611877441409,-35.59291076660156,-12.18988037109375,27.112180709838868,42.47895050048828,37.23358154296875,-43.20631408691406,41.70050811767578,48.28140640258789,2.8994407653808595,57.067420959472659,57.6866455078125,-48.275482177734378,30.188711166381837,31.86561393737793,43.24372863769531,-46.527244567871097,55.18223571777344,-28.700889587402345,49.91999816894531,-35.57775115966797,-15.884834289550782,-22.527070999145509,-51.51625061035156,-12.315895080566407,-42.237709045410159,15.160530090332032,4.905876159667969],"legSizes":[0.45717376470565798,0.48277029395103457,0.38990306854248049,0.1943330317735672,0.11377692222595215,0.364725261926651,0.30468761920928957,0.16963887214660645,0.3952028751373291,0.3265690505504608,0.16025304794311524,0.4246276915073395,0.267428994178772,0.15926118195056916,0.41232165694236758,0.47964152693748476,0.4603545665740967,0.12523098289966584,0.11449022591114044,0.10031399875879288,0.22954495251178742,0.22753623127937318,0.23234012722969056,0.32341015338897707],"bodySizes":[2.2111759185791017,1.5720783472061158,2.3014023303985597],"springs":[],"dumpers":[],"name":31699,"generation":905,"distance":23.168731689453126,"reward":-60.059329986572269},{"angles":[-0.2662239074707031,-24.815446853637697,-25.955923080444337,-25.22420310974121,15.545352935791016,57.99134826660156,-5.2600555419921879,-23.479751586914064,-41.1373291015625,25.124570846557618,5.333341598510742,20.96759033203125,13.852350234985352,-43.602745056152347,43.110107421875,-15.877769470214844,19.591537475585939,-52.521270751953128,-4.958244323730469,-10.799896240234375,26.320852279663087,58.798744201660159,-50.54261779785156,-4.4859466552734379,-9.512664794921875,22.1312255859375,44.054603576660159,-11.150156021118164,10.861579895019532,53.441993713378909,-9.619880676269532,-18.552995681762697,5.107992172241211,-7.869909286499023,-46.658477783203128,-48.47521209716797,-24.10059356689453,-10.439237594604493,43.24909973144531,38.00328063964844,38.15406036376953,31.18547821044922,-33.0919189453125,32.99028015136719,59.53778839111328,-59.00536346435547,-37.070762634277347,-4.49095344543457,26.99187469482422,-26.74411964416504,52.29119873046875,33.34309005737305,-55.64012908935547,-35.59291076660156,-26.646589279174806,27.112180709838868,42.47895050048828,-51.33427429199219,-43.20631408691406,41.70050811767578,-52.200096130371097,25.582077026367189,2.495147705078125,-16.89282989501953,-48.275482177734378,30.188711166381837,40.611106872558597,32.18746566772461,49.10169219970703,-28.8604736328125,-28.700889587402345,-26.39974021911621,-35.57775115966797,-37.920928955078128,22.686019897460939,23.19777488708496,14.486440658569336,-42.237709045410159,-18.162954330444337,-38.14324188232422],"legSizes":[0.197062686085701,0.48277029395103457,0.4116893708705902,0.4616824984550476,0.17381548881530763,0.2726566195487976,0.30468761920928957,0.2741391956806183,0.32140448689460757,0.3265690505504608,0.2917472720146179,0.4246276915073395,0.2812517285346985,0.36477094888687136,0.341748982667923,0.47557082772254946,0.2908046543598175,0.12523098289966584,0.11449022591114044,0.10031399875879288,0.19107136130332948,0.21302039921283723,0.37146276235580447,0.2220638543367386],"bodySizes":[2.2152481079101564,1.5694217681884766,2.301060438156128],"springs":[],"dumpers":[],"name":31699,"generation":905,"distance":23.168731689453126,"reward":-62.35995101928711}]}