{"geneDatas":[{"angles":[1.5703239440917969,-17.263961791992189,-25.36533546447754,48.004859924316409,50.13427734375,27.584896087646486,57.215606689453128,23.64276123046875,33.702850341796878,26.828811645507814,45.582733154296878,-57.65564727783203,-36.289215087890628,-54.24705505371094,-54.977760314941409,-57.223602294921878,-32.09747314453125,34.828147888183597,4.118736267089844,-45.13621520996094,-54.35054016113281,8.160272598266602,25.583221435546876,42.773494720458987,22.217758178710939,-30.276330947875978,-27.322004318237306,-43.076133728027347,-34.47877502441406,21.550094604492189,18.798864364624025,-39.96540069580078,-21.8120174407959,26.18536949157715,54.5546875,1.2264976501464844,-57.839080810546878,-23.215591430664064,49.69050598144531,56.43087387084961,-1.1202278137207032,-20.055734634399415,-34.456756591796878,55.49726486206055,40.15563201904297,20.22246551513672,-49.766563415527347,-18.99051856994629,-8.150588989257813,10.124067306518555,37.62335205078125,-6.2675933837890629,-44.44214630126953,-15.076154708862305,49.24501037597656,53.41820526123047,7.813804626464844,42.415611267089847,-2.7037010192871095,-17.35883331298828,-58.407981872558597,45.443172454833987,-49.816375732421878,-48.07335662841797,8.379514694213868,-55.00525665283203,-20.158945083618165,-22.286603927612306,-3.0842323303222658,48.110862731933597,1.8488273620605469,-16.087251663208009,-50.75730895996094,21.67005729675293,-34.931976318359378,8.131750106811524,-26.089874267578126,22.93756103515625,-58.87378692626953,1.195587158203125],"legSizes":[0.4765547811985016,0.18388715386390687,0.35515838861465456,0.1620599776506424,0.19346600770950318,0.4734148383140564,0.4260120987892151,0.23755553364753724,0.3514336943626404,0.4022882580757141,0.35728317499160769,0.4361991882324219,0.25211402773857119,0.3342016339302063,0.37814751267433169,0.4459008574485779,0.16977019608020783,0.17837032675743104,0.47921982407569888,0.17590966820716859,0.46690502762794497,0.2654080092906952,0.10693497955799103,0.24681031703948975],"bodySizes":[2.0238802433013918,2.2556028366088869,1.752437949180603],"springs":[],"dumpers":[],"name":7343,"generation":209,"distance":43.05447006225586,"reward":-43.05447006225586},{"angles":[27.957670211791993,32.59764862060547,-20.149690628051759,7.3391876220703129,-30.49382781982422,23.51008415222168,25.497722625732423,23.64276123046875,26.740921020507814,-37.503746032714847,45.582733154296878,-57.65564727783203,-36.289215087890628,-54.24705505371094,-54.977760314941409,-57.223602294921878,-32.09747314453125,56.617183685302737,4.118736267089844,0.2839622497558594,-54.35054016113281,-18.405067443847658,25.583221435546876,42.773494720458987,22.217758178710939,-30.276330947875978,53.226402282714847,-43.076133728027347,-49.219482421875,7.583648681640625,-23.79585075378418,10.599868774414063,-6.769386291503906,39.50055694580078,54.5546875,31.094581604003908,-57.839080810546878,-23.215591430664064,-24.14019012451172,56.43087387084961,-26.905237197875978,24.157833099365236,-33.45307159423828,-17.356460571289064,-52.16954040527344,15.699834823608399,-29.762969970703126,-18.99051856994629,-2.368762969970703,8.922737121582032,23.057266235351564,-6.2675933837890629,-44.44214630126953,42.88645935058594,49.24501037597656,53.41820526123047,15.204717636108399,-52.99835968017578,13.132589340209961,37.662689208984378,47.39524841308594,50.371986389160159,-54.842559814453128,-48.07335662841797,-13.415071487426758,0.23851776123046876,-20.158945083618165,-22.286603927612306,40.89408874511719,5.233419418334961,-41.4365234375,-25.367111206054689,-50.75730895996094,-57.40186309814453,-34.931976318359378,21.525434494018556,-26.089874267578126,-38.511260986328128,-55.449241638183597,1.195587158203125],"legSizes":[0.3146374523639679,0.39973920583724978,0.20133312046527863,0.3070789575576782,0.3972260057926178,0.454010546207428,0.4260120987892151,0.19141073524951936,0.1778668910264969,0.3266443908214569,0.35728317499160769,0.43660444021224978,0.25284725427627566,0.3516028821468353,0.2387835681438446,0.47749966382980349,0.13196130096912385,0.2477346658706665,0.47921982407569888,0.18051129579544068,0.46690502762794497,0.2654080092906952,0.4031331539154053,0.4925588071346283],"bodySizes":[1.951064944267273,1.8559131622314454,2.2093303203582765],"springs":[],"dumpers":[],"name":7343,"generation":209,"distance":43.05447006225586,"reward":-43.60173416137695},{"angles":[27.957670211791993,3.1989173889160158,-20.149690628051759,7.3391876220703129,-30.49382781982422,23.51008415222168,33.26628494262695,23.64276123046875,-1.5692787170410157,-37.503746032714847,-25.94489288330078,-57.65564727783203,-36.289215087890628,47.683868408203128,-54.977760314941409,-57.223602294921878,-26.75799560546875,56.617183685302737,4.118736267089844,9.741645812988282,-54.35054016113281,-18.405067443847658,25.583221435546876,42.773494720458987,-30.644561767578126,36.90240478515625,-30.16071891784668,-43.076133728027347,-49.219482421875,7.583648681640625,18.798864364624025,13.311859130859375,-21.8120174407959,12.147552490234375,54.5546875,1.2264976501464844,-57.839080810546878,-23.215591430664064,49.69050598144531,56.43087387084961,-1.1202278137207032,-20.055734634399415,-34.456756591796878,55.49726486206055,40.15563201904297,20.9798641204834,22.231779098510743,-18.99051856994629,-44.922454833984378,10.124067306518555,37.62335205078125,-6.2675933837890629,-44.44214630126953,33.858245849609378,49.24501037597656,53.41820526123047,7.813804626464844,42.415611267089847,-2.7037010192871095,-17.35883331298828,-58.407981872558597,45.443172454833987,-49.816375732421878,-48.07335662841797,8.379514694213868,-55.00525665283203,-20.158945083618165,-22.286603927612306,-53.221275329589847,48.110862731933597,1.8488273620605469,-16.087251663208009,-50.75730895996094,21.67005729675293,-34.931976318359378,8.131750106811524,-26.089874267578126,22.93756103515625,-58.87378692626953,1.195587158203125],"legSizes":[0.3146374523639679,0.1625848412513733,0.4107605814933777,0.3070789575576782,0.3972260057926178,0.454010546207428,0.2700211703777313,0.19141073524951936,0.3115825057029724,0.3941560387611389,0.35728317499160769,0.43660444021224978,0.13253483176231385,0.3155739903450012,0.4107559323310852,0.24254223704338075,0.16977019608020783,0.17837032675743104,0.47921982407569888,0.17590966820716859,0.46690502762794497,0.2654080092906952,0.10693497955799103,0.24681031703948975],"bodySizes":[2.1914775371551515,2.1676366329193117,1.6840946674346924],"springs":[],"dumpers":[],"name":7343,"generation":209,"distance":43.05447006225586,"reward":-62.468772888183597}]}