{"geneDatas":[{"angles":[-30.038795471191408,-14.100317001342774,-2.263805389404297,11.168569564819336,-3.2317771911621095,-31.85840606689453,52.377159118652347,8.309606552124024,59.702552795410159,-20.334142684936525,32.840179443359378,35.773712158203128,-49.041107177734378,-16.08672332763672,-22.630455017089845,-59.475730895996097,-19.095762252807618,-36.793601989746097,37.02874755859375,58.19071960449219,-19.118621826171876,-50.37383270263672,-40.964569091796878,-11.274911880493164,18.48322105407715,-54.62359619140625,50.209495544433597,-12.088844299316407,17.24298095703125,56.61534118652344,-33.94219207763672,-6.00798225402832,9.027778625488282,-21.6865177154541,54.76374053955078,-9.922836303710938,5.821929931640625,-4.714914321899414,51.56334686279297,56.65204620361328,-5.1183624267578129,-34.84503936767578,51.50779724121094,45.52073669433594,59.53778839111328,-47.56329345703125,-43.66980743408203,-28.076744079589845,7.680509567260742,6.727689743041992,13.188436508178711,34.82548522949219,-55.359405517578128,39.572021484375,-15.621437072753907,55.7252311706543,-31.09532928466797,-4.324342727661133,58.11238098144531,-59.18775939941406,40.149879455566409,52.42539978027344,-53.550323486328128,6.537717819213867,-14.943603515625,31.443843841552736,38.694664001464847,-16.00525665283203,-26.141616821289064,-36.217201232910159,52.47649383544922,4.690467834472656,15.166265487670899,46.13346481323242,28.367584228515626,19.917037963867189,6.410301208496094,30.959426879882814,-56.409759521484378,5.9567718505859379],"legSizes":[0.32140448689460757,0.3781210482120514,0.4862433075904846,0.3078504204750061,0.4228231906890869,0.3696054518222809,0.39738965034484866,0.10821213573217392,0.3258568048477173,0.2807564437389374,0.2953316867351532,0.43959522247314455,0.4529789090156555,0.12731142342090608,0.14386577904224397,0.24942715466022492,0.4132300019264221,0.31124112010002139,0.21426203846931458,0.1297791600227356,0.4296908974647522,0.32034122943878176,0.34276124835014346,0.41630634665489199],"bodySizes":[1.8001923561096192,2.0469071865081789,2.17106556892395],"springs":[],"dumpers":[],"name":19160,"generation":551,"distance":34.302642822265628,"reward":23.587982177734376},{"angles":[-30.038795471191408,-14.100317001342774,-2.263805389404297,11.168569564819336,-3.2317771911621095,-31.85840606689453,-28.766632080078126,36.29878234863281,59.702552795410159,-20.334142684936525,32.840179443359378,-35.04292297363281,-49.041107177734378,-16.08672332763672,-22.630455017089845,-41.86639404296875,2.2702293395996095,-36.793601989746097,52.25413513183594,58.19071960449219,59.942535400390628,-41.88164520263672,-40.964569091796878,-1.1080665588378907,54.87539291381836,-54.62359619140625,50.209495544433597,-12.088844299316407,17.24298095703125,56.61534118652344,-33.94219207763672,-6.00798225402832,9.027778625488282,-21.6865177154541,54.76374053955078,-9.922836303710938,5.821929931640625,-53.08263397216797,51.56334686279297,56.65204620361328,-5.1183624267578129,-34.84503936767578,51.50779724121094,-2.353240966796875,59.53778839111328,-24.830984115600587,-33.348541259765628,-28.076744079589845,-50.16448974609375,7.268119812011719,-36.040435791015628,57.176841735839847,-55.359405517578128,39.572021484375,24.942825317382814,-8.51727294921875,-31.09532928466797,54.27128601074219,27.405881881713868,-59.18775939941406,40.149879455566409,52.42539978027344,-53.550323486328128,6.537717819213867,-58.79045867919922,6.661582946777344,8.772018432617188,-16.00525665283203,-26.141616821289064,-15.255882263183594,-45.34086608886719,4.690467834472656,22.46120262145996,46.13346481323242,28.367584228515626,-59.40039825439453,-12.80211067199707,30.959426879882814,58.54950714111328,-23.260452270507814],"legSizes":[0.2098102867603302,0.207835853099823,0.3587001860141754,0.3078504204750061,0.254220187664032,0.22996827960014344,0.39738965034484866,0.10821213573217392,0.3544004559516907,0.11940059810876847,0.4020639955997467,0.331501841545105,0.4529789090156555,0.35218119621276858,0.13350549340248109,0.16299700736999513,0.4163605272769928,0.18140216171741486,0.41839709877967837,0.18050837516784669,0.3989171087741852,0.48942628502845766,0.3497408628463745,0.1841144561767578],"bodySizes":[1.825820803642273,2.0070838928222658,2.183063268661499],"springs":[],"dumpers":[],"name":19160,"generation":551,"distance":34.302642822265628,"reward":-50.74360656738281},{"angles":[-5.2847747802734379,21.003355026245118,-28.88997459411621,11.168569564819336,-3.2317771911621095,-31.85840606689453,-7.780242919921875,-47.106544494628909,51.63201904296875,-53.01478576660156,-9.91844367980957,35.773712158203128,-49.041107177734378,-1.8453521728515626,-6.328760147094727,-59.475730895996097,-19.095762252807618,-36.793601989746097,27.550405502319337,40.6995964050293,-18.944671630859376,42.323028564453128,-41.71119689941406,4.280982971191406,18.48322105407715,-0.4056282043457031,50.209495544433597,53.60009002685547,17.24298095703125,56.61534118652344,-33.94219207763672,-6.00798225402832,9.027778625488282,-7.352119445800781,54.76374053955078,45.128631591796878,5.821929931640625,-4.714914321899414,51.56334686279297,56.65204620361328,-5.1183624267578129,-17.17474365234375,51.50779724121094,-2.353240966796875,59.53778839111328,-24.830984115600587,-33.348541259765628,-28.076744079589845,-50.16448974609375,7.268119812011719,2.136260986328125,57.176841735839847,-55.359405517578128,39.572021484375,-15.621437072753907,-2.7923812866210939,-31.09532928466797,-4.324342727661133,58.11238098144531,-59.18775939941406,40.149879455566409,52.42539978027344,9.281608581542969,6.537717819213867,-14.943603515625,31.443843841552736,-35.914794921875,-17.51350212097168,-8.923837661743164,-38.18475341796875,3.65423583984375,13.291290283203125,-24.128700256347658,5.674631118774414,28.367584228515626,22.92873764038086,27.654502868652345,30.959426879882814,58.54950714111328,-59.421783447265628],"legSizes":[0.36338168382644656,0.3984963893890381,0.3587001860141754,0.3078504204750061,0.254220187664032,0.22996827960014344,0.39738965034484866,0.10821213573217392,0.24798530340194703,0.11940059810876847,0.4020639955997467,0.331501841545105,0.47312459349632265,0.35218119621276858,0.13350549340248109,0.16299700736999513,0.4163605272769928,0.18140216171741486,0.41839709877967837,0.18050837516784669,0.3989171087741852,0.3920590281486511,0.17887082695960999,0.15066829323768617],"bodySizes":[1.754172682762146,1.9455628395080567,2.3440797328948976],"springs":[],"dumpers":[],"name":19160,"generation":551,"distance":34.302642822265628,"reward":-55.64242935180664}]}