{"geneDatas":[{"angles":[-0.2662239074707031,-22.36858558654785,-45.40795135498047,11.168569564819336,-1.80804443359375,-24.15593719482422,-50.84410858154297,57.313011169433597,43.835174560546878,-25.156997680664064,5.939191818237305,52.40519714355469,-23.263343811035158,-33.636688232421878,-6.5713043212890629,-17.794023513793947,-7.436906814575195,-53.808074951171878,42.97369384765625,55.720680236816409,15.343923568725586,58.60803985595703,-24.990455627441408,33.62939453125,-14.457601547241211,-46.7843017578125,29.6939697265625,21.729841232299806,32.773773193359378,-20.435091018676759,31.205419540405275,50.79767608642578,13.254125595092774,14.906623840332032,-11.606002807617188,53.08726501464844,1.4624900817871094,-39.739776611328128,54.87226104736328,46.47265625,46.06706237792969,0.8434371948242188,57.17692565917969,-45.435020446777347,36.640045166015628,-57.451202392578128,-43.66980743408203,-28.809980392456056,-8.659120559692383,19.688701629638673,-12.068746566772461,49.49702453613281,-41.194366455078128,24.052732467651368,10.978826522827149,-42.845733642578128,-34.29652404785156,44.11030578613281,-43.20631408691406,-8.757797241210938,42.705772399902347,2.6300888061523439,-55.741554260253909,48.28160858154297,3.441173553466797,5.824663162231445,-12.120843887329102,-16.5706787109375,-36.63970184326172,-23.68956184387207,16.242656707763673,49.008033752441409,-4.636451721191406,-52.604530334472659,-16.270700454711915,21.301616668701173,14.486440658569336,1.7175941467285157,26.17718505859375,48.76750946044922],"legSizes":[0.24770767986774445,0.1233518123626709,0.287983775138855,0.28894469141960146,0.3376038670539856,0.3074490427970886,0.3816223740577698,0.22578632831573487,0.4756592810153961,0.14621099829673768,0.4405202865600586,0.41221433877944949,0.47873836755752566,0.2464928925037384,0.47429999709129336,0.42753171920776369,0.16729187965393067,0.22375229001045228,0.38881364464759829,0.10031399875879288,0.14690431952476502,0.14068102836608888,0.31627896428108218,0.1338299810886383],"bodySizes":[2.2846994400024416,1.526282548904419,2.2941720485687258],"springs":[],"dumpers":[],"name":29216,"generation":838,"distance":47.2403564453125,"reward":-47.2403564453125},{"angles":[-33.12602233886719,0.4963798522949219,20.033767700195314,11.168569564819336,-1.80804443359375,-5.704458236694336,7.207296371459961,0.4198036193847656,-58.729766845703128,-25.156997680664064,5.939191818237305,50.45654296875,-40.32341766357422,-3.799060821533203,-21.439783096313478,-49.73754119873047,-3.2562789916992189,-5.283445358276367,0.9042625427246094,-5.262388229370117,59.768768310546878,47.837791442871097,-47.37316131591797,-35.22059631347656,14.890302658081055,-5.590446472167969,44.054603576660159,-7.6477508544921879,36.634124755859378,0.17563247680664063,-4.385553359985352,45.70133590698242,-12.90223503112793,12.920228958129883,33.02334213256836,-29.217445373535158,-0.89801025390625,24.818042755126954,43.24909973144531,44.94715881347656,52.57209777832031,57.679054260253909,39.09062957763672,32.99028015136719,59.53778839111328,-31.392446517944337,-43.66980743408203,9.895454406738282,22.75361442565918,-43.988067626953128,-3.6960182189941408,-36.025115966796878,-50.45042419433594,-9.49847412109375,-53.97551727294922,-13.862937927246094,-34.29652404785156,44.11030578613281,-43.20631408691406,-8.757797241210938,42.705772399902347,2.6300888061523439,-47.31719970703125,48.28160858154297,-51.577117919921878,-0.2488861083984375,-12.120843887329102,-6.2389678955078129,-11.89306640625,-30.67608642578125,58.08893585205078,35.96485900878906,24.53902244567871,-5.781349182128906,16.220754623413087,21.301616668701173,-0.4640235900878906,1.7175941467285157,-59.45957946777344,39.42950439453125],"legSizes":[0.16659465432167054,0.1233518123626709,0.3547218441963196,0.28894469141960146,0.4794970452785492,0.3074490427970886,0.44099801778793337,0.3650519847869873,0.4915468692779541,0.2705320119857788,0.434044748544693,0.41221433877944949,0.47873836755752566,0.2464928925037384,0.4952372908592224,0.27710169553756716,0.29755574464797976,0.40114444494247439,0.38501715660095217,0.10031399875879288,0.24145296216011048,0.3927026689052582,0.13916015625,0.36301660537719729],"bodySizes":[2.145265579223633,1.667937159538269,2.235780715942383],"springs":[],"dumpers":[],"name":29216,"generation":838,"distance":47.2403564453125,"reward":-69.94496154785156},{"angles":[-33.12602233886719,40.814292907714847,-6.263975143432617,-25.22420310974121,15.545352935791016,4.4985809326171879,-26.344894409179689,16.92184829711914,-10.53343391418457,22.366287231445314,0.7853584289550781,-19.4783935546875,-23.263343811035158,-3.799060821533203,-52.09546661376953,-38.190635681152347,-7.436906814575195,-32.22810363769531,3.361064910888672,-10.799896240234375,-16.71912384033203,47.837791442871097,-45.636878967285159,-2.103057861328125,-9.512664794921875,-46.7843017578125,29.6939697265625,21.729841232299806,32.773773193359378,-20.435091018676759,31.205419540405275,-41.39949035644531,13.254125595092774,14.906623840332032,-11.606002807617188,53.08726501464844,1.4624900817871094,-39.739776611328128,54.87226104736328,56.86461639404297,46.06706237792969,0.8434371948242188,-4.009529113769531,-45.435020446777347,36.640045166015628,-57.451202392578128,-43.66980743408203,-28.809980392456056,-8.659120559692383,-13.440147399902344,-3.6960182189941408,-36.025115966796878,-41.194366455078128,-9.49847412109375,-26.646589279174806,-26.25157928466797,-34.29652404785156,-11.195932388305664,-43.20631408691406,-8.757797241210938,42.705772399902347,2.6300888061523439,-47.31719970703125,48.28160858154297,-51.577117919921878,-0.2488861083984375,-12.120843887329102,-6.2389678955078129,-11.89306640625,-30.67608642578125,58.08893585205078,35.96485900878906,24.53902244567871,-31.448562622070314,16.220754623413087,21.301616668701173,-0.4640235900878906,30.92428207397461,9.466461181640625,39.42950439453125],"legSizes":[0.16659465432167054,0.4844074845314026,0.287983775138855,0.3133688271045685,0.3376038670539856,0.3222551941871643,0.3816223740577698,0.22578632831573487,0.4756592810153961,0.14621099829673768,0.2258826047182083,0.41221433877944949,0.47873836755752566,0.2464928925037384,0.47429999709129336,0.42753171920776369,0.16729187965393067,0.41894635558128359,0.38881364464759829,0.10031399875879288,0.24145296216011048,0.3927026689052582,0.28486406803131106,0.36301660537719729],"bodySizes":[2.1614437103271486,1.661683201789856,2.2273976802825929],"springs":[],"dumpers":[],"name":29216,"generation":838,"distance":47.2403564453125,"reward":-83.01933288574219}]}