{"geneDatas":[{"angles":[1.7823371887207032,-38.644020080566409,45.35884094238281,11.168569564819336,-3.2317771911621095,-37.33551788330078,39.72553253173828,31.694580078125,51.15079879760742,-20.30218505859375,48.2103385925293,49.312591552734378,-49.041107177734378,-45.817840576171878,-53.483177185058597,24.316791534423829,-19.095762252807618,-46.742835998535159,39.254150390625,-25.80201530456543,-36.91321563720703,9.860122680664063,-40.964569091796878,-6.078178405761719,9.444643020629883,41.065948486328128,50.209495544433597,7.65875244140625,17.24298095703125,40.29327392578125,8.437448501586914,1.8090896606445313,-5.2467803955078129,-20.201974868774415,40.264732360839847,3.8328628540039064,5.821929931640625,-12.690330505371094,51.56334686279297,56.65204620361328,36.04203796386719,10.951360702514649,48.02784729003906,-50.055885314941409,59.53778839111328,31.06139373779297,-47.78679656982422,-28.076744079589845,-12.07293701171875,-5.886848449707031,47.46733093261719,3.057781219482422,-55.359405517578128,26.471038818359376,-26.316984176635743,51.12519073486328,-31.09532928466797,11.399909973144532,19.96544647216797,-43.483070373535159,-40.17933654785156,9.201684951782227,-53.550323486328128,-41.104217529296878,35.941200256347659,39.357994079589847,18.827072143554689,-12.741386413574219,-34.79638671875,52.489097595214847,-40.46522521972656,28.541851043701173,3.181995391845703,55.52769470214844,-50.07588195800781,51.500640869140628,-52.45384979248047,39.79063415527344,-20.349517822265626,17.390525817871095],"legSizes":[0.43734464049339297,0.24716061353683473,0.48525625467300417,0.31976941227912905,0.2436545193195343,0.3741437792778015,0.39547449350357058,0.10821213573217392,0.177154541015625,0.11745934933423996,0.20196397602558137,0.39794668555259707,0.12348723411560059,0.12731142342090608,0.31282761693000796,0.4817187786102295,0.4132300019264221,0.29538723826408389,0.21852797269821168,0.2639548182487488,0.4296908974647522,0.4305630326271057,0.39570704102516177,0.25178414583206179],"bodySizes":[1.8242398500442505,2.009007692337036,2.1828627586364748],"springs":[],"dumpers":[],"name":21827,"generation":623,"distance":30.66876983642578,"reward":-30.66876983642578},{"angles":[1.7823371887207032,-38.644020080566409,45.35884094238281,11.168569564819336,-3.2317771911621095,-37.33551788330078,39.72553253173828,31.694580078125,59.702552795410159,-20.30218505859375,48.2103385925293,49.312591552734378,-49.041107177734378,-45.817840576171878,-53.483177185058597,24.316791534423829,-19.095762252807618,-46.742835998535159,39.254150390625,-25.80201530456543,-36.91321563720703,9.860122680664063,-40.964569091796878,-6.078178405761719,9.444643020629883,41.065948486328128,50.209495544433597,45.50994873046875,17.24298095703125,40.29327392578125,-31.42588996887207,1.8090896606445313,-5.2467803955078129,-20.201974868774415,40.264732360839847,-5.598655700683594,5.821929931640625,-12.690330505371094,51.56334686279297,56.65204620361328,36.04203796386719,10.951360702514649,48.02784729003906,-50.055885314941409,59.53778839111328,31.06139373779297,-41.59992980957031,-28.076744079589845,-12.07293701171875,-5.886848449707031,47.46733093261719,3.057781219482422,-55.359405517578128,26.471038818359376,-26.316984176635743,-19.784238815307618,-31.09532928466797,-4.324342727661133,28.971675872802736,5.429985046386719,15.588483810424805,-43.970130920410159,-53.550323486328128,-22.381959915161134,35.941200256347659,16.824844360351564,-44.561134338378909,-16.00525665283203,-36.682647705078128,-30.67608642578125,17.979108810424806,-58.75492858886719,-21.24729347229004,46.13346481323242,-26.809280395507814,-41.09236145019531,0.16922378540039063,-21.648523330688478,57.091941833496097,-44.13569641113281],"legSizes":[0.43734464049339297,0.10255718231201172,0.4659404754638672,0.31976941227912905,0.2436545193195343,0.3741437792778015,0.39547449350357058,0.10821213573217392,0.177154541015625,0.11745934933423996,0.20196397602558137,0.39794668555259707,0.4529789090156555,0.12731142342090608,0.31282761693000796,0.4817187786102295,0.4132300019264221,0.22031676769256593,0.4062827527523041,0.14687032997608186,0.4296908974647522,0.474311500787735,0.18218117952346803,0.41630634665489199],"bodySizes":[1.6517549753189088,2.203948974609375,2.197570323944092],"springs":[],"dumpers":[],"name":21827,"generation":623,"distance":30.66876983642578,"reward":-54.28807067871094},{"angles":[-33.910057067871097,-38.644020080566409,45.35884094238281,11.168569564819336,-3.2317771911621095,-37.33551788330078,39.72553253173828,31.694580078125,59.702552795410159,-20.30218505859375,48.2103385925293,49.312591552734378,-49.041107177734378,-45.817840576171878,-53.483177185058597,24.316791534423829,-19.095762252807618,-46.742835998535159,48.443382263183597,-25.80201530456543,-36.91321563720703,9.860122680664063,-40.964569091796878,-6.078178405761719,9.444643020629883,41.065948486328128,-11.483467102050782,45.50994873046875,17.24298095703125,40.29327392578125,41.58685302734375,1.8090896606445313,-5.2467803955078129,-37.25483703613281,40.264732360839847,-5.598655700683594,5.821929931640625,-12.690330505371094,51.56334686279297,56.65204620361328,-2.021392822265625,10.951360702514649,48.02784729003906,-50.055885314941409,22.330068588256837,31.06139373779297,-41.59992980957031,-28.076744079589845,-12.07293701171875,-5.886848449707031,47.46733093261719,3.057781219482422,-55.359405517578128,26.471038818359376,-26.316984176635743,-56.57550048828125,-31.09532928466797,-4.324342727661133,28.971675872802736,-43.987945556640628,15.588483810424805,-43.970130920410159,-53.550323486328128,-33.74565124511719,35.941200256347659,16.824844360351564,-44.561134338378909,-16.00525665283203,-36.682647705078128,-30.67608642578125,17.979108810424806,35.71946716308594,-21.24729347229004,46.13346481323242,-26.809280395507814,-41.09236145019531,0.16922378540039063,-21.648523330688478,57.091941833496097,29.335912704467775],"legSizes":[0.43734464049339297,0.10255718231201172,0.4659404754638672,0.31976941227912905,0.2436545193195343,0.3741437792778015,0.39547449350357058,0.10821213573217392,0.177154541015625,0.11745934933423996,0.20196397602558137,0.43801289796829226,0.4529789090156555,0.1145501658320427,0.31282761693000796,0.4817187786102295,0.4132300019264221,0.22031676769256593,0.4062827527523041,0.14687032997608186,0.4980071187019348,0.474311500787735,0.18218117952346803,0.41630634665489199],"bodySizes":[1.6517549753189088,2.203948974609375,2.197570323944092],"springs":[],"dumpers":[],"name":21827,"generation":623,"distance":30.66876983642578,"reward":-57.67399597167969}]}