{"geneDatas":[{"angles":[18.3072566986084,-55.622474670410159,58.396568298339847,42.454376220703128,54.11414337158203,-58.55835723876953,25.160276412963868,-29.992942810058595,39.65387725830078,49.39271545410156,-0.5931549072265625,-8.511606216430664,-43.327247619628909,-40.48426055908203,-58.55787658691406,50.34754943847656,50.03388214111328,27.228239059448243,-14.637872695922852,21.6585693359375,-38.690528869628909,-10.860506057739258,36.51045608520508,-9.088632583618164,22.119253158569337,-15.649057388305664,53.72105407714844,51.114952087402347,-10.774576187133789,-52.25489807128906,14.439834594726563,-25.05169677734375,-2.3957977294921877,6.2804107666015629,54.262245178222659,-19.53919219970703,-56.15998077392578,4.1501922607421879,39.958091735839847,54.70893859863281,-0.17927932739257813,43.77455139160156,-48.511207580566409,-7.9690704345703129,53.37846374511719,12.506254196166993,-46.109130859375,-38.624725341796878,41.858882904052737,53.450416564941409,-25.7589111328125,-38.615509033203128,-59.36956024169922,13.595643997192383,-24.705583572387697,2.2256698608398439,7.781332015991211,-8.454587936401368,26.527217864990236,55.605308532714847,-9.73259162902832,-46.867515563964847,32.25920486450195,55.9324951171875,12.63923454284668,17.987821578979493,59.883087158203128,-40.954498291015628,12.54052734375,14.063810348510743,-56.895530700683597,-0.014270782470703125,-29.154014587402345,23.981380462646486,10.486398696899414,52.775115966796878,-8.8477783203125,-30.865446090698243,-43.31834411621094,31.91402244567871],"legSizes":[0.37398761510849,0.4638203978538513,0.41195231676101687,0.12336897850036621,0.442025363445282,0.46955856680870058,0.19633278250694276,0.16148439049720765,0.4460471570491791,0.15835610032081605,0.4650050103664398,0.3714870810508728,0.43322354555130007,0.24059422314167024,0.18738313019275666,0.23679110407829286,0.17594647407531739,0.18140216171741486,0.47208237648010256,0.293732225894928,0.2236141562461853,0.2576988935470581,0.48387908935546877,0.4863348603248596],"bodySizes":[1.8539643287658692,2.319791793823242,1.8601142168045045],"springs":[],"dumpers":[],"name":14076,"generation":401,"distance":37.59346008300781,"reward":-27.090530395507814},{"angles":[18.3072566986084,-55.622474670410159,58.396568298339847,45.92259216308594,54.11414337158203,-46.29308319091797,-44.07090759277344,-7.037939071655273,-0.2781410217285156,49.39271545410156,-8.379884719848633,-8.511606216430664,-43.327247619628909,-50.28406524658203,-58.55787658691406,50.34754943847656,38.30317687988281,50.83026123046875,-12.223785400390625,21.6585693359375,-27.8242130279541,-10.860506057739258,12.499658584594727,-57.850440979003909,22.119253158569337,-15.649057388305664,58.12774658203125,-31.26251220703125,-10.774576187133789,7.781059265136719,14.439834594726563,-25.05169677734375,-15.333686828613282,-24.576021194458009,54.76374053955078,20.159282684326173,-12.760643005371094,4.1501922607421879,41.22279357910156,54.70893859863281,34.62359619140625,10.885726928710938,48.75933837890625,-3.748249053955078,-17.078184127807618,0.2558250427246094,-51.080406188964847,-46.12855529785156,54.076080322265628,-6.639810562133789,-18.37605857849121,-44.603187561035159,-41.029945373535159,-8.350488662719727,-13.047830581665039,-24.697546005249025,7.781332015991211,-54.953643798828128,26.527217864990236,55.605308532714847,44.189483642578128,-46.867515563964847,32.25920486450195,55.9324951171875,12.63923454284668,17.987821578979493,23.424495697021486,-40.954498291015628,-39.012977600097659,14.063810348510743,-56.895530700683597,-0.014270782470703125,-29.154014587402345,23.981380462646486,-29.116050720214845,-45.345794677734378,-8.8477783203125,-49.79673767089844,-43.31834411621094,28.595409393310548],"legSizes":[0.37398761510849,0.4638203978538513,0.387941837310791,0.12336897850036621,0.41139739751815798,0.13834019005298615,0.2922287583351135,0.3054775595664978,0.24616602063179017,0.2944522500038147,0.21169769763946534,0.4247387945652008,0.43322354555130007,0.4197293817996979,0.18738313019275666,0.24968460202217103,0.17594647407531739,0.18140216171741486,0.47208237648010256,0.293732225894928,0.2236141562461853,0.2576247453689575,0.1867954283952713,0.4863348603248596],"bodySizes":[1.8375087976455689,2.3818657398223879,1.8278614282608033],"springs":[],"dumpers":[],"name":14076,"generation":401,"distance":37.59346008300781,"reward":-37.085777282714847},{"angles":[18.3072566986084,-42.08831024169922,42.86554718017578,42.454376220703128,54.11414337158203,-58.55835723876953,-18.225997924804689,28.345367431640626,53.04637145996094,4.910165786743164,-8.379884719848633,-8.511606216430664,-43.327247619628909,-50.28406524658203,28.730491638183595,50.34754943847656,49.43318176269531,5.014307022094727,-12.223785400390625,9.9942626953125,-27.8242130279541,-10.860506057739258,-18.81568145751953,38.87017059326172,22.119253158569337,-15.649057388305664,53.72105407714844,-2.792766571044922,-10.774576187133789,-10.560943603515625,14.439834594726563,-30.60906982421875,-24.902122497558595,-49.53472137451172,54.76374053955078,50.52815246582031,-56.15998077392578,4.1501922607421879,49.88063049316406,54.70893859863281,34.62359619140625,10.885726928710938,0.08678054809570313,-7.255989074707031,-17.078184127807618,0.2558250427246094,-51.080406188964847,-14.037271499633789,51.17676544189453,-6.639810562133789,-18.37605857849121,-26.835542678833009,-41.029945373535159,13.595643997192383,-13.047830581665039,-0.37694549560546877,7.781332015991211,-54.953643798828128,26.527217864990236,55.605308532714847,44.189483642578128,-46.867515563964847,32.25920486450195,55.9324951171875,12.63923454284668,17.987821578979493,23.424495697021486,-40.954498291015628,-39.012977600097659,14.063810348510743,-56.895530700683597,-0.014270782470703125,-29.154014587402345,23.981380462646486,-29.116050720214845,52.775115966796878,-8.8477783203125,-30.865446090698243,-43.31834411621094,-23.584062576293947],"legSizes":[0.37398761510849,0.4125021994113922,0.3202333152294159,0.12336897850036621,0.41139739751815798,0.13738924264907838,0.3363089859485626,0.16148439049720765,0.4460471570491791,0.12269272655248642,0.4650050103664398,0.4247387945652008,0.29411154985427859,0.24059422314167024,0.18738313019275666,0.24968460202217103,0.39899367094039919,0.18140216171741486,0.47208237648010256,0.293732225894928,0.2236141562461853,0.1623263955116272,0.1867954283952713,0.44900184869766238],"bodySizes":[1.844804286956787,2.3771514892578127,1.8242436647415162],"springs":[],"dumpers":[],"name":14076,"generation":401,"distance":37.59346008300781,"reward":-46.181732177734378}]}