{"geneDatas":[{"angles":[25.27822494506836,-55.622474670410159,-19.254776000976564,9.854101181030274,20.341543197631837,-13.623626708984375,-17.139808654785158,-29.992942810058595,19.77593231201172,49.39271545410156,39.12211608886719,-3.4300575256347658,-43.327247619628909,36.77056884765625,-9.675613403320313,17.357954025268556,50.03388214111328,5.014307022094727,-12.223785400390625,9.9942626953125,-15.488441467285157,-6.815277099609375,-34.152000427246097,18.80913543701172,-36.15718078613281,-21.06169891357422,48.53107452392578,12.742944717407227,16.141447067260743,-29.163488388061525,14.439834594726563,56.02153015136719,-24.902122497558595,40.730712890625,29.808753967285158,-36.80488586425781,-51.66938781738281,4.1501922607421879,41.22279357910156,54.70893859863281,-11.268661499023438,10.885726928710938,4.071985244750977,-28.42474365234375,46.238407135009769,-55.338035583496097,-36.83740234375,-14.037271499633789,38.36039733886719,-52.93147277832031,-18.37605857849121,38.08024597167969,-50.211341857910159,-3.6436767578125,-36.5123291015625,59.708030700683597,-2.9809226989746095,38.73136901855469,24.62403678894043,52.909767150878909,-30.173049926757814,-28.525047302246095,-16.621248245239259,-12.597375869750977,46.669090270996097,-0.6660957336425781,23.424495697021486,53.217430114746097,-39.012977600097659,31.56756591796875,-56.895530700683597,-0.014270782470703125,-29.154014587402345,-42.06733703613281,-29.116050720214845,-17.457168579101564,9.815574645996094,-17.4610595703125,33.01032257080078,28.595409393310548],"legSizes":[0.37398761510849,0.1876705288887024,0.41195231676101687,0.12336897850036621,0.33763444423675539,0.43417420983314516,0.2922287583351135,0.17643213272094727,0.3266715705394745,0.4987688660621643,0.4650050103664398,0.4247387945652008,0.29411154985427859,0.24059422314167024,0.18738313019275666,0.24968460202217103,0.4714179039001465,0.13654646277427674,0.44710153341293337,0.1510058343410492,0.17901355028152467,0.29308825731277468,0.3906281888484955,0.2028110772371292],"bodySizes":[2.1516149044036867,2.8443193435668947,1.3072153329849244],"springs":[],"dumpers":[],"name":15237,"generation":434,"distance":42.67906188964844,"reward":-42.67906188964844},{"angles":[18.3072566986084,-47.81977844238281,58.396568298339847,-26.17218780517578,-12.103721618652344,53.04765319824219,42.17036437988281,9.073112487792969,19.77593231201172,49.39271545410156,49.622711181640628,0.9869613647460938,-43.327247619628909,51.781837463378909,-34.32964324951172,-9.842569351196289,50.03388214111328,51.651336669921878,13.636743545532227,9.9942626953125,-27.8242130279541,-10.860506057739258,-18.81568145751953,-23.52568244934082,-34.468414306640628,8.565267562866211,53.72105407714844,12.742944717407227,-10.774576187133789,38.83685302734375,14.439834594726563,-30.60906982421875,-24.902122497558595,45.067779541015628,54.76374053955078,27.083585739135743,-51.66938781738281,1.6072006225585938,49.88063049316406,54.70893859863281,34.62359619140625,-42.39826965332031,-0.2597465515136719,-5.946014404296875,33.66143798828125,46.9871826171875,-51.080406188964847,-46.12855529785156,38.05602264404297,-17.33324432373047,-6.9682159423828129,-44.603187561035159,-53.19451141357422,-29.269546508789064,-13.047830581665039,-56.71800231933594,26.091697692871095,-54.953643798828128,26.527217864990236,0.7947425842285156,-46.776611328125,-46.867515563964847,25.745040893554689,13.74635124206543,-30.041471481323243,-53.18926239013672,24.494131088256837,-40.954498291015628,-39.012977600097659,-55.686767578125,-56.895530700683597,-0.014270782470703125,-29.154014587402345,-22.11968994140625,-29.116050720214845,-54.61534118652344,-43.61114501953125,-38.43988800048828,33.01032257080078,-55.73521423339844],"legSizes":[0.37398761510849,0.4638203978538513,0.2929883599281311,0.11364970356225968,0.21609337627887727,0.30966976284980776,0.2922287583351135,0.17643213272094727,0.37899360060691836,0.14577451348304749,0.40100494027137759,0.4247387945652008,0.29411154985427859,0.24059422314167024,0.18738313019275666,0.24968460202217103,0.4714179039001465,0.21091768145561219,0.47208237648010256,0.37273073196411135,0.4466838836669922,0.29308825731277468,0.11058831214904785,0.2862853705883026],"bodySizes":[1.8652311563491822,2.413081645965576,1.7774004936218262],"springs":[],"dumpers":[],"name":15237,"generation":434,"distance":42.67906188964844,"reward":-46.637481689453128},{"angles":[-57.344825744628909,-54.43547058105469,-57.30547332763672,-26.17218780517578,41.559722900390628,-1.8994827270507813,-49.48121643066406,-9.002861022949219,55.034820556640628,10.023370742797852,49.622711181640628,-3.4300575256347658,-43.327247619628909,27.630355834960939,-34.32964324951172,-43.81901550292969,50.03388214111328,5.014307022094727,-36.48200225830078,2.6486434936523439,-27.8242130279541,-16.352083206176759,-42.39246368408203,-0.287384033203125,-34.16035461425781,-49.93702697753906,53.72105407714844,12.95982551574707,1.4805717468261719,53.743141174316409,14.439834594726563,-2.0430335998535158,-24.902122497558595,40.730712890625,-23.76940155029297,-36.80488586425781,-51.66938781738281,4.1501922607421879,41.22279357910156,54.70893859863281,4.525629043579102,10.885726928710938,-4.797529220581055,-28.42474365234375,46.238407135009769,-55.338035583496097,-51.080406188964847,-14.037271499633789,56.072601318359378,5.266204833984375,-18.37605857849121,-54.81163787841797,-50.211341857910159,-15.639444351196289,-36.5123291015625,59.708030700683597,28.079509735107423,38.73136901855469,-4.6603546142578129,-18.74488639831543,-30.173049926757814,48.267601013183597,-35.33397674560547,-12.597375869750977,46.669090270996097,-0.6660957336425781,23.424495697021486,-20.595308303833009,-39.012977600097659,-35.05464172363281,-56.895530700683597,50.85631561279297,1.8370399475097657,-42.06733703613281,-29.116050720214845,-1.4909591674804688,-24.230224609375,-50.886268615722659,-16.433364868164064,-54.60309600830078],"legSizes":[0.3276299834251404,0.3376605808734894,0.41195231676101687,0.403613418340683,0.21609337627887727,0.23846204578876496,0.1624128371477127,0.15166588127613069,0.3266715705394745,0.27662020921707156,0.4650050103664398,0.4247387945652008,0.29411154985427859,0.24059422314167024,0.36726516485214236,0.23798364400863648,0.4714179039001465,0.18140216171741486,0.47208237648010256,0.293732225894928,0.14279890060424806,0.29308825731277468,0.27051040530204775,0.2028110772371292],"bodySizes":[2.2099528312683107,1.8481310606002808,1.9587284326553345],"springs":[],"dumpers":[],"name":15237,"generation":434,"distance":42.67906188964844,"reward":-47.41509246826172}]}