{"geneDatas":[{"angles":[-5.2847747802734379,-10.556108474731446,-2.263805389404297,11.168569564819336,-3.2317771911621095,51.511985778808597,52.377159118652347,-5.863746643066406,24.3653564453125,0.2515907287597656,32.840179443359378,-35.76903533935547,-49.041107177734378,-17.58770179748535,-31.575349807739259,29.786823272705079,-19.095762252807618,-31.19622039794922,37.02874755859375,-35.725921630859378,-19.118621826171876,-58.22925567626953,-40.964569091796878,-19.24073028564453,-2.7470626831054689,-53.680503845214847,50.209495544433597,-12.088844299316407,39.84764099121094,44.85128402709961,-4.030099868774414,0.6154403686523438,-10.905267715454102,-35.327980041503909,54.76374053955078,-9.922836303710938,5.821929931640625,-0.8044967651367188,51.56334686279297,56.65204620361328,-22.443273544311525,-34.84503936767578,51.50779724121094,45.52073669433594,59.53778839111328,-47.56329345703125,-43.66980743408203,-54.24134826660156,39.70433044433594,6.727689743041992,13.188436508178711,3.057781219482422,-55.359405517578128,-35.433753967285159,-15.621437072753907,18.47998809814453,-31.09532928466797,43.299964904785159,-8.068735122680664,-28.586448669433595,-41.55995178222656,26.461042404174806,-12.6417236328125,16.309730529785158,35.941200256347659,-32.12256622314453,38.694664001464847,-16.00525665283203,3.6859054565429689,-35.60472869873047,52.47649383544922,-58.75492858886719,-21.24729347229004,46.13346481323242,-26.809280395507814,-41.09236145019531,6.410301208496094,-21.648523330688478,-0.40010833740234377,5.9567718505859379],"legSizes":[0.17782551050186158,0.10255718231201172,0.4659404754638672,0.4634712338447571,0.38943952322006228,0.1925499439239502,0.39738965034484866,0.10821213573217392,0.177154541015625,0.16307659447193147,0.4983423352241516,0.43959522247314455,0.4529789090156555,0.12731142342090608,0.31282761693000796,0.40117186307907107,0.4132300019264221,0.31124112010002139,0.21426203846931458,0.14687032997608186,0.4296908974647522,0.32034122943878176,0.34276124835014346,0.41630634665489199],"bodySizes":[1.818066120147705,2.0571625232696535,2.139004707336426],"springs":[],"dumpers":[],"name":20519,"generation":586,"distance":35.50574493408203,"reward":36.49132537841797},{"angles":[-30.038795471191408,19.651365280151368,-28.317413330078126,-28.550886154174806,41.66687774658203,-56.082801818847659,52.377159118652347,-7.920234680175781,59.702552795410159,-50.977561950683597,32.840179443359378,-35.76903533935547,-49.041107177734378,-16.08672332763672,-22.630455017089845,29.786823272705079,-19.095762252807618,-57.816383361816409,37.02874755859375,-35.725921630859378,-36.91321563720703,-58.22925567626953,-40.964569091796878,-6.078178405761719,9.444643020629883,-53.680503845214847,50.209495544433597,16.453468322753908,17.24298095703125,44.85128402709961,17.882192611694337,0.6154403686523438,9.027778625488282,-20.201974868774415,54.76374053955078,-9.922836303710938,5.821929931640625,-9.631553649902344,51.56334686279297,56.65204620361328,-5.1183624267578129,-34.84503936767578,51.50779724121094,-56.66643524169922,59.53778839111328,-47.56329345703125,-43.66980743408203,-28.076744079589845,-12.07293701171875,6.727689743041992,13.188436508178711,3.057781219482422,-55.359405517578128,39.572021484375,-26.316984176635743,55.7252311706543,-31.09532928466797,-4.324342727661133,58.11238098144531,-59.18775939941406,40.149879455566409,-43.970130920410159,-53.550323486328128,6.537717819213867,-32.449134826660159,-25.455116271972658,4.360822677612305,-16.00525665283203,-26.141616821289064,-13.75242805480957,52.47649383544922,4.690467834472656,33.540958404541019,46.13346481323242,28.367584228515626,8.024734497070313,6.410301208496094,-21.648523330688478,-0.40010833740234377,5.9567718505859379],"legSizes":[0.4840831756591797,0.3781210482120514,0.4862433075904846,0.3078504204750061,0.4228231906890869,0.20968177914619447,0.39738965034484866,0.26989200711250307,0.10952825844287873,0.2148577868938446,0.2953316867351532,0.24145644903182984,0.33402517437934878,0.12731142342090608,0.24486196041107179,0.24942715466022492,0.4132300019264221,0.31124112010002139,0.21426203846931458,0.14687032997608186,0.4296908974647522,0.32034122943878176,0.34276124835014346,0.41630634665489199],"bodySizes":[1.797278642654419,2.0690248012542726,2.151338815689087],"springs":[],"dumpers":[],"name":20519,"generation":586,"distance":35.50574493408203,"reward":0.7952384948730469},{"angles":[-5.2847747802734379,-14.100317001342774,53.275726318359378,11.168569564819336,-40.951683044433597,-31.85840606689453,3.8721885681152345,-28.653038024902345,59.702552795410159,-20.334142684936525,13.508384704589844,-35.76903533935547,-45.70472717285156,-17.58770179748535,-22.630455017089845,-56.97320556640625,12.738927841186524,-47.40288543701172,37.02874755859375,-35.725921630859378,1.0032539367675782,-58.22925567626953,-40.964569091796878,0.3442878723144531,-2.7470626831054689,-53.680503845214847,41.72511291503906,40.322509765625,39.84764099121094,44.85128402709961,49.60514831542969,0.6154403686523438,9.027778625488282,-27.586563110351564,38.51469039916992,-9.922836303710938,5.821929931640625,-9.631553649902344,51.56334686279297,44.698219299316409,-22.443273544311525,-34.84503936767578,43.3912467956543,-49.386375427246097,59.53778839111328,-47.56329345703125,-41.92616271972656,-57.57952880859375,35.07295227050781,36.37995147705078,13.188436508178711,17.090118408203126,-27.09698486328125,16.462324142456056,-26.316984176635743,-42.56056213378906,-31.09532928466797,14.673362731933594,58.11238098144531,-59.18775939941406,40.149879455566409,-43.970130920410159,-11.177192687988282,6.537717819213867,-14.943603515625,-25.455116271972658,-6.52484130859375,-16.00525665283203,-26.141616821289064,-50.747283935546878,52.47649383544922,15.685012817382813,-51.26795959472656,-27.995216369628908,28.367584228515626,-23.57984161376953,2.3644142150878908,-7.162107467651367,27.408912658691408,56.375038146972659],"legSizes":[0.1411662995815277,0.31648147106170657,0.4659404754638672,0.35694122314453127,0.3257191777229309,0.1925499439239502,0.39738965034484866,0.10821213573217392,0.177154541015625,0.2807564437389374,0.2953316867351532,0.43959522247314455,0.4529789090156555,0.35218119621276858,0.13350549340248109,0.17945128679275514,0.21847838163375855,0.31124112010002139,0.21426203846931458,0.14687032997608186,0.4296908974647522,0.3682944178581238,0.34276124835014346,0.4733102321624756],"bodySizes":[1.7920000553131104,2.062947988510132,2.164031744003296],"springs":[],"dumpers":[],"name":20519,"generation":586,"distance":35.50574493408203,"reward":-35.62714385986328}]}