{"geneDatas":[{"angles":[-0.2662239074707031,0.4963798522949219,-33.30073547363281,-3.2206039428710939,28.14871597290039,-24.15593719482422,1.3202400207519532,-18.684232711791993,43.835174560546878,-25.156997680664064,-12.362930297851563,52.40519714355469,-23.263343811035158,-3.799060821533203,-21.439783096313478,-4.74913215637207,-7.436906814575195,-13.878400802612305,-44.37303161621094,38.8978385925293,-16.71912384033203,47.837791442871097,-55.20146179199219,-2.103057861328125,-9.512664794921875,55.552398681640628,23.360837936401368,-54.98773193359375,8.344152450561524,36.670101165771487,31.205419540405275,45.70133590698242,-12.90223503112793,-49.763404846191409,20.06037712097168,-29.217445373535158,-0.89801025390625,-51.74310302734375,43.24909973144531,38.00328063964844,52.57209777832031,-28.474937438964845,39.09062957763672,32.99028015136719,59.53778839111328,17.681663513183595,-43.66980743408203,-55.629371643066409,10.514566421508789,-2.395282745361328,56.683372497558597,23.783369064331056,-12.559539794921875,-9.49847412109375,10.978826522827149,46.23284149169922,-34.29652404785156,-14.23124885559082,-43.20631408691406,-8.757797241210938,-28.66999053955078,2.6300888061523439,-36.35224151611328,48.28160858154297,56.91142272949219,16.464553833007814,-18.080827713012697,-7.02154541015625,49.34968566894531,-30.67608642578125,-49.643653869628909,15.774991989135743,-9.991844177246094,-41.68090057373047,59.69274139404297,47.509071350097659,-53.513031005859378,-31.2860164642334,-8.312637329101563,-19.125974655151368],"legSizes":[0.16659465432167054,0.30168649554252627,0.3547218441963196,0.3512057662010193,0.3376038670539856,0.3074490427970886,0.44099801778793337,0.22578632831573487,0.4756592810153961,0.3705204427242279,0.2860851585865021,0.18497438728809358,0.47873836755752566,0.2464928925037384,0.10057363659143448,0.28918129205703738,0.41328293085098269,0.2532801330089569,0.38881364464759829,0.10031399875879288,0.24145296216011048,0.2389974296092987,0.4128812849521637,0.446643203496933],"bodySizes":[2.182509660720825,1.6765633821487427,2.1863205432891847],"springs":[],"dumpers":[],"name":28492,"generation":818,"distance":40.63697814941406,"reward":-40.63697814941406},{"angles":[-0.2662239074707031,0.4963798522949219,-33.30073547363281,-26.915451049804689,28.14871597290039,-8.941446304321289,59.62944030761719,-18.684232711791993,-13.776878356933594,-25.156997680664064,-12.362930297851563,52.40519714355469,-32.098228454589847,-3.799060821533203,-43.10914611816406,2.5021286010742189,-7.436906814575195,-13.878400802612305,-44.37303161621094,38.8978385925293,-49.423973083496097,47.837791442871097,-55.20146179199219,-2.103057861328125,-9.512664794921875,-7.30070686340332,44.054603576660159,-54.98773193359375,8.344152450561524,36.670101165771487,31.205419540405275,45.70133590698242,-12.90223503112793,-49.763404846191409,20.06037712097168,-29.217445373535158,-0.89801025390625,-51.74310302734375,43.24909973144531,38.00328063964844,-43.07011413574219,-9.519973754882813,39.09062957763672,32.99028015136719,59.53778839111328,17.681663513183595,-43.66980743408203,-55.629371643066409,10.514566421508789,-2.395282745361328,-59.58100128173828,-36.025115966796878,-0.7465057373046875,-9.49847412109375,10.978826522827149,46.23284149169922,-34.29652404785156,44.11030578613281,-43.20631408691406,-8.757797241210938,42.705772399902347,2.6300888061523439,-3.474964141845703,-46.77885437011719,56.91142272949219,16.464553833007814,-12.120843887329102,-16.5706787109375,23.76386833190918,-30.67608642578125,-28.700889587402345,-32.75526428222656,-33.434974670410159,-5.781349182128906,-31.082496643066408,-34.8365478515625,5.066978454589844,12.775588989257813,9.466461181640625,48.76750946044922],"legSizes":[0.16659465432167054,0.30168649554252627,0.3547218441963196,0.1189938560128212,0.2797667384147644,0.3074490427970886,0.44099801778793337,0.22578632831573487,0.4756592810153961,0.3705204427242279,0.2860851585865021,0.18497438728809358,0.47873836755752566,0.2464928925037384,0.10057363659143448,0.28918129205703738,0.41328293085098269,0.2532801330089569,0.48575061559677126,0.10031399875879288,0.22537916898727418,0.24069702625274659,0.31627896428108218,0.36301660537719729],"bodySizes":[2.193600654602051,1.6325225830078126,2.2339487075805666],"springs":[],"dumpers":[],"name":28492,"generation":818,"distance":40.63697814941406,"reward":-55.16425704956055},{"angles":[-0.2662239074707031,-21.166841506958009,-24.266990661621095,11.168569564819336,4.623161315917969,-24.15593719482422,1.3202400207519532,-15.929655075073243,43.835174560546878,-9.677101135253907,26.35674285888672,52.40519714355469,-23.263343811035158,-49.46239471435547,-21.439783096313478,-4.74913215637207,-7.436906814575195,-13.878400802612305,3.361064910888672,-10.799896240234375,49.043113708496097,47.837791442871097,-55.20146179199219,-2.103057861328125,-0.7081527709960938,-1.1673774719238282,44.054603576660159,-54.98773193359375,8.344152450561524,36.670101165771487,31.205419540405275,45.70133590698242,55.65760803222656,-49.763404846191409,20.06037712097168,-29.217445373535158,-0.89801025390625,-51.74310302734375,39.4111328125,8.917287826538086,52.57209777832031,-28.474937438964845,39.09062957763672,-40.58771514892578,59.53778839111328,17.681663513183595,-43.66980743408203,-55.629371643066409,10.514566421508789,1.8740196228027344,-41.878822326660159,-39.432838439941409,-55.359405517578128,-1.3874320983886719,36.27911376953125,-34.51029968261719,2.8320045471191408,-46.5614013671875,-47.05531311035156,4.44659423828125,-13.185173034667969,-51.057525634765628,-42.39903259277344,48.28160858154297,41.93561553955078,-47.939369201660159,-18.080827713012697,-7.02154541015625,49.34968566894531,-30.67608642578125,-15.473520278930664,15.774991989135743,-9.991844177246094,-41.68090057373047,59.69274139404297,47.509071350097659,-2.3088951110839845,54.81190490722656,-12.079732894897461,48.76750946044922],"legSizes":[0.16659465432167054,0.3145759403705597,0.3547218441963196,0.3769954741001129,0.3376038670539856,0.3074490427970886,0.44099801778793337,0.22578632831573487,0.32703500986099245,0.4306241571903229,0.12306513637304306,0.222589910030365,0.47873836755752566,0.2464928925037384,0.10057363659143448,0.247859925031662,0.41328293085098269,0.2532801330089569,0.38881364464759829,0.10031399875879288,0.30697566270828249,0.1519288569688797,0.3772379457950592,0.1379614770412445],"bodySizes":[2.1733973026275636,1.6672686338424683,2.20772647857666],"springs":[],"dumpers":[],"name":28492,"generation":818,"distance":40.63697814941406,"reward":-66.11200714111328}]}