{"geneDatas":[{"angles":[-26.610366821289064,-38.644020080566409,52.053550720214847,11.168569564819336,-0.13455963134765626,-46.846343994140628,39.72553253173828,-13.600982666015625,54.08978271484375,-20.30218505859375,48.2103385925293,-36.760009765625,-48.41913604736328,-17.58770179748535,-53.86536407470703,25.803220748901368,-58.43500518798828,-34.24137878417969,37.02874755859375,-3.778888702392578,-19.118621826171876,-26.203229904174806,-40.964569091796878,-36.25030517578125,-2.7470626831054689,18.957763671875,53.999534606933597,-12.088844299316407,9.932106018066407,44.12335205078125,49.943992614746097,59.014862060546878,-10.905267715454102,-15.148721694946289,20.06037712097168,54.4233512878418,-14.707296371459961,-0.8044967651367188,43.24909973144531,54.56797790527344,12.841751098632813,37.25798416137695,39.09062957763672,-49.65997314453125,59.53778839111328,-0.8627052307128906,-43.66980743408203,-55.629371643066409,52.76793670654297,-16.38648796081543,-17.675308227539064,37.94084167480469,-55.359405517578128,-25.357223510742189,-43.74711608886719,1.5365638732910157,-53.310386657714847,-25.771787643432618,33.61262512207031,22.339950561523439,51.47416687011719,-39.369346618652347,34.79016876220703,-41.104217529296878,-24.863754272460939,39.357994079589847,-16.68781089782715,13.544832229614258,-40.868927001953128,-9.538114547729493,21.797101974487306,56.43006896972656,0.7747726440429688,-14.589651107788086,-50.07588195800781,-41.09236145019531,-43.711265563964847,11.251565933227539,52.32616424560547,17.390525817871095],"legSizes":[0.12333712726831436,0.30168649554252627,0.4659404754638672,0.1820054054260254,0.22563889622688294,0.15154647827148438,0.2580071687698364,0.128065824508667,0.15500998497009278,0.32256048917770388,0.3483450710773468,0.44099384546279909,0.4529789090156555,0.4409554600715637,0.2878195643424988,0.1328023374080658,0.3523225784301758,0.40653666853904726,0.4641036093235016,0.1957075148820877,0.4296908974647522,0.16170287132263184,0.1305665522813797,0.3399614095687866],"bodySizes":[1.6009501218795777,2.1373708248138429,2.337934732437134],"springs":[],"dumpers":[],"name":22661,"generation":647,"distance":25.416059494018556,"reward":-25.416059494018556},{"angles":[-56.865577697753909,-1.4106063842773438,45.35884094238281,-23.999855041503908,-20.016923904418947,-37.33551788330078,-58.01286315917969,-31.24287223815918,18.679332733154298,-20.30218505859375,48.2103385925293,-36.760009765625,-54.147216796875,-17.58770179748535,-31.817365646362306,25.803220748901368,32.04457092285156,-8.890350341796875,39.254150390625,-25.80201530456543,-19.118621826171876,-21.007240295410158,-40.964569091796878,-36.25030517578125,-2.7470626831054689,22.00758934020996,50.209495544433597,-12.088844299316407,-35.227317810058597,44.85128402709961,44.00493621826172,59.014862060546878,-10.905267715454102,-15.148721694946289,37.87257385253906,49.63182067871094,7.919334411621094,-0.8044967651367188,51.56334686279297,57.959632873535159,-2.077526092529297,5.3257293701171879,39.09062957763672,-56.66643524169922,59.53778839111328,15.318660736083985,-43.66980743408203,-58.32306671142578,45.93410873413086,45.60639190673828,-26.366235733032228,-6.779417037963867,-55.359405517578128,-25.357223510742189,-55.72923278808594,-55.83277893066406,31.032127380371095,-25.771787643432618,58.11238098144531,-43.483070373535159,-0.9184684753417969,39.85228729248047,-16.375816345214845,-41.104217529296878,35.941200256347659,39.357994079589847,-47.99833679199219,-12.741386413574219,-34.79638671875,5.749519348144531,-40.46522521972656,57.897361755371097,3.181995391845703,55.52769470214844,-45.83766174316406,32.523536682128909,-11.482278823852539,4.372251510620117,30.025175094604493,17.390525817871095],"legSizes":[0.43734464049339297,0.203006774187088,0.34696972370147707,0.47636929154396059,0.4664771556854248,0.2820642590522766,0.32288914918899538,0.128065824508667,0.2774185836315155,0.41093674302101138,0.46550601720809939,0.4448716640472412,0.4529789090156555,0.4409554600715637,0.12155795097351074,0.37861642241477969,0.10704846680164337,0.10267210006713867,0.4641036093235016,0.13565555214881898,0.442455917596817,0.37899699807167055,0.2545021176338196,0.41630634665489199],"bodySizes":[1.6585757732391358,2.117002010345459,2.2784180641174318],"springs":[],"dumpers":[],"name":22661,"generation":647,"distance":25.416059494018556,"reward":-28.782291412353517},{"angles":[-26.610366821289064,-38.644020080566409,52.053550720214847,11.168569564819336,10.016433715820313,51.92094421386719,39.72553253173828,-13.600982666015625,-31.658035278320314,-35.43157958984375,-49.581573486328128,-36.760009765625,-28.373428344726564,-34.93592071533203,-53.86536407470703,25.803220748901368,32.04457092285156,-11.99761962890625,37.02874755859375,-3.778888702392578,-19.118621826171876,-26.203229904174806,-40.964569091796878,30.34894371032715,-2.7470626831054689,31.771772384643556,50.209495544433597,-17.495361328125,9.932106018066407,44.85128402709961,49.943992614746097,59.014862060546878,-10.905267715454102,-15.148721694946289,20.06037712097168,-57.05803680419922,-14.707296371459961,-0.8044967651367188,46.98577880859375,54.56797790527344,12.841751098632813,3.8382110595703127,39.09062957763672,-56.66643524169922,59.53778839111328,-38.053955078125,-43.66980743408203,-51.35929870605469,52.76793670654297,52.95619201660156,-1.0364265441894532,-6.779417037963867,-55.359405517578128,-25.357223510742189,-24.74566650390625,-55.83277893066406,31.032127380371095,-25.771787643432618,58.11238098144531,-43.483070373535159,-54.417274475097659,-16.71361541748047,36.94416046142578,-41.104217529296878,35.941200256347659,-54.27619171142578,0.5726852416992188,-12.741386413574219,-34.79638671875,-36.37117004394531,-40.46522521972656,57.897361755371097,3.181995391845703,55.52769470214844,-2.940723419189453,36.297393798828128,-52.069427490234378,11.251565933227539,52.32616424560547,58.73719787597656],"legSizes":[0.12333712726831436,0.30168649554252627,0.4659404754638672,0.1820054054260254,0.22563889622688294,0.35465389490127566,0.2580071687698364,0.128065824508667,0.15500998497009278,0.32256048917770388,0.24188750982284547,0.44099384546279909,0.4529789090156555,0.28472205996513369,0.2878195643424988,0.1328023374080658,0.3523225784301758,0.40653666853904726,0.4641036093235016,0.1957075148820877,0.45264071226119997,0.23106148838996888,0.2545021176338196,0.1734219193458557],"bodySizes":[1.629673957824707,2.158461570739746,2.274285316467285],"springs":[],"dumpers":[],"name":22661,"generation":647,"distance":25.416059494018556,"reward":-29.40265464782715}]}