{"geneDatas":[{"angles":[25.27822494506836,-55.622474670410159,-19.254776000976564,9.854101181030274,54.11414337158203,3.3143310546875,-17.139808654785158,-29.992942810058595,19.77593231201172,53.38114929199219,49.622711181640628,-3.4300575256347658,-43.327247619628909,36.77056884765625,-50.862579345703128,17.357954025268556,50.03388214111328,5.014307022094727,-12.223785400390625,9.9942626953125,-27.8242130279541,-10.860506057739258,-34.152000427246097,18.80913543701172,22.119253158569337,-21.06169891357422,48.53107452392578,12.742944717407227,-10.774576187133789,-10.560943603515625,14.439834594726563,-38.601768493652347,-24.902122497558595,-26.878860473632814,54.76374053955078,20.159282684326173,-51.66938781738281,4.1501922607421879,41.22279357910156,54.70893859863281,-11.268661499023438,10.885726928710938,4.071985244750977,-28.42474365234375,46.238407135009769,-55.338035583496097,-51.080406188964847,-14.037271499633789,56.072601318359378,-6.639810562133789,-18.37605857849121,-25.162187576293947,-50.211341857910159,-3.6436767578125,-36.5123291015625,59.708030700683597,-2.9809226989746095,38.73136901855469,24.62403678894043,50.335479736328128,-30.173049926757814,-28.525047302246095,-16.621248245239259,-12.597375869750977,-31.631528854370118,-0.6660957336425781,23.424495697021486,53.217430114746097,-39.012977600097659,-51.758323669433597,-56.895530700683597,-0.014270782470703125,-29.154014587402345,-42.06733703613281,-29.116050720214845,-54.61534118652344,-21.37469482421875,-50.886268615722659,33.01032257080078,28.595409393310548],"legSizes":[0.2508586645126343,0.36551791429519656,0.1724690943956375,0.1653127670288086,0.3226451277732849,0.13834019005298615,0.2922287583351135,0.17643213272094727,0.22368982434272767,0.4286370277404785,0.15287670493125916,0.4247387945652008,0.32832491397857668,0.2813628017902374,0.18738313019275666,0.24968460202217103,0.4714179039001465,0.18140216171741486,0.47208237648010256,0.293732225894928,0.2236141562461853,0.29308825731277468,0.3528369069099426,0.2028110772371292],"bodySizes":[1.8414645195007325,2.434317111968994,1.784635066986084],"springs":[],"dumpers":[],"name":14780,"generation":424,"distance":55.4083137512207,"reward":-55.4083137512207},{"angles":[25.27822494506836,-55.622474670410159,-19.254776000976564,9.854101181030274,20.341543197631837,-13.623626708984375,-17.139808654785158,-29.992942810058595,19.77593231201172,49.39271545410156,39.12211608886719,-3.4300575256347658,-43.327247619628909,31.865156173706056,-58.55787658691406,17.357954025268556,50.03388214111328,5.014307022094727,-12.223785400390625,9.9942626953125,2.1486778259277345,-10.860506057739258,-18.81568145751953,-56.80974578857422,22.119253158569337,-15.649057388305664,53.72105407714844,12.742944717407227,41.94634246826172,38.83685302734375,14.439834594726563,-30.60906982421875,-9.417121887207032,57.25145721435547,32.47514343261719,-16.054624557495118,-56.15998077392578,4.1501922607421879,41.22279357910156,54.70893859863281,34.62359619140625,10.885726928710938,44.307289123535159,-28.42474365234375,46.238407135009769,-55.338035583496097,-53.7791748046875,-14.037271499633789,56.072601318359378,-6.639810562133789,-18.37605857849121,-25.162187576293947,-50.211341857910159,-6.443887710571289,51.22551727294922,59.708030700683597,-2.9809226989746095,-47.59349060058594,-13.952156066894532,50.335479736328128,-30.173049926757814,-28.525047302246095,49.78832244873047,-54.24005889892578,-31.631528854370118,-0.6660957336425781,23.424495697021486,-40.954498291015628,-39.012977600097659,-45.03642272949219,-56.895530700683597,-0.014270782470703125,-29.154014587402345,-42.06733703613281,-1.6773834228515626,-54.61534118652344,-6.954153060913086,-38.43988800048828,33.01032257080078,48.7434196472168],"legSizes":[0.37398761510849,0.1876705288887024,0.41195231676101687,0.12336897850036621,0.21609337627887727,0.23846204578876496,0.2922287583351135,0.17643213272094727,0.3266715705394745,0.4376487731933594,0.30770161747932436,0.4247387945652008,0.29398518800735476,0.21126607060432435,0.26525428891181948,0.1736619472503662,0.17594647407531739,0.21091768145561219,0.47208237648010256,0.3871486186981201,0.18945008516311646,0.45017823576927187,0.38671842217445376,0.15732689201831819],"bodySizes":[1.8326997756958008,2.4001739025115969,1.8186784982681275],"springs":[],"dumpers":[],"name":14780,"generation":424,"distance":55.4083137512207,"reward":-60.42100524902344},{"angles":[25.27822494506836,-55.622474670410159,-19.254776000976564,9.854101181030274,54.11414337158203,3.3143310546875,-17.139808654785158,-29.992942810058595,19.77593231201172,42.37181854248047,49.622711181640628,-3.4300575256347658,-43.327247619628909,31.865156173706056,-1.5333137512207032,17.357954025268556,50.03388214111328,5.014307022094727,2.8615150451660158,9.9942626953125,-27.8242130279541,-10.860506057739258,-43.74761962890625,-0.287384033203125,22.119253158569337,-49.93702697753906,53.72105407714844,12.742944717407227,-10.774576187133789,53.743141174316409,14.439834594726563,-6.348432540893555,-24.902122497558595,-26.878860473632814,54.76374053955078,35.40083694458008,-7.048707962036133,3.7170639038085939,49.88063049316406,54.70893859863281,34.62359619140625,-54.385154724121097,44.307289123535159,-8.214075088500977,-36.20917510986328,0.2558250427246094,-51.080406188964847,-14.037271499633789,51.17676544189453,-52.065826416015628,5.005210876464844,25.735214233398439,-6.770017623901367,-28.843765258789064,-36.5123291015625,-47.760841369628909,-18.81471061706543,29.005447387695314,4.7542266845703129,42.73408508300781,-46.776611328125,-46.867515563964847,25.745040893554689,13.74635124206543,-30.041471481323243,-0.6660957336425781,24.494131088256837,-40.954498291015628,-39.012977600097659,-45.03642272949219,-56.895530700683597,-0.014270782470703125,13.802999496459961,32.357810974121097,-29.116050720214845,3.2180442810058595,-21.37469482421875,-50.886268615722659,33.01032257080078,28.595409393310548],"legSizes":[0.2508586645126343,0.36551791429519656,0.1724690943956375,0.1653127670288086,0.3226451277732849,0.41551095247268679,0.2922287583351135,0.17643213272094727,0.22368982434272767,0.37715306878089907,0.15287670493125916,0.4247387945652008,0.32832491397857668,0.2813628017902374,0.10571985691785813,0.1515330821275711,0.20348519086837769,0.21091768145561219,0.47208237648010256,0.3871486186981201,0.4466838836669922,0.29308825731277468,0.3906281888484955,0.2028110772371292],"bodySizes":[1.8356168270111085,2.4381918907165529,1.7874755859375],"springs":[],"dumpers":[],"name":14780,"generation":424,"distance":55.4083137512207,"reward":-61.925743103027347}]}