{"geneDatas":[{"angles":[-32.10200500488281,9.564249038696289,31.003774642944337,-26.17218780517578,-28.447975158691408,-18.77132225036621,51.4107666015625,-33.79740905761719,14.732429504394532,-1.2534065246582032,39.12211608886719,35.773712158203128,-3.455535888671875,-16.08672332763672,-25.8914794921875,-41.32258605957031,36.02222442626953,-13.276227951049805,-37.30067443847656,9.9942626953125,-6.158843994140625,-39.650184631347659,46.6353759765625,-23.54865837097168,-30.722206115722658,-37.83799743652344,-37.95812225341797,-29.668745040893556,-54.061859130859378,28.483083724975587,-51.366607666015628,16.045759201049806,-10.628921508789063,44.28520202636719,54.76374053955078,42.290679931640628,44.18980026245117,-48.054901123046878,51.97129821777344,56.65204620361328,42.589473724365237,-34.84503936767578,51.70336151123047,-5.946014404296875,-22.45723533630371,1.4133682250976563,-43.66980743408203,-2.097980499267578,38.05602264404297,-52.93147277832031,-34.03363037109375,-2.4640350341796877,-21.21563720703125,22.628231048583986,-36.5123291015625,-59.862815856933597,-31.439165115356447,-10.615859985351563,-8.744552612304688,50.737953186035159,-25.93230438232422,-46.867515563964847,-55.41441345214844,-13.832237243652344,10.085500717163086,13.465568542480469,-46.61164093017578,36.73667907714844,-11.805862426757813,-55.686767578125,48.29432678222656,50.99327087402344,34.493778228759769,38.936004638671878,-58.43359375,1.7148895263671876,-0.07101821899414063,42.45225524902344,-52.604286193847659,28.595409393310548],"legSizes":[0.37398761510849,0.3124862313270569,0.3595131039619446,0.49002760648727419,0.4375882148742676,0.19419226050376893,0.4013694226741791,0.1995745599269867,0.3121643364429474,0.37522831559181216,0.44746413826942446,0.22550562024116517,0.4065113961696625,0.4915255010128021,0.37519970536231997,0.21508386731147767,0.4335671365261078,0.18140216171741486,0.43721112608909609,0.24264037609100343,0.16923394799232484,0.17240877449512483,0.3528369069099426,0.23914659023284913],"bodySizes":[1.7524080276489258,2.9663283824920656,1.5389889478683472],"springs":[],"dumpers":[],"name":16700,"generation":482,"distance":58.91075897216797,"reward":-58.91075897216797},{"angles":[-5.2847747802734379,42.68059539794922,48.906944274902347,-28.22794532775879,-28.447975158691408,15.898488998413086,29.971145629882814,-27.713621139526368,14.732429504394532,39.66426086425781,39.12211608886719,35.773712158203128,-3.455535888671875,-41.818641662597659,-25.8914794921875,25.4342041015625,36.02222442626953,-13.276227951049805,-14.675010681152344,25.3795166015625,-6.158843994140625,24.35870361328125,46.6353759765625,-23.54865837097168,45.341346740722659,-37.83799743652344,-37.95812225341797,-32.699363708496097,-10.774576187133789,16.791242599487306,-5.144142150878906,-39.54731750488281,1.6051406860351563,44.28520202636719,54.76374053955078,51.89601135253906,8.656089782714844,-48.054901123046878,51.97129821777344,56.65204620361328,35.05147933959961,-34.84503936767578,51.70336151123047,-5.946014404296875,56.29054260253906,1.4133682250976563,-43.66980743408203,-2.097980499267578,38.05602264404297,-52.93147277832031,21.788005828857423,15.339574813842774,-21.21563720703125,22.628231048583986,-36.5123291015625,52.68927001953125,-22.11798858642578,-10.615859985351563,-8.744552612304688,50.737953186035159,-25.93230438232422,-46.867515563964847,-55.41441345214844,-13.832237243652344,10.085500717163086,-32.02477264404297,-46.61164093017578,42.150108337402347,-11.805862426757813,-55.686767578125,48.29432678222656,50.99327087402344,34.493778228759769,38.936004638671878,-58.43359375,1.7148895263671876,-19.24310302734375,42.45225524902344,-52.604286193847659,-34.325706481933597],"legSizes":[0.4673745632171631,0.3124862313270569,0.25525277853012087,0.237106591463089,0.11304087936878205,0.12955184280872346,0.4072834551334381,0.12038984149694443,0.3266715705394745,0.4805701673030853,0.12275471538305283,0.1402323842048645,0.4529789090156555,0.31477057933807375,0.10992588847875595,0.3632098138332367,0.495128870010376,0.40161076188087466,0.43721112608909609,0.293732225894928,0.4820265769958496,0.47040802240371706,0.3528369069099426,0.23914659023284913],"bodySizes":[1.86997652053833,2.871565818786621,1.4898242950439454],"springs":[],"dumpers":[],"name":16700,"generation":482,"distance":58.91075897216797,"reward":-63.609718322753909},{"angles":[-5.2847747802734379,28.560216903686525,28.566696166992189,-26.17218780517578,-28.447975158691408,-18.77132225036621,29.971145629882814,31.059864044189454,14.732429504394532,2.7758560180664064,15.831924438476563,-54.44499206542969,-3.455535888671875,-55.14116668701172,-25.8914794921875,-23.623430252075197,5.237466812133789,0.8222503662109375,-12.223785400390625,9.9942626953125,-6.158843994140625,-8.04069709777832,-4.48297119140625,-52.42791748046875,22.119253158569337,-37.83799743652344,-37.95812225341797,-32.699363708496097,-10.774576187133789,14.899354934692383,4.7828216552734379,-39.860557556152347,-10.628921508789063,44.28520202636719,54.76374053955078,42.290679931640628,-53.715118408203128,-48.054901123046878,51.97129821777344,56.65204620361328,-8.145538330078125,-34.84503936767578,51.70336151123047,-5.946014404296875,-22.45723533630371,1.4133682250976563,-43.66980743408203,-2.097980499267578,38.05602264404297,-52.93147277832031,-34.03363037109375,-2.4640350341796877,-21.21563720703125,22.628231048583986,-36.5123291015625,-36.49824523925781,-31.439165115356447,-10.615859985351563,-8.744552612304688,50.737953186035159,-25.93230438232422,56.39234924316406,-55.41441345214844,-13.832237243652344,10.085500717163086,13.465568542480469,-46.61164093017578,36.73667907714844,-11.805862426757813,-55.686767578125,48.29432678222656,50.99327087402344,34.493778228759769,38.936004638671878,-58.43359375,1.7148895263671876,-0.07101821899414063,42.45225524902344,-52.604286193847659,28.595409393310548],"legSizes":[0.4673745632171631,0.20354005694389344,0.49144190549850466,0.3832949995994568,0.11304087936878205,0.12955184280872346,0.4072834551334381,0.12038984149694443,0.3266715705394745,0.4805701673030853,0.1983262002468109,0.10642939060926438,0.35285288095474245,0.31477057933807375,0.10380454361438751,0.1737499237060547,0.46998804807662966,0.18140216171741486,0.23034590482711793,0.24264037609100343,0.16923394799232484,0.17240877449512483,0.3528369069099426,0.23914659023284913],"bodySizes":[1.9740846157073975,2.794820785522461,1.450007438659668],"springs":[],"dumpers":[],"name":16700,"generation":482,"distance":58.91075897216797,"reward":-66.94816589355469}]}