{"geneDatas":[{"angles":[-26.610366821289064,-35.355445861816409,-10.264856338500977,11.168569564819336,-1.80804443359375,-58.96636962890625,39.72553253173828,-13.600982666015625,-7.760444641113281,19.14876937866211,26.35674285888672,17.673995971679689,-48.41913604736328,-17.58770179748535,-53.86536407470703,-24.983734130859376,-7.436906814575195,-11.99761962890625,49.648902893066409,-3.778888702392578,-19.118621826171876,-26.203229904174806,-21.183752059936525,12.643112182617188,-2.7470626831054689,-20.77924346923828,44.054603576660159,-12.088844299316407,9.932106018066407,-12.742759704589844,49.943992614746097,-17.96038055419922,-39.32099914550781,-15.148721694946289,20.06037712097168,-8.752677917480469,4.67772102355957,-51.74310302734375,43.24909973144531,38.00328063964844,12.841751098632813,-29.07777214050293,39.09062957763672,9.42573356628418,59.53778839111328,-52.68084716796875,-43.66980743408203,-55.629371643066409,52.76793670654297,-16.38648796081543,26.2368221282959,22.742225646972658,-55.359405517578128,33.63140869140625,10.978826522827149,46.23284149169922,-30.143997192382814,29.01061248779297,35.82159423828125,-8.82813835144043,52.81402587890625,-58.787567138671878,-17.464792251586915,48.28160858154297,-24.742034912109376,39.357994079589847,-12.120843887329102,47.760101318359378,-48.74762725830078,-30.67608642578125,-49.643653869628909,-13.488771438598633,-21.476905822753908,-35.90266418457031,34.90888595581055,-49.13114929199219,19.383255004882814,11.251565933227539,37.14216995239258,19.370512008666993],"legSizes":[0.12333712726831436,0.30168649554252627,0.4659404754638672,0.33033961057662966,0.2674297094345093,0.3684937357902527,0.2888296842575073,0.25578242540359499,0.24414804577827454,0.28210359811782839,0.46290141344070437,0.4064747393131256,0.4369531571865082,0.3388426899909973,0.23390763998031617,0.13838167488574983,0.44548970460891726,0.1921899914741516,0.30709636211395266,0.2509722113609314,0.2433985024690628,0.20526611804962159,0.15870848298072816,0.4002944827079773],"bodySizes":[1.9054203033447266,1.9528721570968629,2.149935007095337],"springs":[],"dumpers":[],"name":24423,"generation":718,"distance":31.164939880371095,"reward":16.837989807128908},{"angles":[-57.349876403808597,-35.355445861816409,-10.264856338500977,11.168569564819336,-17.95301055908203,6.832817077636719,0.5285682678222656,-13.600982666015625,-7.760444641113281,47.41065216064453,52.779693603515628,-26.13665199279785,-48.41913604736328,-17.58770179748535,-45.248634338378909,17.967710494995118,20.438932418823243,-11.99761962890625,49.648902893066409,-7.160560607910156,-19.118621826171876,-26.203229904174806,-5.16802978515625,-36.25030517578125,-2.7470626831054689,-26.048662185668947,37.519256591796878,13.006158828735352,9.932106018066407,44.85128402709961,49.943992614746097,-28.716468811035158,18.938339233398439,45.15057373046875,47.021942138671878,29.941404342651368,4.67772102355957,-7.003477096557617,43.24909973144531,38.00328063964844,-34.35460662841797,-4.383123397827148,39.09062957763672,9.42573356628418,59.53778839111328,1.6176719665527344,-43.66980743408203,-55.629371643066409,52.76793670654297,27.76551055908203,35.36603546142578,22.742225646972658,-55.359405517578128,-33.88365173339844,47.849708557128909,-6.0608978271484379,-43.78838348388672,29.01061248779297,58.11238098144531,-47.43190002441406,52.81402587890625,-39.369346618652347,-43.991790771484378,19.895164489746095,2.7962989807128908,-16.536575317382814,9.59967041015625,31.734607696533204,-48.74762725830078,-30.67608642578125,-49.643653869628909,-13.488771438598633,-21.476905822753908,20.418317794799806,34.90888595581055,-41.09236145019531,-14.598335266113282,11.251565933227539,-54.984352111816409,21.518354415893556],"legSizes":[0.37734952569007876,0.2519572973251343,0.41201338171958926,0.48651036620140078,0.4115641117095947,0.18724365532398225,0.2888296842575073,0.3447813391685486,0.4953877925872803,0.10595899075269699,0.19758328795433045,0.21191489696502686,0.11817889660596848,0.4090799391269684,0.3838890492916107,0.2646833658218384,0.1579073965549469,0.1921899914741516,0.38881364464759829,0.13527341187000276,0.3016921877861023,0.40233904123306277,0.4360821843147278,0.4371996521949768],"bodySizes":[1.8513195514678956,2.0097336769104006,2.1501564979553224],"springs":[],"dumpers":[],"name":24423,"generation":718,"distance":31.164939880371095,"reward":-3.3743820190429689},{"angles":[-57.349876403808597,-35.355445861816409,-10.264856338500977,-7.972818374633789,-1.80804443359375,-58.96636962890625,0.5285682678222656,-13.600982666015625,-7.760444641113281,47.41065216064453,52.779693603515628,-26.13665199279785,-48.41913604736328,-17.58770179748535,-45.248634338378909,17.967710494995118,20.438932418823243,-11.99761962890625,49.648902893066409,51.68818664550781,-1.2327499389648438,-26.203229904174806,-56.750633239746097,-36.25030517578125,44.834815979003909,-26.048662185668947,37.519256591796878,13.006158828735352,9.932106018066407,44.85128402709961,49.943992614746097,-28.716468811035158,-31.688674926757814,-16.299484252929689,20.06037712097168,29.941404342651368,4.67772102355957,-7.003477096557617,43.24909973144531,38.00328063964844,-34.35460662841797,-4.383123397827148,39.09062957763672,9.42573356628418,59.53778839111328,1.6176719665527344,-43.66980743408203,-13.568395614624024,52.76793670654297,27.76551055908203,35.36603546142578,22.742225646972658,-55.359405517578128,-33.88365173339844,47.849708557128909,-6.0608978271484379,-30.143997192382814,29.01061248779297,58.11238098144531,-47.43190002441406,-9.021684646606446,-39.369346618652347,17.839536666870118,-55.78618621826172,8.14057731628418,39.357994079589847,-6.833831787109375,31.734607696533204,0.856109619140625,5.628211975097656,-49.643653869628909,39.90069580078125,-21.476905822753908,-54.68804931640625,34.90888595581055,13.442596435546875,7.111564636230469,11.251565933227539,-36.52400207519531,21.518354415893556],"legSizes":[0.1406540423631668,0.30168649554252627,0.40384015440940859,0.48651036620140078,0.4115641117095947,0.18724365532398225,0.26383286714553835,0.3134104609489441,0.23262450098991395,0.4354967176914215,0.19758328795433045,0.41974854469299319,0.4529789090156555,0.3388426899909973,0.3838890492916107,0.3344884216785431,0.40034881234169009,0.3872939944267273,0.4047926366329193,0.13527341187000276,0.2471827268600464,0.3289092779159546,0.4209364354610443,0.4371996521949768],"bodySizes":[1.7993401288986207,2.029580593109131,2.1906371116638185],"springs":[],"dumpers":[],"name":24423,"generation":718,"distance":31.164939880371095,"reward":-23.81903076171875}]}