{"geneDatas":[{"angles":[7.9081878662109379,-33.231842041015628,47.827293395996097,-18.857866287231447,-37.58782196044922,27.775108337402345,-12.677000045776368,-29.953445434570314,26.740921020507814,-0.7484512329101563,53.56773376464844,51.45201873779297,-27.68412208557129,23.005657196044923,-50.883262634277347,-57.769744873046878,-16.384111404418947,-17.343687057495118,54.209014892578128,30.56829833984375,-21.603391647338868,54.23021697998047,18.68817138671875,-23.756996154785158,-6.5660552978515629,-45.56648254394531,40.999202728271487,-29.444808959960939,19.153318405151368,8.090736389160157,-16.956573486328126,-5.281913757324219,-37.661521911621097,34.54586410522461,37.655113220214847,38.70045471191406,5.02311897277832,-44.84107208251953,-16.6807861328125,48.500587463378909,-25.04108238220215,48.20813751220703,11.194547653198243,15.03219985961914,85.06039428710938,-47.88813018798828,-25.876014709472658,43.08723449707031,6.4294281005859379,-37.87886047363281,55.35026550292969,52.09870147705078,-27.308929443359376,28.960933685302736,49.24501037597656,53.41820526123047,-1.6909561157226563,-48.189178466796878,-42.66828155517578,40.7320556640625,-59.380706787109378,43.65238952636719,-57.092803955078128,-44.99708557128906,-45.032615661621097,-48.856231689453128,38.76844787597656,-35.66029357910156,46.186668395996097,-29.870819091796876,-29.778465270996095,8.493856430053711,24.33617401123047,-4.0703277587890629,-37.482505798339847,-5.291038513183594,-34.399208068847659,-43.333526611328128,-55.247352600097659,-19.25029945373535],"legSizes":[0.18004044890403748,0.1289566457271576,0.22930625081062318,0.2145894318819046,0.20466092228889466,0.355247437953949,0.4260120987892151,0.12373810261487961,0.24430930614471436,0.34106069803237917,0.3607768416404724,0.29946619272232058,0.4312817454338074,0.17222948372364045,0.23790976405143739,0.11142444610595703,0.44800668954849245,0.2677282691001892,0.2595234513282776,0.14689931273460389,0.4785797595977783,0.4281519055366516,0.29300206899642947,0.4047790467739105],"bodySizes":[1.8562102317810059,2.0247058868408205,2.128633499145508],"springs":[],"dumpers":[],"name":4398,"generation":125,"distance":58.9599723815918,"reward":-58.9599723815918},{"angles":[-29.347549438476564,-59.30748748779297,37.805213928222659,36.77313995361328,-14.523290634155274,1.2905998229980469,8.892997741699219,49.33708190917969,26.740921020507814,-10.080734252929688,18.632854461669923,-54.33174133300781,27.53272247314453,23.005657196044923,-50.883262634277347,-57.769744873046878,-33.554473876953128,-17.84137535095215,46.267791748046878,-20.14278221130371,23.88532066345215,54.23021697998047,18.68817138671875,-23.756996154785158,-4.993408203125,-45.56648254394531,18.023826599121095,39.30332946777344,19.153318405151368,-19.692129135131837,-16.956573486328126,-5.281913757324219,57.29182434082031,34.54586410522461,37.655113220214847,38.70045471191406,5.02311897277832,28.581317901611329,6.685930252075195,48.500587463378909,-25.04108238220215,47.60881042480469,41.1492919921875,15.03219985961914,85.06039428710938,51.15497589111328,-25.876014709472658,43.08723449707031,6.4294281005859379,-37.87886047363281,55.35026550292969,52.09870147705078,-27.308929443359376,28.960933685302736,49.24501037597656,53.41820526123047,-1.6909561157226563,-48.189178466796878,-42.66828155517578,1.7264480590820313,-59.380706787109378,43.65238952636719,-57.092803955078128,-44.99708557128906,-45.032615661621097,-48.856231689453128,38.76844787597656,-35.66029357910156,46.186668395996097,-37.815185546875,8.572935104370118,8.493856430053711,24.33617401123047,-4.0703277587890629,-37.482505798339847,-40.78759765625,10.110906600952149,25.83540916442871,-56.503028869628909,45.560001373291019],"legSizes":[0.4472320079803467,0.4013855457305908,0.22930625081062318,0.4314998984336853,0.2661387324333191,0.406095415353775,0.112186960875988,0.12373810261487961,0.3194730877876282,0.3491690754890442,0.40210309624671938,0.4985446035861969,0.41887274384498598,0.3895791172981262,0.1068655475974083,0.19522833824157716,0.12611985206604005,0.3484451472759247,0.42934125661849978,0.36654433608055117,0.16989508271217347,0.10694628208875656,0.34123122692108157,0.3192717432975769],"bodySizes":[1.8789265155792237,2.0861010551452638,2.041008710861206],"springs":[],"dumpers":[],"name":4398,"generation":125,"distance":58.9599723815918,"reward":-75.79332733154297},{"angles":[37.53791046142578,48.567710876464847,37.18780517578125,9.794189453125,-41.72826385498047,-1.3779487609863282,8.892997741699219,15.439008712768555,26.740921020507814,-0.7484512329101563,58.71631622314453,-54.33174133300781,-27.68412208557129,23.005657196044923,-50.883262634277347,-57.769744873046878,38.523719787597659,-17.84137535095215,46.267791748046878,-20.14278221130371,26.237882614135743,30.053457260131837,-48.406951904296878,-23.756996154785158,-6.5660552978515629,-45.56648254394531,18.023826599121095,-2.3820533752441408,19.153318405151368,7.583648681640625,11.329370498657227,-19.202049255371095,-37.661521911621097,34.54586410522461,37.655113220214847,38.70045471191406,7.683799743652344,-7.563079833984375,41.009918212890628,-9.953933715820313,-25.04108238220215,47.60881042480469,41.1492919921875,17.189496994018556,17.5611572265625,51.15497589111328,-25.876014709472658,45.431312561035159,26.674617767333986,-37.87886047363281,-12.2347412109375,52.09870147705078,-16.96265411376953,4.177543640136719,49.24501037597656,53.41820526123047,21.963071823120118,-47.05743408203125,36.665740966796878,49.034088134765628,-59.380706787109378,-9.899620056152344,-54.842559814453128,45.9296875,-27.094511032104493,23.960866928100587,-20.158945083618165,-57.720550537109378,-45.69696044921875,34.36514663696289,-35.69520568847656,6.05034065246582,-34.651092529296878,56.925514221191409,-52.70539093017578,21.525434494018556,-11.330759048461914,-16.16779136657715,-55.247352600097659,45.560001373291019],"legSizes":[0.1708664894104004,0.47731590270996096,0.10558481514453888,0.2145894318819046,0.46801313757896426,0.406095415353775,0.3931155800819397,0.4599805772304535,0.24430930614471436,0.28240349888801577,0.3607768416404724,0.2838187515735626,0.41887274384498598,0.3895791172981262,0.1068655475974083,0.19522833824157716,0.12611985206604005,0.4043087065219879,0.12601232528686524,0.2978721261024475,0.25349873304367068,0.20963329076766969,0.20395596325397492,0.3192717432975769],"bodySizes":[1.8775410652160645,2.014209508895874,2.1154165267944338],"springs":[],"dumpers":[],"name":4398,"generation":125,"distance":58.9599723815918,"reward":-91.81925964355469}]}