{"geneDatas":[{"angles":[48.6890869140625,-56.320068359375,-30.56230354309082,-9.566093444824219,-1.80804443359375,44.77610778808594,21.835140228271486,53.28888702392578,20.61836051940918,-51.82020568847656,31.64338493347168,-2.4525909423828127,-53.64715576171875,-14.540098190307618,28.581188201904298,-24.983734130859376,-7.436906814575195,-13.878400802612305,7.358041763305664,-3.934558868408203,-3.8884658813476564,-26.203229904174806,8.085428237915039,46.450279235839847,47.48960494995117,38.70072937011719,44.054603576660159,-12.088844299316407,23.987646102905275,-12.742759704589844,57.179176330566409,40.46050262451172,29.466873168945314,13.966033935546875,8.594118118286133,17.622556686401368,4.67772102355957,37.9110107421875,43.24909973144531,38.00328063964844,12.841751098632813,46.69017791748047,12.628503799438477,-26.31829833984375,54.97422790527344,-52.68084716796875,-52.003868103027347,-28.809980392456056,-38.41834259033203,-0.5694503784179688,51.33587646484375,-39.432838439941409,-55.359405517578128,5.316747665405273,10.978826522827149,46.23284149169922,-8.048851013183594,13.981956481933594,-48.70794677734375,-35.71954345703125,-13.185173034667969,-51.057525634765628,1.4285011291503907,48.28160858154297,56.91142272949219,16.464553833007814,30.05718994140625,-6.119865417480469,2.5557174682617189,-30.67608642578125,-49.643653869628909,38.12677764892578,24.53902244567871,-41.68090057373047,53.53391647338867,54.15321350097656,17.62324333190918,1.7175941467285157,-32.21434783935547,44.97068786621094],"legSizes":[0.4765245020389557,0.2922060191631317,0.2690495252609253,0.47133246064186098,0.2674297094345093,0.18703794479370118,0.21795818209648133,0.25578242540359499,0.3557620048522949,0.246740460395813,0.33311718702316286,0.2571834921836853,0.180644229054451,0.3164682686328888,0.3978673815727234,0.11409039795398712,0.15696653723716737,0.25196534395217898,0.38881364464759829,0.10031399875879288,0.3302275538444519,0.48478421568870547,0.31451016664505007,0.3917088508605957],"bodySizes":[2.1349499225616457,1.6725224256515504,2.240424394607544],"springs":[],"dumpers":[],"name":26815,"generation":765,"distance":37.64285659790039,"reward":-37.64285659790039},{"angles":[30.035789489746095,-35.355445861816409,-30.56230354309082,55.457252502441409,-1.80804443359375,-3.5673866271972658,21.835140228271486,5.863700866699219,25.9885311126709,-51.82020568847656,40.89482116699219,37.84502410888672,19.383056640625,-14.540098190307618,28.581188201904298,-24.983734130859376,-5.626310348510742,-11.99761962890625,49.648902893066409,-1.9026718139648438,-3.8884658813476564,-26.203229904174806,-21.183752059936525,-53.58666229248047,47.48960494995117,-7.30070686340332,44.054603576660159,-12.088844299316407,9.932106018066407,-12.742759704589844,49.943992614746097,-17.96038055419922,-39.32099914550781,-41.34259796142578,25.840055465698243,42.06052780151367,4.67772102355957,10.809867858886719,36.21877670288086,38.00328063964844,58.7191162109375,23.372037887573243,49.1834716796875,-18.99720001220703,59.53778839111328,-36.88280487060547,-43.66980743408203,-28.809980392456056,-57.662803649902347,-0.5694503784179688,6.620943069458008,20.260818481445314,-55.359405517578128,27.210773468017579,10.978826522827149,-33.766937255859378,-46.12445068359375,34.239864349365237,-12.896726608276368,-36.901634216308597,-13.185173034667969,-51.057525634765628,1.4285011291503907,48.28160858154297,56.91142272949219,16.464553833007814,-12.120843887329102,-6.119865417480469,23.76386833190918,-30.67608642578125,-49.643653869628909,38.12677764892578,24.53902244567871,-41.68090057373047,7.993133544921875,54.15321350097656,17.62324333190918,1.7175941467285157,32.475555419921878,48.76750946044922],"legSizes":[0.12333712726831436,0.2922060191631317,0.2690495252609253,0.47133246064186098,0.2674297094345093,0.18703794479370118,0.21795818209648133,0.24831649661064149,0.3557620048522949,0.246740460395813,0.40290945768356326,0.2571834921836853,0.1098175048828125,0.12091083824634552,0.4166051745414734,0.11409039795398712,0.49724310636520388,0.25196534395217898,0.38881364464759829,0.10031399875879288,0.3055691123008728,0.2389974296092987,0.31451016664505007,0.36301660537719729],"bodySizes":[2.160555124282837,1.640916109085083,2.2565155029296877],"springs":[],"dumpers":[],"name":26815,"generation":765,"distance":37.64285659790039,"reward":-41.45847702026367},{"angles":[48.6890869140625,-35.355445861816409,-30.56230354309082,-35.61821746826172,-1.80804443359375,-3.5673866271972658,21.835140228271486,-0.10466384887695313,25.9885311126709,-51.82020568847656,40.89482116699219,37.84502410888672,27.663671493530275,11.601728439331055,-32.743194580078128,-13.197404861450196,35.56330108642578,-11.99761962890625,49.648902893066409,31.024702072143556,-3.8884658813476564,-26.203229904174806,8.085428237915039,-53.58666229248047,30.334266662597658,-14.730871200561524,44.054603576660159,-12.088844299316407,23.987646102905275,-12.742759704589844,57.179176330566409,-44.65850830078125,29.466873168945314,13.966033935546875,22.45638084411621,-8.752677917480469,4.67772102355957,37.9110107421875,43.24909973144531,38.00328063964844,12.841751098632813,46.69017791748047,-16.7951717376709,-26.31829833984375,48.375694274902347,-10.62440299987793,-43.66980743408203,-28.809980392456056,10.514566421508789,-2.395282745361328,17.416461944580079,-39.432838439941409,-55.359405517578128,5.316747665405273,10.978826522827149,46.23284149169922,2.8320045471191408,13.981956481933594,-48.70794677734375,-35.71954345703125,-13.185173034667969,-51.057525634765628,1.4285011291503907,3.412433624267578,56.91142272949219,16.464553833007814,-12.120843887329102,-6.119865417480469,23.76386833190918,-30.67608642578125,-49.643653869628909,32.28315353393555,24.53902244567871,-41.68090057373047,6.362749099731445,54.15321350097656,17.62324333190918,1.7175941467285157,15.919273376464844,48.76750946044922],"legSizes":[0.24141472578048707,0.2922060191631317,0.2690495252609253,0.2574300467967987,0.34771835803985598,0.49462422728538515,0.21795818209648133,0.25578242540359499,0.33132022619247439,0.246740460395813,0.3340440094470978,0.3275591731071472,0.180644229054451,0.12091083824634552,0.4166051745414734,0.11850132793188095,0.49724310636520388,0.25196534395217898,0.38881364464759829,0.10031399875879288,0.2596486806869507,0.13938385248184205,0.3460201025009155,0.36301660537719729],"bodySizes":[2.11383318901062,1.669867753982544,2.2664034366607668],"springs":[],"dumpers":[],"name":26815,"generation":765,"distance":37.64285659790039,"reward":-58.586524963378909}]}