{"geneDatas":[{"angles":[55.94818878173828,31.332176208496095,-6.263975143432617,-25.22420310974121,-16.115507125854493,15.518087387084961,-31.137542724609376,-29.3382511138916,-28.137222290039064,42.218299865722659,4.916473388671875,57.41436767578125,-8.244216918945313,-3.799060821533203,0.666839599609375,-4.74913215637207,-7.436906814575195,-32.22810363769531,32.66753005981445,-44.4486083984375,-16.71912384033203,47.837791442871097,17.384145736694337,53.64423751831055,-9.512664794921875,-7.30070686340332,44.054603576660159,-51.56156921386719,8.344152450561524,44.36578369140625,31.205419540405275,-55.571495056152347,-56.31864929199219,32.122718811035159,-22.70299530029297,-13.710214614868164,-24.10059356689453,-10.439237594604493,43.24909973144531,38.00328063964844,-17.361310958862306,6.246580123901367,-33.0919189453125,32.99028015136719,59.53778839111328,-31.392446517944337,-43.66980743408203,-55.629371643066409,-6.11085319519043,55.80755615234375,52.29119873046875,-32.52299499511719,-47.275611877441409,-1.7974739074707032,-45.09716033935547,46.23284149169922,42.47895050048828,37.23358154296875,-43.20631408691406,-54.467864990234378,-52.200096130371097,44.25044250488281,-3.474964141845703,57.6866455078125,-14.799835205078125,0.659271240234375,-42.28770446777344,-54.55171203613281,-40.481712341308597,19.893033981323243,-28.700889587402345,49.91999816894531,-35.57775115966797,-20.737014770507814,-22.527070999145509,-44.746009826660159,41.70095443725586,-42.237709045410159,-18.162954330444337,-38.14324188232422],"legSizes":[0.45717376470565798,0.48277029395103457,0.38990306854248049,0.11463308334350586,0.29110410809516909,0.2726566195487976,0.1724512130022049,0.1897222101688385,0.14084716141223908,0.3265690505504608,0.2917472720146179,0.32605618238449099,0.267428994178772,0.21847489476203919,0.41232165694236758,0.4577164053916931,0.4603545665740967,0.3537883162498474,0.11449022591114044,0.10031399875879288,0.22954495251178742,0.22753623127937318,0.37146276235580447,0.2838544547557831],"bodySizes":[2.201524496078491,1.574305772781372,2.3082213401794435],"springs":[],"dumpers":[],"name":30585,"generation":876,"distance":39.145057678222659,"reward":-39.145057678222659},{"angles":[55.94818878173828,31.332176208496095,-6.263975143432617,-25.22420310974121,-16.115507125854493,15.518087387084961,-31.137542724609376,-29.3382511138916,-28.137222290039064,42.218299865722659,4.916473388671875,57.41436767578125,-8.244216918945313,-3.799060821533203,0.666839599609375,-4.74913215637207,-7.436906814575195,-32.22810363769531,-12.381454467773438,-44.4486083984375,-16.71912384033203,47.837791442871097,17.384145736694337,53.64423751831055,-9.512664794921875,-7.30070686340332,44.054603576660159,-51.56156921386719,8.344152450561524,44.36578369140625,31.205419540405275,25.678922653198243,-12.90223503112793,56.403236389160159,-22.70299530029297,-13.710214614868164,-24.10059356689453,-10.439237594604493,43.24909973144531,38.00328063964844,-17.361310958862306,6.246580123901367,-33.0919189453125,32.99028015136719,59.53778839111328,-31.392446517944337,-43.66980743408203,-55.629371643066409,-6.11085319519043,-26.74411964416504,52.29119873046875,-32.52299499511719,-47.275611877441409,-1.7974739074707032,-45.09716033935547,46.23284149169922,42.47895050048828,37.23358154296875,-43.20631408691406,-54.467864990234378,-52.200096130371097,44.25044250488281,-3.474964141845703,57.6866455078125,-14.799835205078125,30.188711166381837,-42.28770446777344,-54.55171203613281,-40.481712341308597,19.893033981323243,-28.700889587402345,49.91999816894531,-35.57775115966797,-37.920928955078128,-22.527070999145509,-44.746009826660159,14.486440658569336,-42.237709045410159,9.466461181640625,-38.14324188232422],"legSizes":[0.45717376470565798,0.48277029395103457,0.38990306854248049,0.11463308334350586,0.29110410809516909,0.2984463572502136,0.1724512130022049,0.22578632831573487,0.2137114405632019,0.3705204427242279,0.45760130882263186,0.32605618238449099,0.267428994178772,0.21847489476203919,0.4145876467227936,0.4577164053916931,0.4603545665740967,0.3156793415546417,0.11449022591114044,0.10031399875879288,0.24145296216011048,0.13905301690101624,0.37146276235580447,0.2220638543367386],"bodySizes":[2.229506254196167,1.5585497617721558,2.302293300628662],"springs":[],"dumpers":[],"name":30585,"generation":876,"distance":39.145057678222659,"reward":-42.8647346496582},{"angles":[55.94818878173828,31.332176208496095,-6.263975143432617,-25.22420310974121,-16.115507125854493,15.518087387084961,-31.137542724609376,-29.3382511138916,-28.137222290039064,42.218299865722659,4.916473388671875,57.41436767578125,-8.244216918945313,-3.799060821533203,38.61339569091797,-4.74913215637207,-21.861955642700197,-32.22810363769531,-12.381454467773438,-44.4486083984375,-16.71912384033203,47.837791442871097,17.384145736694337,53.64423751831055,-9.512664794921875,-7.30070686340332,44.054603576660159,-51.56156921386719,8.344152450561524,44.36578369140625,31.205419540405275,25.678922653198243,-12.90223503112793,56.403236389160159,-22.70299530029297,-13.710214614868164,-24.10059356689453,-10.439237594604493,43.24909973144531,38.00328063964844,-17.361310958862306,6.246580123901367,-33.0919189453125,32.99028015136719,41.19719696044922,-31.392446517944337,-43.66980743408203,-55.629371643066409,-6.11085319519043,-26.74411964416504,52.29119873046875,-32.52299499511719,-47.275611877441409,-1.7974739074707032,-45.09716033935547,46.23284149169922,42.47895050048828,20.271648406982423,-6.917318344116211,-16.67595100402832,-52.200096130371097,2.6300888061523439,38.498741149902347,57.6866455078125,-34.302146911621097,31.353118896484376,-22.80077362060547,39.762855529785159,-35.455101013183597,3.356517791748047,-28.700889587402345,57.044578552246097,-35.57775115966797,-5.781349182128906,-37.32331848144531,20.165319442749025,-37.66294860839844,39.909828186035159,34.68761444091797,-3.2049102783203127],"legSizes":[0.45717376470565798,0.48277029395103457,0.38990306854248049,0.11463308334350586,0.29110410809516909,0.2984463572502136,0.1724512130022049,0.22578632831573487,0.2137114405632019,0.3705204427242279,0.45760130882263186,0.32605618238449099,0.267428994178772,0.21847489476203919,0.4145876467227936,0.4577164053916931,0.4603545665740967,0.3156793415546417,0.11449022591114044,0.10031399875879288,0.22954495251178742,0.21302039921283723,0.1596744954586029,0.23463937640190125],"bodySizes":[2.2413628101348879,1.5668381452560425,2.2779996395111086],"springs":[],"dumpers":[],"name":30585,"generation":876,"distance":39.145057678222659,"reward":-65.4417495727539}]}