{"geneDatas":[{"angles":[-57.349876403808597,-35.355445861816409,-22.965696334838868,-7.972818374633789,-1.80804443359375,-58.96636962890625,0.5285682678222656,-13.600982666015625,-7.760444641113281,47.41065216064453,52.779693603515628,-26.13665199279785,-48.41913604736328,-17.58770179748535,-45.248634338378909,17.967710494995118,20.438932418823243,-11.99761962890625,49.648902893066409,51.68818664550781,-1.2327499389648438,-26.203229904174806,-56.750633239746097,-36.25030517578125,44.834815979003909,-26.048662185668947,37.519256591796878,13.006158828735352,9.932106018066407,44.85128402709961,49.943992614746097,-28.716468811035158,-31.688674926757814,-16.299484252929689,20.06037712097168,29.941404342651368,4.67772102355957,-7.003477096557617,43.24909973144531,38.00328063964844,3.510852813720703,-4.383123397827148,39.09062957763672,9.42573356628418,59.53778839111328,1.6176719665527344,-43.66980743408203,-13.568395614624024,52.76793670654297,27.76551055908203,35.36603546142578,5.844789505004883,-55.359405517578128,7.02354621887207,24.59618377685547,-28.489044189453126,-8.140462875366211,-59.22438049316406,58.11238098144531,-47.43190002441406,-57.428680419921878,-39.369346618652347,18.98834991455078,19.895164489746095,8.14057731628418,26.908878326416017,-53.151824951171878,31.734607696533204,38.77647399902344,-30.67608642578125,-52.01914978027344,-3.070770263671875,-12.955018997192383,-54.68804931640625,34.90888595581055,-41.09236145019531,7.111564636230469,-9.021440505981446,-44.61457824707031,-1.005157470703125],"legSizes":[0.1406540423631668,0.30168649554252627,0.40384015440940859,0.48651036620140078,0.4115641117095947,0.18724365532398225,0.26383286714553835,0.3134104609489441,0.23262450098991395,0.4354967176914215,0.19758328795433045,0.41974854469299319,0.4529789090156555,0.3388426899909973,0.3838890492916107,0.3344884216785431,0.40034881234169009,0.3872939944267273,0.4047926366329193,0.13527341187000276,0.23140008747577668,0.417313814163208,0.4360821843147278,0.4371996521949768],"bodySizes":[1.7993396520614625,2.0295801162719728,2.1906380653381349],"springs":[],"dumpers":[],"name":25097,"generation":716,"distance":31.715351104736329,"reward":-31.715351104736329},{"angles":[-26.610366821289064,-35.355445861816409,-10.264856338500977,11.168569564819336,24.186927795410158,-58.96636962890625,55.43792724609375,6.108232498168945,32.85055160522461,19.14876937866211,26.35674285888672,-52.911285400390628,35.29097366333008,-17.58770179748535,-53.86536407470703,-24.983734130859376,-7.436906814575195,52.527854919433597,49.648902893066409,-3.778888702392578,-19.118621826171876,-26.203229904174806,-21.183752059936525,12.643112182617188,-2.7470626831054689,-20.77924346923828,44.054603576660159,-12.088844299316407,9.932106018066407,-12.742759704589844,49.943992614746097,-17.96038055419922,-39.32099914550781,-48.209922790527347,20.06037712097168,-8.752677917480469,4.67772102355957,-51.74310302734375,43.24909973144531,38.00328063964844,-35.401771545410159,2.408946990966797,39.09062957763672,9.42573356628418,59.53778839111328,1.6176719665527344,-43.66980743408203,-56.058753967285159,52.76793670654297,-16.38648796081543,-52.87749481201172,22.742225646972658,-55.359405517578128,-25.357223510742189,47.849708557128909,-6.0608978271484379,-30.143997192382814,29.01061248779297,58.11238098144531,-47.43190002441406,52.81402587890625,-39.369346618652347,-43.991790771484378,19.895164489746095,2.7962989807128908,-16.536575317382814,-6.833831787109375,31.734607696533204,-48.74762725830078,-30.67608642578125,-49.643653869628909,-13.488771438598633,-21.476905822753908,-35.90266418457031,34.90888595581055,-41.09236145019531,-14.598335266113282,11.251565933227539,37.14216995239258,21.518354415893556],"legSizes":[0.33172038197517397,0.30168649554252627,0.4659404754638672,0.1803220808506012,0.2674297094345093,0.34491845965385439,0.3658360540866852,0.128065824508667,0.3307080566883087,0.4354967176914215,0.46290141344070437,0.42697805166244509,0.11173029243946076,0.3388426899909973,0.284866064786911,0.13838167488574983,0.1579073965549469,0.1921899914741516,0.38881364464759829,0.13527341187000276,0.3016921877861023,0.40233904123306277,0.4360821843147278,0.4371996521949768],"bodySizes":[1.8513195514678956,2.0097336769104006,2.1501564979553224],"springs":[],"dumpers":[],"name":25097,"generation":716,"distance":31.715351104736329,"reward":-36.629432678222659},{"angles":[-1.5749702453613282,-21.70123863220215,20.035926818847658,11.168569564819336,36.894893646240237,-37.33551788330078,-48.27062225341797,-13.600982666015625,-26.573232650756837,47.41065216064453,52.779693603515628,-26.13665199279785,-8.623529434204102,-15.179620742797852,24.49983787536621,-24.983734130859376,-7.436906814575195,-11.99761962890625,49.648902893066409,-46.751075744628909,-19.118621826171876,-26.203229904174806,-21.183752059936525,-14.177734375,-2.7470626831054689,-20.77924346923828,44.054603576660159,-31.12738800048828,9.932106018066407,-12.742759704589844,49.943992614746097,-17.96038055419922,8.489204406738282,-15.148721694946289,20.06037712097168,-8.752677917480469,4.67772102355957,-51.74310302734375,43.24909973144531,38.00328063964844,12.841751098632813,-29.07777214050293,39.09062957763672,9.42573356628418,59.53778839111328,-52.68084716796875,-43.66980743408203,-55.629371643066409,52.76793670654297,-46.92198181152344,26.2368221282959,22.742225646972658,-51.203285217285159,33.63140869140625,10.978826522827149,46.23284149169922,-30.143997192382814,-23.975479125976564,35.82159423828125,-48.051307678222659,52.81402587890625,-58.787567138671878,-17.464792251586915,48.28160858154297,-4.3866119384765629,39.357994079589847,-33.1395263671875,47.760101318359378,-48.74762725830078,48.82136535644531,-49.643653869628909,43.060386657714847,-51.77880859375,7.85917854309082,34.90888595581055,-41.09236145019531,28.949817657470704,-53.573829650878909,37.14216995239258,19.370512008666993],"legSizes":[0.12333712726831436,0.47667616605758669,0.40384015440940859,0.45298710465431216,0.11661682277917862,0.3684937357902527,0.2888296842575073,0.25578242540359499,0.24414804577827454,0.28210359811782839,0.46290141344070437,0.4064747393131256,0.11173029243946076,0.3388426899909973,0.4166051745414734,0.13838167488574983,0.3527972102165222,0.1921899914741516,0.38881364464759829,0.13527341187000276,0.2433985024690628,0.20526611804962159,0.15870848298072816,0.4531990587711334],"bodySizes":[1.8905264139175416,1.9490563869476319,2.1711153984069826],"springs":[],"dumpers":[],"name":25097,"generation":716,"distance":31.715351104736329,"reward":-38.41972351074219}]}