{"geneDatas":[{"angles":[80.41108703613281,-0.5465774536132813,50.12690734863281,-45.74127960205078,-37.58782196044922,18.2200927734375,-12.677000045776368,-18.977815628051759,26.740921020507814,-0.7484512329101563,53.56773376464844,27.905385971069337,-27.68412208557129,-11.696342468261719,-21.592561721801759,-57.769744873046878,-46.362205505371097,3.5854835510253908,38.95140838623047,-29.12353515625,20.651418685913087,-33.71033477783203,-33.17500305175781,-27.44725799560547,-10.215545654296875,56.870269775390628,47.1658935546875,-56.97235107421875,-38.27490997314453,7.583648681640625,8.785593032836914,-37.01200866699219,-2.643218994140625,-9.602571487426758,-13.36265754699707,-49.831321716308597,5.02311897277832,-44.84107208251953,34.48006057739258,48.500587463378909,-25.04108238220215,-17.39381217956543,41.1492919921875,-45.79380798339844,85.06039428710938,11.966207504272461,-25.876014709472658,43.08723449707031,6.4294281005859379,-37.87886047363281,-45.835350036621097,52.09870147705078,-27.308929443359376,4.177543640136719,49.24501037597656,53.41820526123047,21.963071823120118,7.322639465332031,36.665740966796878,37.52684783935547,-59.380706787109378,24.511383056640626,-54.842559814453128,-30.37042999267578,55.088111877441409,-48.856231689453128,38.76844787597656,1.8152122497558594,52.93304443359375,-25.89164924621582,8.572935104370118,6.05034065246582,-34.877044677734378,56.925514221191409,-52.70539093017578,-5.291038513183594,-34.399208068847659,-59.29417419433594,-55.247352600097659,45.560001373291019],"legSizes":[0.3578730523586273,0.37140050530433657,0.186366468667984,0.1075497642159462,0.22995145618915559,0.30611103773117068,0.20379693806171418,0.12373810261487961,0.24430930614471436,0.3491690754890442,0.3671943247318268,0.2527180016040802,0.3644274175167084,0.2957935631275177,0.302314817905426,0.11142444610595703,0.17253413796424867,0.17127284407615663,0.42934125661849978,0.24108096957206727,0.4785797595977783,0.10694628208875656,0.25,0.3192717432975769],"bodySizes":[1.9796680212020875,1.9630811214447022,2.058540105819702],"springs":[],"dumpers":[],"name":3148,"generation":104,"distance":42.80595779418945,"reward":-42.80595779418945},{"angles":[37.54753875732422,-0.5465774536132813,50.12690734863281,-45.74127960205078,-53.16864776611328,-55.992340087890628,-2.0476112365722658,54.987586975097659,26.740921020507814,-59.990989685058597,11.784660339355469,27.905385971069337,-27.68412208557129,-1.5298385620117188,-46.61274719238281,-57.769744873046878,-46.362205505371097,3.5854835510253908,38.95140838623047,-29.12353515625,43.83855438232422,-33.71033477783203,-33.17500305175781,14.591508865356446,7.9675140380859379,-53.41624450683594,47.1658935546875,-52.77003479003906,34.47187805175781,7.583648681640625,8.785593032836914,10.026748657226563,-2.643218994140625,3.3208389282226564,-13.36265754699707,40.457542419433597,1.4037399291992188,-44.84107208251953,34.48006057739258,48.500587463378909,-25.04108238220215,49.83857727050781,41.1492919921875,-45.79380798339844,-32.55683898925781,11.966207504272461,-25.876014709472658,43.08723449707031,6.4294281005859379,-37.87886047363281,-45.835350036621097,57.89198303222656,2.0588417053222658,4.177543640136719,49.24501037597656,53.41820526123047,21.963071823120118,30.48788833618164,36.665740966796878,37.52684783935547,55.030418395996097,24.511383056640626,-53.96863555908203,-30.37042999267578,25.576141357421876,-48.856231689453128,38.76844787597656,1.8152122497558594,52.93304443359375,-25.89164924621582,8.572935104370118,6.05034065246582,-34.877044677734378,56.925514221191409,-52.70539093017578,-5.291038513183594,-34.399208068847659,-59.29417419433594,-55.247352600097659,45.560001373291019],"legSizes":[0.3578730523586273,0.21060307323932649,0.186366468667984,0.1075497642159462,0.42824554443359377,0.21182020008563996,0.20379693806171418,0.12373810261487961,0.24430930614471436,0.3491690754890442,0.17776131629943849,0.18291854858398438,0.41887274384498598,0.34085386991500857,0.1068655475974083,0.11142444610595703,0.27506378293037417,0.3484451472759247,0.42934125661849978,0.24108096957206727,0.4785797595977783,0.10694628208875656,0.25,0.22987420856952668],"bodySizes":[1.9794949293136597,1.963321566581726,2.0584681034088136],"springs":[],"dumpers":[],"name":3148,"generation":104,"distance":42.80595779418945,"reward":-47.437835693359378},{"angles":[-39.93916320800781,6.0418853759765629,37.18780517578125,38.25293731689453,24.91743278503418,-58.78096008300781,12.78480339050293,-18.977815628051759,26.740921020507814,-0.7484512329101563,58.71631622314453,27.905385971069337,-27.68412208557129,-11.696342468261719,-21.592561721801759,-57.769744873046878,-46.362205505371097,3.5854835510253908,38.95140838623047,-29.12353515625,20.651418685913087,-33.71033477783203,-33.17500305175781,-27.44725799560547,-10.215545654296875,56.870269775390628,47.1658935546875,-56.97235107421875,-38.27490997314453,7.583648681640625,8.785593032836914,-37.01200866699219,-2.643218994140625,-9.602571487426758,-13.36265754699707,-49.831321716308597,5.02311897277832,-44.84107208251953,34.48006057739258,48.500587463378909,-25.04108238220215,-17.39381217956543,41.1492919921875,-45.79380798339844,85.06039428710938,11.966207504272461,-25.876014709472658,43.08723449707031,6.4294281005859379,-37.87886047363281,-7.512296676635742,52.09870147705078,-27.308929443359376,4.177543640136719,49.24501037597656,53.41820526123047,33.91012954711914,7.322639465332031,36.665740966796878,37.52684783935547,-59.380706787109378,-58.80054473876953,-54.842559814453128,-30.37042999267578,55.088111877441409,35.48611068725586,38.76844787597656,1.8152122497558594,52.93304443359375,-25.89164924621582,8.572935104370118,6.05034065246582,-34.877044677734378,56.925514221191409,-52.70539093017578,-5.291038513183594,-34.399208068847659,-59.29417419433594,-55.247352600097659,45.560001373291019],"legSizes":[0.43513911962509158,0.2725696861743927,0.3374929130077362,0.44235166907310488,0.46801313757896426,0.37363868951797488,0.32996413111686709,0.14583545923233033,0.3810030519962311,0.3491690754890442,0.36057329177856448,0.18291854858398438,0.3644274175167084,0.2957935631275177,0.302314817905426,0.11142444610595703,0.17253413796424867,0.17127284407615663,0.3094738721847534,0.24108096957206727,0.4785797595977783,0.10694628208875656,0.1130068302154541,0.3192717432975769],"bodySizes":[1.9778144359588624,1.9612430334091187,2.0624001026153566],"springs":[],"dumpers":[],"name":3148,"generation":104,"distance":42.80595779418945,"reward":-51.4779167175293}]}