{"geneDatas":[{"angles":[-12.363561630249024,24.134944915771486,50.162872314453128,-30.31202507019043,26.22633934020996,43.711097717285159,20.13643455505371,-39.9125862121582,-6.766839981079102,-44.927085876464847,1.1399116516113282,-20.70216941833496,57.714202880859378,-28.155672073364259,-40.03514099121094,-36.915138244628909,8.64019775390625,-19.298011779785158,-2.593395233154297,-49.40873718261719,33.949981689453128,-6.493642807006836,-24.67481231689453,15.861410140991211,-43.38117980957031,34.16875457763672,49.297828674316409,-38.65502166748047,-7.700193405151367,-74.22950744628906,-24.021799087524415,-18.747976303100587,27.671642303466798,16.92837142944336,47.3149528503418,-50.52064514160156,-34.6390380859375,-20.73082160949707,-10.210268020629883,45.06913757324219,76.12380981445313,-55.082427978515628,43.63715362548828,78.08464050292969,-40.01191711425781,32.72822570800781,-15.189979553222657,57.705787658691409,54.661888122558597,11.12602424621582,-58.885643005371097,-25.334266662597658,1.9821243286132813,44.84670639038086,-61.74155807495117,38.130958557128909,14.72404670715332,1.0740928649902344,-13.505279541015625,-59.84076690673828,-2.064136505126953,57.73169708251953,-51.25428009033203,51.98481750488281,-53.50811004638672,21.21136474609375,-59.122581481933597,-17.373796463012697,-50.75428771972656,-21.94285011291504,20.2094783782959,47.94745635986328,44.86224365234375,30.16530990600586,59.98399353027344,-52.81245422363281,-51.54331970214844,-34.07916259765625,48.96763610839844,-24.131561279296876],"legSizes":[0.24999994039535523,0.24999994039535523,0.47723883390426638,0.204847514629364,0.11709089577198029,0.13976606726646424,0.42822375893592837,0.10295595973730087,0.21331270039081574,0.1053137332201004,0.41157594323158266,0.31195613741874697,0.24999994039535523,0.25451380014419558,0.47004586458206179,0.3699820935726166,0.4848211705684662,0.14818653464317323,0.17142900824546815,0.1865862011909485,0.13911113142967225,0.3453821837902069,0.11331071704626084,0.25],"bodySizes":[2.344341278076172,1.498044729232788,2.2779510021209719],"springs":[],"dumpers":[],"name":859,"generation":24,"distance":105.01345825195313,"reward":-105.01345825195313},{"angles":[18.008665084838868,-25.770736694335939,7.98492431640625,2.095672607421875,-37.93407440185547,29.56960105895996,57.172019958496097,-48.663299560546878,78.93891906738281,11.126968383789063,16.45654296875,64.65559387207031,-35.528343200683597,-39.19172668457031,37.798492431640628,-43.839813232421878,-27.890045166015626,4.399530410766602,54.05158996582031,57.625694274902347,-81.30433654785156,-23.81995391845703,-17.427099227905275,11.96923828125,57.81378936767578,-4.769845962524414,52.43890380859375,-52.98658752441406,-29.255355834960939,-54.70787811279297,52.4571533203125,-55.261505126953128,-58.08002471923828,8.954137802124024,-6.058450698852539,-6.161376953125,-18.73828887939453,9.101778030395508,-11.854169845581055,10.894294738769532,-58.891693115234378,-27.092864990234376,3.6805572509765627,-0.4882392883300781,27.292282104492189,-34.73339080810547,-45.643455505371097,31.38313102722168,54.661888122558597,11.235931396484375,-20.945241928100587,-25.334266662597658,26.312711715698243,44.84670639038086,-61.74155807495117,-48.347808837890628,14.72404670715332,-12.151084899902344,30.578960418701173,56.226470947265628,-28.55712127685547,-61.43003463745117,-34.899574279785159,-31.43577766418457,8.566581726074219,35.6134033203125,-4.229700088500977,-50.12855529785156,13.936187744140625,-6.59124755859375,47.991241455078128,24.505817413330079,1.9992332458496094,52.54932403564453,59.98399353027344,-52.81245422363281,-51.54331970214844,-34.07916259765625,48.96763610839844,-24.131561279296876],"legSizes":[0.24999994039535523,0.24999994039535523,0.45136696100234988,0.16315746307373048,0.29729506373405459,0.12592855095863343,0.42822375893592837,0.3120974898338318,0.32195407152175906,0.10222955048084259,0.39656224846839907,0.4433751702308655,0.24999994039535523,0.25451380014419558,0.47004586458206179,0.3699820935726166,0.4848211705684662,0.14818653464317323,0.17142900824546815,0.1865862011909485,0.13911113142967225,0.4745267927646637,0.11331071704626084,0.25],"bodySizes":[1.894219994544983,1.7235965728759766,2.4503262042999269],"springs":[],"dumpers":[],"name":859,"generation":24,"distance":105.01345825195313,"reward":-105.53144073486328},{"angles":[18.008665084838868,24.134944915771486,-47.54143524169922,-4.365270614624023,-17.054391860961915,56.09131622314453,-49.453224182128909,-39.9125862121582,-44.71813201904297,-26.56260108947754,1.1399116516113282,17.232254028320314,57.714202880859378,-28.155672073364259,-40.03514099121094,-0.418487548828125,-38.32573699951172,-19.298011779785158,46.77758026123047,-49.40873718261719,59.73381042480469,-6.493642807006836,-24.67481231689453,15.861410140991211,-34.1201171875,-35.669334411621097,49.297828674316409,10.147026062011719,-7.013603210449219,-54.70787811279297,52.4571533203125,42.35924530029297,-58.08002471923828,8.954137802124024,56.22032928466797,-6.161376953125,-18.73828887939453,-31.818466186523439,-11.854169845581055,-59.990943908691409,-58.891693115234378,-27.092864990234376,25.01485824584961,33.13922882080078,-33.65782165527344,-34.73339080810547,-45.643455505371097,10.390182495117188,35.778621673583987,11.235931396484375,-29.762025833129884,-25.334266662597658,26.312711715698243,44.84670639038086,-61.74155807495117,38.130958557128909,0.15784835815429688,-8.936613082885743,30.578960418701173,-10.179954528808594,19.687055587768556,57.73169708251953,7.302452087402344,6.99867057800293,-12.14967155456543,-30.750871658325197,36.06166076660156,2.7311973571777345,-50.75428771972656,-3.2183990478515627,11.401914596557618,22.196800231933595,37.02738571166992,2.8979949951171877,3.0120773315429689,-52.81245422363281,37.73712158203125,-34.07916259765625,30.337200164794923,2.3947677612304689],"legSizes":[0.24999994039535523,0.4419950544834137,0.17989587783813477,0.10790067166090012,0.15977221727371217,0.12592855095863343,0.37529677152633669,0.10295595973730087,0.27671483159065249,0.25,0.41157594323158266,0.303623229265213,0.30911296606063845,0.2234724760055542,0.47026047110557558,0.3699820935726166,0.4156719744205475,0.45035815238952639,0.17142900824546815,0.41318100690841677,0.4480864405632019,0.4745267927646637,0.11331071704626084,0.25],"bodySizes":[1.9982203245162964,1.6725331544876099,2.393711566925049],"springs":[],"dumpers":[],"name":859,"generation":24,"distance":105.01345825195313,"reward":-108.4393539428711}]}