{"geneDatas":[{"angles":[18.008665084838868,24.134944915771486,50.162872314453128,-30.31202507019043,-31.397064208984376,4.7439422607421879,-49.453224182128909,35.89865493774414,27.331708908081056,-26.56260108947754,1.1399116516113282,-20.70216941833496,-56.01109313964844,-38.90196990966797,-40.03514099121094,-62.50047302246094,56.536285400390628,-19.298011779785158,46.77758026123047,-49.40873718261719,59.73381042480469,-6.493642807006836,-57.4012451171875,15.861410140991211,-43.38117980957031,-35.669334411621097,23.06439208984375,10.147026062011719,-7.700193405151367,-74.22950744628906,-24.021799087524415,-36.38505554199219,27.671642303466798,16.92837142944336,47.3149528503418,-50.52064514160156,-34.6390380859375,-20.73082160949707,15.290390014648438,45.06913757324219,76.12380981445313,-55.082427978515628,43.63715362548828,78.08464050292969,-40.01191711425781,32.72822570800781,-15.189979553222657,57.705787658691409,54.661888122558597,11.12602424621582,-58.885643005371097,-25.334266662597658,1.9821243286132813,44.84670639038086,-61.74155807495117,38.130958557128909,59.729530334472659,1.0740928649902344,-13.505279541015625,-59.84076690673828,-51.32585144042969,57.73169708251953,-51.25428009033203,51.98481750488281,-53.50811004638672,21.21136474609375,-59.122581481933597,-17.373796463012697,-50.75428771972656,-21.94285011291504,20.2094783782959,-3.6745033264160158,44.86224365234375,30.16530990600586,59.98399353027344,-52.81245422363281,-51.54331970214844,-2.080455780029297,48.96763610839844,-24.131561279296876],"legSizes":[0.24999994039535523,0.46786007285118105,0.10277972370386124,0.10790067166090012,0.15977221727371217,0.12592855095863343,0.42822375893592837,0.10295595973730087,0.21331270039081574,0.3890133798122406,0.40887874364852908,0.25986969470977785,0.28396207094192507,0.25451380014419558,0.47004586458206179,0.3699820935726166,0.4848211705684662,0.14818653464317323,0.17142900824546815,0.1865862011909485,0.13911113142967225,0.3453821837902069,0.11331071704626084,0.25],"bodySizes":[2.401332378387451,1.6055828332901,2.074937343597412],"springs":[],"dumpers":[],"name":1020,"generation":30,"distance":81.36717224121094,"reward":-81.36717224121094},{"angles":[18.008665084838868,-25.770736694335939,7.98492431640625,2.095672607421875,-37.93407440185547,29.56960105895996,57.172019958496097,-48.663299560546878,78.93891906738281,11.126968383789063,16.45654296875,64.65559387207031,-35.528343200683597,-39.19172668457031,37.798492431640628,-43.839813232421878,-27.890045166015626,4.399530410766602,40.525291442871097,57.625694274902347,-81.30433654785156,-23.81995391845703,-17.20783042907715,11.96923828125,57.81378936767578,-4.769845962524414,52.43890380859375,-52.98658752441406,-29.255355834960939,-54.70787811279297,52.4571533203125,-55.261505126953128,-58.08002471923828,-47.27655792236328,44.52565002441406,-34.16028594970703,-16.9990177154541,-31.818466186523439,6.145998001098633,-26.17424774169922,76.12380981445313,-10.153120040893555,25.01485824584961,78.08464050292969,-40.01191711425781,-34.73339080810547,3.0186729431152345,-14.304006576538086,54.661888122558597,8.539045333862305,15.338956832885743,10.948869705200196,-34.673126220703128,13.530412673950196,-21.964279174804689,38.130958557128909,14.72404670715332,1.0740928649902344,-1.4412193298339844,31.745162963867189,-21.08277130126953,57.73169708251953,16.38679313659668,-15.980924606323243,-12.14967155456543,-30.750871658325197,-2.4356956481933595,29.90821647644043,-50.75428771972656,-3.2183990478515627,-29.9232177734375,-48.09791564941406,1.9412689208984376,58.23213195800781,3.0120773315429689,-52.81245422363281,-51.54331970214844,19.299772262573243,9.621139526367188,-24.131561279296876],"legSizes":[0.24999994039535523,0.24999994039535523,0.45136696100234988,0.16315746307373048,0.29729506373405459,0.12592855095863343,0.42822375893592837,0.3120974898338318,0.32195407152175906,0.34795933961868288,0.39656224846839907,0.4433751702308655,0.24999994039535523,0.25451380014419558,0.47004586458206179,0.3699820935726166,0.4848211705684662,0.45035815238952639,0.4665510058403015,0.17571908235549928,0.26276880502700808,0.3514832556247711,0.11331071704626084,0.4086933732032776],"bodySizes":[1.8835276365280152,1.8835276365280152,2.2549972534179689],"springs":[],"dumpers":[],"name":1020,"generation":30,"distance":81.36717224121094,"reward":-108.17696380615235},{"angles":[18.008665084838868,-31.11638641357422,7.98492431640625,24.545028686523439,8.428497314453125,43.711097717285159,-4.4044647216796879,-13.883893966674805,-53.70709228515625,11.172386169433594,-26.26322364807129,19.900915145874025,4.486274719238281,-32.013816833496097,-40.03514099121094,-62.50047302246094,1.6440238952636719,4.399530410766602,-17.8486270904541,57.625694274902347,-81.30433654785156,-74.52891540527344,14.275680541992188,52.33118438720703,57.81378936767578,-4.769845962524414,52.43890380859375,-11.298271179199219,-17.30023956298828,47.21063995361328,3.8044090270996095,18.531789779663087,-44.60009765625,8.954137802124024,56.22032928466797,-28.288429260253908,-18.73828887939453,-14.037603378295899,-3.6573104858398439,44.87406921386719,-31.939958572387697,-55.082427978515628,43.63715362548828,78.08464050292969,-40.01191711425781,32.72822570800781,-56.75164031982422,57.705787658691409,31.018980026245118,16.142547607421876,5.515172958374023,-25.334266662597658,58.7409782409668,-0.9735260009765625,-61.74155807495117,38.130958557128909,-54.443634033203128,35.13396072387695,-13.505279541015625,-59.84076690673828,-2.064136505126953,57.73169708251953,-51.25428009033203,-2.4969635009765627,-53.50811004638672,21.21136474609375,-59.122581481933597,-17.373796463012697,-50.75428771972656,-21.94285011291504,20.2094783782959,-57.619598388671878,56.312583923339847,30.16530990600586,59.98399353027344,16.35224723815918,-51.54331970214844,-34.07916259765625,48.96763610839844,-24.131561279296876],"legSizes":[0.24704644083976746,0.32200247049331667,0.47723883390426638,0.31293895840644839,0.11709089577198029,0.13976606726646424,0.42822375893592837,0.10295595973730087,0.21331270039081574,0.1053137332201004,0.4830418527126312,0.4644072651863098,0.11089807003736496,0.25451380014419558,0.47004586458206179,0.4683702886104584,0.457899808883667,0.45035815238952639,0.17142900824546815,0.21600869297981263,0.13911113142967225,0.3453821837902069,0.13124901056289674,0.25],"bodySizes":[2.4184324741363527,1.5453894138336182,2.140514373779297],"springs":[],"dumpers":[],"name":1020,"generation":30,"distance":81.36717224121094,"reward":-114.83348846435547}]}