{"geneDatas":[{"angles":[-27.650177001953126,55.25104522705078,-2.976642608642578,3.2121200561523439,57.53288269042969,-17.406755447387697,28.829795837402345,47.328773498535159,78.93891906738281,61.19462203979492,16.45654296875,64.65559387207031,33.30638122558594,-68.34896850585938,-21.000389099121095,42.62721252441406,-39.164615631103519,-49.54224395751953,-30.183021545410158,57.625694274902347,-3.2165985107421877,-74.52891540527344,14.275680541992188,-46.546844482421878,8.201814651489258,13.80027961730957,-64.71481323242188,44.25331115722656,-10.425544738769532,-10.554834365844727,-2.8607711791992189,27.881179809570314,67.03535461425781,-47.27655792236328,44.52565002441406,38.05781555175781,-18.73828887939453,35.794029235839847,6.145998001098633,-23.37653923034668,76.12380981445313,27.414276123046876,25.01485824584961,78.08464050292969,-40.01191711425781,-34.73339080810547,24.211477279663087,58.19303512573242,47.132850646972659,-41.64556884765625,-51.79869079589844,13.349939346313477,-23.244272232055665,39.522369384765628,14.13328742980957,58.69383239746094,23.819923400878908,-38.57653045654297,78.78231811523438,-25.578638076782228,-58.70368957519531,15.51312255859375,-18.90289306640625,-72.04364013671875,-42.52251434326172,-30.750871658325197,44.786895751953128,3.3784027099609377,-56.52445983886719,-56.85945129394531,-49.67036437988281,43.38079833984375,-58.10484313964844,-69.84288024902344,-0.03719329833984375,5.72050666809082,-34.15141296386719,85.10101318359375,13.443267822265625,46.229583740234378],"legSizes":[0.24999994039535523,0.24999994039535523,0.45136696100234988,0.14726515114307404,0.29729506373405459,0.12592855095863343,0.42822375893592837,0.10295595973730087,0.25,0.3890133798122406,0.25,0.45702600479125979,0.24999994039535523,0.24999994039535523,0.25,0.25,0.25,0.315914511680603,0.42907756567001345,0.24999994039535523,0.1389787793159485,0.25,0.49616795778274538,0.25],"bodySizes":[1.9641016721725464,2.0181944370269777,2.0181944370269777],"springs":[],"dumpers":[],"name":474,"generation":17,"distance":93.7173080444336,"reward":-93.7173080444336},{"angles":[-17.89354705810547,55.25104522705078,-2.976642608642578,3.2121200561523439,57.53288269042969,-17.406755447387697,73.63345336914063,-39.9125862121582,78.93891906738281,61.19462203979492,16.45654296875,64.65559387207031,4.486274719238281,-7.067047119140625,-40.03514099121094,5.393608093261719,31.716732025146486,-18.370506286621095,59.302947998046878,-59.759315490722659,59.73381042480469,-50.86627197265625,-24.67481231689453,14.209390640258789,-43.38117980957031,-35.669334411621097,49.297828674316409,10.147026062011719,-7.700193405151367,-74.22950744628906,34.435340881347659,-18.747976303100587,27.671642303466798,-21.615793228149415,44.52565002441406,28.752548217773439,-34.6390380859375,-20.73082160949707,-10.210268020629883,-23.37653923034668,76.12380981445313,-55.082427978515628,43.63715362548828,78.08464050292969,-40.01191711425781,37.31141662597656,53.437862396240237,57.705787658691409,47.132850646972659,-42.16063690185547,-51.79869079589844,13.349939346313477,-23.244272232055665,-17.210289001464845,37.18547058105469,-82.54032897949219,47.628414154052737,4.410316467285156,-35.78497314453125,-25.578638076782228,-58.70368957519531,15.51312255859375,-52.967506408691409,-72.04364013671875,-42.52251434326172,49.646358489990237,44.786895751953128,-41.16668701171875,-45.80400085449219,-56.85945129394531,-49.67036437988281,43.38079833984375,55.132076263427737,-53.796875,-52.68866729736328,5.72050666809082,-34.368736267089847,85.10101318359375,13.443267822265625,-24.162948608398439],"legSizes":[0.17226696014404298,0.16830620169639588,0.3967220187187195,0.14726515114307404,0.29729506373405459,0.12592855095863343,0.42822375893592837,0.10295595973730087,0.3933683931827545,0.25,0.41157594323158266,0.31195613741874697,0.24999994039535523,0.24999994039535523,0.25,0.25,0.25,0.34790781140327456,0.2910211384296417,0.24999994039535523,0.25707048177719118,0.4272344708442688,0.20487606525421143,0.25],"bodySizes":[1.9689387083053589,1.9689387083053589,2.0636003017425539],"springs":[],"dumpers":[],"name":474,"generation":17,"distance":93.7173080444336,"reward":-116.35920715332031},{"angles":[18.008665084838868,-25.770736694335939,7.98492431640625,2.095672607421875,8.428497314453125,-67.2601318359375,-5.014137268066406,-39.9125862121582,78.93891906738281,61.19462203979492,16.45654296875,64.65559387207031,4.486274719238281,-7.067047119140625,-40.03514099121094,5.393608093261719,31.716732025146486,-18.370506286621095,59.302947998046878,-59.759315490722659,59.73381042480469,-50.86627197265625,-24.67481231689453,14.209390640258789,-43.38117980957031,-35.669334411621097,49.297828674316409,10.147026062011719,-7.700193405151367,-74.22950744628906,34.435340881347659,-18.747976303100587,27.671642303466798,-21.615793228149415,44.52565002441406,28.752548217773439,-34.6390380859375,-20.73082160949707,-10.210268020629883,-23.37653923034668,76.12380981445313,-55.082427978515628,43.63715362548828,78.08464050292969,-40.01191711425781,37.31141662597656,53.437862396240237,57.705787658691409,47.132850646972659,-42.16063690185547,-51.79869079589844,13.349939346313477,-23.244272232055665,-17.210289001464845,37.18547058105469,-82.54032897949219,47.628414154052737,4.410316467285156,-35.78497314453125,-25.578638076782228,-58.70368957519531,15.51312255859375,-52.967506408691409,-72.04364013671875,-42.52251434326172,49.646358489990237,44.786895751953128,-41.16668701171875,-45.80400085449219,-56.85945129394531,-49.67036437988281,43.38079833984375,55.132076263427737,4.2923583984375,-52.68866729736328,5.72050666809082,-34.368736267089847,85.10101318359375,13.443267822265625,-24.162948608398439],"legSizes":[0.24999994039535523,0.24999994039535523,0.45136696100234988,0.14726515114307404,0.29729506373405459,0.12592855095863343,0.42822375893592837,0.10295595973730087,0.25,0.25,0.25,0.22981521487236024,0.24999994039535523,0.23259833455085755,0.25,0.39466914534568789,0.25,0.34790781140327456,0.2910211384296417,0.24999994039535523,0.25707048177719118,0.4272344708442688,0.20487606525421143,0.25],"bodySizes":[1.979238510131836,1.979238510131836,2.0421786308288576],"springs":[],"dumpers":[],"name":474,"generation":17,"distance":93.7173080444336,"reward":-123.20263671875}]}