{"geneDatas":[{"angles":[11.96198844909668,-51.098487854003909,-12.156463623046875,-0.7085685729980469,-6.754152297973633,54.82402038574219,-28.19590187072754,-48.663299560546878,78.93891906738281,11.434988021850586,9.84295654296875,0.9745559692382813,-7.166656494140625,-57.710166931152347,37.798492431640628,-4.15336799621582,-47.02112579345703,-29.39520263671875,54.05158996582031,-43.181236267089847,-31.129030227661134,41.02314758300781,33.259849548339847,-24.759315490722658,27.596166610717775,-35.82843017578125,49.297828674316409,44.62604904174805,-7.700193405151367,31.826932907104493,1.6155548095703126,27.32421112060547,-28.080888748168947,-20.962194442749025,-38.698699951171878,-50.52064514160156,-4.899953842163086,39.450828552246097,-10.210268020629883,-21.52351188659668,76.12380981445313,-55.082427978515628,43.63715362548828,-33.66505432128906,-40.01191711425781,-31.641212463378908,-36.2015380859375,38.313232421875,-33.65324401855469,11.12602424621582,1.8510017395019532,-31.183134078979493,47.18440246582031,56.68793487548828,-61.74155807495117,0.7153053283691406,-44.46940612792969,-48.320701599121097,-13.505279541015625,-59.84076690673828,45.36048889160156,23.500282287597658,-51.25428009033203,58.93339538574219,-53.50811004638672,28.241355895996095,-46.65886688232422,-31.12750244140625,1.0008926391601563,49.76423263549805,46.177982330322269,-31.242584228515626,53.714576721191409,58.21782684326172,59.98399353027344,32.78361511230469,-50.250221252441409,34.68241882324219,19.823623657226564,-24.131561279296876],"legSizes":[0.24704644083976746,0.4173811078071594,0.47723883390426638,0.23684290051460267,0.11709089577198029,0.13059067726135255,0.3552907407283783,0.10295595973730087,0.3628008961677551,0.1053137332201004,0.48072680830955508,0.471464067697525,0.10076947510242462,0.18259462714195252,0.25768500566482546,0.32965338230133059,0.10988392680883408,0.37948179244995119,0.48932474851608279,0.2013573944568634,0.13911113142967225,0.1254258155822754,0.42265740036964419,0.45366954803466799],"bodySizes":[2.341343641281128,1.4985625743865967,2.2800793647766115],"springs":[],"dumpers":[],"name":2234,"generation":64,"distance":36.83711242675781,"reward":-36.83711242675781},{"angles":[24.026426315307618,16.129758834838868,-12.156463623046875,40.293304443359378,52.093589782714847,54.82402038574219,-29.009794235229493,-48.663299560546878,78.93891906738281,11.434988021850586,16.45654296875,-1.4087028503417969,-12.172416687011719,-57.710166931152347,37.798492431640628,-4.15336799621582,-27.890045166015626,-29.39520263671875,54.05158996582031,-43.181236267089847,-0.5820808410644531,-24.369712829589845,33.259849548339847,-24.759315490722658,27.596166610717775,-32.79219055175781,49.297828674316409,44.62604904174805,3.0440216064453127,31.826932907104493,-24.138900756835939,27.32421112060547,-55.60301208496094,-0.046184539794921878,-3.9002532958984377,-50.52064514160156,-15.023408889770508,-20.73082160949707,-10.210268020629883,13.566461563110352,76.12380981445313,-55.082427978515628,15.491178512573243,-33.66505432128906,-40.01191711425781,-31.641212463378908,-38.43987274169922,-46.132408142089847,58.32720184326172,25.59174919128418,-47.823272705078128,-6.3076324462890629,1.9821243286132813,-7.381387710571289,-61.74155807495117,11.26335334777832,14.72404670715332,1.0740928649902344,42.31395721435547,-59.84076690673828,-32.71083068847656,-8.405607223510743,-51.25428009033203,-27.582014083862306,-53.50811004638672,21.21136474609375,-59.122581481933597,-31.12750244140625,2.8612289428710939,-50.768798828125,44.42612075805664,-31.242584228515626,53.714576721191409,29.466217041015626,59.98399353027344,-37.379493713378909,-37.635841369628909,34.68241882324219,19.823623657226564,-24.131561279296876],"legSizes":[0.17882800102233888,0.34354251623153689,0.47723883390426638,0.1085786372423172,0.2579781413078308,0.13976606726646424,0.3552907407283783,0.10295595973730087,0.21331270039081574,0.43035298585891726,0.24271219968795777,0.43086862564086916,0.26401954889297488,0.38173651695251467,0.47004586458206179,0.32965338230133059,0.4848211705684662,0.48299917578697207,0.13991256058216096,0.1865862011909485,0.13911113142967225,0.3453821837902069,0.42265740036964419,0.47066235542297366],"bodySizes":[2.341364622116089,1.4974653720855713,2.2817294597625734],"springs":[],"dumpers":[],"name":2234,"generation":64,"distance":36.83711242675781,"reward":-41.0396614074707},{"angles":[48.083709716796878,16.129758834838868,-12.156463623046875,40.293304443359378,-6.754152297973633,54.82402038574219,-28.19590187072754,-48.663299560546878,78.93891906738281,11.434988021850586,16.45654296875,15.263700485229493,40.13274383544922,-57.710166931152347,37.798492431640628,33.24126434326172,-47.02112579345703,-29.39520263671875,54.05158996582031,-43.181236267089847,-0.5820808410644531,-33.09461212158203,33.259849548339847,-24.759315490722658,27.596166610717775,-35.82843017578125,49.297828674316409,44.62604904174805,-7.700193405151367,31.826932907104493,1.6155548095703126,27.32421112060547,-55.60301208496094,-0.046184539794921878,-24.870378494262697,-50.52064514160156,-15.023408889770508,-20.73082160949707,32.62262725830078,13.566461563110352,76.12380981445313,26.026695251464845,43.63715362548828,9.901634216308594,-40.01191711425781,-31.641212463378908,-15.189979553222657,38.313232421875,58.32720184326172,25.59174919128418,-47.823272705078128,-6.3076324462890629,1.9821243286132813,-7.381387710571289,-17.66181755065918,18.86928939819336,14.72404670715332,1.0740928649902344,42.31395721435547,-59.84076690673828,2.262989044189453,-52.95874786376953,-14.495407104492188,58.93339538574219,-53.50811004638672,21.21136474609375,-46.65886688232422,-31.12750244140625,1.0008926391601563,-17.716176986694337,46.177982330322269,-31.242584228515626,53.714576721191409,58.21782684326172,59.98399353027344,-37.379493713378909,-51.54331970214844,34.68241882324219,19.823623657226564,-24.131561279296876],"legSizes":[0.24704644083976746,0.34354251623153689,0.47723883390426638,0.23684290051460267,0.11709089577198029,0.13976606726646424,0.2156892567873001,0.10295595973730087,0.21331270039081574,0.1053137332201004,0.48072680830955508,0.471464067697525,0.26401954889297488,0.38173651695251467,0.3429511785507202,0.32965338230133059,0.4848211705684662,0.48299917578697207,0.13991256058216096,0.1865862011909485,0.13911113142967225,0.3453821837902069,0.42265740036964419,0.47066235542297366],"bodySizes":[2.3426990509033205,1.4981290102005005,2.2794196605682375],"springs":[],"dumpers":[],"name":2234,"generation":64,"distance":36.83711242675781,"reward":-43.88069534301758}]}