{"geneDatas":[{"angles":[27.37661361694336,50.897613525390628,42.18305206298828,-44.51898956298828,-25.203346252441408,54.82402038574219,24.4886531829834,-39.82801818847656,-48.88319396972656,11.434988021850586,-14.395530700683594,-52.104949951171878,-5.932767868041992,-57.710166931152347,37.798492431640628,-4.15336799621582,-37.58684539794922,-32.62921142578125,28.796924591064454,-43.181236267089847,-0.5820808410644531,39.24535369873047,32.97207260131836,-28.57855224609375,42.71714782714844,-35.82843017578125,49.297828674316409,44.62604904174805,-7.700193405151367,-14.275123596191407,-5.223691940307617,-24.084983825683595,-55.60301208496094,-0.046184539794921878,-24.870378494262697,-43.42578125,-15.023408889770508,-20.73082160949707,45.35997009277344,-19.330137252807618,76.12380981445313,-37.67198944091797,43.63715362548828,-33.66505432128906,20.420507431030275,-51.917808532714847,17.384977340698243,38.313232421875,-43.39433288574219,27.37665367126465,-39.32109832763672,48.182830810546878,38.16588592529297,-17.209104537963868,-30.88148307800293,14.147378921508789,14.72404670715332,1.0740928649902344,23.5971736907959,-37.616668701171878,46.648292541503909,-12.725767135620118,-14.495407104492188,54.11247253417969,-53.50811004638672,34.28875732421875,-59.122581481933597,-31.12750244140625,-6.604005813598633,2.6312179565429689,7.310091018676758,-49.203857421875,53.714576721191409,58.21782684326172,56.67949676513672,38.889801025390628,-37.635841369628909,-34.63195037841797,4.424463272094727,9.13018798828125],"legSizes":[0.39158010482788088,0.4173811078071594,0.46417492628097536,0.30554330348968508,0.4077359735965729,0.35054129362106326,0.3552907407283783,0.12713408470153809,0.21331270039081574,0.21683567762374879,0.22018249332904817,0.3897865414619446,0.10076947510242462,0.3880532383918762,0.47004586458206179,0.32965338230133059,0.2346039116382599,0.37160524725914,0.14627090096473695,0.1865862011909485,0.13911113142967225,0.12917765974998475,0.42265740036964419,0.26799052953720095],"bodySizes":[2.342377185821533,1.4977993965148926,2.2802348136901857],"springs":[],"dumpers":[],"name":3685,"generation":104,"distance":19.71323013305664,"reward":-19.71323013305664},{"angles":[27.37661361694336,50.897613525390628,42.18305206298828,-44.51898956298828,-25.203346252441408,54.82402038574219,24.4886531829834,-48.663299560546878,-50.901092529296878,11.434988021850586,-14.395530700683594,-33.05049133300781,-5.932767868041992,-54.813568115234378,37.798492431640628,-4.15336799621582,-41.269142150878909,-32.62921142578125,28.796924591064454,-43.181236267089847,-0.5820808410644531,-24.369712829589845,32.97207260131836,-28.57855224609375,42.71714782714844,-35.82843017578125,49.297828674316409,44.62604904174805,-7.700193405151367,12.56416130065918,-5.223691940307617,-24.084983825683595,-55.60301208496094,-0.046184539794921878,-24.870378494262697,-43.42578125,-15.023408889770508,-20.73082160949707,45.35997009277344,-19.330137252807618,76.12380981445313,-37.67198944091797,43.63715362548828,-33.66505432128906,20.420507431030275,-33.482879638671878,17.384977340698243,38.313232421875,-27.796417236328126,27.37665367126465,-24.425203323364259,48.182830810546878,38.16588592529297,-17.209104537963868,-30.88148307800293,14.147378921508789,14.72404670715332,1.0740928649902344,23.133384704589845,-37.616668701171878,46.648292541503909,-12.725767135620118,-14.495407104492188,54.11247253417969,-53.50811004638672,34.28875732421875,-59.122581481933597,-31.12750244140625,-44.542694091796878,2.6312179565429689,7.310091018676758,-49.203857421875,53.714576721191409,-33.47923278808594,59.98399353027344,-37.379493713378909,-37.635841369628909,35.164344787597659,-58.12477111816406,-40.816139221191409],"legSizes":[0.4281333088874817,0.4173811078071594,0.46417492628097536,0.30554330348968508,0.4077359735965729,0.35054129362106326,0.3552907407283783,0.12713408470153809,0.21331270039081574,0.21683567762374879,0.22018249332904817,0.33179447054862978,0.10076947510242462,0.3880532383918762,0.47004586458206179,0.32965338230133059,0.2346039116382599,0.37160524725914,0.14627090096473695,0.25069692730903628,0.13911113142967225,0.2751300036907196,0.2688649892807007,0.10475907474756241],"bodySizes":[2.3431570529937746,1.4972882270812989,2.2802536487579347],"springs":[],"dumpers":[],"name":3685,"generation":104,"distance":19.71323013305664,"reward":-25.728904724121095},{"angles":[-15.14935302734375,16.129758834838868,-12.156463623046875,-20.393308639526368,33.501991271972659,54.82402038574219,-57.44181823730469,30.707115173339845,42.23719787597656,13.244070053100586,16.45654296875,-58.98150634765625,-27.071950912475587,28.338359832763673,12.513032913208008,-4.15336799621582,38.37025451660156,-58.91468811035156,-8.121221542358399,-11.841194152832032,-14.917350769042969,-33.09461212158203,33.259849548339847,-13.682722091674805,58.329978942871097,18.922874450683595,37.32815170288086,27.223875045776368,-59.34204864501953,56.205711364746097,35.49414825439453,59.869964599609378,-45.24473571777344,42.26072692871094,-24.39972686767578,-50.52064514160156,-3.405254364013672,39.60651397705078,25.961965560913087,10.269950866699219,76.12380981445313,25.338476181030275,43.63715362548828,27.663358688354493,-56.008056640625,-31.641212463378908,-57.03300476074219,44.8487663269043,-44.58634948730469,-10.695039749145508,-57.65477752685547,-6.3076324462890629,33.20081329345703,8.248580932617188,-61.74155807495117,-35.34497833251953,14.72404670715332,1.0740928649902344,23.5971736907959,-51.755592346191409,46.648292541503909,-2.131683349609375,-14.495407104492188,54.11247253417969,-53.50811004638672,51.93235778808594,-44.84596252441406,-38.68492126464844,-10.186666488647461,-52.37937927246094,2.5495071411132814,-49.203857421875,53.714576721191409,-22.342193603515626,56.67949676513672,-37.379493713378909,-37.635841369628909,46.60690689086914,4.424463272094727,9.13018798828125],"legSizes":[0.19790764153003694,0.4173811078071594,0.42138782143592837,0.35458555817604067,0.18096867203712464,0.20590364933013917,0.3552907407283783,0.10100994259119034,0.21331270039081574,0.46343016624450686,0.35410046577453616,0.40140169858932497,0.4190121591091156,0.34190505743026736,0.47004586458206179,0.33795779943466189,0.4848211705684662,0.11337652057409287,0.14627090096473695,0.17322373390197755,0.327440083026886,0.12917765974998475,0.42265740036964419,0.4492034316062927],"bodySizes":[2.3428540229797365,1.4979007244110108,2.279616117477417],"springs":[],"dumpers":[],"name":3685,"generation":104,"distance":19.71323013305664,"reward":-30.838294982910158}]}