{"geneDatas":[{"angles":[28.484657287597658,-21.820327758789064,21.608203887939454,25.22296142578125,-8.78868293762207,24.54360008239746,-29.211639404296876,-24.211669921875,-10.123750686645508,1.4333648681640626,38.17096710205078,42.55750274658203,23.290725708007814,-43.666603088378909,-22.17890167236328,13.617103576660157,17.637115478515626,-20.4027042388916,-19.751235961914064,48.095211029052737,5.994680404663086,32.248260498046878,-2.9024734497070314,23.545818328857423,35.67276382446289,-33.25965118408203,40.19438171386719,-54.013282775878909,-19.210546493530275,-38.185340881347659,40.721839904785159,55.161781311035159,22.245168685913087,7.346397399902344,6.164039611816406,21.332412719726564,-26.643341064453126,-29.4141845703125,-20.48097038269043,-4.804422378540039,-23.043731689453126,1.4035682678222657,46.48009490966797,57.02735137939453,-22.853042602539064,13.414457321166993,54.78783416748047,45.841941833496097,-37.579505920410159,22.410133361816408,30.543264389038087,-43.14520263671875,6.4239044189453129,-21.60253143310547,-59.51658630371094,-47.165611267089847,16.85205078125,-41.760948181152347,32.6568603515625,42.5615234375,-54.70079803466797,37.01820373535156,13.220466613769532,43.16382598876953,-29.293907165527345,-38.01123809814453,46.7733154296875,36.17949295043945,26.019371032714845,44.987327575683597,44.6544303894043,-13.802467346191407,27.59161949157715,-23.911048889160158,-20.06993865966797,-15.071846008300782,-10.836158752441407,-16.821075439453126,-20.954681396484376,-5.613090515136719],"legSizes":[0.2746815085411072,0.30858537554740908,0.4207724630832672,0.33152955770492556,0.2656576931476593,0.3746720254421234,0.31736522912979128,0.2408653050661087,0.45185646414756777,0.2261388599872589,0.4239020347595215,0.36904382705688479,0.3451950252056122,0.17695331573486329,0.2871536910533905,0.3285844624042511,0.12409573048353195,0.23478563129901887,0.20712092518806458,0.16455531120300294,0.4540310502052307,0.470466673374176,0.13291174173355103,0.4279230535030365],"bodySizes":[1.9789072275161744,2.0174224376678469,2.003861427307129],"springs":[],"dumpers":[],"name":13504,"generation":386,"distance":27.756437301635743,"reward":-27.756437301635743},{"angles":[-5.214408874511719,-21.820327758789064,-26.998064041137697,0.8851509094238281,-8.78868293762207,24.54360008239746,-29.211639404296876,-24.211669921875,-10.123750686645508,1.4333648681640626,38.17096710205078,42.55750274658203,-22.56379508972168,-43.666603088378909,-22.17890167236328,13.617103576660157,17.637115478515626,-20.4027042388916,53.103546142578128,52.093833923339847,17.61488914489746,-52.54881286621094,-48.216819763183597,23.545818328857423,35.67276382446289,-33.25965118408203,-20.86444664001465,-54.013282775878909,-19.210546493530275,-38.185340881347659,-6.027809143066406,55.161781311035159,22.245168685913087,39.574256896972659,6.164039611816406,21.332412719726564,-26.643341064453126,-29.4141845703125,18.915420532226564,-4.804422378540039,-23.043731689453126,-21.972806930541993,40.446136474609378,57.02735137939453,-22.853042602539064,42.041473388671878,54.78783416748047,45.841941833496097,-37.579505920410159,-44.280120849609378,30.543264389038087,2.2629776000976564,6.1066741943359379,-21.60253143310547,-59.51658630371094,-47.559715270996097,-36.4840087890625,-41.760948181152347,32.6568603515625,42.5615234375,-54.70079803466797,37.01820373535156,13.220466613769532,43.16382598876953,-29.293907165527345,-38.01123809814453,46.7733154296875,28.938400268554689,26.019371032714845,44.987327575683597,44.6544303894043,-13.802467346191407,27.59161949157715,-23.911048889160158,-18.898178100585939,-35.44495391845703,-15.481231689453125,-16.821075439453126,-20.954681396484376,-5.613090515136719],"legSizes":[0.2746815085411072,0.30858537554740908,0.4207724630832672,0.33152955770492556,0.2656576931476593,0.3297143578529358,0.12831754982471467,0.16396433115005494,0.4793211817741394,0.41163673996925356,0.41626471281051638,0.3754260540008545,0.4533573091030121,0.2303076535463333,0.2871536910533905,0.3285844624042511,0.2785443663597107,0.37683185935020449,0.36713069677352908,0.1439741551876068,0.16027313470840455,0.2969697117805481,0.13291174173355103,0.4279230535030365],"bodySizes":[1.9827063083648682,2.0212955474853517,1.996189832687378],"springs":[],"dumpers":[],"name":13504,"generation":386,"distance":27.756437301635743,"reward":-41.548851013183597},{"angles":[-5.214408874511719,-21.820327758789064,-26.998064041137697,0.8851509094238281,22.926803588867189,24.54360008239746,-29.211639404296876,-24.211669921875,-10.123750686645508,1.4333648681640626,38.17096710205078,-31.408111572265626,-22.56379508972168,-11.545663833618164,-21.582321166992189,53.40800476074219,17.637115478515626,42.911766052246097,3.394054412841797,48.095211029052737,17.61488914489746,42.941925048828128,-39.00325012207031,23.545818328857423,48.30665588378906,-33.25965118408203,-28.19141387939453,-54.013282775878909,-19.210546493530275,-38.185340881347659,51.20973205566406,55.161781311035159,14.727493286132813,-5.575983047485352,21.68635368347168,26.528846740722658,-48.714134216308597,52.348106384277347,48.06559753417969,-27.23537254333496,-38.87299346923828,-21.972806930541993,40.446136474609378,57.02735137939453,-22.853042602539064,-10.852340698242188,54.78783416748047,45.841941833496097,-37.579505920410159,-44.280120849609378,30.543264389038087,-43.14520263671875,6.4239044189453129,-1.5268783569335938,-59.929290771484378,-47.559715270996097,16.85205078125,-41.760948181152347,32.6568603515625,42.5615234375,-54.70079803466797,37.01820373535156,-0.10258865356445313,43.16382598876953,26.427480697631837,48.71812438964844,-33.095726013183597,20.45303726196289,-39.70936584472656,-58.71527099609375,40.55115509033203,-13.802467346191407,-20.663972854614259,-23.911048889160158,-20.06993865966797,-15.071846008300782,-10.836158752441407,-3.0082740783691408,-20.954681396484376,-5.613090515136719],"legSizes":[0.2746815085411072,0.3869970440864563,0.2842608094215393,0.35920438170433047,0.15077954530715943,0.26271504163742068,0.36105117201805117,0.1117972880601883,0.14035940170288087,0.49480611085891726,0.35973453521728518,0.34352585673332217,0.3451950252056122,0.15150412917137147,0.4767380654811859,0.3494752049446106,0.4857599139213562,0.13074703514575959,0.20712092518806458,0.16455531120300294,0.4540310502052307,0.4371621608734131,0.13291174173355103,0.4279230535030365],"bodySizes":[1.9778878688812256,2.0229153633117677,1.9994498491287232],"springs":[],"dumpers":[],"name":13504,"generation":386,"distance":27.756437301635743,"reward":-44.610198974609378}]}