{"geneDatas":[{"angles":[54.61080551147461,37.42300796508789,-27.308870315551759,-43.309906005859378,9.757040023803711,39.88707733154297,-3.8005027770996095,28.34435272216797,25.979833602905275,-35.65412902832031,33.61843490600586,-30.76689910888672,2.475208282470703,38.226043701171878,-34.48651123046875,-40.396812438964847,57.54316711425781,16.970212936401368,-46.58855438232422,-32.66899108886719,-0.01784515380859375,39.700401306152347,10.115583419799805,-59.020774841308597,28.786924362182618,41.65497589111328,16.538829803466798,54.75646209716797,-14.573959350585938,12.012025833129883,-54.927490234375,34.16764831542969,51.058929443359378,49.55218505859375,54.810150146484378,0.12862396240234376,-53.328155517578128,26.1048583984375,46.072608947753909,36.259830474853519,-34.241119384765628,-54.33378601074219,58.57074737548828,14.587646484375,30.422698974609376,24.770063400268556,39.5015869140625,40.05950164794922,20.158079147338868,40.212562561035159,-56.80181884765625,-11.172317504882813,46.393104553222659,-36.344390869140628,-42.0693359375,-48.46162414550781,30.361587524414064,19.98494529724121,-16.27808380126953,13.503662109375,-51.722877502441409,-29.289474487304689,16.829206466674806,41.920623779296878,4.823089599609375,-46.25273895263672,-8.230697631835938,-6.070669174194336,-33.655975341796878,-3.8988075256347658,-34.2252197265625,-2.953369140625,0.6273880004882813,27.33491325378418,-29.087997436523439,-10.3861083984375,44.82719421386719,-12.866844177246094,36.88957214355469,-50.534759521484378],"legSizes":[0.3439393639564514,0.28084975481033327,0.4137336313724518,0.27276504039764407,0.29396674036979678,0.3190973103046417,0.14131054282188416,0.12688833475112916,0.46867984533309939,0.33917033672332766,0.27299028635025027,0.29834282398223879,0.35750335454940798,0.3807767331600189,0.3800298273563385,0.1530875712633133,0.49968013167381289,0.37246695160865786,0.41869765520095827,0.1307639181613922,0.4891125559806824,0.3308839499950409,0.4839600622653961,0.4389546513557434],"bodySizes":[2.254542589187622,1.6060000658035279,2.209458827972412],"springs":[],"dumpers":[],"name":26789,"generation":765,"distance":37.790565490722659,"reward":-37.790565490722659},{"angles":[54.61080551147461,-30.881912231445314,41.001136779785159,-43.309906005859378,-1.142242431640625,-57.946258544921878,56.73333740234375,29.369930267333986,25.979833602905275,39.51018524169922,-47.42058563232422,30.897916793823243,25.24334716796875,38.226043701171878,-34.48651123046875,21.454177856445314,57.54316711425781,53.26140594482422,-0.99298095703125,51.9932861328125,51.41653060913086,39.75886535644531,34.54456329345703,-3.7634239196777345,-35.5496826171875,-23.776968002319337,18.289175033569337,21.012739181518556,-26.9974365234375,59.0907096862793,32.66123580932617,-44.82366180419922,51.058929443359378,49.55218505859375,54.810150146484378,0.12862396240234376,-53.328155517578128,26.1048583984375,46.072608947753909,-38.590782165527347,-34.241119384765628,58.06895446777344,58.57074737548828,-30.667518615722658,30.422698974609376,24.770063400268556,39.5015869140625,40.05950164794922,-16.175514221191408,18.53592300415039,16.176809310913087,-11.172317504882813,46.393104553222659,-36.344390869140628,-42.0693359375,-48.46162414550781,30.361587524414064,32.14811325073242,48.6712646484375,38.53760528564453,-51.722877502441409,-29.289474487304689,16.829206466674806,41.920623779296878,4.823089599609375,-46.25273895263672,-8.230697631835938,-6.070669174194336,-10.446731567382813,-20.15241050720215,-46.42701721191406,-46.57189178466797,0.6273880004882813,27.33491325378418,-29.087997436523439,-10.3861083984375,44.82719421386719,-12.866844177246094,45.025146484375,-37.124534606933597],"legSizes":[0.23943546414375306,0.1169016882777214,0.4884355068206787,0.27276504039764407,0.29396674036979678,0.3190973103046417,0.14131054282188416,0.4962961673736572,0.3514902591705322,0.33917033672332766,0.28152376413345339,0.2693195939064026,0.14763593673706056,0.3807767331600189,0.47075343132019045,0.1853334903717041,0.49968013167381289,0.37246695160865786,0.41869765520095827,0.2213873565196991,0.4891125559806824,0.1856587827205658,0.37391647696495058,0.42910757660865786],"bodySizes":[2.240873098373413,1.567916750907898,2.276930093765259],"springs":[],"dumpers":[],"name":26789,"generation":765,"distance":37.790565490722659,"reward":-40.01054763793945},{"angles":[54.61080551147461,37.42300796508789,-27.308870315551759,-45.359283447265628,41.1343994140625,-57.946258544921878,-3.8005027770996095,-53.24664306640625,25.979833602905275,-35.65412902832031,33.61843490600586,-58.63798522949219,2.475208282470703,38.226043701171878,-34.48651123046875,-40.396812438964847,-25.60204315185547,-16.616426467895509,11.61767578125,-46.75370788574219,-24.97583770751953,-4.580963134765625,3.29351806640625,-18.374483108520509,28.786924362182618,-10.330644607543946,50.645957946777347,59.01554870605469,23.2392578125,-39.939361572265628,-49.97095489501953,53.45513916015625,-26.1748046875,8.778511047363282,24.647809982299806,49.07990264892578,37.09685134887695,33.9754638671875,29.94171905517578,-45.226806640625,-32.82952117919922,-50.02111053466797,-25.51618194580078,40.41705322265625,30.422698974609376,19.632038116455079,52.53460693359375,-22.532106399536134,-33.29847717285156,-20.571592330932618,30.074684143066408,9.737571716308594,20.691875457763673,-47.768226623535159,-51.338714599609378,30.426464080810548,59.330078125,17.340858459472658,48.6712646484375,-4.696577072143555,-51.722877502441409,-29.289474487304689,16.829206466674806,41.920623779296878,4.823089599609375,-46.25273895263672,6.47956657409668,-6.070669174194336,1.4382286071777344,51.575706481933597,-34.2252197265625,13.205617904663086,0.6273880004882813,27.33491325378418,-29.087997436523439,23.3570613861084,44.82719421386719,-12.866844177246094,-3.2660064697265627,9.518959045410157],"legSizes":[0.3439393639564514,0.28084975481033327,0.4137336313724518,0.14483267068862916,0.32592204213142397,0.33186623454093935,0.19101491570472718,0.19670730829238892,0.3483644127845764,0.23638585209846497,0.47659748792648318,0.29834282398223879,0.4510686993598938,0.3807767331600189,0.47075343132019045,0.1853334903717041,0.49968013167381289,0.37246695160865786,0.41869765520095827,0.3246116042137146,0.4891125559806824,0.20431149005889893,0.4672926366329193,0.22220653295516969],"bodySizes":[2.2340047359466554,1.5484315156936646,2.312671422958374],"springs":[],"dumpers":[],"name":26789,"generation":765,"distance":37.790565490722659,"reward":-55.46213912963867}]}