{"geneDatas":[{"angles":[21.711341857910158,20.316495895385743,13.35076904296875,55.422607421875,-53.987159729003909,29.567440032958986,-33.869102478027347,-50.786048889160159,30.514354705810548,14.199106216430664,35.375587463378909,-6.917045593261719,-29.019508361816408,12.200838088989258,-15.646797180175782,-44.363922119140628,7.995307922363281,-22.44089698791504,44.82881164550781,34.693695068359378,22.031906127929689,34.397705078125,-18.289283752441408,32.75969696044922,-7.807853698730469,-11.391197204589844,-16.0722599029541,54.21087646484375,51.817405700683597,-5.0677642822265629,-21.951433181762697,35.09272003173828,22.901586532592775,-48.73197937011719,6.169273376464844,46.89256286621094,-47.16437530517578,35.32080078125,46.072608947753909,12.243896484375,14.034971237182618,-17.608314514160158,-14.324190139770508,-19.195924758911134,49.72749328613281,21.641090393066408,53.22892761230469,14.723274230957032,-44.692779541015628,14.652364730834961,-46.77922821044922,42.10431671142578,40.67951202392578,-9.893037796020508,-56.50031280517578,-52.439186096191409,32.149085998535159,40.439300537109378,57.457054138183597,-6.696830749511719,-51.722877502441409,-50.751670837402347,20.027402877807618,-56.69403076171875,-19.709280014038087,-1.1810951232910157,-45.98845672607422,8.122037887573243,-14.140142440795899,47.029335021972659,8.77387809753418,38.33332824707031,-40.77729797363281,6.748315811157227,-45.66497039794922,53.08187484741211,-55.20265197753906,-32.49193572998047,30.664670944213868,45.71107482910156],"legSizes":[0.42951154708862307,0.26764219999313357,0.21779605746269227,0.2746123671531677,0.277885377407074,0.281173437833786,0.27862170338630679,0.10531749576330185,0.11062970012426377,0.11457176506519318,0.16368156671524049,0.18102803826332093,0.22751963138580323,0.3807767331600189,0.41688913106918337,0.22798998653888703,0.28273847699165347,0.32074567675590517,0.34093302488327029,0.4901403784751892,0.4891125559806824,0.22899973392486573,0.2027565836906433,0.21054548025131226],"bodySizes":[1.6665565967559815,1.8451045751571656,2.6016509532928469],"springs":[],"dumpers":[],"name":29736,"generation":849,"distance":27.550024032592775,"reward":3.0652103424072267},{"angles":[34.93759536743164,-2.790477752685547,-40.677650451660159,47.907772064208987,-8.783147811889649,29.567440032958986,31.119115829467775,-50.786048889160159,-8.748916625976563,45.246803283691409,59.122894287109378,-19.51043701171875,18.488386154174806,12.200838088989258,-33.98625183105469,57.925331115722659,7.995307922363281,-19.418169021606447,-11.768783569335938,-35.29310607910156,34.86817169189453,57.46411895751953,8.765981674194336,-34.75086975097656,25.057668685913087,45.591773986816409,21.53166961669922,28.808883666992189,11.916910171508789,-5.0677642822265629,14.772384643554688,35.09272003173828,44.080078125,44.35566711425781,24.647809982299806,-54.73028564453125,34.31095886230469,-57.87628936767578,46.072608947753909,-14.236442565917969,-37.787147521972659,-39.80248260498047,-41.95745849609375,-19.195924758911134,49.72749328613281,21.641090393066408,53.22892761230469,14.723274230957032,-19.8314151763916,14.652364730834961,-15.812582015991211,19.85456657409668,40.67951202392578,-9.893037796020508,-56.50031280517578,-52.439186096191409,24.60505485534668,40.439300537109378,57.457054138183597,7.532066345214844,-57.073577880859378,-50.751670837402347,20.027402877807618,-59.14661407470703,-19.709280014038087,-1.1810951232910157,-45.98845672607422,8.122037887573243,6.851829528808594,47.029335021972659,-36.81847381591797,38.33332824707031,-56.826683044433597,6.748315811157227,-24.1236515045166,53.08187484741211,-55.20265197753906,-16.68022918701172,5.789100646972656,45.71107482910156],"legSizes":[0.3582327365875244,0.10878963768482208,0.4533987045288086,0.279413104057312,0.3234180212020874,0.36951112747192385,0.1333330273628235,0.13866586983203889,0.4605129361152649,0.11457176506519318,0.16368156671524049,0.43450871109962466,0.12950286269187928,0.3807767331600189,0.41688913106918337,0.485006719827652,0.20551294088363648,0.19507956504821778,0.34093302488327029,0.2827721834182739,0.4891125559806824,0.22899973392486573,0.3040503263473511,0.4275011420249939],"bodySizes":[2.240626096725464,1.5513453483581544,2.3015060424804689],"springs":[],"dumpers":[],"name":29736,"generation":849,"distance":27.550024032592775,"reward":-22.72951889038086},{"angles":[34.93759536743164,19.851879119873048,31.089733123779298,47.907772064208987,-8.783147811889649,-26.377395629882814,31.119115829467775,-50.786048889160159,-8.748916625976563,14.199106216430664,59.122894287109378,-19.51043701171875,18.488386154174806,12.200838088989258,-33.98625183105469,57.925331115722659,-32.850563049316409,-22.44089698791504,44.82881164550781,53.96796417236328,51.975830078125,34.397705078125,9.28997802734375,32.75969696044922,58.553138732910159,28.775680541992189,-16.0722599029541,-37.83338165283203,-4.133085250854492,-46.579383850097659,-21.951433181762697,35.09272003173828,22.901586532592775,-24.73350715637207,24.647809982299806,-54.73028564453125,34.31095886230469,1.4346809387207032,46.072608947753909,-14.236442565917969,-37.794403076171878,10.210655212402344,30.222042083740236,2.5061073303222658,49.72749328613281,21.641090393066408,53.22892761230469,14.723274230957032,-44.692779541015628,14.652364730834961,-15.812582015991211,19.85456657409668,40.67951202392578,-9.893037796020508,-56.50031280517578,-52.439186096191409,32.149085998535159,40.439300537109378,57.457054138183597,7.532066345214844,-57.073577880859378,-50.751670837402347,-37.348167419433597,-56.69403076171875,42.674530029296878,-1.1810951232910157,-48.30683898925781,55.133544921875,-14.140142440795899,47.029335021972659,-36.81847381591797,38.33332824707031,-56.826683044433597,6.748315811157227,-24.1236515045166,53.08187484741211,-55.20265197753906,-32.49193572998047,5.789100646972656,45.71107482910156],"legSizes":[0.15422067046165467,0.2988117039203644,0.21779605746269227,0.360015869140625,0.3234180212020874,0.2498604953289032,0.1333330273628235,0.13866586983203889,0.4605129361152649,0.11457176506519318,0.1301497519016266,0.37542644143104555,0.22751963138580323,0.4200083613395691,0.41688913106918337,0.22798998653888703,0.28273847699165347,0.2991988956928253,0.4387724995613098,0.29577139019966128,0.4891125559806824,0.40450558066368105,0.3040503263473511,0.4275011420249939],"bodySizes":[2.240628242492676,1.551344633102417,2.3015050888061525],"springs":[],"dumpers":[],"name":29736,"generation":849,"distance":27.550024032592775,"reward":-36.817996978759769}]}