{"geneDatas":[{"angles":[25.1564998626709,41.83440399169922,0.3336753845214844,32.56205749511719,38.81315231323242,-0.76318359375,22.69882583618164,56.36412811279297,39.17448425292969,-12.530099868774414,58.97529602050781,-5.068765640258789,-13.616559982299805,-39.357635498046878,-32.84611511230469,-19.249956130981447,7.995307922363281,24.04465103149414,34.63819122314453,4.914384841918945,-3.4313888549804689,48.270965576171878,5.0442352294921879,-11.769968032836914,49.36994171142578,16.6236572265625,5.98451042175293,58.73927307128906,-11.227447509765625,-34.78704833984375,24.151695251464845,-22.686372756958009,40.66925811767578,17.701190948486329,59.591285705566409,-21.59505271911621,41.78545379638672,59.77708435058594,55.58526611328125,46.795021057128909,17.195247650146486,-50.57301330566406,15.417106628417969,42.58477020263672,13.719026565551758,-53.761924743652347,49.389366149902347,45.71614074707031,-52.701744079589847,39.843719482421878,-15.316938400268555,57.14585876464844,30.695384979248048,-53.943756103515628,-46.553009033203128,-32.827247619628909,-36.20770263671875,46.03453063964844,-10.148469924926758,36.64480972290039,-51.722877502441409,-8.801315307617188,-21.138418197631837,28.5341796875,24.206457138061525,42.10853576660156,0.39321136474609377,18.063467025756837,35.690399169921878,-52.66217803955078,27.088376998901368,35.86944580078125,43.335426330566409,-28.092605590820314,50.29317855834961,35.5891227722168,-51.46931457519531,-26.722578048706056,-1.5272369384765626,-28.065940856933595],"legSizes":[0.21259543299674989,0.35355228185653689,0.42672738432884219,0.20232245326042176,0.18640929460525514,0.33615344762802126,0.15207123756408692,0.21514804661273957,0.15463700890541078,0.22659513354301454,0.2358597069978714,0.4668111801147461,0.35818687081336977,0.19316178560256959,0.39667806029319765,0.21624672412872315,0.3328055143356323,0.38743099570274355,0.3467712700366974,0.19733348488807679,0.4400714337825775,0.48841628432273867,0.4075906276702881,0.2491801530122757],"bodySizes":[2.5319271087646486,2.055393695831299,1.5372473001480103],"springs":[],"dumpers":[],"name":36794,"generation":1050,"distance":28.403696060180665,"reward":-28.403696060180665},{"angles":[25.1564998626709,41.83440399169922,-37.3084716796875,42.60777282714844,-10.597793579101563,-22.145240783691408,9.788423538208008,56.36412811279297,39.17448425292969,-15.594955444335938,58.97529602050781,-42.71971893310547,36.12117004394531,-39.357635498046878,-32.84611511230469,-19.249956130981447,7.995307922363281,24.04465103149414,26.921438217163087,4.914384841918945,-49.34693908691406,35.77717590332031,5.0442352294921879,36.723690032958987,49.36994171142578,16.6236572265625,-44.98512268066406,-44.28753662109375,10.363075256347657,-34.78704833984375,24.151695251464845,-22.686372756958009,40.66925811767578,17.701190948486329,59.591285705566409,-21.59505271911621,41.78545379638672,59.77708435058594,55.58526611328125,46.795021057128909,-45.51184844970703,-50.57301330566406,-56.69676208496094,42.58477020263672,1.2123374938964844,-53.761924743652347,49.389366149902347,45.71614074707031,-52.701744079589847,39.843719482421878,-15.316938400268555,29.287818908691408,30.695384979248048,-53.943756103515628,-46.553009033203128,-32.827247619628909,-36.20770263671875,46.03453063964844,50.65679931640625,36.64480972290039,-51.722877502441409,-30.805391311645509,44.78987121582031,-38.48735046386719,-21.630311965942384,52.06120300292969,35.46219253540039,-2.4478111267089845,-56.188758850097659,40.11091232299805,-29.52271842956543,35.86944580078125,-28.18158531188965,37.46705627441406,-28.45526885986328,-17.161867141723634,56.36316680908203,-22.96190643310547,30.33718490600586,4.129980087280273],"legSizes":[0.1147010326385498,0.424638032913208,0.11714320629835129,0.49660706520080569,0.18178564310073853,0.4731658101081848,0.4504028260707855,0.26829421520233157,0.12189989537000656,0.4127366542816162,0.46261686086654665,0.21182997524738313,0.22752249240875245,0.48318156599998476,0.39667806029319765,0.4126652181148529,0.1258237361907959,0.25863462686538699,0.3467712700366974,0.19733348488807679,0.4400714337825775,0.3069717288017273,0.2490263730287552,0.11837287247180939],"bodySizes":[2.236391067504883,1.5221662521362305,2.350066661834717],"springs":[],"dumpers":[],"name":36794,"generation":1050,"distance":28.403696060180665,"reward":-61.383277893066409},{"angles":[25.1564998626709,41.83440399169922,-37.3084716796875,32.56205749511719,-1.8158988952636719,-0.76318359375,-39.3695068359375,56.36412811279297,39.17448425292969,-15.594955444335938,58.97529602050781,-42.71971893310547,34.52008819580078,-39.357635498046878,-29.877853393554689,-17.881271362304689,52.71534729003906,24.04465103149414,-53.140228271484378,33.10479736328125,49.049560546875,7.576166152954102,22.051448822021486,36.723690032958987,49.36994171142578,16.6236572265625,-58.36396789550781,-44.53754425048828,30.33978843688965,4.65690803527832,-21.99267578125,-52.688453674316409,10.050064086914063,28.361419677734376,59.591285705566409,47.050750732421878,56.69244384765625,11.784202575683594,44.6136474609375,46.795021057128909,-27.942846298217775,-3.2425613403320314,-40.687294006347659,0.6758384704589844,-3.8236083984375,-25.642927169799806,49.389366149902347,45.71614074707031,-7.36204719543457,39.843719482421878,-27.53839874267578,57.14585876464844,30.695384979248048,-53.943756103515628,-48.06929016113281,44.56206512451172,-36.20770263671875,40.13909149169922,-10.148469924926758,55.39130401611328,-57.56903076171875,-8.801315307617188,18.62764549255371,-27.488744735717775,45.80682373046875,-32.58294677734375,15.069578170776368,30.385604858398439,54.22532653808594,-36.3150634765625,-37.783042907714847,38.15424346923828,43.335426330566409,-28.092605590820314,-28.45526885986328,-16.59722900390625,-47.104095458984378,24.98306655883789,-27.88697052001953,-28.065940856933595],"legSizes":[0.2920801341533661,0.424638032913208,0.3201770484447479,0.49660706520080569,0.4498048722743988,0.4731658101081848,0.4504028260707855,0.24286925792694093,0.12189989537000656,0.4127366542816162,0.46261686086654665,0.24175399541854859,0.22752249240875245,0.48318156599998476,0.39667806029319765,0.4126652181148529,0.3328055143356323,0.38743099570274355,0.38819950819015505,0.23296725749969483,0.3835172653198242,0.48841628432273867,0.2268582135438919,0.18125924468040467],"bodySizes":[2.2363927364349367,1.5221670866012574,2.3500633239746095],"springs":[],"dumpers":[],"name":36794,"generation":1050,"distance":28.403696060180665,"reward":-68.40119934082031}]}