{"geneDatas":[{"angles":[-33.539207458496097,53.77953338623047,57.021629333496097,48.041908264160159,-29.805959701538087,61.06834030151367,37.93421936035156,-46.07747268676758,36.687625885009769,-11.706239700317383,17.775848388671876,23.385786056518556,8.200315475463868,-58.431312561035159,55.53801727294922,-8.55705451965332,48.61314392089844,50.74462127685547,-45.23773956298828,56.179847717285159,-29.561500549316408,42.818397521972659,51.48027801513672,1.336669921875,-5.303701400756836,23.957103729248048,82.5277099609375,26.23921012878418,-37.233062744140628,65.66317749023438,-8.606466293334961,0.8614463806152344,43.24444580078125,28.650909423828126,-29.375503540039064,-21.137237548828126,30.522247314453126,-44.44157409667969,-16.546531677246095,40.01580810546875,31.327598571777345,3.7899169921875,-1.7211074829101563,-46.207725524902347,46.30907440185547,-7.7931060791015629,-9.795621871948243,66.07421875,-6.551107406616211,-20.886749267578126,-15.270217895507813,27.719221115112306,-48.32215118408203,-65.33749389648438,39.42814636230469,58.42683410644531,54.04485321044922,-33.00531768798828,20.387184143066408,-21.34162139892578,-24.306800842285158,82.6981201171875,-17.399459838867189,53.00872802734375,45.398826599121097,-4.24176025390625,87.39773559570313,-38.37902069091797,9.375694274902344,23.777860641479493,43.617950439453128,75.31248474121094,-43.13788604736328,6.0304412841796879,-25.46238136291504,-8.334451675415039,83.75656127929688,-4.723686218261719,-3.9944686889648439,-59.652671813964847],"legSizes":[0.2632673382759094,0.30160900950431826,0.4600658416748047,0.25,0.25,0.3115108609199524,0.43460750579833987,0.24999994039535523,0.43878597021102908,0.25,0.3714962899684906,0.28866326808929446,0.4965423047542572,0.24999994039535523,0.15521517395973206,0.45993632078170779,0.33294370770454409,0.45483025908470156,0.4062187075614929,0.24999994039535523,0.25,0.43866831064224245,0.4073305130004883,0.25],"bodySizes":[2.0043764114379885,1.9978153705596924,1.9978153705596924],"springs":[],"dumpers":[],"name":834,"generation":24,"distance":96.04940032958985,"reward":-96.04940032958985},{"angles":[28.84059715270996,-26.94878387451172,-16.9770450592041,52.219276428222659,81.18020629882813,61.06834030151367,37.93421936035156,-46.07747268676758,14.896331787109375,-35.04530334472656,17.775848388671876,-2.9287796020507814,-34.125709533691409,-10.38819694519043,58.510276794433597,31.382381439208986,21.344074249267579,-32.22145080566406,-33.89445495605469,-29.65386962890625,-42.70073318481445,-34.8509521484375,51.48027801513672,59.226966857910159,79.33403015136719,23.957103729248048,1.3222732543945313,26.23921012878418,16.95008659362793,-3.0572967529296877,-66.09407043457031,-67.06761169433594,-12.151573181152344,28.650909423828126,-27.36004066467285,-21.137237548828126,-38.467926025390628,-44.44157409667969,-16.546531677246095,40.01580810546875,-49.17341232299805,75.60554504394531,-1.7211074829101563,-13.205072402954102,-9.86701774597168,-7.7931060791015629,-51.61040496826172,66.07421875,-6.551107406616211,-4.21479606628418,-15.270217895507813,27.719221115112306,-43.322021484375,-65.33749389648438,57.32976531982422,58.42683410644531,39.91770553588867,-33.00531768798828,20.387184143066408,-21.34162139892578,-24.306800842285158,82.6981201171875,-17.399459838867189,53.00872802734375,45.398826599121097,-4.24176025390625,87.39773559570313,-38.37902069091797,9.375694274902344,-55.270042419433597,43.617950439453128,75.31248474121094,-7.04619026184082,21.155147552490236,7.526756286621094,12.962677001953125,83.75656127929688,20.99686050415039,-3.9944686889648439,-59.652671813964847],"legSizes":[0.24999994039535523,0.24999994039535523,0.25,0.35319581627845766,0.25,0.14447006583213807,0.43460750579833987,0.24999994039535523,0.2657577693462372,0.25,0.1340738832950592,0.18076205253601075,0.4965423047542572,0.24999994039535523,0.3235594630241394,0.45993632078170779,0.33294370770454409,0.25,0.4062187075614929,0.24999994039535523,0.25,0.10268545150756836,0.4073305130004883,0.25],"bodySizes":[2.0,2.0,2.0],"springs":[],"dumpers":[],"name":834,"generation":24,"distance":96.04940032958985,"reward":-139.89337158203126},{"angles":[-63.39937210083008,-35.35980987548828,-16.9770450592041,52.219276428222659,-5.269309997558594,61.06834030151367,46.666873931884769,-46.07747268676758,14.896331787109375,-35.04530334472656,17.775848388671876,10.665008544921875,-34.125709533691409,-11.458089828491211,58.510276794433597,31.382381439208986,21.344074249267579,-32.22145080566406,-33.89445495605469,-29.65386962890625,-42.70073318481445,-34.8509521484375,51.48027801513672,1.336669921875,79.33403015136719,23.957103729248048,1.3222732543945313,43.95690155029297,16.95008659362793,-3.0572967529296877,-66.09407043457031,-67.06761169433594,-12.151573181152344,28.650909423828126,-15.342000961303711,-21.137237548828126,24.358076095581056,-44.44157409667969,-16.546531677246095,40.01580810546875,-49.17341232299805,3.7899169921875,-1.7211074829101563,-85.15113830566406,46.30907440185547,-7.7931060791015629,-51.61040496826172,66.07421875,-6.551107406616211,-4.21479606628418,-15.270217895507813,27.719221115112306,-43.322021484375,-65.33749389648438,39.42814636230469,58.42683410644531,54.04485321044922,-33.00531768798828,20.387184143066408,-21.34162139892578,-24.306800842285158,82.6981201171875,-17.399459838867189,53.00872802734375,45.398826599121097,-4.24176025390625,87.39773559570313,-38.37902069091797,9.375694274902344,23.777860641479493,43.617950439453128,75.31248474121094,-26.791242599487306,21.155147552490236,7.526756286621094,-8.334451675415039,83.75656127929688,-4.723686218261719,-3.9944686889648439,-59.652671813964847],"legSizes":[0.24999994039535523,0.24999994039535523,0.46295052766799929,0.16301998496055604,0.45982593297958376,0.3838959336280823,0.43460750579833987,0.24999994039535523,0.43878597021102908,0.25,0.3714962899684906,0.28866326808929446,0.4965423047542572,0.24999994039535523,0.15521517395973206,0.45993632078170779,0.33294370770454409,0.45483025908470156,0.4062187075614929,0.24999994039535523,0.25,0.25,0.4073305130004883,0.25],"bodySizes":[2.0043764114379885,1.9978153705596924,1.9978153705596924],"springs":[],"dumpers":[],"name":834,"generation":24,"distance":96.04940032958985,"reward":-150.75550842285157}]}