{"geneDatas":[{"angles":[-3.067768096923828,-3.619945526123047,-5.045936584472656,-12.964605331420899,30.380901336669923,-23.5618896484375,-4.485433578491211,-18.982322692871095,37.25727081298828,55.52175521850586,51.61442565917969,58.897621154785159,-34.90214538574219,-17.42133331298828,57.204437255859378,43.46099853515625,42.61509704589844,58.048851013183597,-10.453226089477539,1.2852935791015626,-43.245094299316409,42.518035888671878,9.364065170288086,7.392732620239258,23.699254989624025,58.55010223388672,-8.743995666503907,45.313812255859378,-46.548431396484378,43.59088897705078,28.818395614624025,4.864046096801758,16.465070724487306,-4.319650650024414,54.64380645751953,-44.56999969482422,39.44464874267578,59.87736511230469,14.996759414672852,23.82509422302246,-23.043731689453126,-57.87836456298828,39.31670379638672,34.40178298950195,-12.56390380859375,50.012054443359378,54.78783416748047,38.651161193847659,-8.474014282226563,12.933547973632813,-10.610467910766602,8.644729614257813,35.719913482666019,-3.22869873046875,-37.592864990234378,-37.29161834716797,-56.51625061035156,-9.131118774414063,-6.122438430786133,34.11869812011719,-54.51025390625,-56.01084899902344,-16.643766403198243,30.959869384765626,-54.582237243652347,-9.118217468261719,-30.165496826171876,13.932687759399414,-35.36637878417969,31.741500854492189,-29.731000900268556,8.056159973144532,22.86310386657715,-20.6663761138916,-22.91788673400879,38.641693115234378,34.38739013671875,-8.927986145019532,-47.336509704589847,51.395973205566409],"legSizes":[0.38722091913223269,0.42511892318725588,0.4530300199985504,0.3281109035015106,0.45789822936058047,0.31513798236846926,0.12177920341491699,0.1027771458029747,0.25597497820854189,0.269631028175354,0.16207414865493775,0.2562445402145386,0.15287405252456666,0.40245598554611208,0.4630679190158844,0.4654403626918793,0.2528954744338989,0.39255136251449587,0.42340999841690066,0.12323117256164551,0.4837760925292969,0.24497511982917787,0.14910078048706056,0.36016255617141726],"bodySizes":[2.0217232704162599,1.6698166131973267,2.3697333335876467],"springs":[],"dumpers":[],"name":20258,"generation":578,"distance":40.67515563964844,"reward":-40.67515563964844},{"angles":[-3.067768096923828,-3.619945526123047,-5.045936584472656,26.63733673095703,30.380901336669923,-23.5618896484375,-4.485433578491211,-18.982322692871095,37.25727081298828,55.52175521850586,51.61442565917969,58.897621154785159,2.6923866271972658,-17.42133331298828,-43.357269287109378,43.46099853515625,42.61509704589844,58.048851013183597,-28.53094482421875,1.2852935791015626,-43.245094299316409,42.518035888671878,9.364065170288086,-8.368555068969727,23.699254989624025,58.55010223388672,-8.743995666503907,45.313812255859378,-46.548431396484378,43.59088897705078,28.818395614624025,4.864046096801758,16.465070724487306,-42.84941101074219,54.64380645751953,-44.56999969482422,39.44464874267578,59.87736511230469,14.996759414672852,23.82509422302246,-23.043731689453126,-57.87836456298828,39.31670379638672,34.40178298950195,-12.56390380859375,50.012054443359378,54.78783416748047,38.651161193847659,-8.474014282226563,-4.161521911621094,-10.610467910766602,52.96289825439453,35.719913482666019,-3.22869873046875,-37.592864990234378,-37.29161834716797,-56.51625061035156,-9.131118774414063,-6.122438430786133,34.11869812011719,-54.51025390625,-56.01084899902344,-16.643766403198243,30.959869384765626,-54.582237243652347,-9.118217468261719,-30.165496826171876,13.932687759399414,-35.36637878417969,31.741500854492189,-29.731000900268556,8.056159973144532,22.86310386657715,-20.6663761138916,-22.91788673400879,38.641693115234378,34.38739013671875,-8.927986145019532,-47.336509704589847,51.395973205566409],"legSizes":[0.38722091913223269,0.144517719745636,0.4530300199985504,0.3281109035015106,0.45789822936058047,0.31513798236846926,0.2523893713951111,0.1027771458029747,0.25597497820854189,0.269631028175354,0.16207414865493775,0.2562445402145386,0.15287405252456666,0.2651253342628479,0.40579867362976076,0.4654403626918793,0.2528954744338989,0.39255136251449587,0.42340999841690066,0.12323117256164551,0.4837760925292969,0.24497511982917787,0.14910078048706056,0.36016255617141726],"bodySizes":[2.0217232704162599,1.6698166131973267,2.3697333335876467],"springs":[],"dumpers":[],"name":20258,"generation":578,"distance":40.67515563964844,"reward":-46.83298110961914},{"angles":[15.760457992553711,-11.747869491577149,-5.045936584472656,-47.47074890136719,30.380901336669923,8.53141975402832,-23.342079162597658,6.532453536987305,-10.556480407714844,18.2992000579834,-1.5291519165039063,39.313331604003909,2.6923866271972658,-20.028268814086915,-33.783348083496097,43.46099853515625,26.17247772216797,-19.64509391784668,-16.705078125,-31.960073471069337,40.46879577636719,30.926311492919923,28.95044708251953,-5.7162017822265629,41.048255920410159,2.9405364990234377,47.33985900878906,-1.5483360290527344,12.812553405761719,-30.68817710876465,28.818395614624025,12.631965637207032,23.354528427124025,14.587776184082032,54.64380645751953,-44.56999969482422,39.44464874267578,59.87736511230469,14.996759414672852,33.8424072265625,-23.043731689453126,-35.70051574707031,10.385162353515625,34.40178298950195,-12.56390380859375,46.79100036621094,54.78783416748047,38.651161193847659,35.61336898803711,-20.006498336791993,-10.610467910766602,-1.2733345031738282,35.719913482666019,53.371238708496097,-38.652435302734378,-37.29161834716797,-47.104095458984378,31.803272247314454,-10.326169967651368,-34.48278045654297,-14.237771987915039,-56.01084899902344,-16.643766403198243,30.959869384765626,-54.582237243652347,30.6259765625,9.845932006835938,13.932687759399414,-35.36637878417969,31.741500854492189,-29.731000900268556,8.056159973144532,-25.216650009155275,-2.7355308532714845,16.659549713134767,12.331659317016602,10.760185241699219,33.011810302734378,-47.336509704589847,-39.82823181152344],"legSizes":[0.33387744426727297,0.45092353224754336,0.3061593770980835,0.3281109035015106,0.10674810409545899,0.31513798236846926,0.2523893713951111,0.12205161899328232,0.45464786887168887,0.21525830030441285,0.3073720633983612,0.2562445402145386,0.15287405252456666,0.1888703852891922,0.3578459620475769,0.4654403626918793,0.2528954744338989,0.39255136251449587,0.35340285301208498,0.21687567234039308,0.49123674631118777,0.4303820729255676,0.14910078048706056,0.36016255617141726],"bodySizes":[2.047531843185425,1.6535848379135132,2.3628320693969728],"springs":[],"dumpers":[],"name":20258,"generation":578,"distance":40.67515563964844,"reward":-50.242431640625}]}