{"geneDatas":[{"angles":[28.60755157470703,20.316495895385743,-30.4849853515625,-43.309906005859378,-8.783147811889649,29.567440032958986,-56.537132263183597,-50.786048889160159,30.514354705810548,14.199106216430664,35.375587463378909,-6.917045593261719,-57.22601318359375,12.200838088989258,-33.98625183105469,42.98320770263672,7.995307922363281,-22.44089698791504,44.82881164550781,-46.75370788574219,51.975830078125,-57.85938262939453,-0.2838935852050781,32.75969696044922,14.819948196411133,-11.391197204589844,-16.0722599029541,54.21087646484375,-4.133085250854492,-5.0677642822265629,-21.951433181762697,35.09272003173828,22.901586532592775,36.37666320800781,24.647809982299806,-54.73028564453125,59.37786865234375,1.4346809387207032,46.072608947753909,-14.236442565917969,-37.787147521972659,-17.490341186523439,-41.95745849609375,-19.195924758911134,38.526702880859378,21.641090393066408,53.22892761230469,14.723274230957032,-19.8314151763916,14.652364730834961,-59.52049255371094,6.464345932006836,38.5902214050293,42.34856414794922,-51.338714599609378,-44.270263671875,53.24174499511719,-24.157255172729493,-21.38190460205078,7.532066345214844,-51.722877502441409,-50.751670837402347,20.027402877807618,50.18614959716797,58.51890563964844,24.10726547241211,-45.98845672607422,45.55366516113281,-5.877235412597656,47.029335021972659,-7.605033874511719,38.33332824707031,4.1888580322265629,6.748315811157227,-45.66497039794922,53.08187484741211,-55.20265197753906,-32.49193572998047,44.63642120361328,47.95560836791992],"legSizes":[0.15422067046165467,0.10878963768482208,0.4189662039279938,0.4618588387966156,0.3168134093284607,0.281173437833786,0.34008142352104189,0.3347758948802948,0.4605129361152649,0.1611790657043457,0.2768041491508484,0.43450871109962466,0.22751963138580323,0.3807767331600189,0.41688913106918337,0.22798998653888703,0.28273847699165347,0.2991988956928253,0.4540719985961914,0.2827721834182739,0.4891125559806824,0.22899973392486573,0.3040503263473511,0.4275011420249939],"bodySizes":[2.2406301498413088,1.5513397455215455,2.3015103340148927],"springs":[],"dumpers":[],"name":29353,"generation":838,"distance":21.687824249267579,"reward":5.616863250732422},{"angles":[34.93759536743164,20.316495895385743,-40.677650451660159,-43.309906005859378,-8.783147811889649,29.567440032958986,31.119115829467775,-50.786048889160159,30.514354705810548,14.199106216430664,59.122894287109378,-6.917045593261719,18.488386154174806,12.200838088989258,-33.98625183105469,57.925331115722659,45.35517883300781,26.910022735595704,44.82881164550781,-14.35491943359375,51.975830078125,23.64533805847168,-18.289283752441408,32.75969696044922,14.819948196411133,-11.391197204589844,-16.0722599029541,54.21087646484375,-4.133085250854492,-5.0677642822265629,-21.951433181762697,35.09272003173828,-14.360954284667969,36.37666320800781,24.647809982299806,-54.73028564453125,34.31095886230469,1.4346809387207032,46.072608947753909,-14.236442565917969,-37.787147521972659,10.210655212402344,-47.312347412109378,-19.195924758911134,49.72749328613281,21.641090393066408,53.22892761230469,14.723274230957032,-19.8314151763916,14.652364730834961,-46.77922821044922,-23.14689826965332,38.5902214050293,-9.893037796020508,-47.18989562988281,-52.439186096191409,52.718238830566409,40.439300537109378,57.457054138183597,7.532066345214844,-51.722877502441409,17.63631820678711,20.027402877807618,50.18614959716797,58.51890563964844,-38.72509002685547,-45.98845672607422,45.55366516113281,-58.26554870605469,47.029335021972659,-7.743965148925781,46.76634979248047,-11.983144760131836,-19.363683700561525,-45.66497039794922,-1.4719314575195313,30.03028106689453,55.21160888671875,48.53511047363281,-57.63630676269531],"legSizes":[0.3439393639564514,0.10878963768482208,0.21779605746269227,0.11228356510400772,0.3234180212020874,0.281173437833786,0.1333330273628235,0.13866586983203889,0.4605129361152649,0.11457176506519318,0.16368156671524049,0.43450871109962466,0.22751963138580323,0.3807767331600189,0.41688913106918337,0.22798998653888703,0.28273847699165347,0.2991988956928253,0.21362745761871339,0.27850601077079775,0.4891125559806824,0.3507230281829834,0.3040503263473511,0.22969701886177064],"bodySizes":[2.240612745285034,1.5513639450073243,2.3014919757843019],"springs":[],"dumpers":[],"name":29353,"generation":838,"distance":21.687824249267579,"reward":-3.0677947998046877},{"angles":[34.93759536743164,20.316495895385743,-40.677650451660159,-43.309906005859378,-8.783147811889649,29.567440032958986,-56.537132263183597,-50.786048889160159,30.514354705810548,31.578824996948243,35.375587463378909,-45.953033447265628,14.569908142089844,12.200838088989258,-33.98625183105469,26.25861167907715,7.995307922363281,-22.44089698791504,44.82881164550781,-46.75370788574219,51.975830078125,34.397705078125,-18.289283752441408,32.75969696044922,14.819948196411133,-11.391197204589844,-25.636131286621095,54.21087646484375,-4.133085250854492,-5.0677642822265629,-21.951433181762697,-32.320159912109378,22.901586532592775,-51.62657165527344,24.647809982299806,-54.73028564453125,34.31095886230469,57.393333435058597,46.072608947753909,-14.236442565917969,-37.787147521972659,10.210655212402344,-41.95745849609375,-19.195924758911134,49.72749328613281,21.641090393066408,53.22892761230469,14.723274230957032,-19.8314151763916,14.652364730834961,-46.77922821044922,-23.14689826965332,38.5902214050293,-9.893037796020508,-47.18989562988281,-52.439186096191409,52.718238830566409,40.439300537109378,57.457054138183597,7.532066345214844,-51.722877502441409,17.63631820678711,-17.806983947753908,50.18614959716797,59.423377990722659,24.10726547241211,-16.778261184692384,45.55366516113281,-58.26554870605469,47.029335021972659,-7.743965148925781,-54.34477233886719,-27.572158813476564,6.748315811157227,-45.66497039794922,-51.22913360595703,30.03028106689453,-32.49193572998047,49.180511474609378,45.71107482910156],"legSizes":[0.42951154708862307,0.3205209970474243,0.21779605746269227,0.32222697138786318,0.3234180212020874,0.281173437833786,0.1333330273628235,0.13866586983203889,0.4605129361152649,0.11457176506519318,0.16368156671524049,0.43450871109962466,0.22751963138580323,0.3807767331600189,0.41688913106918337,0.22798998653888703,0.27530643343925478,0.2991988956928253,0.12390723079442978,0.2827721834182739,0.4891125559806824,0.22899973392486573,0.3040503263473511,0.4275011420249939],"bodySizes":[2.2406210899353029,1.5513521432876588,2.3015012741088869],"springs":[],"dumpers":[],"name":29353,"generation":838,"distance":21.687824249267579,"reward":-31.17975616455078}]}