{"geneDatas":[{"angles":[25.1564998626709,-30.69727325439453,27.196510314941408,46.52741241455078,-27.114578247070314,10.16680908203125,22.69882583618164,-11.43348503112793,39.676048278808597,31.148128509521486,46.482025146484378,-9.734151840209961,-23.472341537475587,-15.298454284667969,-32.84611511230469,-11.895652770996094,7.995307922363281,-25.447891235351564,7.140047073364258,16.876327514648439,-24.27020835876465,34.397705078125,-17.012123107910158,5.677907943725586,49.36994171142578,56.466651916503909,49.54637908935547,40.801177978515628,46.68231201171875,-22.334083557128908,35.03478240966797,15.395490646362305,-45.57695007324219,-2.12939453125,-36.63763427734375,11.406248092651368,56.69244384765625,34.40501403808594,55.58526611328125,46.795021057128909,-33.59857940673828,-29.36113929748535,-40.687294006347659,0.6758384704589844,59.65434265136719,37.43177795410156,53.22892761230469,45.71614074707031,-54.491485595703128,-36.34759521484375,15.877073287963868,39.8861083984375,30.695384979248048,-53.943756103515628,-46.553009033203128,-52.70862579345703,39.25403594970703,-41.48241424560547,-20.166715621948243,47.45744323730469,-51.722877502441409,-5.271657943725586,32.72841262817383,-39.30680847167969,29.773048400878908,-21.047149658203126,34.63361358642578,21.4525203704834,13.907827377319336,-48.39186096191406,-56.352867126464847,-46.78294372558594,-45.85618591308594,31.397720336914064,-28.45526885986328,22.01483917236328,40.20448303222656,40.957672119140628,-20.282629013061525,39.291259765625],"legSizes":[0.2250778079032898,0.47815871238708498,0.12021169811487198,0.12748999893665315,0.43266135454177859,0.19627675414085389,0.4704457223415375,0.2190043330192566,0.3881717324256897,0.22659513354301454,0.20024526119232179,0.14662876725196839,0.35844939947128298,0.3766462802886963,0.47142553329467776,0.3160957992076874,0.3328055143356323,0.4246335029602051,0.3313477337360382,0.20855534076690675,0.4622664451599121,0.21430380642414094,0.45172685384750368,0.23196691274642945],"bodySizes":[2.239823818206787,1.5212849378585816,2.3478240966796877],"springs":[],"dumpers":[],"name":33882,"generation":970,"distance":20.289058685302736,"reward":-20.289058685302736},{"angles":[25.1564998626709,-30.69727325439453,27.196510314941408,46.52741241455078,-27.114578247070314,29.000988006591798,22.69882583618164,-11.43348503112793,39.676048278808597,31.148128509521486,-29.754058837890626,-9.734151840209961,-23.472341537475587,-15.298454284667969,-32.84611511230469,-11.895652770996094,7.995307922363281,-25.447891235351564,7.140047073364258,16.35882568359375,-24.27020835876465,34.397705078125,-17.012123107910158,5.677907943725586,49.36994171142578,56.466651916503909,49.54637908935547,-44.28753662109375,46.68231201171875,-22.334083557128908,35.03478240966797,15.395490646362305,-45.57695007324219,-2.12939453125,-36.63763427734375,11.406248092651368,56.69244384765625,34.40501403808594,55.58526611328125,-54.646270751953128,-44.211647033691409,-29.36113929748535,45.16077423095703,0.6758384704589844,59.65434265136719,37.43177795410156,53.22892761230469,18.612211227416993,-54.491485595703128,-36.34759521484375,15.877073287963868,39.8861083984375,30.695384979248048,0.24486923217773438,-46.553009033203128,-52.70862579345703,39.25403594970703,-41.48241424560547,-20.166715621948243,47.45744323730469,-51.722877502441409,-5.271657943725586,30.106243133544923,-39.30680847167969,29.773048400878908,-21.047149658203126,-45.98845672607422,21.4525203704834,13.907827377319336,-48.39186096191406,-56.352867126464847,-46.78294372558594,-45.85618591308594,31.397720336914064,-13.673437118530274,22.01483917236328,-6.565053939819336,40.957672119140628,-20.282629013061525,39.291259765625],"legSizes":[0.2250778079032898,0.47815871238708498,0.12021169811487198,0.12748999893665315,0.43266135454177859,0.19627675414085389,0.4704457223415375,0.2190043330192566,0.39525899291038515,0.3816007971763611,0.48854437470436098,0.3417876064777374,0.26748865842819216,0.34402507543563845,0.4813896119594574,0.21624672412872315,0.3328055143356323,0.49717092514038088,0.3313477337360382,0.20855534076690675,0.4622664451599121,0.21430380642414094,0.45172685384750368,0.23196691274642945],"bodySizes":[2.2423887252807619,1.5178067684173585,2.350512742996216],"springs":[],"dumpers":[],"name":33882,"generation":970,"distance":20.289058685302736,"reward":-33.5672492980957},{"angles":[-41.053993225097659,50.07396697998047,45.663055419921878,39.84370422363281,38.367576599121097,-25.915496826171876,40.24437713623047,-41.9444580078125,8.666374206542969,-58.09552001953125,-29.754058837890626,-31.856201171875,-51.29441833496094,57.213951110839847,-32.84611511230469,-8.188385009765625,7.995307922363281,2.0907859802246095,7.140047073364258,-30.875244140625,-24.27020835876465,34.397705078125,34.644142150878909,45.342247009277347,49.36994171142578,56.466651916503909,-59.52093505859375,-28.17301368713379,17.35805320739746,9.744438171386719,34.14142990112305,-11.815559387207032,-5.231346130371094,-2.12939453125,8.987022399902344,11.406248092651368,32.82933807373047,-4.26331901550293,21.203338623046876,-54.646270751953128,-49.586395263671878,-9.050880432128907,-5.318504333496094,-42.28131103515625,59.65434265136719,37.43177795410156,41.043861389160159,37.93440246582031,27.96990203857422,-40.026023864746097,15.877073287963868,-32.96318817138672,30.695384979248048,-53.943756103515628,-46.553009033203128,-52.70862579345703,39.25403594970703,43.840110778808597,-52.79491424560547,-28.785202026367189,-49.86468505859375,-46.82279968261719,28.097074508666993,-39.30680847167969,36.72795104980469,-26.497398376464845,-45.98845672607422,2.4805870056152345,-26.27289581298828,-51.775115966796878,-50.107643127441409,9.719131469726563,-32.81065368652344,3.923900604248047,-28.45526885986328,22.01483917236328,-6.565053939819336,29.97951316833496,-54.03596496582031,39.291259765625],"legSizes":[0.43766918778419497,0.1461866796016693,0.12021169811487198,0.27951928973197939,0.43266135454177859,0.48620858788490298,0.3998911380767822,0.2190043330192566,0.34802019596099856,0.16101136803627015,0.20024526119232179,0.14662876725196839,0.381580650806427,0.3021446466445923,0.39667806029319765,0.39594945311546328,0.1638321876525879,0.24263456463813783,0.3313477337360382,0.20855534076690675,0.4622664451599121,0.21430380642414094,0.45172685384750368,0.18199916183948518],"bodySizes":[2.2335023880004885,1.5231059789657593,2.351653814315796],"springs":[],"dumpers":[],"name":33882,"generation":970,"distance":20.289058685302736,"reward":-46.93698501586914}]}