{"geneDatas":[{"angles":[34.93759536743164,-56.37714385986328,44.158111572265628,-49.72840118408203,-27.114578247070314,-19.620588302612306,33.05384063720703,-50.786048889160159,3.4135208129882814,-3.4862632751464845,22.234107971191408,-32.64741516113281,-55.25676727294922,45.565521240234378,-20.59613800048828,-17.212692260742189,7.995307922363281,-25.447891235351564,-1.2305183410644532,32.93294906616211,2.177387237548828,15.658203125,27.76668357849121,-36.85594177246094,55.23651123046875,-12.251394271850586,50.838104248046878,-24.960830688476564,50.57837677001953,52.09636688232422,-56.23484802246094,-42.109596252441409,30.493825912475587,-47.411895751953128,-10.72236442565918,-31.80683708190918,39.04364776611328,-3.7221107482910158,50.0958251953125,-58.51747131347656,-13.176162719726563,20.23641586303711,-40.687294006347659,-24.45830535888672,59.65434265136719,44.71795654296875,53.22892761230469,42.56018829345703,-54.491485595703128,21.46963119506836,34.38189697265625,-57.788658142089847,13.14752197265625,-15.280975341796875,-46.553009033203128,-52.70862579345703,36.32928466796875,10.895956039428711,34.79648971557617,15.776121139526368,-51.722877502441409,18.913375854492189,38.510398864746097,27.688705444335939,-19.709280014038087,-3.1181068420410158,-4.2172393798828129,-5.431100845336914,-9.294197082519532,-29.093017578125,21.740081787109376,-19.673431396484376,30.254226684570314,-8.502593994140625,-34.477943420410159,23.722068786621095,-55.20265197753906,-32.49193572998047,-44.039466857910159,45.71107482910156],"legSizes":[0.46421822905540469,0.24137575924396516,0.42452412843704226,0.4242846965789795,0.297847718000412,0.3377068340778351,0.18959888815879823,0.13866586983203889,0.44266432523727419,0.32769539952278139,0.4691278338432312,0.22235897183418275,0.3396838903427124,0.3807767331600189,0.41688913106918337,0.485006719827652,0.4160792827606201,0.17810821533203126,0.31419607996940615,0.23476436734199525,0.4622664451599121,0.14340025186538697,0.38794416189193728,0.1041027083992958],"bodySizes":[2.2168402671813967,1.5596449375152588,2.31382155418396],"springs":[],"dumpers":[],"name":31798,"generation":911,"distance":50.754486083984378,"reward":-50.754486083984378},{"angles":[34.93759536743164,-56.37714385986328,44.158111572265628,-49.72840118408203,-27.114578247070314,-59.72099304199219,33.05384063720703,-50.786048889160159,3.4135208129882814,-3.4862632751464845,35.375587463378909,-32.64741516113281,-55.25676727294922,-21.347158432006837,52.71935272216797,-17.212692260742189,7.995307922363281,-25.447891235351564,-5.314727783203125,32.93294906616211,2.177387237548828,-5.536430358886719,10.427391052246094,-36.85594177246094,55.23651123046875,-13.121301651000977,50.838104248046878,-24.960830688476564,-48.89934539794922,52.09636688232422,-56.23484802246094,-42.109596252441409,10.173074722290039,-47.411895751953128,-10.72236442565918,-31.80683708190918,39.04364776611328,1.4346809387207032,32.427635192871097,-37.75494384765625,-20.949119567871095,51.04492950439453,-40.687294006347659,39.78724670410156,59.65434265136719,44.71795654296875,53.22892761230469,20.955360412597658,-58.302284240722659,21.46963119506836,34.38189697265625,-14.23790168762207,30.695384979248048,-59.38566589355469,-46.553009033203128,-52.70862579345703,32.149085998535159,18.638662338256837,15.563690185546875,-55.60224914550781,-51.722877502441409,-56.75035095214844,28.250839233398439,7.00432014465332,-19.709280014038087,4.7736968994140629,-32.64067840576172,-17.904762268066408,-10.827392578125,-52.84837341308594,23.319509506225587,23.048986434936525,-58.04722595214844,50.67144775390625,15.468046188354493,38.324729919433597,-26.908571243286134,-32.49193572998047,2.5508804321289064,45.71107482910156],"legSizes":[0.46421822905540469,0.24137575924396516,0.42452412843704226,0.4242846965789795,0.43266135454177859,0.1345166712999344,0.1878431737422943,0.2190043330192566,0.4412260055541992,0.11457176506519318,0.40470772981643679,0.22235897183418275,0.3396838903427124,0.3807767331600189,0.41688913106918337,0.485006719827652,0.4160792827606201,0.17810821533203126,0.31419607996940615,0.23476436734199525,0.4622664451599121,0.14340025186538697,0.38794416189193728,0.1041027083992958],"bodySizes":[2.238878011703491,1.5519498586654664,2.302405595779419],"springs":[],"dumpers":[],"name":31798,"generation":911,"distance":50.754486083984378,"reward":-52.68000030517578},{"angles":[34.93759536743164,32.68897247314453,44.158111572265628,-49.72840118408203,53.57574462890625,-59.72099304199219,16.196563720703126,-50.786048889160159,3.4135208129882814,-3.4862632751464845,35.375587463378909,-8.313796997070313,-55.25676727294922,-21.347158432006837,52.71935272216797,58.078147888183597,7.995307922363281,-25.447891235351564,-5.314727783203125,-46.75370788574219,24.279081344604493,-5.536430358886719,-22.952348709106447,-11.110977172851563,55.23651123046875,29.676189422607423,-23.087247848510743,-15.79063606262207,-50.521400451660159,-58.93208312988281,34.14142990112305,-44.711952209472659,22.901586532592775,-27.124305725097658,55.46534729003906,-12.246688842773438,34.31095886230469,5.4333343505859379,6.424219131469727,-37.75494384765625,-20.639427185058595,-43.53545379638672,-40.687294006347659,-54.775054931640628,59.65434265136719,44.71795654296875,53.22892761230469,20.955360412597658,-45.741973876953128,45.135009765625,34.38189697265625,-32.96318817138672,30.695384979248048,-15.280975341796875,-46.553009033203128,-52.70862579345703,32.149085998535159,18.638662338256837,15.563690185546875,54.90979766845703,-51.722877502441409,8.146583557128907,28.097074508666993,-29.05902862548828,-19.709280014038087,-3.8043251037597658,-45.98845672607422,-17.904762268066408,-10.827392578125,-50.015357971191409,13.61492919921875,23.048986434936525,-28.09636688232422,-31.781328201293947,-37.051551818847659,53.08187484741211,-26.908571243286134,-25.93463706970215,20.41200828552246,52.54639434814453],"legSizes":[0.46421822905540469,0.30998924374580386,0.4196222722530365,0.360015869140625,0.2611026167869568,0.1345166712999344,0.14511093497276307,0.13866586983203889,0.4605129361152649,0.45167478919029238,0.25031644105911257,0.22235897183418275,0.4155605733394623,0.3807767331600189,0.41688913106918337,0.1866259127855301,0.4160792827606201,0.1422354280948639,0.3511190414428711,0.23476436734199525,0.42914098501205447,0.41373410820961,0.45850515365600588,0.3046077489852905],"bodySizes":[2.238952875137329,1.5515806674957276,2.3028764724731447],"springs":[],"dumpers":[],"name":31798,"generation":911,"distance":50.754486083984378,"reward":-59.07486343383789}]}