{"geneDatas":[{"angles":[-28.443769454956056,42.0911979675293,3.3413658142089845,28.82198715209961,-19.29889488220215,-26.564048767089845,-23.342079162597658,32.76045608520508,9.796737670898438,-21.65546226501465,38.17096710205078,42.55750274658203,42.538543701171878,-31.03166961669922,-41.34934997558594,45.74555206298828,-44.31139373779297,-2.1565170288085939,42.36024475097656,9.598281860351563,-15.5123291015625,-53.62956237792969,9.364065170288086,-50.51818084716797,38.30628204345703,-33.333518981933597,47.438446044921878,-54.013282775878909,-16.67213249206543,-28.439077377319337,2.299541473388672,57.25334930419922,-47.433258056640628,33.416847229003909,53.19575500488281,21.332412719726564,23.964096069335939,-2.6037368774414064,-40.23131561279297,-24.028066635131837,-28.656471252441408,-35.02735900878906,48.27077865600586,40.25475311279297,8.889747619628907,45.51738739013672,54.78783416748047,52.12932586669922,-40.662689208984378,-44.280120849609378,30.543264389038087,-11.128271102905274,6.1066741943359379,-21.60253143310547,-59.51658630371094,-55.361663818359378,52.408348083496097,2.334644317626953,-12.132102966308594,-30.042587280273439,-54.70079803466797,24.543142318725587,-40.55265808105469,-47.37510681152344,57.40729522705078,51.153656005859378,-1.3613815307617188,59.77116394042969,-51.35260009765625,-36.987579345703128,26.394079208374025,4.95587158203125,-54.66337585449219,21.829130172729493,-52.940528869628909,-59.36811828613281,-29.14794921875,10.433183670043946,-44.22783660888672,-13.507568359375],"legSizes":[0.20497310161590577,0.23636773228645326,0.47798609733581545,0.38369011878967287,0.32147714495658877,0.49025100469589236,0.43195709586143496,0.16396433115005494,0.36264172196388247,0.18517360091209413,0.10049901157617569,0.2534947991371155,0.4533573091030121,0.43603411316871645,0.39577388763427737,0.18938755989074708,0.35659822821617129,0.34725138545036318,0.413684606552124,0.10972404479980469,0.4427157938480377,0.4991646707057953,0.4777396321296692,0.3950868546962738],"bodySizes":[2.169517755508423,1.8607197999954224,1.9817360639572144],"springs":[],"dumpers":[],"name":16283,"generation":465,"distance":37.48377227783203,"reward":-37.48377227783203},{"angles":[-28.443769454956056,16.945493698120118,6.222433090209961,28.82198715209961,-19.496505737304689,47.30744171142578,-23.342079162597658,32.76045608520508,9.796737670898438,-21.65546226501465,38.17096710205078,42.55750274658203,5.419914245605469,0.9632568359375,-58.24048614501953,2.026813507080078,-44.31139373779297,58.142333984375,-5.4431304931640629,9.598281860351563,4.558103561401367,-53.62956237792969,-30.80975341796875,-50.51818084716797,23.699254989624025,-33.333518981933597,-0.9834136962890625,49.961273193359378,0.37397003173828127,-17.883604049682618,-23.945037841796876,1.3712539672851563,42.26576232910156,35.045143127441409,11.657890319824219,21.332412719726564,-6.66099739074707,10.236360549926758,-25.698904037475587,-11.234628677368164,-22.898862838745118,-35.02735900878906,48.27077865600586,-13.734077453613282,8.889747619628907,45.51738739013672,54.78783416748047,52.12932586669922,-40.662689208984378,-44.280120849609378,30.543264389038087,-30.326026916503908,6.1066741943359379,-21.60253143310547,-59.51658630371094,-55.361663818359378,38.71434783935547,2.334644317626953,-12.132102966308594,-34.640838623046878,-54.70079803466797,24.543142318725587,-13.426614761352539,-47.37510681152344,57.40729522705078,51.153656005859378,-1.3613815307617188,59.77116394042969,38.849586486816409,-36.987579345703128,26.394079208374025,4.95587158203125,11.621881484985352,21.829130172729493,-52.940528869628909,-59.36811828613281,-29.14794921875,19.879987716674806,-49.20464324951172,-13.507568359375],"legSizes":[0.2304871380329132,0.23636773228645326,0.36258506774902346,0.11898312717676163,0.2405828833580017,0.3297143578529358,0.15999054908752442,0.16396433115005494,0.11504130810499191,0.27166879177093508,0.40385159850120547,0.17975884675979615,0.4007236957550049,0.2303076535463333,0.2980000376701355,0.3728284239768982,0.31272757053375246,0.12515278160572053,0.413684606552124,0.10972404479980469,0.4427157938480377,0.13347983360290528,0.4777396321296692,0.3950868546962738],"bodySizes":[2.1216795444488527,1.9158354997634888,1.9681215286254883],"springs":[],"dumpers":[],"name":16283,"generation":465,"distance":37.48377227783203,"reward":-39.849735260009769},{"angles":[-28.443769454956056,16.945493698120118,3.3413658142089845,28.82198715209961,-19.29889488220215,47.30744171142578,-23.342079162597658,32.76045608520508,9.796737670898438,-21.65546226501465,38.17096710205078,42.55750274658203,5.419914245605469,-17.42133331298828,-20.755126953125,2.026813507080078,-44.31139373779297,-20.4027042388916,42.36024475097656,9.598281860351563,14.381967544555664,-53.62956237792969,9.364065170288086,-50.51818084716797,23.699254989624025,-33.333518981933597,54.66618347167969,-54.013282775878909,0.37397003173828127,-17.883604049682618,-23.945037841796876,7.128875732421875,42.26576232910156,-9.80450439453125,28.218969345092775,21.332412719726564,23.964096069335939,-2.6037368774414064,-5.139762878417969,-11.234628677368164,-23.043731689453126,-35.02735900878906,48.27077865600586,40.25475311279297,8.889747619628907,45.51738739013672,54.78783416748047,52.12932586669922,-40.662689208984378,-44.280120849609378,30.543264389038087,-30.326026916503908,6.1066741943359379,-21.60253143310547,-59.51658630371094,-55.361663818359378,38.71434783935547,2.334644317626953,-12.132102966308594,-34.640838623046878,-54.70079803466797,24.543142318725587,-13.426614761352539,-47.37510681152344,57.40729522705078,51.153656005859378,-1.3613815307617188,59.77116394042969,38.849586486816409,-36.987579345703128,26.394079208374025,4.95587158203125,11.621881484985352,21.829130172729493,-52.940528869628909,-59.36811828613281,-29.14794921875,19.879987716674806,-44.22783660888672,-13.507568359375],"legSizes":[0.2304871380329132,0.23636773228645326,0.47798609733581545,0.38369011878967287,0.2405828833580017,0.49025100469589236,0.43195709586143496,0.16396433115005494,0.4793211817741394,0.18517360091209413,0.10049901157617569,0.3541809022426605,0.4533573091030121,0.1888703852891922,0.1457809954881668,0.18938755989074708,0.15117129683494569,0.34725138545036318,0.413684606552124,0.10972404479980469,0.4427157938480377,0.13347983360290528,0.4777396321296692,0.3950868546962738],"bodySizes":[2.1216797828674318,1.9158356189727784,1.9681216478347779],"springs":[],"dumpers":[],"name":16283,"generation":465,"distance":37.48377227783203,"reward":-47.551273345947269}]}