{"geneDatas":[{"angles":[28.84059715270996,-26.94878387451172,-16.9770450592041,-43.79695129394531,81.18020629882813,61.06834030151367,37.93421936035156,-46.07747268676758,14.896331787109375,-35.04530334472656,17.775848388671876,-1.2400741577148438,-34.125709533691409,-10.38819694519043,58.510276794433597,31.382381439208986,21.344074249267579,-32.22145080566406,-33.89445495605469,-29.65386962890625,-42.70073318481445,-34.8509521484375,51.48027801513672,-59.751502990722659,79.33403015136719,23.957103729248048,1.3222732543945313,1.9419403076171876,16.95008659362793,-3.0572967529296877,-66.09407043457031,0.8614463806152344,43.24444580078125,28.650909423828126,-29.375503540039064,-21.137237548828126,30.522247314453126,-44.44157409667969,-16.546531677246095,40.01580810546875,31.327598571777345,3.7899169921875,-1.7211074829101563,-46.207725524902347,46.30907440185547,-7.7931060791015629,-9.795621871948243,66.07421875,-6.551107406616211,-20.886749267578126,-15.270217895507813,27.719221115112306,-48.32215118408203,-65.33749389648438,39.42814636230469,58.42683410644531,54.04485321044922,11.13435173034668,20.387184143066408,-21.34162139892578,-24.306800842285158,82.6981201171875,-17.399459838867189,53.00872802734375,45.398826599121097,-4.24176025390625,87.39773559570313,28.00311851501465,9.375694274902344,23.777860641479493,43.617950439453128,75.31248474121094,-43.13788604736328,6.0304412841796879,-25.46238136291504,-8.334451675415039,83.75656127929688,-4.723686218261719,-3.9944686889648439,-59.652671813964847],"legSizes":[0.24999994039535523,0.24999994039535523,0.3653992712497711,0.35319581627845766,0.31897443532943728,0.14447006583213807,0.2652672529220581,0.24999994039535523,0.2657577693462372,0.25,0.1340738832950592,0.18076205253601075,0.4965423047542572,0.24999994039535523,0.15521517395973206,0.45993632078170779,0.33294370770454409,0.45483025908470156,0.4062187075614929,0.24999994039535523,0.4541250765323639,0.43866831064224245,0.4073305130004883,0.25],"bodySizes":[1.9640214443206788,2.018235445022583,2.018235445022583],"springs":[],"dumpers":[],"name":953,"generation":29,"distance":124.70384216308594,"reward":-124.70384216308594},{"angles":[-33.539207458496097,-35.35980987548828,-16.9770450592041,52.219276428222659,-25.797607421875,61.06834030151367,37.93421936035156,-46.07747268676758,14.896331787109375,-35.04530334472656,53.5491943359375,-2.8078880310058595,-34.125709533691409,48.75572204589844,58.510276794433597,31.382381439208986,46.880950927734378,0.4868659973144531,51.60479736328125,-29.65386962890625,-42.70073318481445,50.19164276123047,-2.4872093200683595,3.015827178955078,56.61920166015625,-31.217378616333009,-52.530067443847659,43.541465759277347,-54.9000244140625,18.20794677734375,42.05751037597656,-34.18208312988281,43.24444580078125,-44.828857421875,-29.375503540039064,25.461456298828126,30.522247314453126,32.31798553466797,-16.546531677246095,13.927253723144532,-49.17341232299805,-31.71619987487793,-1.7211074829101563,59.097877502441409,-38.41332244873047,-33.40824890136719,-51.083251953125,66.07421875,-6.551107406616211,44.367942810058597,29.308761596679689,-35.00031280517578,-41.68287658691406,36.2681999206543,-6.221473693847656,-59.40187072753906,39.91770553588867,-46.79827880859375,15.460796356201172,-21.34162139892578,-24.306800842285158,82.6981201171875,-17.399459838867189,-8.21923828125,-52.05126190185547,-8.893310546875,33.19950866699219,-31.032455444335939,-19.701284408569337,49.15479278564453,33.44352722167969,75.31248474121094,10.427490234375,-8.10828971862793,-39.84577941894531,12.962677001953125,83.75656127929688,20.99686050415039,-3.9944686889648439,-18.112714767456056],"legSizes":[0.4563538432121277,0.13495011627674104,0.4167892038822174,0.10813098400831223,0.31897443532943728,0.14447006583213807,0.2652672529220581,0.24999994039535523,0.2657577693462372,0.25,0.1340738832950592,0.18076205253601075,0.4965423047542572,0.24999994039535523,0.15521517395973206,0.45993632078170779,0.33294370770454409,0.45483025908470156,0.2603151202201843,0.10680951923131943,0.45092886686325076,0.36798590421676638,0.4073305130004883,0.25],"bodySizes":[1.9357272386550904,1.9393901824951172,2.130986213684082],"springs":[],"dumpers":[],"name":953,"generation":29,"distance":124.70384216308594,"reward":-126.64491271972656},{"angles":[-27.594961166381837,-44.050537109375,-16.9770450592041,52.219276428222659,-5.269309997558594,61.06834030151367,46.666873931884769,-46.07747268676758,14.896331787109375,-35.04530334472656,17.775848388671876,10.665008544921875,-34.125709533691409,-11.458089828491211,7.622644424438477,31.382381439208986,21.344074249267579,-32.22145080566406,-33.89445495605469,-29.65386962890625,-42.70073318481445,-34.8509521484375,51.48027801513672,59.226966857910159,56.61920166015625,-42.89593505859375,-52.530067443847659,-46.39912414550781,46.074440002441409,18.20794677734375,-19.177642822265626,-28.68570899963379,43.24444580078125,56.71569061279297,17.9658203125,25.461456298828126,30.522247314453126,25.673831939697267,-16.546531677246095,20.654823303222658,6.8972625732421879,-44.058692932128909,-1.7211074829101563,59.097877502441409,-10.391014099121094,-51.643463134765628,46.896827697753909,66.07421875,-6.551107406616211,44.367942810058597,29.308761596679689,20.257871627807618,-41.68287658691406,-10.69781494140625,3.215595245361328,-59.40187072753906,39.91770553588867,-33.00531768798828,15.460796356201172,56.40443420410156,-24.306800842285158,-50.88484191894531,-42.709922790527347,-8.21923828125,-52.05126190185547,-8.893310546875,33.19950866699219,-31.032455444335939,-19.701284408569337,13.440805435180664,53.688751220703128,75.31248474121094,-17.87932586669922,-8.10828971862793,-25.46238136291504,-8.334451675415039,83.75656127929688,-58.82743835449219,-3.9944686889648439,54.023048400878909],"legSizes":[0.24999994039535523,0.24999994039535523,0.46295052766799929,0.16301998496055604,0.45982593297958376,0.3838959336280823,0.43460750579833987,0.2781417965888977,0.2097620666027069,0.25,0.1340738832950592,0.25079435110092165,0.39990025758743288,0.13191008567810059,0.1477702260017395,0.3562392294406891,0.30318883061408999,0.212264746427536,0.32770755887031557,0.268403023481369,0.15161019563674928,0.36798590421676638,0.10472817718982697,0.25],"bodySizes":[2.0158519744873049,1.95159113407135,2.0334925651550295],"springs":[],"dumpers":[],"name":953,"generation":29,"distance":124.70384216308594,"reward":-127.22581481933594}]}