{"geneDatas":[{"angles":[-28.443769454956056,16.945493698120118,6.222433090209961,28.82198715209961,-19.496505737304689,47.30744171142578,-23.342079162597658,32.76045608520508,9.796737670898438,-21.65546226501465,38.17096710205078,42.55750274658203,5.419914245605469,0.9632568359375,-58.24048614501953,2.026813507080078,-44.31139373779297,58.142333984375,-5.4431304931640629,9.598281860351563,4.558103561401367,-53.62956237792969,-30.80975341796875,-50.51818084716797,23.699254989624025,-33.333518981933597,-0.9834136962890625,49.961273193359378,0.37397003173828127,-17.883604049682618,-23.945037841796876,1.3712539672851563,42.26576232910156,35.045143127441409,11.657890319824219,21.332412719726564,-6.66099739074707,10.236360549926758,-25.698904037475587,-11.234628677368164,-22.898862838745118,-35.02735900878906,48.27077865600586,-13.734077453613282,8.889747619628907,45.51738739013672,54.78783416748047,52.12932586669922,-40.662689208984378,-44.280120849609378,30.543264389038087,-30.326026916503908,6.1066741943359379,-21.60253143310547,-59.51658630371094,-55.361663818359378,38.71434783935547,2.334644317626953,-12.132102966308594,-34.640838623046878,-54.70079803466797,24.543142318725587,-13.426614761352539,-47.37510681152344,57.40729522705078,51.153656005859378,-1.3613815307617188,59.77116394042969,38.849586486816409,-36.987579345703128,26.394079208374025,4.95587158203125,11.621881484985352,21.829130172729493,-52.940528869628909,-59.36811828613281,-29.14794921875,19.879987716674806,-49.20464324951172,-13.507568359375],"legSizes":[0.2304871380329132,0.23636773228645326,0.36258506774902346,0.11898312717676163,0.2405828833580017,0.3297143578529358,0.15999054908752442,0.16396433115005494,0.11504130810499191,0.27166879177093508,0.40385159850120547,0.17975884675979615,0.4007236957550049,0.2303076535463333,0.2980000376701355,0.3728284239768982,0.31272757053375246,0.12515278160572053,0.413684606552124,0.10972404479980469,0.4427157938480377,0.13347983360290528,0.4777396321296692,0.3950868546962738],"bodySizes":[2.1216795444488527,1.9158354997634888,1.9681215286254883],"springs":[],"dumpers":[],"name":16245,"generation":466,"distance":23.070871353149415,"reward":0.6303005218505859},{"angles":[45.5321044921875,16.945493698120118,-58.412818908691409,25.22296142578125,-30.314109802246095,24.70985221862793,-28.897926330566408,-17.018417358398439,36.908470153808597,1.4333648681640626,14.991926193237305,42.55750274658203,17.866573333740236,0.9632568359375,-20.755126953125,2.026813507080078,2.6113357543945314,58.142333984375,-5.4431304931640629,-38.41893005371094,22.039215087890626,-53.62956237792969,-32.476531982421878,-50.51818084716797,23.699254989624025,-33.333518981933597,-0.9834136962890625,-54.013282775878909,26.991788864135743,-17.883604049682618,-23.945037841796876,1.3712539672851563,42.26576232910156,35.045143127441409,11.657890319824219,21.332412719726564,-15.224441528320313,-36.3453369140625,-25.698904037475587,-41.07466125488281,-23.043731689453126,-35.02735900878906,48.27077865600586,40.25475311279297,7.158760070800781,45.51738739013672,54.78783416748047,52.12932586669922,-40.662689208984378,-44.280120849609378,30.543264389038087,-30.326026916503908,35.75776672363281,-21.60253143310547,-59.51658630371094,-34.96251678466797,38.71434783935547,-15.043638229370118,-13.103792190551758,-19.391504287719728,-54.70079803466797,-33.02094268798828,-10.636459350585938,-47.37510681152344,-46.16407775878906,-41.16032409667969,56.599700927734378,59.77116394042969,-15.493318557739258,21.790822982788087,26.394079208374025,-53.53662109375,-51.83049011230469,48.382930755615237,-19.814620971679689,-16.27323341369629,-5.309320449829102,44.14871597290039,25.351293563842775,-21.525957107543947],"legSizes":[0.2304871380329132,0.23636773228645326,0.36258506774902346,0.22768819332122804,0.2405828833580017,0.3297143578529358,0.15999054908752442,0.16396433115005494,0.11504130810499191,0.13320136070251466,0.40163174271583559,0.34654906392097475,0.4007236957550049,0.2303076535463333,0.39750638604164126,0.3728284239768982,0.2712549567222595,0.12515278160572053,0.1749715358018875,0.16455531120300294,0.39613574743270876,0.13347983360290528,0.37634825706481936,0.3629532754421234],"bodySizes":[2.079240322113037,1.8290461301803589,2.1035876274108888],"springs":[],"dumpers":[],"name":16245,"generation":466,"distance":23.070871353149415,"reward":-41.21428298950195},{"angles":[-13.730743408203125,16.945493698120118,3.3413658142089845,25.22296142578125,-30.314109802246095,-23.063085556030275,-23.342079162597658,32.76045608520508,-2.430431365966797,-35.739501953125,52.430320739746097,42.55750274658203,5.419914245605469,-8.98785400390625,25.061843872070314,46.74894332885742,16.290693283081056,-20.4027042388916,42.36024475097656,9.598281860351563,28.447593688964845,-15.17332649230957,-48.216819763183597,-50.51818084716797,-55.52002716064453,59.453102111816409,23.432607650756837,-23.32648468017578,45.83514404296875,-17.883604049682618,-23.945037841796876,55.161781311035159,6.14930534362793,6.785696029663086,6.23236083984375,21.332412719726564,23.964096069335939,29.813060760498048,-5.139762878417969,-25.588279724121095,-23.043731689453126,-35.02735900878906,25.88697624206543,40.25475311279297,-37.11576843261719,-6.7642822265625,54.78783416748047,24.412221908569337,-40.662689208984378,-43.23442077636719,30.543264389038087,-30.326026916503908,6.1066741943359379,-21.60253143310547,-59.51658630371094,-55.361663818359378,-43.264434814453128,4.218557357788086,-12.132102966308594,10.761186599731446,-54.70079803466797,-46.65510559082031,13.294166564941407,-51.92125701904297,57.40729522705078,51.153656005859378,8.775337219238282,-39.7496337890625,2.7632408142089845,-14.405029296875,26.394079208374025,4.512382507324219,-43.253746032714847,-48.68934631347656,9.988754272460938,42.850868225097659,-10.836158752441407,-16.821075439453126,-44.22783660888672,27.292869567871095],"legSizes":[0.31243568658828738,0.45045703649520876,0.2574877440929413,0.2522301971912384,0.2289545238018036,0.3297143578529358,0.34138962626457217,0.1814502775669098,0.20978525280952454,0.23385389149188996,0.10049901157617569,0.11459002643823624,0.4533573091030121,0.1888703852891922,0.39577388763427737,0.18938755989074708,0.36660441756248476,0.47363048791885378,0.36713069677352908,0.16455531120300294,0.4427157938480377,0.13347983360290528,0.3981991410255432,0.11979418247938156],"bodySizes":[2.0384726524353029,1.9569143056869507,2.0054564476013185],"springs":[],"dumpers":[],"name":16245,"generation":466,"distance":23.070871353149415,"reward":-42.04957580566406}]}