{"geneDatas":[{"angles":[-38.84393310546875,-44.050537109375,35.26832962036133,-50.902992248535159,-57.878326416015628,61.06834030151367,37.93421936035156,52.53447723388672,-23.201202392578126,58.34868621826172,17.775848388671876,5.8201141357421879,30.25454330444336,-32.03076934814453,-47.65318298339844,-57.18202209472656,21.344074249267579,13.62541389465332,31.911405563354493,49.2711181640625,-50.42289733886719,37.39029312133789,40.427642822265628,-18.01628303527832,35.411136627197269,-8.865915298461914,51.08274841308594,-42.65038299560547,24.051259994506837,27.028484344482423,-0.5706825256347656,-44.5341796875,57.036781311035159,58.228553771972659,-26.45256805419922,-32.85919189453125,39.73975372314453,-5.844892501831055,-16.546531677246095,-48.41107177734375,20.567419052124025,-31.71619987487793,17.558269500732423,-31.842912673950197,-10.391014099121094,50.4755859375,9.765106201171875,66.07421875,-6.551107406616211,44.881622314453128,29.308761596679689,-12.431337356567383,13.339225769042969,-23.851768493652345,-48.403900146484378,-29.748611450195314,-7.623746871948242,35.680519104003909,37.61498260498047,-40.23078918457031,20.74444580078125,82.6981201171875,-37.757049560546878,53.00872802734375,18.650848388671876,-57.530609130859378,-32.59025573730469,47.35846710205078,-46.81012725830078,13.440805435180664,-16.46715545654297,75.31248474121094,-26.791242599487306,-33.79011535644531,-8.842813491821289,-38.32611846923828,35.94898223876953,-31.48368263244629,-16.526390075683595,-41.88042449951172],"legSizes":[0.33801543712615969,0.4413940906524658,0.15532293915748597,0.21004146337509156,0.3766029477119446,0.3115108609199524,0.3497636914253235,0.3850098252296448,0.43423619866371157,0.3613819479942322,0.430574506521225,0.46839919686317446,0.48713913559913638,0.24999994039535523,0.2913303077220917,0.10887842625379563,0.48585066199302676,0.4428296983242035,0.4474096894264221,0.16261520981788636,0.3627668023109436,0.39143243432044985,0.20256903767585755,0.1240759864449501],"bodySizes":[2.0117578506469728,1.858196496963501,2.1400437355041506],"springs":[],"dumpers":[],"name":2039,"generation":58,"distance":77.01329040527344,"reward":-77.01329040527344},{"angles":[-38.84393310546875,-44.050537109375,35.26832962036133,-50.902992248535159,-57.878326416015628,61.06834030151367,37.93421936035156,-38.83992004394531,-23.201202392578126,58.34868621826172,17.775848388671876,5.8201141357421879,30.25454330444336,-32.03076934814453,-47.65318298339844,3.1080360412597658,35.195430755615237,13.62541389465332,31.911405563354493,49.2711181640625,-50.42289733886719,37.39029312133789,40.427642822265628,-18.01628303527832,35.411136627197269,-8.865915298461914,51.08274841308594,-42.65038299560547,24.051259994506837,27.028484344482423,-0.5706825256347656,-44.5341796875,57.036781311035159,58.228553771972659,-26.45256805419922,15.17255973815918,-22.218841552734376,-5.844892501831055,-16.546531677246095,-19.29627799987793,-44.984825134277347,-31.71619987487793,-46.528404235839847,9.149215698242188,-14.48402214050293,-29.017974853515626,29.174049377441408,66.07421875,13.218406677246094,11.243110656738282,29.308761596679689,3.603107452392578,-9.346366882324219,-13.531343460083008,-7.864585876464844,9.015832901000977,46.91373825073242,9.981201171875,15.460796356201172,18.542015075683595,-14.327150344848633,34.082122802734378,-37.757049560546878,21.962614059448243,26.706274032592775,-51.41265106201172,-24.631269454956056,-11.577980041503907,-46.81012725830078,37.16770553588867,-19.002405166625978,47.765621185302737,-26.791242599487306,-33.79011535644531,22.560810089111329,-1.5226020812988282,35.94898223876953,-31.48368263244629,32.91010284423828,-41.88042449951172],"legSizes":[0.33801543712615969,0.4413940906524658,0.15532293915748597,0.46531909704208376,0.3766029477119446,0.3115108609199524,0.3497636914253235,0.3850098252296448,0.43423619866371157,0.3613819479942322,0.430574506521225,0.38143497705459597,0.48713913559913638,0.24999994039535523,0.2913303077220917,0.10887842625379563,0.48585066199302676,0.4428296983242035,0.4474096894264221,0.10496368259191513,0.45092886686325076,0.39143243432044985,0.20256903767585755,0.4751286506652832],"bodySizes":[2.017773389816284,1.8637529611587525,2.127302408218384],"springs":[],"dumpers":[],"name":2039,"generation":58,"distance":77.01329040527344,"reward":-94.86827850341797},{"angles":[-33.539207458496097,-35.35980987548828,-48.61711883544922,58.79706573486328,-25.296884536743165,61.06834030151367,37.93421936035156,52.53447723388672,-23.201202392578126,58.34868621826172,17.775848388671876,5.8201141357421879,30.25454330444336,-32.03076934814453,-47.65318298339844,-57.18202209472656,21.344074249267579,13.62541389465332,40.32763671875,49.2711181640625,-50.42289733886719,37.39029312133789,40.427642822265628,-18.01628303527832,35.411136627197269,-8.865915298461914,-41.43730926513672,-42.65038299560547,24.051259994506837,27.028484344482423,-0.5706825256347656,-44.5341796875,57.036781311035159,58.228553771972659,-26.45256805419922,-32.85919189453125,10.761301040649414,-5.844892501831055,-16.546531677246095,46.64765930175781,20.567419052124025,-31.71619987487793,17.558269500732423,-31.842912673950197,-10.391014099121094,50.4755859375,9.765106201171875,66.07421875,-6.551107406616211,44.881622314453128,29.308761596679689,-27.62926483154297,13.339225769042969,-23.851768493652345,-48.403900146484378,-29.748611450195314,-7.623746871948242,35.680519104003909,16.748584747314454,-40.23078918457031,20.74444580078125,82.6981201171875,-37.757049560546878,53.00872802734375,18.650848388671876,-57.530609130859378,-32.59025573730469,-31.032455444335939,-46.81012725830078,13.440805435180664,-19.002405166625978,75.31248474121094,-52.414337158203128,8.972145080566407,-9.199396133422852,-1.5226020812988282,35.94898223876953,-31.48368263244629,52.60564422607422,-41.88042449951172],"legSizes":[0.45991793274879458,0.2492980659008026,0.49887046217918398,0.10813098400831223,0.49808627367019656,0.19337177276611329,0.2652672529220581,0.38219910860061648,0.449535995721817,0.11353182792663574,0.43545323610305788,0.4312404990196228,0.48713913559913638,0.24999994039535523,0.2913303077220917,0.10887842625379563,0.48585066199302676,0.4428296983242035,0.3626299500465393,0.16261520981788636,0.3627668023109436,0.39143243432044985,0.20256903767585755,0.1240759864449501],"bodySizes":[2.0117578506469728,1.858196496963501,2.1400437355041506],"springs":[],"dumpers":[],"name":2039,"generation":58,"distance":77.01329040527344,"reward":-100.04512023925781}]}