{"geneDatas":[{"angles":[-12.795402526855469,34.53825378417969,-21.402917861938478,26.786367416381837,6.394765853881836,-5.485359191894531,-23.342079162597658,-55.748321533203128,-53.92670440673828,24.498266220092775,34.03799057006836,55.65167236328125,-2.7725677490234377,-17.42133331298828,-47.547637939453128,43.46099853515625,26.17247772216797,-45.27637481689453,-28.53094482421875,-26.75444793701172,-43.245094299316409,-50.158912658691409,9.364065170288086,-5.7162017822265629,23.699254989624025,-28.802770614624025,-8.743995666503907,45.313812255859378,-46.548431396484378,16.281179428100587,43.88939666748047,4.864046096801758,19.80841827392578,2.3832244873046877,54.64380645751953,-23.7694149017334,-56.76011657714844,24.442119598388673,14.996759414672852,20.093162536621095,-23.043731689453126,-57.87836456298828,17.600324630737306,23.35747528076172,23.747573852539064,-3.6879234313964845,54.78783416748047,52.12932586669922,19.515666961669923,-20.006498336791993,-10.610467910766602,22.109683990478517,24.62928581237793,-3.22869873046875,-59.208839416503909,-37.29161834716797,12.457229614257813,-52.511505126953128,-57.462913513183597,34.11869812011719,-54.51025390625,-56.01084899902344,13.294166564941407,41.72888946533203,-12.778579711914063,-52.26670837402344,-25.93568229675293,-1.1466178894042969,7.091154098510742,-36.987579345703128,26.70361328125,8.056159973144532,13.776906967163086,-9.666902542114258,-52.940528869628909,33.26838684082031,1.5303535461425782,24.642833709716798,-44.22783660888672,7.300178527832031],"legSizes":[0.4312191605567932,0.47410231828689577,0.4907147288322449,0.4691848158836365,0.3408889174461365,0.3297143578529358,0.26032012701034548,0.2729945480823517,0.4793211817741394,0.35219964385032656,0.10049901157617569,0.4633161425590515,0.45052751898765566,0.1888703852891922,0.3582076132297516,0.24550217390060426,0.23413795232772828,0.49738436937332156,0.28600379824638369,0.2696177661418915,0.4427157938480377,0.13347983360290528,0.35031041502952578,0.33733516931533816],"bodySizes":[1.9046446084976197,2.0621883869171144,2.036796808242798],"springs":[],"dumpers":[],"name":18212,"generation":520,"distance":36.1959114074707,"reward":-36.1959114074707},{"angles":[-12.795402526855469,34.53825378417969,5.667205810546875,26.786367416381837,6.394765853881836,-5.485359191894531,-23.342079162597658,-55.748321533203128,-53.92670440673828,39.410621643066409,34.03799057006836,55.65167236328125,-2.7725677490234377,-17.42133331298828,-47.547637939453128,43.46099853515625,26.17247772216797,-45.27637481689453,-28.53094482421875,-26.75444793701172,-43.245094299316409,-50.158912658691409,9.364065170288086,-5.7162017822265629,23.699254989624025,-28.802770614624025,-8.743995666503907,45.313812255859378,-46.548431396484378,34.98023986816406,43.88939666748047,4.864046096801758,19.80841827392578,-42.84941101074219,54.64380645751953,-23.7694149017334,39.44464874267578,24.442119598388673,14.996759414672852,20.093162536621095,-23.043731689453126,-57.87836456298828,17.600324630737306,34.40178298950195,23.747573852539064,-3.6879234313964845,54.78783416748047,52.12932586669922,19.515666961669923,-20.006498336791993,-10.610467910766602,22.109683990478517,24.62928581237793,-3.22869873046875,-59.208839416503909,-37.29161834716797,12.457229614257813,-52.511505126953128,-57.462913513183597,34.11869812011719,-54.51025390625,-56.01084899902344,13.294166564941407,41.72888946533203,-12.778579711914063,-52.26670837402344,-25.93568229675293,-1.1466178894042969,7.091154098510742,-36.987579345703128,26.70361328125,8.056159973144532,25.959989547729493,-9.666902542114258,-52.940528869628909,21.071746826171876,1.5303535461425782,24.642833709716798,-44.22783660888672,7.300178527832031],"legSizes":[0.4312191605567932,0.47410231828689577,0.4907147288322449,0.4691848158836365,0.3408889174461365,0.3297143578529358,0.38707366585731509,0.26898548007011416,0.15555673837661744,0.13902884721755982,0.37692970037460329,0.30596816539764407,0.39360013604164126,0.173255056142807,0.4686560034751892,0.18938755989074708,0.3053296208381653,0.49738436937332156,0.28600379824638369,0.2696177661418915,0.4427157938480377,0.13347983360290528,0.35031041502952578,0.33733516931533816],"bodySizes":[1.9889354705810547,1.8318171501159669,2.1957716941833498],"springs":[],"dumpers":[],"name":18212,"generation":520,"distance":36.1959114074707,"reward":-37.26939010620117},{"angles":[33.28702926635742,18.495710372924806,26.04064178466797,57.189903259277347,52.599266052246097,24.70985221862793,-25.622314453125,-55.748321533203128,49.27880096435547,1.4333648681640626,14.991926193237305,-24.942962646484376,-11.403085708618164,-17.42133331298828,-47.547637939453128,-55.93695068359375,29.08291244506836,-35.2396240234375,-28.53094482421875,28.787139892578126,-43.245094299316409,32.949642181396487,9.364065170288086,-50.51818084716797,23.699254989624025,-28.802770614624025,-8.743995666503907,45.313812255859378,-46.548431396484378,34.98023986816406,-56.30004119873047,-34.69750213623047,19.80841827392578,-1.9413986206054688,54.64380645751953,-23.7694149017334,39.44464874267578,24.442119598388673,14.996759414672852,55.20033264160156,-23.043731689453126,30.058979034423829,35.408721923828128,-46.80308532714844,23.747573852539064,-20.570091247558595,54.78783416748047,52.12932586669922,46.00727844238281,-20.006498336791993,-7.028968811035156,22.109683990478517,24.62928581237793,5.386268615722656,-59.208839416503909,-32.445404052734378,57.432945251464847,15.703750610351563,9.20866584777832,-34.640838623046878,-59.22935485839844,43.171966552734378,13.294166564941407,42.51817321777344,57.40729522705078,-9.118217468261719,-1.3613815307617188,-1.1466178894042969,3.490997314453125,-36.987579345703128,-20.595680236816408,8.056159973144532,36.48051452636719,-9.666902542114258,38.51373291015625,-58.06660461425781,-57.63999938964844,25.888166427612306,-44.22783660888672,-48.70855712890625],"legSizes":[0.4312191605567932,0.47410231828689577,0.2670174241065979,0.4552847445011139,0.10247917473316193,0.27724945545196535,0.26032012701034548,0.2097553014755249,0.4793211817741394,0.35219964385032656,0.10049901157617569,0.4633161425590515,0.45052751898765566,0.1888703852891922,0.3582076132297516,0.24550217390060426,0.4855496287345886,0.30038926005363467,0.17326116561889649,0.2696177661418915,0.41326838731765749,0.34635308384895327,0.4534375071525574,0.33733516931533816],"bodySizes":[2.0759429931640627,1.9157966375350953,2.011523485183716],"springs":[],"dumpers":[],"name":18212,"generation":520,"distance":36.1959114074707,"reward":-38.12948989868164}]}