{"geneDatas":[{"angles":[-33.539207458496097,-26.265283584594728,30.90668487548828,2.407001495361328,56.76179504394531,6.410444259643555,59.732566833496097,15.697057723999024,44.481781005859378,-51.373558044433597,-12.063497543334961,-42.767417907714847,-40.43330383300781,-39.653564453125,-53.92256164550781,25.024694442749025,1.1320571899414063,-32.75482177734375,49.29302215576172,49.36933898925781,-59.69786071777344,-13.174959182739258,41.27995300292969,34.085811614990237,14.46021842956543,-7.196081161499023,50.070247650146487,25.138389587402345,19.560453414916993,27.028484344482423,-36.24165344238281,0.8683280944824219,-12.819391250610352,25.563352584838868,19.154088973999025,33.706626892089847,-44.795997619628909,-38.42326354980469,-14.169021606445313,-48.41107177734375,-1.6786537170410157,-0.0120391845703125,59.923095703125,34.230350494384769,38.236915588378909,-51.12034606933594,58.930992126464847,50.86035919189453,13.218406677246094,-45.85088348388672,12.586074829101563,-22.23486328125,-4.9691314697265629,41.620330810546878,-37.079742431640628,-43.25701904296875,26.403507232666017,-53.242950439453128,42.91494369506836,-51.366050720214847,-11.954635620117188,9.154779434204102,32.772029876708987,-9.220252990722657,-7.0063934326171879,11.197877883911133,24.636581420898439,-50.06636047363281,-55.67756652832031,21.534902572631837,-23.837936401367189,-6.639068603515625,-23.71489715576172,30.50984764099121,-30.068265914916993,-3.466808319091797,29.237533569335939,-10.205232620239258,6.45234489440918,-40.36698913574219],"legSizes":[0.15601381659507752,0.365330308675766,0.25737839937210085,0.22366054356098176,0.2928120791912079,0.2386007010936737,0.4837416708469391,0.23060005903244019,0.4093179702758789,0.27212584018707278,0.20444071292877198,0.28866326808929446,0.11678829044103623,0.21302612125873567,0.2913303077220917,0.3513561189174652,0.11420188099145889,0.4428296983242035,0.3626299500465393,0.10496368259191513,0.12043066322803498,0.2691834568977356,0.36025768518447878,0.2705654501914978],"bodySizes":[1.8131358623504639,2.052791118621826,2.149388074874878],"springs":[],"dumpers":[],"name":3822,"generation":109,"distance":77.43138122558594,"reward":-77.43138122558594},{"angles":[-19.606969833374025,-47.61431884765625,-48.61711883544922,2.1699371337890627,-7.620569229125977,28.40325927734375,-11.24946403503418,51.39402770996094,7.318603515625,-35.04530334472656,-3.1199951171875,-31.346023559570314,-40.43330383300781,-16.11370277404785,-54.761436462402347,25.024694442749025,49.477989196777347,-14.633024215698243,46.64873504638672,32.539241790771487,-55.830772399902347,-16.241491317749025,47.532073974609378,58.587928771972659,18.919658660888673,5.114885330200195,-7.231056213378906,18.566434860229493,24.051259994506837,-33.568397521972659,-25.083396911621095,-44.1195068359375,-50.6419677734375,58.228553771972659,19.154088973999025,33.706626892089847,10.135152816772461,-58.75970458984375,-14.169021606445313,-48.41107177734375,-34.92835235595703,-0.0120391845703125,33.29397964477539,34.230350494384769,-4.099151611328125,-51.12034606933594,58.930992126464847,66.07421875,13.218406677246094,8.183591842651368,12.586074829101563,23.42407989501953,-11.445556640625,58.51322937011719,-37.079742431640628,-48.33216094970703,46.91373825073242,-8.526727676391602,-31.01203155517578,-33.40087127685547,-28.068702697753908,-45.36250305175781,54.94794845581055,-54.57093811035156,-7.0063934326171879,24.821462631225587,-39.410919189453128,-31.032455444335939,55.22614288330078,12.898612976074219,-23.78053092956543,1.5289955139160157,57.81108856201172,58.01450729370117,-13.12187385559082,-3.466808319091797,-30.761932373046876,-11.812469482421875,14.677757263183594,-26.10954475402832],"legSizes":[0.4856542944908142,0.3703763484954834,0.3150733709335327,0.1899157464504242,0.15357095003128053,0.10272874683141709,0.4837416708469391,0.23060005903244019,0.47706612944602969,0.15270347893238069,0.1652408242225647,0.12881413102149964,0.20419175922870637,0.24709221720695496,0.2913303077220917,0.37218108773231509,0.3943169116973877,0.4428296983242035,0.3626299500465393,0.10496368259191513,0.3920316696166992,0.1963377594947815,0.36025768518447878,0.2705654501914978],"bodySizes":[1.9617347717285157,1.9288614988327027,2.11421275138855],"springs":[],"dumpers":[],"name":3822,"generation":109,"distance":77.43138122558594,"reward":-94.1286849975586},{"angles":[-19.606969833374025,-47.61431884765625,55.58259582519531,54.198692321777347,-7.620569229125977,28.40325927734375,-11.24946403503418,51.39402770996094,7.318603515625,-35.04530334472656,-3.1199951171875,-31.346023559570314,-40.43330383300781,59.135169982910159,-54.761436462402347,25.024694442749025,38.584869384765628,-14.633024215698243,46.64873504638672,32.539241790771487,-55.830772399902347,-16.241491317749025,47.532073974609378,58.587928771972659,18.919658660888673,5.114885330200195,-7.231056213378906,-21.647048950195314,24.051259994506837,-33.568397521972659,-25.083396911621095,-44.1195068359375,-50.6419677734375,58.228553771972659,19.154088973999025,-52.750579833984378,10.761301040649414,44.73286437988281,-14.169021606445313,-48.41107177734375,-1.6786537170410157,35.855194091796878,33.29397964477539,48.44581604003906,-58.867652893066409,44.058448791503909,13.670661926269532,66.07421875,34.77973937988281,-20.558746337890626,-36.065826416015628,-28.53271484375,-19.87567710876465,43.56183624267578,-37.079742431640628,-43.25701904296875,26.403507232666017,13.072751998901368,42.91494369506836,-58.263816833496097,-11.954635620117188,9.154779434204102,32.772029876708987,-9.220252990722657,-7.0063934326171879,11.197877883911133,24.636581420898439,-50.06636047363281,-55.67756652832031,21.534902572631837,-23.837936401367189,-6.639068603515625,43.58037567138672,-57.54023742675781,-30.068265914916993,-3.466808319091797,29.237533569335939,-10.205232620239258,6.45234489440918,-4.884531021118164],"legSizes":[0.4856542944908142,0.29296863079071047,0.3150733709335327,0.1899157464504242,0.15357095003128053,0.10272874683141709,0.4837416708469391,0.23060005903244019,0.14332576096057893,0.15270347893238069,0.1652408242225647,0.12881413102149964,0.48713913559913638,0.21302612125873567,0.4746028780937195,0.37218108773231509,0.11420188099145889,0.4428296983242035,0.3626299500465393,0.10496368259191513,0.12043066322803498,0.2691834568977356,0.36025768518447878,0.23202192783355714],"bodySizes":[1.9609214067459107,1.928061842918396,2.115967035293579],"springs":[],"dumpers":[],"name":3822,"generation":109,"distance":77.43138122558594,"reward":-98.6917953491211}]}