{"geneDatas":[{"angles":[-2.8549232482910158,27.463102340698243,-12.814399719238282,0.1981201171875,-39.35490417480469,19.476110458374025,33.42009353637695,-48.34960174560547,-21.79639434814453,36.788307189941409,-20.285118103027345,12.482864379882813,-32.052581787109378,-27.16889762878418,-54.761436462402347,29.29205322265625,11.610382080078125,-26.14580726623535,46.64873504638672,32.08830261230469,-9.495542526245118,-16.241491317749025,-3.453105926513672,54.56664276123047,17.060348510742189,14.346464157104493,14.274436950683594,47.62666320800781,-23.28856086730957,36.07037353515625,-0.5185394287109375,-34.96052551269531,7.682683944702148,52.528480529785159,47.31768798828125,25.890195846557618,-10.002227783203125,-38.23845672607422,-40.95378112792969,-2.62652587890625,-1.6786537170410157,-44.60362243652344,59.923095703125,34.230350494384769,9.341819763183594,17.24213981628418,45.028968811035159,46.353965759277347,27.665632247924806,58.052757263183597,39.795166015625,-51.06085205078125,43.27928161621094,-11.008506774902344,-43.94129180908203,-31.951032638549806,46.91373825073242,31.48969078063965,-24.388425827026368,7.4813385009765629,-58.37781524658203,-43.43016815185547,-37.570396423339847,3.3279762268066408,17.747665405273439,40.76617431640625,7.830726623535156,20.368436813354493,37.52265930175781,-39.431236267089847,-19.91131019592285,12.331174850463868,-28.24541473388672,-46.263031005859378,16.464111328125,-22.3369140625,-5.425849914550781,-2.4627456665039064,38.136619567871097,8.143753051757813],"legSizes":[0.3403506577014923,0.46570634841918948,0.37266626954078677,0.3344302773475647,0.3590591847896576,0.2574378252029419,0.29319798946380618,0.13143134117126466,0.10184212028980255,0.28627002239227297,0.24114659428596497,0.4558493196964264,0.3120904564857483,0.18498626351356507,0.3795122504234314,0.25351017713546755,0.15519757568836213,0.31367915868759158,0.4018142819404602,0.2973298728466034,0.407035768032074,0.12007226794958115,0.2925085425376892,0.41235512495040896],"bodySizes":[1.9067132472991944,2.0144875049591066,2.082764148712158],"springs":[],"dumpers":[],"name":7590,"generation":216,"distance":30.0328426361084,"reward":-30.0328426361084},{"angles":[-2.8549232482910158,27.463102340698243,-12.814399719238282,0.1981201171875,22.39325523376465,19.476110458374025,33.42009353637695,-48.34960174560547,-21.79639434814453,36.788307189941409,-20.285118103027345,-13.309671401977539,-32.052581787109378,-27.16889762878418,-54.761436462402347,29.29205322265625,11.610382080078125,-26.14580726623535,46.64873504638672,32.08830261230469,-9.495542526245118,-16.241491317749025,-3.453105926513672,54.56664276123047,17.060348510742189,14.346464157104493,14.274436950683594,-50.21332550048828,-59.15614318847656,36.07037353515625,-24.587594985961915,-19.648767471313478,7.682683944702148,52.528480529785159,47.31768798828125,25.890195846557618,-10.002227783203125,-38.23845672607422,-45.97222900390625,-2.62652587890625,-1.6786537170410157,-44.60362243652344,59.923095703125,34.230350494384769,-18.472200393676759,17.24213981628418,45.028968811035159,46.353965759277347,27.665632247924806,58.052757263183597,39.795166015625,-51.06085205078125,43.27928161621094,22.269344329833986,-43.94129180908203,-31.951032638549806,46.91373825073242,36.645225524902347,-24.388425827026368,7.4813385009765629,-58.37781524658203,-43.43016815185547,-37.570396423339847,3.3279762268066408,17.747665405273439,40.76617431640625,7.830726623535156,20.368436813354493,37.52265930175781,-39.431236267089847,-19.91131019592285,12.331174850463868,-28.24541473388672,-46.263031005859378,16.464111328125,-22.3369140625,49.84454345703125,-2.4627456665039064,38.136619567871097,38.84925842285156],"legSizes":[0.3403506577014923,0.46570634841918948,0.37266626954078677,0.3344302773475647,0.3590591847896576,0.2574378252029419,0.29319798946380618,0.13143134117126466,0.10184212028980255,0.49748358130455019,0.18702372908592225,0.44069647789001467,0.23177668452262879,0.3438906967639923,0.23111112415790559,0.2286624312400818,0.3372107148170471,0.33582308888435366,0.23088735342025758,0.2973298728466034,0.407035768032074,0.12007226794958115,0.2925085425376892,0.41235512495040896],"bodySizes":[1.9067130088806153,2.0144872665405275,2.082763910293579],"springs":[],"dumpers":[],"name":7590,"generation":216,"distance":30.0328426361084,"reward":-43.30409622192383},{"angles":[56.12537384033203,19.772613525390626,37.68669891357422,-9.355009078979493,35.91796875,-24.728073120117189,33.42009353637695,-48.34960174560547,49.528255462646487,-41.313446044921878,-20.285118103027345,-13.309671401977539,34.10004425048828,-27.16889762878418,-54.761436462402347,4.925687789916992,-45.924110412597659,-26.14580726623535,46.64873504638672,26.809799194335939,-19.708276748657228,-59.68251037597656,-3.453105926513672,58.587928771972659,-32.39543151855469,34.14411926269531,14.274436950683594,-50.21332550048828,-36.1070556640625,-55.659423828125,-24.587594985961915,-19.648767471313478,-3.0949058532714845,-1.5406684875488282,29.0864315032959,25.890195846557618,-21.926101684570314,-38.23845672607422,-15.352998733520508,43.312156677246097,-1.6786537170410157,-44.60362243652344,16.23103904724121,34.230350494384769,-18.472200393676759,-8.507230758666993,45.028968811035159,46.353965759277347,27.665632247924806,58.052757263183597,-25.66082191467285,-51.06085205078125,43.27928161621094,22.269344329833986,-43.94129180908203,-31.951032638549806,51.33047103881836,36.645225524902347,-24.388425827026368,-51.88697052001953,-58.37781524658203,-43.43016815185547,-37.570396423339847,30.627464294433595,17.747665405273439,31.80178451538086,-2.4058570861816408,20.368436813354493,37.52265930175781,-39.431236267089847,-31.5466251373291,-29.395675659179689,-0.7309837341308594,-46.263031005859378,16.464111328125,-22.3369140625,-21.716773986816408,-2.4627456665039064,28.97659683227539,38.84925842285156],"legSizes":[0.3403506577014923,0.46570634841918948,0.4010680317878723,0.3344302773475647,0.3590591847896576,0.2574378252029419,0.4257766604423523,0.13143134117126466,0.10184212028980255,0.28627002239227297,0.24114659428596497,0.4558493196964264,0.3120904564857483,0.18498626351356507,0.3795122504234314,0.25351017713546755,0.15519757568836213,0.31367915868759158,0.489981472492218,0.26698148250579836,0.407035768032074,0.12007226794958115,0.2925085425376892,0.41235512495040896],"bodySizes":[1.7457319498062134,2.1439101696014406,2.137498378753662],"springs":[],"dumpers":[],"name":7590,"generation":216,"distance":30.0328426361084,"reward":-46.763755798339847}]}