{"geneDatas":[{"angles":[34.93759536743164,-33.67255401611328,44.158111572265628,-43.309906005859378,4.766815185546875,-19.620588302612306,55.95574188232422,-50.786048889160159,-10.323434829711914,-0.39757537841796877,35.375587463378909,-47.00909423828125,18.488386154174806,22.51114273071289,-20.59613800048828,52.420494079589847,7.995307922363281,49.24431610107422,-17.405855178833009,-55.58146667480469,25.626911163330079,49.59251403808594,-36.45636749267578,-29.20966339111328,27.819555282592775,-40.95740509033203,-16.0722599029541,44.01344680786133,-48.89934539794922,42.57894515991211,-21.951433181762697,-33.49433898925781,19.477584838867189,-47.411895751953128,24.647809982299806,-54.73028564453125,34.31095886230469,-3.7221107482910158,41.670310974121097,3.2290725708007814,-29.128768920898439,54.60784149169922,-36.290863037109378,59.00267791748047,58.389556884765628,47.51236343383789,42.95064926147461,39.782196044921878,-27.22075080871582,-17.041763305664064,-12.891647338867188,-39.208518981933597,40.67951202392578,-9.893037796020508,-58.84465026855469,23.05080223083496,32.149085998535159,17.998464584350587,9.126611709594727,-31.912193298339845,-51.722877502441409,-50.751670837402347,-13.688356399536133,25.011320114135743,39.500770568847659,41.50571823120117,-45.98845672607422,-37.88653564453125,-9.294197082519532,47.029335021972659,31.265615463256837,38.33332824707031,30.254226684570314,-10.565034866333008,-41.37462615966797,23.722068786621095,-55.20265197753906,-48.442298889160159,31.10785675048828,51.36188507080078],"legSizes":[0.24277588725090028,0.24137575924396516,0.28025415539741518,0.4242846965789795,0.3966867923736572,0.2879543900489807,0.19105371832847596,0.13866586983203889,0.3940223157405853,0.11457176506519318,0.4007583260536194,0.3961283564567566,0.22864821553230287,0.38171952962875368,0.41688913106918337,0.3488764464855194,0.34049904346466067,0.25297266244888308,0.20572002232074738,0.23476436734199525,0.4684666097164154,0.20441968739032746,0.3040503263473511,0.40328073501586916],"bodySizes":[2.239311456680298,1.5511330366134644,2.3031721115112306],"springs":[],"dumpers":[],"name":31052,"generation":886,"distance":30.37946319580078,"reward":-30.37946319580078},{"angles":[34.93759536743164,-58.9110107421875,44.158111572265628,-43.309906005859378,-27.114578247070314,-19.620588302612306,55.95574188232422,7.513223648071289,-10.323434829711914,-9.415548324584961,35.375587463378909,38.202125549316409,18.488386154174806,22.51114273071289,-20.59613800048828,52.420494079589847,7.995307922363281,49.24431610107422,-17.405855178833009,-46.75370788574219,24.279081344604493,34.397705078125,-36.45636749267578,-29.20966339111328,27.819555282592775,-40.95740509033203,-16.0722599029541,44.01344680786133,-48.89934539794922,42.57894515991211,-21.951433181762697,49.18804931640625,19.477584838867189,58.157745361328128,24.647809982299806,-54.73028564453125,34.31095886230469,-3.7221107482910158,40.00169372558594,53.94989776611328,-29.128768920898439,-16.52187156677246,-51.36637878417969,-0.920654296875,59.65434265136719,21.641090393066408,53.22892761230469,42.56018829345703,-54.491485595703128,14.652364730834961,32.287200927734378,19.220508575439454,40.67951202392578,-9.893037796020508,-46.553009033203128,23.05080223083496,32.149085998535159,-34.47840118408203,57.457054138183597,11.015588760375977,-51.722877502441409,-42.313499450683597,3.8672103881835939,7.00432014465332,-19.709280014038087,38.442535400390628,-45.98845672607422,-33.23591613769531,-9.294197082519532,47.029335021972659,-7.743965148925781,38.33332824707031,-11.270307540893555,6.748315811157227,-24.1236515045166,53.08187484741211,-55.20265197753906,-32.49193572998047,-12.72802734375,-44.06584930419922],"legSizes":[0.24277588725090028,0.2988117039203644,0.21779605746269227,0.360015869140625,0.3234180212020874,0.1345166712999344,0.19105371832847596,0.13866586983203889,0.4605129361152649,0.3089781105518341,0.4007583260536194,0.18874235451221467,0.22864821553230287,0.3807767331600189,0.41688913106918337,0.213034987449646,0.4430484175682068,0.37789207696914675,0.34093302488327029,0.23476436734199525,0.27539271116256716,0.3178821802139282,0.4276217818260193,0.13595205545425416],"bodySizes":[2.23836350440979,1.5497814416885377,2.306157350540161],"springs":[],"dumpers":[],"name":31052,"generation":886,"distance":30.37946319580078,"reward":-32.103614807128909},{"angles":[-47.97734069824219,36.799407958984378,-8.526527404785157,-43.309906005859378,-27.114578247070314,-19.620588302612306,53.30540466308594,36.84133529663086,1.9947395324707032,-9.415548324584961,35.375587463378909,45.39829635620117,-12.200210571289063,-37.947723388671878,43.655006408691409,58.96502685546875,-23.9405460357666,-29.673377990722658,-7.609254837036133,-11.48765754699707,22.363943099975587,34.397705078125,-22.952348709106447,-7.93333625793457,55.23651123046875,-17.716650009155275,-22.964950561523439,-37.83338165283203,53.284423828125,-43.114356994628909,28.520763397216798,44.42652130126953,22.901586532592775,-24.73350715637207,54.25230407714844,-54.73028564453125,34.31095886230469,-3.7221107482910158,52.93621826171875,3.2290725708007814,13.781827926635743,54.60784149169922,24.76728630065918,59.00267791748047,-27.319055557250978,47.51236343383789,42.95064926147461,39.782196044921878,-27.22075080871582,-17.041763305664064,-12.891647338867188,-35.02207946777344,40.67951202392578,-9.893037796020508,-58.84465026855469,12.503305435180664,-51.981651306152347,-34.47840118408203,57.457054138183597,11.015588760375977,-51.722877502441409,-26.557310104370118,-24.500877380371095,-8.527572631835938,2.483631134033203,38.442535400390628,-45.98845672607422,37.74341583251953,2.9743690490722658,47.029335021972659,-7.743965148925781,-4.8336181640625,5.668207168579102,18.644210815429689,-28.900115966796876,20.256668090820314,34.47329330444336,-32.49193572998047,-57.80762481689453,2.752025604248047],"legSizes":[0.24277588725090028,0.3031691908836365,0.21779605746269227,0.360015869140625,0.25809237360954287,0.2879543900489807,0.36418503522872927,0.13866586983203889,0.4605129361152649,0.3089781105518341,0.4007583260536194,0.43450871109962466,0.45133525133132937,0.3807767331600189,0.3473273515701294,0.485006719827652,0.4430484175682068,0.37789207696914675,0.18403014540672303,0.23476436734199525,0.19980984926223756,0.22899973392486573,0.26043179631233218,0.340027391910553],"bodySizes":[2.0404889583587648,1.4302427768707276,2.7412331104278566],"springs":[],"dumpers":[],"name":31052,"generation":886,"distance":30.37946319580078,"reward":-33.67897033691406}]}