{"geneDatas":[{"angles":[2.694477081298828,2.4731597900390627,52.193824768066409,48.0223388671875,8.325654983520508,7.045890808105469,24.98946189880371,-34.46315002441406,-9.990743637084961,-41.42857360839844,52.265769958496097,25.8704833984375,-25.07159423828125,-0.9280242919921875,-34.48651123046875,52.706336975097659,-23.67866325378418,58.048851013183597,27.690351486206056,-23.35533905029297,-3.370777130126953,-10.396322250366211,9.364065170288086,-29.226829528808595,28.786924362182618,37.04512405395508,-23.332778930664064,33.563690185546878,-47.595703125,-38.162872314453128,1.9895210266113282,0.9241180419921875,-6.778070449829102,49.55218505859375,54.64380645751953,-31.688173294067384,22.680356979370118,-56.344886779785159,-57.70653533935547,-51.310813903808597,24.554243087768556,13.264297485351563,58.57074737548828,48.48699951171875,30.422698974609376,42.90460205078125,54.78783416748047,49.92414855957031,55.83856964111328,40.212562561035159,-33.58174133300781,-21.317659378051759,40.92573165893555,8.354581832885743,-45.20686340332031,-37.29161834716797,48.13294982910156,-39.92665100097656,45.56067657470703,11.366693496704102,-51.722877502441409,-29.289474487304689,-22.783950805664064,37.977447509765628,22.87313461303711,-49.4110107421875,18.471534729003908,-29.314865112304689,48.2857666015625,47.779266357421878,13.456457138061524,-2.953369140625,-35.157936096191409,-3.9348716735839845,-55.582794189453128,-11.264198303222657,36.71586608886719,-8.285802841186524,46.157554626464847,7.990900039672852],"legSizes":[0.48006153106689455,0.49341750144958498,0.37850385904312136,0.29178130626678469,0.1318756639957428,0.44694843888282778,0.3051750063896179,0.10902819782495499,0.3997233808040619,0.4597183167934418,0.3289242386817932,0.3736363351345062,0.33057472109794619,0.42956429719924929,0.44775861501693728,0.13316312432289124,0.27040165662765505,0.39255136251449587,0.11778221279382706,0.12775292992591859,0.4837760925292969,0.4870162606239319,0.4508568346500397,0.22220653295516969],"bodySizes":[2.232438564300537,1.5691055059432984,2.283801317214966],"springs":[],"dumpers":[],"name":23487,"generation":675,"distance":23.445049285888673,"reward":-23.445049285888673},{"angles":[54.61080551147461,44.7408447265625,43.8388671875,39.10729217529297,-16.46197509765625,7.045890808105469,24.98946189880371,-34.46315002441406,-9.990743637084961,-41.42857360839844,52.265769958496097,25.8704833984375,-25.07159423828125,-0.9280242919921875,-34.48651123046875,52.706336975097659,-15.531515121459961,58.048851013183597,27.690351486206056,-23.35533905029297,-3.370777130126953,-10.396322250366211,9.364065170288086,-29.226829528808595,28.786924362182618,37.04512405395508,-23.332778930664064,46.78477478027344,-47.595703125,-38.162872314453128,1.9895210266113282,0.9241180419921875,-6.778070449829102,49.55218505859375,54.64380645751953,-31.688173294067384,22.680356979370118,-56.344886779785159,-57.70653533935547,-51.310813903808597,24.554243087768556,13.264297485351563,58.57074737548828,48.48699951171875,30.422698974609376,42.90460205078125,54.78783416748047,49.92414855957031,55.83856964111328,40.212562561035159,-33.58174133300781,-21.317659378051759,40.92573165893555,8.354581832885743,-45.20686340332031,-37.29161834716797,48.13294982910156,-39.92665100097656,45.56067657470703,11.366693496704102,-51.722877502441409,-29.289474487304689,-22.783950805664064,37.977447509765628,22.87313461303711,-49.4110107421875,18.471534729003908,-29.314865112304689,48.2857666015625,47.779266357421878,13.456457138061524,-2.953369140625,-35.157936096191409,59.758201599121097,-55.582794189453128,-11.264198303222657,36.71586608886719,-8.285802841186524,46.157554626464847,7.990900039672852],"legSizes":[0.48006153106689455,0.49341750144958498,0.37850385904312136,0.29178130626678469,0.1318756639957428,0.44694843888282778,0.3051750063896179,0.10902819782495499,0.44372740387916567,0.4597183167934418,0.3289242386817932,0.3736363351345062,0.33057472109794619,0.42956429719924929,0.44775861501693728,0.13316312432289124,0.27040165662765505,0.39255136251449587,0.11778221279382706,0.12775292992591859,0.4837760925292969,0.4870162606239319,0.4508568346500397,0.22220653295516969],"bodySizes":[2.232438564300537,1.5691055059432984,2.283801317214966],"springs":[],"dumpers":[],"name":23487,"generation":675,"distance":23.445049285888673,"reward":-23.469608306884767},{"angles":[54.61080551147461,44.7408447265625,43.8388671875,39.10729217529297,-16.46197509765625,-15.024482727050782,24.98946189880371,-34.46315002441406,-9.990743637084961,-41.42857360839844,52.265769958496097,25.8704833984375,-25.07159423828125,-0.9280242919921875,-34.48651123046875,52.706336975097659,-15.531515121459961,58.048851013183597,27.690351486206056,0.9407958984375,-3.370777130126953,-10.396322250366211,55.085533142089847,-29.226829528808595,28.786924362182618,37.04512405395508,-38.12041473388672,46.78477478027344,-47.595703125,-38.162872314453128,1.9895210266113282,0.9241180419921875,-6.778070449829102,49.55218505859375,54.64380645751953,-31.688173294067384,22.680356979370118,-56.344886779785159,-57.70653533935547,-51.310813903808597,24.554243087768556,13.264297485351563,58.57074737548828,48.48699951171875,30.422698974609376,42.90460205078125,54.78783416748047,49.92414855957031,55.83856964111328,40.212562561035159,-33.58174133300781,-21.317659378051759,40.92573165893555,8.354581832885743,-45.20686340332031,-6.789558410644531,48.13294982910156,-39.92665100097656,-17.955156326293947,11.366693496704102,-51.722877502441409,-29.289474487304689,-22.783950805664064,37.977447509765628,22.87313461303711,-49.4110107421875,18.471534729003908,-29.314865112304689,48.2857666015625,47.779266357421878,13.456457138061524,-2.953369140625,-35.157936096191409,59.758201599121097,-55.582794189453128,-11.264198303222657,-31.775550842285158,56.2369384765625,37.50065612792969,37.909584045410159],"legSizes":[0.48006153106689455,0.49341750144958498,0.37850385904312136,0.29178130626678469,0.1318756639957428,0.44694843888282778,0.3051750063896179,0.10902819782495499,0.44372740387916567,0.4690370559692383,0.3289242386817932,0.3736363351345062,0.33057472109794619,0.42956429719924929,0.44775861501693728,0.13316312432289124,0.27040165662765505,0.39255136251449587,0.11778221279382706,0.12775292992591859,0.4837760925292969,0.27963197231292727,0.31159546971321108,0.1518619954586029],"bodySizes":[2.2298290729522707,1.56727135181427,2.2891499996185304],"springs":[],"dumpers":[],"name":23487,"generation":675,"distance":23.445049285888673,"reward":-28.199378967285158}]}