{"geneDatas":[{"angles":[56.12537384033203,-20.139862060546876,57.84077453613281,-32.826690673828128,-7.620569229125977,-22.909950256347658,-33.63348388671875,-58.19200134277344,44.481781005859378,-41.537132263183597,-12.063497543334961,31.869977951049806,-35.201568603515628,40.921485900878909,-54.761436462402347,22.361366271972658,11.610382080078125,0.025341033935546876,41.90654754638672,32.539241790771487,11.739313125610352,-16.241491317749025,21.267698287963868,29.250350952148439,12.488656997680664,34.08419418334961,-38.28346252441406,-50.21332550048828,25.835350036621095,6.450540542602539,-45.042015075683597,-0.34686279296875,57.08720397949219,-34.64738464355469,55.868064880371097,19.614469528198243,-4.538763046264648,54.26044464111328,-30.292770385742189,-39.08580780029297,-1.6786537170410157,-36.23003387451172,59.923095703125,34.230350494384769,-16.24510955810547,-0.17947769165039063,39.37767791748047,46.353965759277347,-49.85870361328125,-45.85088348388672,57.47674560546875,-40.02220916748047,35.11858367919922,41.620330810546878,-37.079742431640628,-48.33216094970703,46.91373825073242,0.2886848449707031,-31.01203155517578,-33.40087127685547,-40.62406921386719,-40.44420623779297,54.94794845581055,41.96870422363281,-1.8039665222167969,24.821462631225587,11.508813858032227,-40.536033630371097,-16.22313690185547,-18.638511657714845,-19.91131019592285,29.434173583984376,-32.903839111328128,-51.716949462890628,39.3482780456543,0.5894508361816406,-30.761932373046876,4.97943115234375,26.722469329833986,-26.10954475402832],"legSizes":[0.3119354546070099,0.24389690160751344,0.20666459202766419,0.1901770532131195,0.26387661695480349,0.10272874683141709,0.49081239104270937,0.23060005903244019,0.31797119975090029,0.15270347893238069,0.3147507309913635,0.47959432005882265,0.2793981730937958,0.12038841098546982,0.2913303077220917,0.21319825947284699,0.42356282472610476,0.2995297312736511,0.35558977723121645,0.28095129132270815,0.4520443379878998,0.3484155535697937,0.21403014659881593,0.2705654501914978],"bodySizes":[2.03263521194458,2.197878837585449,1.7907164096832276],"springs":[],"dumpers":[],"name":5324,"generation":152,"distance":41.359561920166019,"reward":-41.359561920166019},{"angles":[56.12537384033203,-20.139862060546876,-39.62139129638672,52.27586364746094,-7.620569229125977,-22.909950256347658,46.32056427001953,-58.19200134277344,57.27171325683594,-1.9488067626953126,-12.063497543334961,-31.346023559570314,-35.201568603515628,-21.466306686401368,-54.761436462402347,22.361366271972658,11.610382080078125,-43.00920104980469,46.64873504638672,32.539241790771487,-55.7998046875,-28.856430053710939,47.532073974609378,58.587928771972659,18.919658660888673,34.14411926269531,-10.63972282409668,-50.21332550048828,-1.6710319519042969,-44.45750427246094,-45.042015075683597,-7.434173583984375,-28.050819396972658,25.563352584838868,55.868064880371097,19.614469528198243,-4.538763046264648,54.26044464111328,-58.117034912109378,-39.08580780029297,-1.6786537170410157,-17.402292251586915,59.923095703125,34.230350494384769,-16.24510955810547,-0.17947769165039063,39.37767791748047,46.353965759277347,-49.85870361328125,45.86946105957031,12.586074829101563,-0.25749969482421877,58.16302490234375,-16.52045440673828,-37.079742431640628,-48.33216094970703,46.91373825073242,15.037565231323243,-31.01203155517578,21.016555786132814,-40.62406921386719,52.17681884765625,54.94794845581055,-54.57093811035156,-13.246871948242188,24.821462631225587,11.508813858032227,15.337270736694336,55.22614288330078,12.898612976074219,-19.91131019592285,5.584251403808594,57.81108856201172,-3.9257469177246095,-13.12187385559082,32.98855209350586,-30.761932373046876,-11.812469482421875,-40.927276611328128,39.72569274902344],"legSizes":[0.4758959710597992,0.24389690160751344,0.3150733709335327,0.1901770532131195,0.3590591847896576,0.41607123613357546,0.43047434091567995,0.23060005903244019,0.1540025770664215,0.1470324993133545,0.2852407693862915,0.12319169193506241,0.48713913559913638,0.16757269203662873,0.24274547398090363,0.21319825947284699,0.10726957768201828,0.21869543194770814,0.1696852147579193,0.2195025235414505,0.1863453984260559,0.43555235862731936,0.35512152314186098,0.11028146743774414],"bodySizes":[1.7901365756988526,2.438258409500122,1.8328378200531006],"springs":[],"dumpers":[],"name":5324,"generation":152,"distance":41.359561920166019,"reward":-46.927452087402347},{"angles":[56.12537384033203,-20.139862060546876,-39.62139129638672,52.27586364746094,-7.620569229125977,-22.909950256347658,46.32056427001953,-58.19200134277344,18.444271087646486,-1.9488067626953126,-12.063497543334961,-31.346023559570314,-35.201568603515628,-21.466306686401368,-54.761436462402347,22.361366271972658,11.610382080078125,-43.00920104980469,46.64873504638672,32.539241790771487,3.0537643432617189,-16.241491317749025,47.532073974609378,58.587928771972659,18.919658660888673,34.14411926269531,-10.63972282409668,-50.21332550048828,-1.6710319519042969,-44.45750427246094,-45.042015075683597,10.748184204101563,-4.838041305541992,-18.256637573242189,9.128900527954102,8.530204772949219,-4.538763046264648,-28.09497833251953,-30.292770385742189,-42.87194061279297,-1.6786537170410157,0.6600151062011719,59.923095703125,-46.382057189941409,1.0900001525878907,-27.020523071289064,18.493566513061525,46.353965759277347,46.583045959472659,-45.85088348388672,-56.79493713378906,-35.23558807373047,58.16302490234375,41.620330810546878,-58.21246337890625,-48.33216094970703,46.91373825073242,2.7023277282714845,-31.01203155517578,29.087615966796876,-40.62406921386719,52.17681884765625,54.94794845581055,-54.57093811035156,-7.0063934326171879,24.821462631225587,4.489654541015625,-33.380401611328128,55.22614288330078,12.898612976074219,-19.91131019592285,5.584251403808594,57.81108856201172,35.71284484863281,-41.36249542236328,-31.206466674804689,-30.761932373046876,57.02947235107422,14.677757263183594,-47.068336486816409],"legSizes":[0.4758959710597992,0.24389690160751344,0.3150733709335327,0.1901770532131195,0.3590591847896576,0.3338010013103485,0.37545305490493777,0.23060005903244019,0.31797119975090029,0.1470324993133545,0.46960535645484927,0.12319169193506241,0.48713913559913638,0.16757269203662873,0.24274547398090363,0.32066190242767336,0.3848969042301178,0.3752451539039612,0.35558977723121645,0.35814934968948367,0.4520443379878998,0.12771019339561463,0.14884395897388459,0.1370372325181961],"bodySizes":[1.8123573064804078,2.4011263847351076,1.838362455368042],"springs":[],"dumpers":[],"name":5324,"generation":152,"distance":41.359561920166019,"reward":-51.569244384765628}]}