{"geneDatas":[{"angles":[5.381074905395508,-3.2103042602539064,37.537452697753909,-55.823204040527347,55.598480224609378,-32.57477569580078,20.96862030029297,-16.713546752929689,45.293731689453128,50.985958099365237,28.102872848510743,16.035072326660158,-22.119354248046876,-43.85865783691406,-14.776817321777344,-0.7944145202636719,-14.580604553222657,-39.23417663574219,-82.91085815429688,3.000133514404297,-53.075984954833987,-42.70124816894531,72.62295532226563,58.849342346191409,-30.475616455078126,48.374977111816409,-36.4024658203125,7.3672637939453129,-64.60960388183594,45.800025939941409,-9.743850708007813,-63.9652099609375,-55.277381896972659,52.080101013183597,18.696876525878908,21.183555603027345,44.100555419921878,-60.22874450683594,-42.69633483886719,-13.574073791503907,-0.7063369750976563,38.96873474121094,-14.471839904785157,-35.757179260253909,-46.69830322265625,25.85200309753418,35.15746307373047,-38.349769592285159,42.713356018066409,-39.23773193359375,39.08845520019531,50.66166687011719,-31.807106018066408,50.18833923339844,-30.788110733032228,-51.37751770019531,46.26817321777344,18.334732055664064,59.91209411621094,19.440231323242189,-34.65241241455078,59.64307403564453,-52.73446273803711,38.65191650390625,52.33934020996094,40.710227966308597,3.4148521423339845,53.297637939453128,11.613973617553711,-54.220794677734378,22.137235641479493,29.189556121826173,56.386741638183597,3.306377410888672,6.191633224487305,12.962677001953125,-53.06556701660156,0.34152984619140627,19.00146484375,34.58863830566406],"legSizes":[0.24999994039535523,0.24999994039535523,0.25,0.25,0.18929868936538697,0.2872270941734314,0.22427356243133546,0.24999994039535523,0.48962336778640749,0.25,0.1340738832950592,0.25,0.24999994039535523,0.24999994039535523,0.25,0.21052715182304383,0.25,0.2376043200492859,0.25208184123039248,0.2943113148212433,0.4179762303829193,0.25,0.25,0.25],"bodySizes":[2.0185577869415285,1.7636024951934815,2.2472333908081056],"springs":[],"dumpers":[],"name":324,"generation":9,"distance":75.86367797851563,"reward":-75.86367797851563},{"angles":[-63.39937210083008,42.67744064331055,-16.9770450592041,-15.955329895019532,-15.174001693725586,61.06834030151367,37.93421936035156,-46.07747268676758,14.896331787109375,-35.04530334472656,17.775848388671876,10.665008544921875,-34.125709533691409,86.74083709716797,15.143463134765625,31.382381439208986,52.82141876220703,-32.22145080566406,-33.89445495605469,-29.65386962890625,32.34437561035156,33.6894645690918,0.13327407836914063,19.54024314880371,-60.095733642578128,-36.19151306152344,41.84532165527344,-32.99180603027344,-30.84893226623535,-15.018974304199219,-18.542139053344728,-11.382116317749024,-86.40077209472656,-13.169960021972657,15.860250473022461,49.0450439453125,71.33680725097656,-57.13206481933594,-36.71992492675781,21.606414794921876,-57.732666015625,-63.216278076171878,46.984832763671878,-43.1519775390625,37.021392822265628,-19.271072387695314,-7.646333694458008,51.15504455566406,28.766132354736329,0.33921051025390627,30.985363006591798,41.960662841796878,-22.388885498046876,-65.33749389648438,-45.982521057128909,-8.777496337890625,39.91770553588867,-34.70301055908203,20.387184143066408,86.21458435058594,-9.317041397094727,41.30247116088867,-21.338088989257814,-33.9422607421875,-85.28141784667969,24.86237335205078,-16.584579467773439,22.990720748901368,-4.071144104003906,85.9736328125,-62.0482292175293,-58.93647003173828,-67.73843383789063,49.00730895996094,68.74638366699219,12.962677001953125,83.75656127929688,58.42503356933594,50.22942352294922,14.17939567565918],"legSizes":[0.24999994039535523,0.24999994039535523,0.3052516281604767,0.25,0.25,0.14447006583213807,0.22427356243133546,0.24999994039535523,0.4321519434452057,0.25,0.46284231543540957,0.25079435110092165,0.10474767535924912,0.13191008567810059,0.2908214330673218,0.25,0.25,0.16371303796768189,0.4571554660797119,0.24999994039535523,0.25,0.25,0.383184015750885,0.25],"bodySizes":[1.9995442628860474,1.9995442628860474,2.0009117126464845],"springs":[],"dumpers":[],"name":324,"generation":9,"distance":75.86367797851563,"reward":-101.92294311523438},{"angles":[-33.539207458496097,-31.594449996948243,-16.9770450592041,52.219276428222659,81.18020629882813,61.06834030151367,29.92182159423828,-82.67886352539063,-16.773941040039064,-1.607666015625,26.933605194091798,-9.838180541992188,21.881668090820314,-24.54535675048828,-63.69740295410156,8.984207153320313,22.615156173706056,-35.84564971923828,-70.37348937988281,61.411102294921878,-53.81800842285156,-52.1094970703125,0.13327407836914063,19.54024314880371,-60.095733642578128,-44.571205139160159,41.84532165527344,-32.99180603027344,-55.919395446777347,65.66317749023438,17.644378662109376,0.8614463806152344,-86.40077209472656,-13.169960021972657,15.860250473022461,49.0450439453125,71.33680725097656,29.79547882080078,-36.71992492675781,-12.992528915405274,37.686492919921878,-63.216278076171878,46.984832763671878,-76.56257629394531,13.140518188476563,-19.271072387695314,-7.646333694458008,51.15504455566406,28.766132354736329,0.33921051025390627,30.985363006591798,65.80706787109375,50.588436126708987,31.59969711303711,22.635074615478517,-8.777496337890625,39.91770553588867,-9.161401748657227,20.387184143066408,86.21458435058594,-34.40978240966797,82.6981201171875,-6.638452529907227,53.00872802734375,-42.12757873535156,-24.181495666503908,-16.584579467773439,-35.30646514892578,59.29850769042969,85.9736328125,-62.0482292175293,34.828189849853519,16.601341247558595,3.306377410888672,68.74638366699219,12.962677001953125,42.69923400878906,-1.9365348815917969,30.6968994140625,-75.85551452636719],"legSizes":[0.24999994039535523,0.24999994039535523,0.3052516281604767,0.25,0.25,0.14447006583213807,0.22427356243133546,0.24999994039535523,0.4321519434452057,0.3548662066459656,0.4719551205635071,0.25079435110092165,0.4965423047542572,0.13191008567810059,0.15521517395973206,0.45993632078170779,0.2735171616077423,0.25,0.16038480401039124,0.24999994039535523,0.25,0.25,0.4073305130004883,0.25],"bodySizes":[1.9986331462860108,1.9986331462860108,2.0027363300323488],"springs":[],"dumpers":[],"name":324,"generation":9,"distance":75.86367797851563,"reward":-106.86912536621094}]}