{"geneDatas":[{"angles":[31.50774383544922,38.229248046875,-39.62139129638672,-1.3922538757324219,21.085538864135743,19.476110458374025,47.35357666015625,55.27643585205078,-21.786409378051759,-41.313446044921878,16.446945190429689,-13.309671401977539,-34.147682189941409,-27.16889762878418,-54.761436462402347,29.29205322265625,11.610382080078125,-26.14580726623535,46.64873504638672,32.08830261230469,-22.000085830688478,-16.241491317749025,20.62751579284668,58.587928771972659,-52.915077209472659,34.14411926269531,14.274436950683594,-11.295867919921875,-0.8343544006347656,10.208152770996094,-14.940940856933594,-19.648767471313478,7.682683944702148,16.979339599609376,9.128900527954102,-5.282655715942383,-10.002227783203125,26.794021606445314,-58.117034912109378,7.583892822265625,-1.6786537170410157,-44.60362243652344,48.062294006347659,34.230350494384769,-16.24510955810547,20.96035385131836,45.028968811035159,46.353965759277347,27.665632247924806,-0.8054275512695313,39.795166015625,-40.02220916748047,58.16302490234375,-30.45172882080078,-43.94129180908203,-48.33216094970703,46.91373825073242,51.865867614746097,-57.97261047363281,-56.65235900878906,-10.167839050292969,-54.80120849609375,-7.625276565551758,-54.57093811035156,6.094358444213867,16.257217407226564,11.508813858032227,54.855224609375,56.76567077636719,12.898612976074219,-19.91131019592285,5.584251403808594,57.81108856201172,-3.9257469177246095,-36.4034423828125,-48.730873107910159,20.388961791992189,-11.812469482421875,-40.927276611328128,39.72569274902344],"legSizes":[0.4758959710597992,0.31594130396842959,0.47373801469802859,0.43781161308288576,0.3590591847896576,0.15525174140930177,0.29319798946380618,0.23060005903244019,0.11632537841796875,0.45546048879623415,0.36916667222976687,0.2594204246997833,0.11613168567419052,0.3163532018661499,0.3819766044616699,0.24436309933662415,0.2358459234237671,0.1877187192440033,0.4018142819404602,0.2973298728466034,0.1863453984260559,0.43555235862731936,0.4539596438407898,0.11028146743774414],"bodySizes":[1.8548598289489747,2.4912703037261965,1.7312427759170533],"springs":[],"dumpers":[],"name":6385,"generation":184,"distance":43.04792022705078,"reward":-43.04792022705078},{"angles":[56.12537384033203,20.328895568847658,-8.500062942504883,-16.693931579589845,21.085538864135743,32.63670349121094,6.339418411254883,-48.34960174560547,17.597806930541993,43.49092102050781,39.243064880371097,35.66242218017578,14.499412536621094,23.724088668823243,-54.761436462402347,29.29205322265625,-21.486318588256837,-17.46118927001953,46.64873504638672,38.771484375,10.140586853027344,-38.31836700439453,-38.29637908935547,58.587928771972659,8.115514755249024,34.14411926269531,-52.90862274169922,-50.21332550048828,43.691768646240237,31.909889221191408,44.89339828491211,-39.4803466796875,51.78302764892578,16.979339599609376,9.128900527954102,-2.805896759033203,-10.002227783203125,26.794021606445314,-58.117034912109378,9.04869270324707,-20.407270431518556,-21.833175659179689,59.923095703125,-42.005950927734378,2.42010498046875,20.96035385131836,45.028968811035159,46.353965759277347,27.665632247924806,-0.8054275512695313,39.795166015625,-40.02220916748047,43.27928161621094,-17.72525978088379,-43.94129180908203,-49.4295654296875,46.91373825073242,-11.78620719909668,-55.312774658203128,-56.65235900878906,-10.779197692871094,-54.80120849609375,-7.625276565551758,-39.050376892089847,0.7778892517089844,16.257217407226564,11.508813858032227,54.855224609375,-11.350671768188477,12.898612976074219,-19.91131019592285,5.584251403808594,57.81108856201172,-33.729103088378909,-34.707611083984378,54.3538818359375,-30.761932373046876,-46.96742248535156,-30.545852661132814,-8.846504211425782],"legSizes":[0.10199575871229172,0.12932810187339784,0.46621665358543398,0.43781161308288576,0.3590591847896576,0.15525174140930177,0.41388434171676638,0.23060005903244019,0.11075668781995774,0.17818450927734376,0.1283682882785797,0.44069647789001467,0.48713913559913638,0.16757269203662873,0.3819766044616699,0.24436309933662415,0.2358459234237671,0.42781487107276919,0.4018142819404602,0.2973298728466034,0.3059329390525818,0.2491992712020874,0.4068366587162018,0.3039490878582001],"bodySizes":[1.862849235534668,2.5757381916046144,1.6672875881195069],"springs":[],"dumpers":[],"name":6385,"generation":184,"distance":43.04792022705078,"reward":-57.3106803894043},{"angles":[-57.0263671875,26.098623275756837,-38.563323974609378,58.924644470214847,21.085538864135743,19.46906089782715,37.20351028442383,3.4932174682617189,18.444271087646486,-41.313446044921878,6.28106689453125,-49.51140594482422,41.89036560058594,-47.34716796875,-45.32598876953125,-51.824554443359378,16.615833282470704,-31.595006942749025,38.38651657104492,-24.1154842376709,-9.495542526245118,-16.241491317749025,-20.42307472229004,32.10299301147461,6.4012298583984379,46.25054931640625,-20.65106964111328,24.36602783203125,21.715232849121095,10.208152770996094,-45.042015075683597,10.748184204101563,-7.365812301635742,25.563352584838868,9.128900527954102,-2.805896759033203,-10.002227783203125,59.80970001220703,-58.117034912109378,9.04869270324707,-20.407270431518556,-21.833175659179689,59.923095703125,-42.005950927734378,2.42010498046875,20.96035385131836,45.028968811035159,46.353965759277347,27.665632247924806,44.708961486816409,39.795166015625,-40.02220916748047,43.27928161621094,-17.72525978088379,-43.94129180908203,-49.4295654296875,46.91373825073242,-4.621889114379883,-55.312774658203128,-0.345733642578125,-10.779197692871094,-54.80120849609375,-7.625276565551758,-39.050376892089847,0.7778892517089844,40.44922637939453,-19.04730987548828,12.569839477539063,28.665660858154298,56.82410430908203,-37.93061065673828,-7.215551376342773,12.289459228515625,59.04917907714844,-34.707611083984378,-12.059577941894532,-5.67681884765625,16.627378463745118,14.92987060546875,-0.9198837280273438],"legSizes":[0.4758959710597992,0.12932810187339784,0.46621665358543398,0.43781161308288576,0.3590591847896576,0.4685686230659485,0.41388434171676638,0.23060005903244019,0.3534088134765625,0.121006540954113,0.1283682882785797,0.44069647789001467,0.28930145502090456,0.16757269203662873,0.23111112415790559,0.3328702747821808,0.2358459234237671,0.42781487107276919,0.4018142819404602,0.2973298728466034,0.1863453984260559,0.43555235862731936,0.45117229223251345,0.11028146743774414],"bodySizes":[1.965109944343567,2.5405662059783937,1.6024061441421509],"springs":[],"dumpers":[],"name":6385,"generation":184,"distance":43.04792022705078,"reward":-59.72027587890625}]}