{"geneDatas":[{"angles":[-35.55494689941406,-46.445587158203128,49.90606689453125,25.22296142578125,-19.29889488220215,24.54360008239746,-25.197423934936525,22.239988327026368,-2.430431365966797,1.4333648681640626,34.921775817871097,42.55750274658203,5.419914245605469,-31.9970645904541,-56.96368408203125,9.36705207824707,58.879638671875,-20.4027042388916,42.36024475097656,52.093833923339847,-4.189476013183594,-0.9288673400878906,-48.216819763183597,23.545818328857423,5.72142219543457,-12.227273941040039,-37.93451690673828,-15.900041580200196,-19.210546493530275,-38.185340881347659,-23.945037841796876,-52.959495544433597,22.245168685913087,-11.351114273071289,53.959320068359378,-13.10639762878418,-26.643341064453126,-29.4141845703125,28.21065902709961,26.029327392578126,-23.58373260498047,-21.972806930541993,40.446136474609378,57.02735137939453,-22.853042602539064,16.816818237304689,54.78783416748047,45.841941833496097,-58.07072448730469,-44.280120849609378,30.543264389038087,-56.01624298095703,6.1066741943359379,-16.28327751159668,-59.51658630371094,-47.559715270996097,42.895172119140628,-55.24229431152344,6.420400619506836,-13.919784545898438,-54.70079803466797,37.01820373535156,9.220224380493164,43.16382598876953,12.786306381225586,-46.809051513671878,9.666259765625,36.17949295043945,26.019371032714845,-1.9294242858886719,26.394079208374025,-13.802467346191407,-51.83049011230469,-48.68934631347656,-20.06993865966797,42.850868225097659,-10.836158752441407,-16.821075439453126,-44.22783660888672,27.292869567871095],"legSizes":[0.2304871380329132,0.224422425031662,0.24479153752326966,0.3540192246437073,0.46436256170272829,0.167109876871109,0.43195709586143496,0.16396433115005494,0.32979851961135867,0.18517360091209413,0.4637959599494934,0.34654906392097475,0.4533573091030121,0.2303076535463333,0.2871536910533905,0.18938755989074708,0.35659822821617129,0.345376193523407,0.36713069677352908,0.16455531120300294,0.4427157938480377,0.13347983360290528,0.17648634314537049,0.23452779650688172],"bodySizes":[1.9731824398040772,2.009523391723633,2.0175747871398927],"springs":[],"dumpers":[],"name":14653,"generation":420,"distance":32.53770065307617,"reward":-32.53770065307617},{"angles":[-35.55494689941406,-46.445587158203128,49.90606689453125,25.22296142578125,-19.29889488220215,24.54360008239746,-25.197423934936525,32.76045608520508,-2.430431365966797,1.4333648681640626,34.921775817871097,42.55750274658203,5.419914245605469,-31.9970645904541,-56.96368408203125,9.36705207824707,58.879638671875,-20.4027042388916,42.36024475097656,52.093833923339847,-4.189476013183594,-0.9288673400878906,-48.216819763183597,23.545818328857423,5.72142219543457,12.513191223144532,-37.93451690673828,-15.900041580200196,-19.210546493530275,-38.185340881347659,-23.945037841796876,-52.959495544433597,22.245168685913087,51.493316650390628,50.58586120605469,-13.10639762878418,-26.643341064453126,-29.4141845703125,28.21065902709961,26.029327392578126,-23.58373260498047,-21.972806930541993,40.446136474609378,57.02735137939453,-22.853042602539064,16.816818237304689,54.78783416748047,45.841941833496097,-37.579505920410159,-44.280120849609378,30.543264389038087,-56.01624298095703,6.1066741943359379,-16.28327751159668,-59.51658630371094,-47.559715270996097,-15.410621643066407,-55.24229431152344,6.420400619506836,-13.919784545898438,-54.70079803466797,37.01820373535156,9.220224380493164,43.16382598876953,12.786306381225586,-42.35414123535156,-44.34974670410156,36.17949295043945,26.019371032714845,-1.9294242858886719,26.394079208374025,-13.802467346191407,-51.83049011230469,-48.68934631347656,-20.06993865966797,42.850868225097659,-10.836158752441407,-16.821075439453126,-44.22783660888672,27.292869567871095],"legSizes":[0.2304871380329132,0.224422425031662,0.24479153752326966,0.3540192246437073,0.46436256170272829,0.167109876871109,0.43195709586143496,0.16396433115005494,0.41220179200172427,0.18517360091209413,0.4637959599494934,0.34654906392097475,0.4533573091030121,0.2303076535463333,0.2871536910533905,0.18938755989074708,0.35659822821617129,0.345376193523407,0.36713069677352908,0.16455531120300294,0.4540310502052307,0.26359307765960696,0.17648634314537049,0.37647706270217898],"bodySizes":[1.9731824398040772,2.009523391723633,2.0175747871398927],"springs":[],"dumpers":[],"name":14653,"generation":420,"distance":32.53770065307617,"reward":-44.44348907470703},{"angles":[-35.55494689941406,-46.445587158203128,49.90606689453125,25.22296142578125,-19.29889488220215,24.54360008239746,-25.197423934936525,22.239988327026368,-2.430431365966797,24.448196411132814,34.921775817871097,42.55750274658203,5.419914245605469,-31.9970645904541,-56.96368408203125,9.36705207824707,58.879638671875,-20.4027042388916,42.36024475097656,52.093833923339847,-4.189476013183594,-54.27754211425781,-48.216819763183597,23.545818328857423,5.72142219543457,47.21485900878906,-37.93451690673828,-15.900041580200196,-19.210546493530275,-38.185340881347659,-23.945037841796876,-52.959495544433597,22.245168685913087,38.40800476074219,53.959320068359378,-13.10639762878418,-26.643341064453126,-29.4141845703125,-5.139762878417969,26.029327392578126,-38.53608703613281,-21.972806930541993,40.446136474609378,57.02735137939453,-22.853042602539064,12.856399536132813,54.78783416748047,45.841941833496097,-37.579505920410159,-44.280120849609378,30.543264389038087,2.2629776000976564,6.1066741943359379,-21.60253143310547,-59.51658630371094,-47.559715270996097,-15.410621643066407,-55.24229431152344,6.420400619506836,-13.919784545898438,-54.70079803466797,37.01820373535156,9.220224380493164,-29.534774780273439,12.786306381225586,-46.809051513671878,9.666259765625,36.17949295043945,-31.31938934326172,-1.9294242858886719,26.394079208374025,-13.802467346191407,-51.83049011230469,-48.68934631347656,-1.4418754577636719,42.850868225097659,47.178611755371097,-16.821075439453126,-44.22783660888672,27.292869567871095],"legSizes":[0.2304871380329132,0.224422425031662,0.47798609733581545,0.2522301971912384,0.23473593592643739,0.167109876871109,0.43195709586143496,0.40120387077331545,0.32979851961135867,0.18517360091209413,0.4637959599494934,0.34654906392097475,0.4533573091030121,0.2303076535463333,0.2871536910533905,0.18938755989074708,0.35659822821617129,0.345376193523407,0.36713069677352908,0.16455531120300294,0.4427157938480377,0.13347983360290528,0.17648634314537049,0.23452779650688172],"bodySizes":[2.0077965259552,1.9921261072158814,2.000107765197754],"springs":[],"dumpers":[],"name":14653,"generation":420,"distance":32.53770065307617,"reward":-48.46595001220703}]}