{"geneDatas":[{"angles":[54.61080551147461,-44.38685607910156,43.8388671875,25.853918075561525,28.744853973388673,47.58319091796875,-25.842527389526368,16.3088436126709,-9.990743637084961,58.387001037597659,52.265769958496097,31.130718231201173,-3.1638832092285158,-29.95557403564453,-34.48651123046875,52.706336975097659,58.76904296875,-29.50440788269043,27.690351486206056,-56.75200653076172,11.782888412475586,7.711250305175781,34.54456329345703,-35.112701416015628,28.786924362182618,-0.4379005432128906,59.42420196533203,1.3850860595703126,-47.595703125,38.64878845214844,1.6837615966796876,53.45513916015625,20.720800399780275,49.55218505859375,54.64380645751953,49.07990264892578,13.758552551269532,-29.074007034301759,-57.70653533935547,31.611385345458986,24.554243087768556,-50.02111053466797,58.57074737548828,22.80544090270996,30.422698974609376,7.634117126464844,54.78783416748047,49.92414855957031,53.34829330444336,40.212562561035159,-33.58174133300781,9.737571716308594,40.92573165893555,8.354581832885743,-45.20686340332031,-37.29161834716797,48.13294982910156,-55.641258239746097,-16.29090118408203,12.686798095703125,-51.722877502441409,-29.289474487304689,41.26322937011719,30.183704376220704,22.87313461303711,1.3253173828125,-15.625024795532227,-54.067970275878909,-39.1470947265625,59.34947204589844,-37.96879577636719,19.102949142456056,0.6273880004882813,59.758201599121097,50.91625213623047,50.073936462402347,-14.128440856933594,-51.28765869140625,46.157554626464847,-45.054412841796878],"legSizes":[0.48006153106689455,0.36157169938087466,0.4137336313724518,0.3574206829071045,0.36157575249671938,0.48711276054382326,0.3051750063896179,0.3022238612174988,0.44372740387916567,0.21431052684783936,0.2165430784225464,0.3736363351345062,0.4186688959598541,0.12121367454528809,0.3800298273563385,0.1047765240073204,0.27040165662765505,0.37246695160865786,0.43598446249961855,0.20782454311847688,0.4837760925292969,0.23377421498298646,0.2294352799654007,0.22220653295516969],"bodySizes":[2.2274768352508547,1.5650625228881837,2.2948014736175539],"springs":[],"dumpers":[],"name":24511,"generation":704,"distance":42.35382080078125,"reward":-42.35382080078125},{"angles":[54.61080551147461,0.050548553466796878,43.8388671875,-22.89312744140625,-46.27155303955078,-54.44287872314453,-42.14784240722656,16.3088436126709,-9.990743637084961,58.387001037597659,46.7886962890625,35.49058532714844,-3.1638832092285158,-29.95557403564453,-34.48651123046875,52.706336975097659,58.76904296875,-10.219980239868164,51.056854248046878,-56.75200653076172,-35.87895965576172,7.711250305175781,34.54456329345703,-35.112701416015628,28.786924362182618,-0.4379005432128906,59.42420196533203,1.3850860595703126,-47.595703125,38.64878845214844,-49.97095489501953,3.313800811767578,20.720800399780275,49.55218505859375,54.64380645751953,49.07990264892578,13.758552551269532,-52.94935607910156,-57.70653533935547,31.611385345458986,24.554243087768556,-50.02111053466797,58.57074737548828,22.80544090270996,43.19978332519531,32.71994400024414,54.78783416748047,49.92414855957031,24.46396255493164,21.386001586914064,-33.58174133300781,9.737571716308594,40.92573165893555,7.8628997802734379,-45.20686340332031,-37.29161834716797,-39.255279541015628,-59.67356872558594,-16.29090118408203,12.686798095703125,-51.722877502441409,-29.289474487304689,39.541526794433597,30.183704376220704,22.87313461303711,31.08545684814453,-32.61083984375,25.89008140563965,56.091094970703128,12.197877883911133,-26.885210037231447,-2.953369140625,40.93151092529297,59.758201599121097,33.13921356201172,50.073936462402347,-14.128440856933594,7.980371475219727,46.157554626464847,42.82224655151367],"legSizes":[0.48006153106689455,0.49934911727905276,0.3627068102359772,0.3574206829071045,0.36157575249671938,0.48711276054382326,0.3051750063896179,0.34629374742507937,0.44372740387916567,0.21431052684783936,0.45515936613082888,0.3511585295200348,0.1536974012851715,0.4184519350528717,0.4515046179294586,0.19131603837013246,0.27040165662765505,0.4692296087741852,0.11778221279382706,0.20782454311847688,0.4837760925292969,0.39069104194641116,0.4279455542564392,0.22220653295516969],"bodySizes":[2.228585958480835,1.5663743019104005,2.291738510131836],"springs":[],"dumpers":[],"name":24511,"generation":704,"distance":42.35382080078125,"reward":-42.80885696411133},{"angles":[54.61080551147461,-24.583677291870118,43.8388671875,25.853918075561525,-25.576364517211915,-59.992149353027347,-25.842527389526368,16.3088436126709,37.312744140625,58.387001037597659,52.265769958496097,41.65049743652344,-3.1638832092285158,-29.95557403564453,47.827247619628909,52.706336975097659,58.76904296875,-29.50440788269043,27.690351486206056,49.51782989501953,11.782888412475586,7.711250305175781,34.54456329345703,-35.112701416015628,28.786924362182618,-0.4379005432128906,59.42420196533203,1.3850860595703126,-47.595703125,-5.057395935058594,-1.0082893371582032,49.560813903808597,51.058929443359378,49.55218505859375,54.64380645751953,49.07990264892578,13.758552551269532,-29.074007034301759,-57.70653533935547,31.611385345458986,24.554243087768556,-59.45137023925781,58.57074737548828,22.80544090270996,30.422698974609376,7.634117126464844,54.78783416748047,49.92414855957031,53.34829330444336,20.601810455322267,-33.58174133300781,9.737571716308594,40.92573165893555,8.354581832885743,-45.20686340332031,15.817808151245118,36.33927917480469,-55.641258239746097,-16.29090118408203,-23.19605255126953,-51.722877502441409,-29.289474487304689,41.26322937011719,30.183704376220704,22.87313461303711,31.494840621948243,-15.625024795532227,47.43595886230469,-39.1470947265625,59.34947204589844,-37.96879577636719,19.102949142456056,0.6273880004882813,59.758201599121097,50.91625213623047,28.878646850585939,25.1423397064209,-50.58546447753906,46.157554626464847,42.82224655151367],"legSizes":[0.20193278789520265,0.36157169938087466,0.3208436667919159,0.3574206829071045,0.36157575249671938,0.48711276054382326,0.4736636281013489,0.19284434616565705,0.44372740387916567,0.1409417688846588,0.2165430784225464,0.3736363351345062,0.4186688959598541,0.12121367454528809,0.3800298273563385,0.1047765240073204,0.27040165662765505,0.37246695160865786,0.43598446249961855,0.20782454311847688,0.4837760925292969,0.23377421498298646,0.4279455542564392,0.16037306189537049],"bodySizes":[2.2274768352508547,1.5650625228881837,2.2948014736175539],"springs":[],"dumpers":[],"name":24511,"generation":704,"distance":42.35382080078125,"reward":-43.22305679321289}]}