{"geneDatas":[{"angles":[54.61080551147461,2.4731597900390627,52.193824768066409,6.3177337646484379,-16.46197509765625,44.77442169189453,-4.485433578491211,-18.982322692871095,37.25727081298828,-51.538612365722659,52.265769958496097,58.897621154785159,-25.07159423828125,-33.21556091308594,56.955528259277347,-26.16643524169922,11.763946533203125,58.048851013183597,27.690351486206056,1.2852935791015626,-3.370777130126953,-44.15753173828125,9.364065170288086,-44.88995361328125,28.786924362182618,50.121185302734378,54.278709411621097,35.429161071777347,13.216987609863282,-26.881248474121095,-4.33056640625,49.288658142089847,-6.778070449829102,42.46678161621094,54.64380645751953,-44.56999969482422,39.44464874267578,-56.344886779785159,18.017276763916017,-31.039995193481447,24.554243087768556,13.264297485351563,58.57074737548828,48.48699951171875,-12.56390380859375,44.90987777709961,54.78783416748047,49.92414855957031,41.615692138671878,13.109786987304688,-10.610467910766602,25.33437156677246,35.719913482666019,8.354581832885743,-45.20686340332031,-37.29161834716797,-2.1332435607910158,-8.499475479125977,-31.586837768554689,-37.898651123046878,-54.51025390625,-56.01084899902344,15.529674530029297,12.105880737304688,-45.892181396484378,-25.610212326049806,18.471534729003908,-25.030426025390626,-29.940185546875,-58.91668701171875,13.456457138061524,-57.28667449951172,-26.302335739135743,45.66884994506836,-55.582794189453128,-25.51795768737793,36.71586608886719,56.2369384765625,-47.336509704589847,-59.255950927734378],"legSizes":[0.41985970735549929,0.438433974981308,0.48125702142715456,0.34489914774894717,0.4039774537086487,0.44694843888282778,0.12177920341491699,0.12720198929309846,0.22757288813591004,0.10912380367517472,0.17221422493457795,0.16558685898780824,0.4187541604042053,0.17919650673866273,0.2449847012758255,0.25233376026153567,0.2932145297527313,0.39255136251449587,0.11778221279382706,0.12323117256164551,0.4837760925292969,0.29654380679130556,0.4508568346500397,0.24602368474006654],"bodySizes":[2.1878132820129396,1.584620714187622,2.3075671195983888],"springs":[],"dumpers":[],"name":21783,"generation":628,"distance":31.688976287841798,"reward":-31.688976287841798},{"angles":[43.30928039550781,2.4731597900390627,52.193824768066409,6.3177337646484379,-16.46197509765625,17.649778366088868,-4.485433578491211,55.19609832763672,6.4243927001953129,-30.369773864746095,52.265769958496097,58.897621154785159,-25.07159423828125,-33.21556091308594,56.955528259277347,-10.112464904785157,11.763946533203125,-16.399648666381837,27.690351486206056,1.2852935791015626,-3.370777130126953,-44.15753173828125,9.364065170288086,-44.88995361328125,28.786924362182618,55.55418395996094,16.328128814697267,35.429161071777347,36.91656494140625,-26.881248474121095,-4.33056640625,49.288658142089847,-6.778070449829102,42.46678161621094,54.64380645751953,-44.56999969482422,32.66630172729492,-56.344886779785159,18.017276763916017,-31.039995193481447,24.554243087768556,13.264297485351563,58.57074737548828,30.88325309753418,-12.56390380859375,42.81779479980469,54.78783416748047,49.92414855957031,41.615692138671878,27.854116439819337,-33.58174133300781,25.33437156677246,35.719913482666019,8.354581832885743,-45.20686340332031,-37.29161834716797,48.13294982910156,-6.589559555053711,20.496694564819337,-37.898651123046878,-54.51025390625,-56.01084899902344,15.529674530029297,12.105880737304688,-45.892181396484378,-25.610212326049806,18.471534729003908,46.445316314697269,38.444793701171878,33.91416549682617,13.456457138061524,-57.28667449951172,-26.302335739135743,45.66884994506836,-55.582794189453128,-11.264198303222657,36.71586608886719,56.2369384765625,-47.336509704589847,-59.255950927734378],"legSizes":[0.2947237193584442,0.4540325701236725,0.48125702142715456,0.34489914774894717,0.4039774537086487,0.44694843888282778,0.12177920341491699,0.12720198929309846,0.22757288813591004,0.3103019893169403,0.17221422493457795,0.16558685898780824,0.4187541604042053,0.17919650673866273,0.2449847012758255,0.374722957611084,0.2932145297527313,0.39255136251449587,0.1455613672733307,0.12323117256164551,0.4837760925292969,0.48403462767601015,0.4508568346500397,0.24602368474006654],"bodySizes":[2.245755195617676,1.5486621856689454,2.3002278804779054],"springs":[],"dumpers":[],"name":21783,"generation":628,"distance":31.688976287841798,"reward":-34.50394821166992},{"angles":[54.61080551147461,2.4731597900390627,52.193824768066409,6.3177337646484379,-16.46197509765625,44.77442169189453,-4.485433578491211,-18.982322692871095,37.25727081298828,-16.48826789855957,52.265769958496097,58.897621154785159,-25.07159423828125,-33.21556091308594,56.955528259277347,-26.16643524169922,11.763946533203125,58.048851013183597,27.690351486206056,-21.231674194335939,-3.370777130126953,37.607017517089847,9.364065170288086,-44.88995361328125,28.786924362182618,50.121185302734378,54.278709411621097,35.429161071777347,13.216987609863282,-26.881248474121095,-19.099794387817384,49.288658142089847,-6.778070449829102,42.46678161621094,54.64380645751953,-44.56999969482422,39.44464874267578,-56.344886779785159,18.017276763916017,-31.039995193481447,24.554243087768556,13.264297485351563,58.57074737548828,48.48699951171875,-12.56390380859375,44.90987777709961,54.78783416748047,49.92414855957031,9.282966613769532,43.521881103515628,-10.610467910766602,25.33437156677246,35.719913482666019,8.354581832885743,-45.20686340332031,-37.29161834716797,-2.1332435607910158,-8.499475479125977,-31.586837768554689,46.04713439941406,-54.51025390625,-56.01084899902344,15.529674530029297,-27.042009353637697,-45.892181396484378,-25.610212326049806,18.471534729003908,-25.030426025390626,-29.940185546875,-58.91668701171875,13.456457138061524,-57.28667449951172,-26.302335739135743,45.66884994506836,-55.582794189453128,-25.51795768737793,19.074951171875,56.2369384765625,-47.336509704589847,-59.255950927734378],"legSizes":[0.41985970735549929,0.438433974981308,0.48125702142715456,0.34489914774894717,0.4039774537086487,0.4448161721229553,0.12177920341491699,0.12720198929309846,0.22757288813591004,0.10912380367517472,0.17221422493457795,0.24879905581474305,0.4187541604042053,0.17919650673866273,0.2449847012758255,0.2666681110858917,0.2932145297527313,0.39255136251449587,0.11778221279382706,0.12323117256164551,0.4837760925292969,0.3996948301792145,0.4508568346500397,0.24602368474006654],"bodySizes":[2.1878132820129396,1.584620714187622,2.3075671195983888],"springs":[],"dumpers":[],"name":21783,"generation":628,"distance":31.688976287841798,"reward":-39.854278564453128}]}