{"geneDatas":[{"angles":[-58.77156066894531,38.988807678222659,26.04064178466797,25.22296142578125,52.599266052246097,-5.485359191894531,-23.342079162597658,-55.748321533203128,34.30861282348633,1.4333648681640626,34.03799057006836,-24.942962646484376,-11.403085708618164,-17.42133331298828,-47.547637939453128,43.46099853515625,29.08291244506836,-20.4027042388916,-28.53094482421875,-26.75444793701172,-43.245094299316409,-50.158912658691409,9.364065170288086,-50.51818084716797,23.699254989624025,-28.802770614624025,-8.743995666503907,45.313812255859378,-46.548431396484378,34.98023986816406,43.88939666748047,4.864046096801758,19.80841827392578,-42.84941101074219,54.64380645751953,-23.7694149017334,39.44464874267578,24.442119598388673,14.996759414672852,20.093162536621095,-23.043731689453126,-57.87836456298828,35.408721923828128,-46.80308532714844,23.747573852539064,-20.570091247558595,54.78783416748047,52.12932586669922,46.00727844238281,-20.006498336791993,-10.610467910766602,22.109683990478517,24.62928581237793,-3.22869873046875,-59.208839416503909,-37.29161834716797,-40.53607177734375,-52.511505126953128,9.20866584777832,-34.640838623046878,-54.70079803466797,33.92738342285156,13.294166564941407,43.16382598876953,57.40729522705078,-9.118217468261719,-1.3613815307617188,-1.1466178894042969,7.091154098510742,-36.987579345703128,26.70361328125,8.056159973144532,36.48051452636719,-48.68934631347656,-52.940528869628909,-41.867454528808597,29.5103759765625,-59.22631072998047,-44.22783660888672,7.300178527832031],"legSizes":[0.4312191605567932,0.47410231828689577,0.2670174241065979,0.4691848158836365,0.3408889174461365,0.3297143578529358,0.34138962626457217,0.16396433115005494,0.15555673837661744,0.18517360091209413,0.10049901157617569,0.4633161425590515,0.4533573091030121,0.1888703852891922,0.39577388763427737,0.18938755989074708,0.3053296208381653,0.30038926005363467,0.15100422501564027,0.2696177661418915,0.4427157938480377,0.13347983360290528,0.4777396321296692,0.33733516931533816],"bodySizes":[2.078110694885254,1.9139478206634522,2.011366128921509],"springs":[],"dumpers":[],"name":17415,"generation":498,"distance":23.744653701782228,"reward":-23.744653701782228},{"angles":[33.28702926635742,18.495710372924806,26.04064178466797,25.22296142578125,52.599266052246097,24.70985221862793,-23.342079162597658,-55.748321533203128,34.30861282348633,1.4333648681640626,14.991926193237305,-24.942962646484376,-11.403085708618164,-17.42133331298828,-47.547637939453128,43.46099853515625,29.08291244506836,-20.4027042388916,-28.53094482421875,-26.75444793701172,-43.245094299316409,-50.158912658691409,9.364065170288086,-50.51818084716797,23.699254989624025,-28.802770614624025,-8.743995666503907,45.313812255859378,-46.548431396484378,34.98023986816406,43.88939666748047,4.864046096801758,19.80841827392578,-22.891538619995118,54.64380645751953,-23.7694149017334,39.44464874267578,24.442119598388673,14.996759414672852,20.093162536621095,-23.043731689453126,-57.87836456298828,35.408721923828128,-46.80308532714844,23.747573852539064,-20.570091247558595,54.78783416748047,52.12932586669922,46.00727844238281,-20.006498336791993,-10.610467910766602,22.109683990478517,24.62928581237793,-3.22869873046875,-59.208839416503909,-37.29161834716797,57.432945251464847,-52.511505126953128,9.20866584777832,-34.640838623046878,-54.70079803466797,33.92738342285156,13.294166564941407,43.16382598876953,57.40729522705078,-9.118217468261719,-1.3613815307617188,-1.1466178894042969,7.091154098510742,-36.987579345703128,26.70361328125,8.056159973144532,36.48051452636719,-48.68934631347656,-52.940528869628909,-41.867454528808597,29.5103759765625,-59.22631072998047,-44.22783660888672,-13.507568359375],"legSizes":[0.4312191605567932,0.47410231828689577,0.2670174241065979,0.4552847445011139,0.3408889174461365,0.3297143578529358,0.26032012701034548,0.2097553014755249,0.4793211817741394,0.35219964385032656,0.10049901157617569,0.4633161425590515,0.4533573091030121,0.1888703852891922,0.39577388763427737,0.18938755989074708,0.3053296208381653,0.19160833954811097,0.15100422501564027,0.2696177661418915,0.4427157938480377,0.13347983360290528,0.4777396321296692,0.33733516931533816],"bodySizes":[2.078110933303833,1.9139479398727418,2.011366367340088],"springs":[],"dumpers":[],"name":17415,"generation":498,"distance":23.744653701782228,"reward":-50.07274627685547},{"angles":[6.862113952636719,14.187406539916993,0.9094696044921875,-5.649209976196289,-15.164285659790039,53.10990905761719,42.901771545410159,32.76045608520508,38.92250061035156,4.597541809082031,55.54389953613281,49.313446044921878,46.975791931152347,-17.42133331298828,-27.883150100708009,56.251441955566409,16.67731475830078,-20.4027042388916,42.36024475097656,4.80615234375,-43.245094299316409,-35.88396453857422,9.078834533691407,-24.237749099731447,23.699254989624025,-33.333518981933597,47.438446044921878,31.475414276123048,-17.97411346435547,57.176971435546878,15.452871322631836,4.864046096801758,2.2523193359375,0.4312782287597656,54.64380645751953,25.74049186706543,39.44464874267578,24.442119598388673,-5.139762878417969,49.375389099121097,-30.410314559936525,-1.0536231994628907,17.600324630737306,19.93586540222168,-58.972633361816409,46.56391906738281,54.78783416748047,52.12932586669922,-47.67512512207031,55.72337341308594,-10.610467910766602,22.109683990478517,24.62928581237793,-3.22869873046875,-31.19579315185547,-37.29161834716797,38.71434783935547,-24.905296325683595,35.60568618774414,5.764097213745117,-54.70079803466797,-47.890960693359378,-53.59754943847656,43.16382598876953,57.40729522705078,51.153656005859378,-55.71088409423828,-31.324583053588868,7.091154098510742,-36.987579345703128,39.934814453125,8.056159973144532,36.48051452636719,-48.68934631347656,-52.940528869628909,43.251129150390628,-29.14794921875,-16.821075439453126,-44.22783660888672,-38.04457092285156],"legSizes":[0.3394319713115692,0.3169468641281128,0.2574877440929413,0.1022699847817421,0.1705552041530609,0.3297143578529358,0.16105571389198304,0.16396433115005494,0.3185572028160095,0.16209688782691956,0.20414936542510987,0.4633161425590515,0.4533573091030121,0.1899365931749344,0.39577388763427737,0.18938755989074708,0.3053296208381653,0.19160833954811097,0.15100422501564027,0.10972404479980469,0.4427157938480377,0.13347983360290528,0.4099108576774597,0.33733516931533816],"bodySizes":[2.064915895462036,1.9200531244277955,2.01778244972229],"springs":[],"dumpers":[],"name":17415,"generation":498,"distance":23.744653701782228,"reward":-68.13972473144531}]}