{"geneDatas":[{"angles":[-5.214408874511719,-21.820327758789064,20.60774803161621,-13.728340148925782,-8.78868293762207,-37.54222869873047,-29.211639404296876,-24.211669921875,8.299148559570313,-14.376104354858399,1.5489654541015626,42.55750274658203,41.17695617675781,57.85899353027344,-22.17890167236328,-52.08598327636719,4.088523864746094,-20.4027042388916,-19.751235961914064,48.095211029052737,5.994680404663086,45.95355224609375,-6.819013595581055,23.545818328857423,35.67276382446289,-33.25965118408203,54.29206085205078,-52.553489685058597,-19.210546493530275,-33.81549072265625,51.20973205566406,55.161781311035159,22.245168685913087,52.528480529785159,6.164039611816406,-44.315940856933597,-48.714134216308597,-29.4141845703125,-20.48097038269043,-4.804422378540039,15.561172485351563,46.23431396484375,40.446136474609378,56.599891662597659,-22.853042602539064,-26.027847290039064,54.78783416748047,45.841941833496097,-37.579505920410159,58.052757263183597,30.543264389038087,45.201759338378909,25.116147994995118,-44.287132263183597,-59.51658630371094,-54.63561248779297,15.799352645874024,-41.760948181152347,-40.19502258300781,8.055831909179688,-54.70079803466797,-35.039817810058597,13.220466613769532,27.793663024902345,-29.293907165527345,48.71812438964844,46.7733154296875,-12.3958740234375,-39.70936584472656,-58.71527099609375,-19.560293197631837,-13.802467346191407,27.59161949157715,-21.515501022338868,-57.115447998046878,-36.37560272216797,-10.836158752441407,-16.821075439453126,-20.954681396484376,-24.96526336669922],"legSizes":[0.2746815085411072,0.30858537554740908,0.4468451142311096,0.40976476669311526,0.15077954530715943,0.2471998929977417,0.2600746750831604,0.10620708763599396,0.4793211817741394,0.41163673996925356,0.41626471281051638,0.19698086380958558,0.3451950252056122,0.2303076535463333,0.2871536910533905,0.3285844624042511,0.12409573048353195,0.33582308888435366,0.22740161418914796,0.16455531120300294,0.4540310502052307,0.30585259199142458,0.4893770217895508,0.4279230535030365],"bodySizes":[2.0832743644714357,1.7719125747680665,2.1672112941741945],"springs":[],"dumpers":[],"name":12528,"generation":367,"distance":23.46135139465332,"reward":-10.25578498840332},{"angles":[36.221710205078128,-6.84211540222168,-34.39595031738281,-13.728340148925782,-6.89312744140625,-43.43278503417969,-29.211639404296876,43.06163024902344,8.299148559570313,-18.043493270874025,34.375244140625,19.62275505065918,-30.31843376159668,57.85899353027344,34.242454528808597,50.441734313964847,11.161016464233399,11.934507369995118,28.064945220947267,-30.988426208496095,5.994680404663086,-30.765310287475587,-6.819013595581055,-6.528547286987305,0.4015960693359375,-33.25965118408203,54.29206085205078,-1.3335723876953126,-19.210546493530275,-33.81549072265625,29.162519454956056,25.029685974121095,22.245168685913087,52.528480529785159,6.164039611816406,-44.315940856933597,49.035400390625,-29.4141845703125,-20.48097038269043,-0.176116943359375,15.561172485351563,-33.77978515625,40.446136474609378,56.599891662597659,-10.548683166503907,-26.027847290039064,54.78783416748047,45.841941833496097,-37.579505920410159,58.052757263183597,34.54220199584961,45.201759338378909,52.70831298828125,-10.540731430053711,-20.07817840576172,-15.320899963378907,-0.6770973205566406,-41.760948181152347,-40.19502258300781,8.055831909179688,-54.70079803466797,45.25853729248047,13.220466613769532,43.26478576660156,-29.293907165527345,48.71812438964844,46.7733154296875,53.27470397949219,26.019371032714845,-58.71527099609375,-36.65991973876953,-13.802467346191407,27.59161949157715,-23.911048889160158,-57.115447998046878,-36.37560272216797,-10.836158752441407,-16.821075439453126,-53.83606719970703,59.37500762939453],"legSizes":[0.2746815085411072,0.30858537554740908,0.3553730547428131,0.47952595353126528,0.2792895436286926,0.2471998929977417,0.2600746750831604,0.10620708763599396,0.2311975359916687,0.4945903718471527,0.38471540808677676,0.19698086380958558,0.3451950252056122,0.3420814275741577,0.2871536910533905,0.22531774640083314,0.12409573048353195,0.33582308888435366,0.22740161418914796,0.16455531120300294,0.4540310502052307,0.470466673374176,0.1490229070186615,0.1253376007080078],"bodySizes":[1.968814492225647,2.0047287940979006,2.0268869400024416],"springs":[],"dumpers":[],"name":12528,"generation":367,"distance":23.46135139465332,"reward":-22.926502227783204},{"angles":[-5.214408874511719,-21.820327758789064,20.60774803161621,-13.728340148925782,-8.78868293762207,-37.54222869873047,-29.211639404296876,-24.211669921875,8.299148559570313,-14.376104354858399,1.5489654541015626,42.55750274658203,41.17695617675781,57.85899353027344,-22.17890167236328,13.617103576660157,4.088523864746094,-20.4027042388916,-19.751235961914064,48.095211029052737,5.994680404663086,45.95355224609375,18.866971969604493,23.545818328857423,35.67276382446289,-33.25965118408203,54.29206085205078,-52.553489685058597,-19.210546493530275,-33.81549072265625,51.20973205566406,55.161781311035159,22.245168685913087,52.528480529785159,6.164039611816406,-44.315940856933597,-48.714134216308597,-29.4141845703125,-20.48097038269043,-4.804422378540039,15.561172485351563,46.23431396484375,40.446136474609378,56.599891662597659,-22.853042602539064,-26.027847290039064,54.78783416748047,45.841941833496097,-37.579505920410159,58.052757263183597,30.543264389038087,45.201759338378909,25.116147994995118,-44.287132263183597,-59.51658630371094,-54.63561248779297,15.799352645874024,-41.760948181152347,-40.19502258300781,8.055831909179688,-54.70079803466797,-35.039817810058597,13.220466613769532,27.793663024902345,-29.293907165527345,48.71812438964844,46.7733154296875,15.899648666381836,-39.70936584472656,-58.71527099609375,-19.560293197631837,-13.802467346191407,27.59161949157715,56.824134826660159,-57.115447998046878,-36.37560272216797,-10.836158752441407,-16.821075439453126,-53.83606719970703,24.22749900817871],"legSizes":[0.2746815085411072,0.30858537554740908,0.10583577305078507,0.40976476669311526,0.15077954530715943,0.2471998929977417,0.2600746750831604,0.10620708763599396,0.4793211817741394,0.41163673996925356,0.41626471281051638,0.19698086380958558,0.3451950252056122,0.2303076535463333,0.2871536910533905,0.3285844624042511,0.12409573048353195,0.33582308888435366,0.22740161418914796,0.16455531120300294,0.4540310502052307,0.470466673374176,0.1490229070186615,0.1253376007080078],"bodySizes":[2.010793924331665,1.9836921691894532,2.00561785697937],"springs":[],"dumpers":[],"name":12528,"generation":367,"distance":23.46135139465332,"reward":-25.70293617248535}]}