{"geneDatas":[{"angles":[28.584793090820314,-33.66462707519531,5.1101226806640629,2.1699371337890627,-7.620569229125977,-25.38994026184082,-11.24946403503418,15.697057723999024,7.318603515625,-35.04530334472656,-12.063497543334961,-31.346023559570314,-22.70062255859375,-55.29576110839844,41.16913604736328,25.024694442749025,-11.788179397583008,-26.76961326599121,46.64873504638672,32.539241790771487,-7.626951217651367,6.061300277709961,47.532073974609378,58.587928771972659,18.919658660888673,6.913154602050781,9.829124450683594,-40.36195373535156,44.139373779296878,27.028484344482423,-25.083396911621095,-27.68503761291504,57.036781311035159,56.341766357421878,56.92332458496094,-29.84202003479004,-0.7015876770019531,-14.678712844848633,-16.546531677246095,31.00701904296875,59.29298400878906,-31.71619987487793,27.98613739013672,-21.335540771484376,-55.503273010253909,50.4755859375,58.930992126464847,66.07421875,13.218406677246094,11.243110656738282,29.308761596679689,21.414684295654298,-3.1178627014160158,8.983474731445313,-37.079742431640628,-47.81208801269531,46.91373825073242,17.716079711914064,-37.851348876953128,-33.40087127685547,-11.954635620117188,-45.36250305175781,-52.51690673828125,-54.57093811035156,-52.05126190185547,24.821462631225587,-8.52667236328125,-31.032455444335939,-22.68638801574707,21.534902572631837,-23.837936401367189,1.5289955139160157,-25.004159927368165,30.50984764099121,14.317596435546875,-3.03094482421875,-25.582931518554689,13.315580368041993,-0.9343452453613281,-41.88042449951172],"legSizes":[0.15601381659507752,0.365330308675766,0.30612823367118838,0.10813098400831223,0.15357095003128053,0.3148389458656311,0.2652672529220581,0.23060005903244019,0.47677379846572878,0.12217392772436142,0.11456041783094406,0.3158886730670929,0.48713913559913638,0.21302612125873567,0.14824065566062928,0.10933146625757218,0.4876193404197693,0.4428296983242035,0.3626299500465393,0.2598471939563751,0.35823550820350649,0.25,0.12258157879114151,0.2705654501914978],"bodySizes":[1.9469385147094727,1.820167899131775,2.2574923038482668],"springs":[],"dumpers":[],"name":2986,"generation":84,"distance":65.18317413330078,"reward":-65.18317413330078},{"angles":[-33.539207458496097,12.783485412597657,-48.61711883544922,2.1699371337890627,59.41203308105469,0.09885406494140625,-11.24946403503418,-35.21471405029297,7.318603515625,-35.04530334472656,32.86299514770508,5.059783935546875,-41.052146911621097,12.276969909667969,41.16913604736328,25.024694442749025,-42.285430908203128,-26.76961326599121,46.64873504638672,54.8536491394043,-43.87225341796875,19.429046630859376,47.532073974609378,58.587928771972659,12.828018188476563,-5.243188858032227,9.829124450683594,17.397748947143556,24.051259994506837,27.028484344482423,-25.083396911621095,-27.68503761291504,57.036781311035159,-50.204345703125,42.38984680175781,-29.84202003479004,-48.842811584472659,-14.678712844848633,-16.546531677246095,-48.41107177734375,20.567419052124025,7.652801513671875,2.578216552734375,0.7310981750488281,37.71160125732422,36.165260314941409,9.765106201171875,-57.68470001220703,-6.551107406616211,-27.54547882080078,-34.261260986328128,-34.33888244628906,49.738197326660159,-45.28760528564453,16.938827514648439,-38.37321472167969,38.79828643798828,17.716079711914064,-37.851348876953128,-33.40087127685547,-11.954635620117188,-45.36250305175781,-52.51690673828125,-54.57093811035156,-55.525634765625,24.821462631225587,-8.52667236328125,-31.032455444335939,-35.27680206298828,2.3882598876953127,-23.837936401367189,-27.08081817626953,-26.791242599487306,-16.630590438842775,-35.52130126953125,-3.466808319091797,29.237533569335939,13.315580368041993,-59.85161590576172,-41.88042449951172],"legSizes":[0.4464375972747803,0.365330308675766,0.30612823367118838,0.10813098400831223,0.15357095003128053,0.15269489586353303,0.25640398263931277,0.2333267480134964,0.29505646228790285,0.12217392772436142,0.17048731446266175,0.28866326808929446,0.46585744619369509,0.10084714740514755,0.2913303077220917,0.40890902280807497,0.1373581886291504,0.4983704090118408,0.18830251693725587,0.24647635221481324,0.12043066322803498,0.25,0.36025768518447878,0.2981179356575012],"bodySizes":[1.9197776317596436,2.2322640419006349,1.86678147315979],"springs":[],"dumpers":[],"name":2986,"generation":84,"distance":65.18317413330078,"reward":-75.05317687988281},{"angles":[26.468395233154298,-23.61576271057129,44.861167907714847,2.1699371337890627,-7.620569229125977,0.09885406494140625,-11.24946403503418,51.39402770996094,7.318603515625,-35.04530334472656,-12.063497543334961,-31.346023559570314,-40.43330383300781,-44.19739532470703,41.16913604736328,25.024694442749025,-37.776275634765628,-26.76961326599121,46.64873504638672,32.539241790771487,-43.87225341796875,57.193695068359378,47.532073974609378,58.587928771972659,30.249664306640626,-5.243188858032227,9.829124450683594,-42.65038299560547,24.051259994506837,27.028484344482423,-25.083396911621095,-46.68669891357422,57.036781311035159,5.37701416015625,-26.45256805419922,-38.610435485839847,8.602804183959961,-31.54144859313965,-20.80767059326172,-48.41107177734375,20.567419052124025,-52.63349914550781,-13.244653701782227,59.097877502441409,-7.246362686157227,-43.187843322753909,58.930992126464847,66.07421875,13.218406677246094,11.243110656738282,29.308761596679689,-37.04563903808594,-9.44862174987793,-27.5220890045166,-37.079742431640628,-48.33216094970703,46.91373825073242,17.716079711914064,-37.851348876953128,-33.40087127685547,-11.954635620117188,-45.36250305175781,-52.51690673828125,-54.57093811035156,-52.05126190185547,24.821462631225587,-8.52667236328125,-31.032455444335939,-22.68638801574707,21.534902572631837,17.483196258544923,1.5289955139160157,-26.791242599487306,30.50984764099121,14.317596435546875,-3.466808319091797,-25.582931518554689,13.315580368041993,-0.9343452453613281,-41.88042449951172],"legSizes":[0.4464375972747803,0.365330308675766,0.30612823367118838,0.10813098400831223,0.15357095003128053,0.17492619156837464,0.2652672529220581,0.23060005903244019,0.4611942172050476,0.24715769290924073,0.3797420561313629,0.3724934160709381,0.48713913559913638,0.4628065228462219,0.46224457025527956,0.34457701444625857,0.11420188099145889,0.4428296983242035,0.3020232021808624,0.2598471939563751,0.3936561048030853,0.25,0.36025768518447878,0.2705654501914978],"bodySizes":[1.8861570358276368,1.9418708086013795,2.184196949005127],"springs":[],"dumpers":[],"name":2986,"generation":84,"distance":65.18317413330078,"reward":-88.27986145019531}]}