{"geneDatas":[{"angles":[-5.214408874511719,-21.820327758789064,44.43590545654297,0.8851509094238281,-8.78868293762207,24.54360008239746,-29.211639404296876,-24.211669921875,8.299148559570313,1.4333648681640626,39.917137145996097,42.55750274658203,41.17695617675781,57.85899353027344,-22.17890167236328,13.617103576660157,4.088523864746094,50.760826110839847,-19.751235961914064,48.095211029052737,-5.888723373413086,45.95355224609375,18.866971969604493,23.545818328857423,35.67276382446289,-33.25965118408203,54.29206085205078,-52.553489685058597,-19.210546493530275,-33.81549072265625,51.20973205566406,55.161781311035159,22.245168685913087,-5.575983047485352,21.68635368347168,26.528846740722658,-48.714134216308597,39.927818298339847,-20.48097038269043,-4.804422378540039,-18.1077938079834,-46.79669189453125,40.446136474609378,56.599891662597659,-22.853042602539064,-26.027847290039064,54.78783416748047,45.841941833496097,-37.579505920410159,58.052757263183597,30.543264389038087,45.201759338378909,25.116147994995118,-44.287132263183597,-59.51658630371094,-54.63561248779297,15.799352645874024,-41.760948181152347,54.56847381591797,42.5615234375,-54.70079803466797,-35.039817810058597,-29.70855712890625,49.96516418457031,7.772705078125,-22.84747886657715,-0.5478363037109375,15.899648666381836,26.019371032714845,-39.222877502441409,-19.560293197631837,-13.802467346191407,27.59161949157715,-23.911048889160158,-6.695173263549805,-15.071846008300782,-10.836158752441407,-16.821075439453126,-20.954681396484376,-5.613090515136719],"legSizes":[0.2746815085411072,0.3219259977340698,0.20370586216449738,0.33152955770492556,0.15077954530715943,0.3746720254421234,0.31736522912979128,0.2408653050661087,0.3373776078224182,0.3041701018810272,0.4239020347595215,0.36904382705688479,0.3451950252056122,0.2303076535463333,0.2871536910533905,0.3285844624042511,0.12409573048353195,0.23478563129901887,0.1614086627960205,0.16455531120300294,0.4540310502052307,0.470466673374176,0.13291174173355103,0.4279230535030365],"bodySizes":[2.012601375579834,2.0072929859161379,1.9802565574645997],"springs":[],"dumpers":[],"name":13230,"generation":378,"distance":24.88868522644043,"reward":10.21629524230957},{"angles":[-11.136611938476563,50.117958068847659,20.60774803161621,-13.728340148925782,-8.78868293762207,-18.19933319091797,-29.211639404296876,-24.211669921875,40.94983673095703,-14.376104354858399,1.5489654541015626,42.55750274658203,31.91412353515625,57.85899353027344,-22.17890167236328,45.50672912597656,4.088523864746094,-20.4027042388916,-19.751235961914064,-15.94993782043457,-5.888723373413086,45.95355224609375,18.866971969604493,23.545818328857423,15.432340621948243,-33.25965118408203,54.29206085205078,-25.578195571899415,-19.210546493530275,-33.81549072265625,51.20973205566406,55.161781311035159,22.245168685913087,-5.575983047485352,21.68635368347168,26.528846740722658,-48.714134216308597,39.927818298339847,14.881975173950196,-4.804422378540039,-18.1077938079834,46.23431396484375,40.446136474609378,47.41920852661133,25.535985946655275,-26.027847290039064,54.78783416748047,45.841941833496097,-37.579505920410159,-7.436891555786133,30.543264389038087,-57.44483184814453,25.116147994995118,-38.91241455078125,-59.51658630371094,-54.63561248779297,15.799352645874024,-41.760948181152347,-40.19502258300781,8.055831909179688,-54.70079803466797,-35.039817810058597,13.220466613769532,27.793663024902345,-29.293907165527345,48.71812438964844,46.7733154296875,20.45303726196289,-39.70936584472656,-58.71527099609375,-19.560293197631837,-13.802467346191407,-8.273427963256836,-8.335525512695313,-57.115447998046878,-36.37560272216797,-0.057384490966796878,53.26569366455078,-44.918060302734378,59.37500762939453],"legSizes":[0.30002114176750185,0.30858537554740908,0.10583577305078507,0.12286148220300675,0.18381968140602113,0.3918406069278717,0.2600746750831604,0.14547380805015565,0.4793211817741394,0.41163673996925356,0.41626471281051638,0.19698086380958558,0.3451950252056122,0.2303076535463333,0.2871536910533905,0.3285844624042511,0.12409573048353195,0.33582308888435366,0.22740161418914796,0.16455531120300294,0.4540310502052307,0.1444481909275055,0.2923889756202698,0.1253376007080078],"bodySizes":[1.9513338804244996,1.9749540090560914,2.075875759124756],"springs":[],"dumpers":[],"name":13230,"generation":378,"distance":24.88868522644043,"reward":-25.411258697509767},{"angles":[-5.214408874511719,-22.158973693847658,20.60774803161621,-13.728340148925782,44.019142150878909,-52.779991149902347,-46.964996337890628,16.856916427612306,8.299148559570313,-14.376104354858399,1.5489654541015626,9.417852401733399,-20.32860565185547,-43.666603088378909,-22.17890167236328,13.617103576660157,4.088523864746094,-20.4027042388916,-19.751235961914064,48.095211029052737,5.376012802124023,45.95355224609375,-48.216819763183597,23.545818328857423,35.67276382446289,-33.25965118408203,54.29206085205078,-54.013282775878909,-19.210546493530275,-33.81549072265625,-13.309415817260743,55.161781311035159,22.245168685913087,52.528480529785159,6.164039611816406,23.669843673706056,-48.714134216308597,-29.4141845703125,-20.48097038269043,-4.804422378540039,15.561172485351563,46.23431396484375,56.42216491699219,56.599891662597659,-22.853042602539064,18.076757431030275,52.3377685546875,45.841941833496097,-37.579505920410159,57.823020935058597,30.543264389038087,45.201759338378909,25.116147994995118,-38.91241455078125,-59.51658630371094,-54.63561248779297,15.799352645874024,-41.760948181152347,-40.19502258300781,8.055831909179688,-54.70079803466797,-31.201356887817384,13.220466613769532,27.793663024902345,-29.293907165527345,5.033491134643555,46.7733154296875,20.45303726196289,-39.70936584472656,-58.71527099609375,-19.560293197631837,-13.802467346191407,-8.273427963256836,-8.335525512695313,-38.69080352783203,-15.071846008300782,-10.836158752441407,-16.821075439453126,-20.954681396484376,-5.613090515136719],"legSizes":[0.2746815085411072,0.17248192429542542,0.1345575451850891,0.34757721424102785,0.15077954530715943,0.41684967279434206,0.2600746750831604,0.10620708763599396,0.4793211817741394,0.41163673996925356,0.41626471281051638,0.19698086380958558,0.3451950252056122,0.2303076535463333,0.2871536910533905,0.3285844624042511,0.12409573048353195,0.33582308888435366,0.22740161418914796,0.16455531120300294,0.4540310502052307,0.470466673374176,0.13291174173355103,0.4279230535030365],"bodySizes":[1.9863643646240235,2.033486843109131,1.9805675745010377],"springs":[],"dumpers":[],"name":13230,"generation":378,"distance":24.88868522644043,"reward":-35.43016052246094}]}