{"geneDatas":[{"angles":[-3.067768096923828,29.604290008544923,-59.02702331542969,-20.099807739257814,5.119964599609375,-24.343793869018556,-4.485433578491211,-8.878791809082032,37.25727081298828,15.819524765014649,-34.561431884765628,58.897621154785159,-34.90214538574219,48.466331481933597,56.955528259277347,56.82190704345703,42.61509704589844,58.048851013183597,-22.34315299987793,1.2852935791015626,-3.370777130126953,42.518035888671878,9.364065170288086,25.576557159423829,23.699254989624025,50.121185302734378,54.278709411621097,45.313812255859378,37.92400360107422,-34.992645263671878,-29.489530563354493,49.288658142089847,-6.778070449829102,42.46678161621094,54.64380645751953,-44.56999969482422,39.44464874267578,-25.978151321411134,18.017276763916017,-50.616371154785159,-38.40924835205078,-32.95664978027344,58.57074737548828,48.48699951171875,-12.56390380859375,44.90987777709961,54.78783416748047,38.651161193847659,27.01228904724121,2.7662887573242189,-10.610467910766602,-17.49676513671875,35.719913482666019,-3.22869873046875,-37.592864990234378,-37.29161834716797,-2.1332435607910158,-9.131118774414063,-10.387380599975586,-22.014921188354493,-54.51025390625,-56.01084899902344,-2.8874664306640627,12.105880737304688,-54.582237243652347,-25.610212326049806,-17.186729431152345,-44.72076416015625,25.546001434326173,31.741500854492189,-48.06034851074219,-57.28667449951172,-30.07560157775879,-20.6663761138916,-55.582794189453128,-1.6921157836914063,-19.06084442138672,28.96273422241211,59.557472229003909,-9.770759582519532],"legSizes":[0.14793963730335236,0.478213369846344,0.4530300199985504,0.15305262804031373,0.34020674228668215,0.48961323499679568,0.12177920341491699,0.1027771458029747,0.3294236361980438,0.39319872856140139,0.4088188111782074,0.47676998376846316,0.416001558303833,0.40245598554611208,0.2689836621284485,0.17573100328445435,0.2086106538772583,0.39255136251449587,0.35268545150756838,0.23693282902240754,0.4262804388999939,0.24497511982917787,0.14910078048706056,0.3117218315601349],"bodySizes":[2.0577385425567629,1.6762789487838746,2.319281816482544],"springs":[],"dumpers":[],"name":21478,"generation":615,"distance":42.7130012512207,"reward":-42.7130012512207},{"angles":[2.4196739196777345,2.4731597900390627,52.193824768066409,6.3177337646484379,-16.9739990234375,-34.37101745605469,-4.485433578491211,-8.878791809082032,37.25727081298828,0.7106857299804688,51.61442565917969,58.897621154785159,12.55308723449707,-40.768089294433597,22.456710815429689,43.46099853515625,56.95356750488281,57.56219482421875,-4.53697395324707,39.09480285644531,-43.245094299316409,42.518035888671878,9.364065170288086,-33.203086853027347,34.3856315612793,-42.1591796875,51.77143859863281,-50.308372497558597,-28.997777938842775,53.58184051513672,28.818395614624025,-47.0601806640625,16.465070724487306,-27.835886001586915,4.434419631958008,-59.54408264160156,23.605098724365236,13.49357795715332,18.017276763916017,53.309898376464847,-23.043731689453126,2.866809844970703,39.31670379638672,34.40178298950195,-12.56390380859375,44.90987777709961,54.78783416748047,38.651161193847659,27.01228904724121,2.7662887573242189,-10.610467910766602,-17.49676513671875,35.719913482666019,-3.22869873046875,-37.592864990234378,-37.29161834716797,38.55731964111328,-9.131118774414063,-6.122438430786133,-22.014921188354493,-54.51025390625,-56.01084899902344,22.953184127807618,12.105880737304688,-54.582237243652347,-25.610212326049806,-30.165496826171876,-44.72076416015625,25.546001434326173,31.741500854492189,-48.06034851074219,-57.28667449951172,-30.07560157775879,-20.6663761138916,-55.582794189453128,-1.6921157836914063,-19.06084442138672,28.96273422241211,57.90949249267578,-9.770759582519532],"legSizes":[0.24996192753314973,0.438433974981308,0.49921783804893496,0.34489914774894717,0.17049604654312135,0.21209308505058289,0.12177920341491699,0.1027771458029747,0.23022396862506867,0.269631028175354,0.4088188111782074,0.2562445402145386,0.19203558564186097,0.40245598554611208,0.2689836621284485,0.18318124115467072,0.2086106538772583,0.39255136251449587,0.35268545150756838,0.23693282902240754,0.4262804388999939,0.24497511982917787,0.14910078048706056,0.3117218315601349],"bodySizes":[2.10400390625,1.6574881076812745,2.2939975261688234],"springs":[],"dumpers":[],"name":21478,"generation":615,"distance":42.7130012512207,"reward":-47.342926025390628},{"angles":[15.760457992553711,50.03167724609375,35.9297981262207,-47.47074890136719,-23.226821899414064,-56.697418212890628,-4.485433578491211,-18.982322692871095,37.25727081298828,54.389404296875,51.61442565917969,58.897621154785159,-34.90214538574219,-33.21556091308594,56.955528259277347,56.82190704345703,42.61509704589844,58.048851013183597,-22.34315299987793,1.2852935791015626,-3.370777130126953,42.518035888671878,9.364065170288086,7.392732620239258,23.699254989624025,50.121185302734378,54.278709411621097,45.313812255859378,-46.548431396484378,43.59088897705078,28.818395614624025,49.288658142089847,-6.778070449829102,42.46678161621094,54.64380645751953,-44.56999969482422,39.44464874267578,-2.3304824829101564,18.017276763916017,-50.616371154785159,-23.043731689453126,-32.95664978027344,58.57074737548828,48.48699951171875,-12.56390380859375,24.5008544921875,54.78783416748047,38.651161193847659,27.01228904724121,20.88422203063965,-10.610467910766602,-17.49676513671875,35.719913482666019,-3.22869873046875,-37.592864990234378,-37.29161834716797,-2.1332435607910158,-9.131118774414063,-6.122438430786133,-22.014921188354493,-54.51025390625,-56.01084899902344,-2.8874664306640627,12.105880737304688,-54.582237243652347,-9.118217468261719,-30.165496826171876,-44.72076416015625,-53.490440368652347,31.741500854492189,34.273895263671878,-57.28667449951172,-30.07560157775879,-20.6663761138916,-55.582794189453128,-1.6921157836914063,-19.06084442138672,28.96273422241211,57.90949249267578,-9.770759582519532],"legSizes":[0.41300028562545779,0.144517719745636,0.49921783804893496,0.34489914774894717,0.17049604654312135,0.21209308505058289,0.12177920341491699,0.12720198929309846,0.25597497820854189,0.269631028175354,0.46120762825012209,0.2562445402145386,0.19203558564186097,0.40245598554611208,0.2689836621284485,0.18318124115467072,0.2086106538772583,0.39255136251449587,0.35268545150756838,0.12323117256164551,0.4837760925292969,0.4869084358215332,0.14910078048706056,0.3117218315601349],"bodySizes":[2.036452293395996,1.6575376987457276,2.3700215816497804],"springs":[],"dumpers":[],"name":21478,"generation":615,"distance":42.7130012512207,"reward":-53.977088928222659}]}