{"geneDatas":[{"angles":[-28.443769454956056,16.945493698120118,49.90606689453125,28.82198715209961,-19.29889488220215,47.30744171142578,-23.342079162597658,32.76045608520508,9.796737670898438,-21.65546226501465,38.17096710205078,42.55750274658203,5.419914245605469,-17.42133331298828,-20.755126953125,2.026813507080078,-44.31139373779297,-20.4027042388916,42.36024475097656,9.598281860351563,22.039215087890626,-53.62956237792969,9.364065170288086,-50.51818084716797,23.699254989624025,-33.333518981933597,23.432607650756837,-54.013282775878909,0.37397003173828127,-17.883604049682618,-23.945037841796876,55.161781311035159,22.245168685913087,-18.668798446655275,28.218969345092775,21.332412719726564,23.964096069335939,-2.6037368774414064,-5.139762878417969,2.1601219177246095,-23.043731689453126,-35.02735900878906,48.27077865600586,40.25475311279297,8.889747619628907,45.51738739013672,54.78783416748047,52.12932586669922,-40.662689208984378,-44.280120849609378,30.543264389038087,-30.326026916503908,6.1066741943359379,-21.60253143310547,-59.51658630371094,-55.361663818359378,38.71434783935547,2.334644317626953,-12.132102966308594,-34.640838623046878,-54.70079803466797,19.343961715698243,13.294166564941407,-47.37510681152344,57.40729522705078,51.153656005859378,-1.3613815307617188,58.97251892089844,-15.493318557739258,-36.987579345703128,26.394079208374025,-13.802467346191407,4.628755569458008,-48.68934631347656,-52.940528869628909,42.850868225097659,-10.836158752441407,-16.821075439453126,-44.22783660888672,-52.20320129394531],"legSizes":[0.2304871380329132,0.224422425031662,0.47798609733581545,0.38369011878967287,0.2405828833580017,0.49025100469589236,0.43195709586143496,0.16396433115005494,0.41540804505348208,0.18517360091209413,0.16165924072265626,0.2776465117931366,0.4007236957550049,0.31894567608833315,0.39577388763427737,0.18938755989074708,0.35659822821617129,0.345376193523407,0.36713069677352908,0.16455531120300294,0.4427157938480377,0.13347983360290528,0.3981991410255432,0.11979418247938156],"bodySizes":[2.1654224395751955,1.8572075366973878,1.9892386198043824],"springs":[],"dumpers":[],"name":15568,"generation":444,"distance":46.136863708496097,"reward":-46.136863708496097},{"angles":[49.52721405029297,28.268421173095704,49.90606689453125,25.22296142578125,-49.81227111816406,41.744224548339847,-25.06947898864746,-53.24357604980469,13.668243408203125,3.3846969604492189,34.921775817871097,42.55750274658203,5.419914245605469,-31.9970645904541,52.7069091796875,-47.348243713378909,58.879638671875,-20.4027042388916,42.36024475097656,9.598281860351563,-4.189476013183594,58.78857421875,-57.338172912597659,-58.283531188964847,18.038549423217775,13.996389389038086,-16.893333435058595,-58.732269287109378,-6.99683952331543,18.938568115234376,-41.048927307128909,56.827796936035159,-23.23112678527832,13.03106689453125,50.58586120605469,6.892953872680664,25.093772888183595,-8.278375625610352,6.321653366088867,23.77558708190918,-23.58373260498047,14.183685302734375,48.27077865600586,42.66484832763672,-21.989973068237306,13.463607788085938,54.78783416748047,36.59092330932617,27.80799674987793,-22.595237731933595,31.786792755126954,-30.326026916503908,30.539630889892579,-21.60253143310547,-59.51658630371094,-47.559715270996097,38.71434783935547,-12.925336837768555,-50.36077117919922,-34.640838623046878,-29.34558868408203,-14.145675659179688,13.294166564941407,43.16382598876953,57.40729522705078,51.153656005859378,-1.3613815307617188,59.77116394042969,40.182552337646487,55.742523193359378,26.394079208374025,-11.013715744018555,-50.886138916015628,38.5675048828125,-52.940528869628909,42.850868225097659,-10.836158752441407,-16.821075439453126,-44.22783660888672,27.292869567871095],"legSizes":[0.2780141532421112,0.30796411633491518,0.23617398738861085,0.38369011878967287,0.2405828833580017,0.167109876871109,0.43195709586143496,0.16396433115005494,0.41540804505348208,0.18517360091209413,0.16165924072265626,0.2776465117931366,0.4007236957550049,0.3723391592502594,0.10910572856664658,0.3285844624042511,0.35659822821617129,0.345376193523407,0.14279118180274964,0.1807328760623932,0.4427157938480377,0.13347983360290528,0.3981991410255432,0.11979418247938156],"bodySizes":[2.0309672355651857,1.993195652961731,1.9762285947799683],"springs":[],"dumpers":[],"name":15568,"generation":444,"distance":46.136863708496097,"reward":-55.644859313964847},{"angles":[-28.443769454956056,16.945493698120118,49.90606689453125,28.82198715209961,-19.29889488220215,47.30744171142578,-23.342079162597658,32.76045608520508,-2.430431365966797,55.980621337890628,38.17096710205078,42.55750274658203,5.419914245605469,-17.42133331298828,-20.755126953125,2.026813507080078,-44.31139373779297,-20.4027042388916,42.36024475097656,9.598281860351563,-4.189476013183594,-53.62956237792969,57.530067443847659,-50.51818084716797,-46.015846252441409,59.453102111816409,23.432607650756837,-54.013282775878909,0.37397003173828127,-17.883604049682618,-23.945037841796876,55.161781311035159,22.245168685913087,-36.230491638183597,54.64380645751953,21.332412719726564,23.964096069335939,35.15071105957031,-5.139762878417969,2.1601219177246095,-23.043731689453126,33.95068359375,48.27077865600586,57.02735137939453,8.889747619628907,45.51738739013672,54.78783416748047,52.12932586669922,-40.662689208984378,-44.280120849609378,30.543264389038087,5.833017349243164,6.1066741943359379,-21.60253143310547,-59.51658630371094,-47.559715270996097,38.71434783935547,4.94996452331543,-2.3261184692382814,-34.640838623046878,-54.70079803466797,-24.607709884643556,13.294166564941407,43.16382598876953,57.40729522705078,51.153656005859378,-1.3613815307617188,59.77116394042969,-15.493318557739258,17.38732147216797,26.394079208374025,-13.802467346191407,-51.83049011230469,-48.68934631347656,-52.940528869628909,42.850868225097659,-10.836158752441407,1.1533126831054688,-48.504669189453128,-56.813209533691409],"legSizes":[0.2304871380329132,0.28974735736846926,0.47798609733581545,0.2522301971912384,0.23473593592643739,0.167109876871109,0.43195709586143496,0.16396433115005494,0.4793211817741394,0.18517360091209413,0.4637959599494934,0.2776465117931366,0.22815024852752686,0.2303076535463333,0.49825549125671389,0.14114046096801759,0.35659822821617129,0.345376193523407,0.12503701448440553,0.16455531120300294,0.4427157938480377,0.13347983360290528,0.3981991410255432,0.11979418247938156],"bodySizes":[2.052452802658081,1.9703351259231568,1.9782295227050782],"springs":[],"dumpers":[],"name":15568,"generation":444,"distance":46.136863708496097,"reward":-55.678321838378909}]}