{"geneDatas":[{"angles":[-26.80524444580078,41.83440399169922,0.3336753845214844,32.56205749511719,39.523712158203128,-0.76318359375,22.69882583618164,33.488929748535159,39.17448425292969,17.685054779052736,58.97529602050781,-5.068765640258789,-13.616559982299805,-31.521791458129884,-32.84611511230469,-48.206092834472659,7.995307922363281,10.463739395141602,40.217384338378909,-1.1857719421386719,-49.34693908691406,48.270965576171878,1.212493896484375,42.95079040527344,3.5622940063476564,30.343490600585939,-44.98512268066406,-41.080039978027347,30.058547973632814,-34.78704833984375,24.151695251464845,56.07659149169922,40.66925811767578,-10.493339538574219,12.549070358276368,29.356496810913087,56.69244384765625,51.94270324707031,55.58526611328125,47.69153594970703,17.195247650146486,38.58099365234375,15.417106628417969,31.648235321044923,13.101716995239258,40.61475372314453,56.05187225341797,45.71614074707031,-7.36204719543457,39.843719482421878,-27.53839874267578,28.655431747436525,31.595245361328126,-53.212554931640628,-53.32441711425781,-28.647171020507814,44.107059478759769,-6.577629089355469,13.748268127441407,-28.2052001953125,-51.722877502441409,-8.801315307617188,-57.42546844482422,-21.350120544433595,27.034088134765626,32.47913360595703,15.069578170776368,18.063467025756837,54.22532653808594,-36.3150634765625,-37.783042907714847,38.15424346923828,43.335426330566409,-31.84607696533203,-28.45526885986328,-16.59722900390625,-47.104095458984378,24.98306655883789,-27.88697052001953,46.73448181152344],"legSizes":[0.2920801341533661,0.34754234552383425,0.35677218437194826,0.17942938208580018,0.27833154797554018,0.4731658101081848,0.2998802959918976,0.17311367392539979,0.32245561480522158,0.36048784852027895,0.470346599817276,0.4668111801147461,0.35818687081336977,0.34399497509002688,0.38616782426834109,0.24379880726337434,0.3328055143356323,0.38743099570274355,0.49251991510391238,0.23296725749969483,0.3835172653198242,0.1581171154975891,0.2268582135438919,0.18125924468040467],"bodySizes":[2.2363908290863039,1.5221692323684693,2.350062131881714],"springs":[],"dumpers":[],"name":36845,"generation":1052,"distance":49.412689208984378,"reward":-49.412689208984378},{"angles":[25.1564998626709,-24.45069694519043,-37.3084716796875,32.56205749511719,-1.8158988952636719,-0.76318359375,30.39537811279297,56.36412811279297,39.17448425292969,25.12533187866211,58.97529602050781,-42.71971893310547,34.52008819580078,-39.357635498046878,-29.877853393554689,-17.881271362304689,52.71534729003906,24.04465103149414,-31.066619873046876,33.10479736328125,7.714754104614258,24.89813804626465,-44.43199920654297,35.52456283569336,49.36994171142578,16.6236572265625,-58.36396789550781,-44.53754425048828,30.33978843688965,4.65690803527832,-21.99267578125,-52.688453674316409,10.050064086914063,28.361419677734376,59.591285705566409,47.050750732421878,47.59638977050781,11.784202575683594,44.6136474609375,46.795021057128909,-47.90446472167969,-3.2425613403320314,-40.687294006347659,0.6758384704589844,-3.8236083984375,-25.642927169799806,49.389366149902347,45.71614074707031,-7.36204719543457,39.843719482421878,-27.53839874267578,28.655431747436525,40.77122497558594,-53.212554931640628,-53.32441711425781,12.946578979492188,-41.95783233642578,-24.589155197143556,-10.148469924926758,-28.2052001953125,-51.722877502441409,-8.801315307617188,-56.22645568847656,-21.350120544433595,24.206457138061525,32.47913360595703,15.069578170776368,18.063467025756837,54.22532653808594,0.9806365966796875,-37.783042907714847,38.15424346923828,43.335426330566409,-36.916709899902347,48.88648223876953,-16.59722900390625,-47.104095458984378,24.98306655883789,-58.543853759765628,46.73448181152344],"legSizes":[0.2920801341533661,0.424638032913208,0.23183414340019227,0.28540050983428957,0.4498048722743988,0.4731658101081848,0.4504028260707855,0.12025918811559677,0.32245561480522158,0.36048784852027895,0.470346599817276,0.4668111801147461,0.35818687081336977,0.34399497509002688,0.38616782426834109,0.24379880726337434,0.18703588843345643,0.15561547875404359,0.44940727949142458,0.23296725749969483,0.3835172653198242,0.1581171154975891,0.2268582135438919,0.18125924468040467],"bodySizes":[2.23639178276062,1.5221672058105469,2.350064516067505],"springs":[],"dumpers":[],"name":36845,"generation":1052,"distance":49.412689208984378,"reward":-77.69226837158203},{"angles":[-26.80524444580078,41.83440399169922,0.3336753845214844,32.56205749511719,38.81315231323242,-0.76318359375,22.69882583618164,22.96657371520996,39.17448425292969,17.685054779052736,58.97529602050781,-5.068765640258789,-13.616559982299805,-31.521791458129884,-32.84611511230469,-48.206092834472659,7.995307922363281,10.463739395141602,26.097578048706056,33.10479736328125,-49.34693908691406,48.270965576171878,5.0442352294921879,42.95079040527344,3.5622940063476564,30.343490600585939,-44.98512268066406,-41.080039978027347,30.058547973632814,-34.78704833984375,24.151695251464845,56.07659149169922,40.66925811767578,-10.493339538574219,12.549070358276368,29.356496810913087,56.69244384765625,51.94270324707031,55.58526611328125,47.69153594970703,17.195247650146486,38.58099365234375,15.417106628417969,31.648235321044923,13.101716995239258,40.61475372314453,56.05187225341797,45.71614074707031,-7.36204719543457,39.843719482421878,-27.53839874267578,28.655431747436525,40.77122497558594,-53.212554931640628,-53.32441711425781,-28.647171020507814,44.107059478759769,-49.8687744140625,13.748268127441407,-28.2052001953125,-51.722877502441409,-8.801315307617188,-57.42546844482422,-21.350120544433595,24.206457138061525,32.47913360595703,15.069578170776368,18.063467025756837,54.22532653808594,-36.3150634765625,-37.783042907714847,38.15424346923828,43.335426330566409,-31.84607696533203,-28.45526885986328,-16.59722900390625,-47.104095458984378,24.98306655883789,-27.88697052001953,46.73448181152344],"legSizes":[0.2920801341533661,0.34754234552383425,0.35677218437194826,0.17942938208580018,0.27833154797554018,0.4731658101081848,0.3757588267326355,0.12025918811559677,0.32245561480522158,0.36048784852027895,0.470346599817276,0.4668111801147461,0.35818687081336977,0.34399497509002688,0.38616782426834109,0.24379880726337434,0.3328055143356323,0.38743099570274355,0.49251991510391238,0.23296725749969483,0.3835172653198242,0.1581171154975891,0.2268582135438919,0.18125924468040467],"bodySizes":[2.236391305923462,1.5221689939498902,2.3500618934631349],"springs":[],"dumpers":[],"name":36845,"generation":1052,"distance":49.412689208984378,"reward":-86.2265853881836}]}