{"geneDatas":[{"angles":[-28.697669982910158,28.36569595336914,20.60774803161621,-39.052650451660159,-8.78868293762207,-46.44476318359375,-48.69036102294922,43.06163024902344,8.299148559570313,-18.043493270874025,-9.482839584350586,15.65254020690918,-3.901142120361328,31.077972412109376,6.230100631713867,-57.77899932861328,18.497800827026368,-53.275970458984378,-32.31688690185547,-58.782203674316409,-17.419687271118165,15.367740631103516,-3.453105926513672,9.541748046875,17.938413619995118,20.003055572509767,50.01451110839844,36.18634796142578,-13.44664192199707,-59.84906768798828,51.20973205566406,54.16069793701172,-25.99311637878418,52.528480529785159,-38.85169219970703,-12.005218505859375,-48.714134216308597,-50.233367919921878,4.852630615234375,-33.228248596191409,15.190298080444336,-16.011451721191408,-10.408538818359375,54.546348571777347,-21.035362243652345,25.1418514251709,50.690086364746097,46.353965759277347,-23.136484146118165,58.052757263183597,14.432222366333008,-46.97001647949219,-59.06604766845703,46.930931091308597,22.37874984741211,-50.18927764892578,-21.77172088623047,54.411460876464847,52.1748046875,30.85195541381836,56.926116943359378,45.14478302001953,36.276023864746097,34.959983825683597,46.437774658203128,23.91896629333496,23.347389221191408,22.403594970703126,20.700157165527345,-59.77381896972656,-36.65991973876953,-17.046140670776368,32.244686126708987,56.260658264160159,-57.115447998046878,-36.37560272216797,-36.08917236328125,-27.65441131591797,-54.794342041015628,31.263097763061525],"legSizes":[0.49194568395614626,0.2059451937675476,0.37582311034202578,0.1377708464860916,0.15077954530715943,0.47290998697280886,0.2600746750831604,0.18856468796730042,0.1846385896205902,0.20030558109283448,0.4305683672428131,0.21545922756195069,0.440054714679718,0.18678316473960877,0.4998154640197754,0.4224297106266022,0.2322276383638382,0.33582308888435366,0.22740161418914796,0.3135540783405304,0.4841787815093994,0.4686513841152191,0.42697787284851076,0.4279230535030365],"bodySizes":[2.1576387882232668,1.9192922115325928,1.9318355321884156],"springs":[],"dumpers":[],"name":10969,"generation":313,"distance":64.6034927368164,"reward":-64.6034927368164},{"angles":[-50.976402282714847,23.986186981201173,33.22080993652344,-44.172889709472659,45.41078186035156,-46.44476318359375,-48.69036102294922,43.06163024902344,8.299148559570313,-18.15242576599121,12.094537734985352,-55.77637481689453,-3.901142120361328,14.273849487304688,-28.74349021911621,-57.77899932861328,18.497800827026368,-53.275970458984378,-32.31688690185547,-47.869590759277347,-17.419687271118165,15.367740631103516,-3.453105926513672,9.541748046875,17.938413619995118,20.003055572509767,45.48114013671875,36.18634796142578,-13.44664192199707,-59.84906768798828,51.20973205566406,54.16069793701172,-25.99311637878418,52.528480529785159,-38.85169219970703,-12.005218505859375,-48.714134216308597,-50.233367919921878,4.852630615234375,-33.228248596191409,15.190298080444336,-16.011451721191408,-10.408538818359375,34.230350494384769,-21.483728408813478,25.1418514251709,50.690086364746097,46.353965759277347,-23.136484146118165,58.052757263183597,14.432222366333008,-46.97001647949219,-59.06604766845703,46.930931091308597,-59.51658630371094,-50.18927764892578,-3.4295005798339845,54.411460876464847,52.1748046875,30.85195541381836,56.926116943359378,45.14478302001953,36.276023864746097,-35.756980895996097,46.437774658203128,23.91896629333496,23.347389221191408,22.403594970703126,20.700157165527345,-59.77381896972656,-36.65991973876953,-17.046140670776368,32.244686126708987,56.260658264160159,-57.115447998046878,-36.37560272216797,-36.08917236328125,-27.65441131591797,-54.794342041015628,31.263097763061525],"legSizes":[0.4860961437225342,0.48403602838516238,0.26049721240997317,0.44319385290145876,0.12267346680164337,0.47290998697280886,0.2600746750831604,0.18856468796730042,0.3475220799446106,0.4133850634098053,0.4305683672428131,0.3287279009819031,0.440054714679718,0.18678316473960877,0.4998154640197754,0.4224297106266022,0.2322276383638382,0.33582308888435366,0.22740161418914796,0.3135540783405304,0.4841787815093994,0.4686513841152191,0.42697787284851076,0.4279230535030365],"bodySizes":[2.1464455127716066,1.7250730991363526,2.160541296005249],"springs":[],"dumpers":[],"name":10969,"generation":313,"distance":64.6034927368164,"reward":-78.48257446289063},{"angles":[-50.976402282714847,23.986186981201173,33.22080993652344,-44.172889709472659,-58.66441345214844,-46.44476318359375,-11.466957092285157,43.06163024902344,8.299148559570313,-18.15242576599121,12.094537734985352,-55.77637481689453,-3.901142120361328,14.273849487304688,-28.74349021911621,-57.77899932861328,-26.99297332763672,-53.275970458984378,-32.31688690185547,-47.869590759277347,-17.419687271118165,15.367740631103516,-3.453105926513672,9.541748046875,17.938413619995118,20.003055572509767,-28.31560707092285,44.54984664916992,-13.44664192199707,-8.9835205078125,51.20973205566406,54.16069793701172,-25.99311637878418,52.528480529785159,-26.905580520629884,-12.005218505859375,-48.714134216308597,18.25129508972168,4.852630615234375,50.8033561706543,15.190298080444336,-16.011451721191408,-32.41423034667969,34.230350494384769,-21.483728408813478,25.1418514251709,50.690086364746097,46.353965759277347,-23.136484146118165,58.052757263183597,44.334197998046878,-46.97001647949219,-59.06604766845703,46.930931091308597,-44.96532440185547,-31.951032638549806,-3.4295005798339845,54.411460876464847,12.717697143554688,30.85195541381836,56.926116943359378,45.14478302001953,36.276023864746097,-35.756980895996097,46.437774658203128,23.91896629333496,23.347389221191408,22.403594970703126,20.700157165527345,-59.77381896972656,-36.65991973876953,-17.046140670776368,32.244686126708987,-59.697845458984378,-57.115447998046878,-36.37560272216797,5.334083557128906,-27.65441131591797,-44.22057342529297,31.263097763061525],"legSizes":[0.4860961437225342,0.48403602838516238,0.26049721240997317,0.20818045735359193,0.21898195147514344,0.48277515172958376,0.10972743481397629,0.11005725711584091,0.256591260433197,0.4987899661064148,0.4305683672428131,0.12566789984703065,0.440054714679718,0.39723849296569826,0.4998154640197754,0.16809582710266114,0.2322276383638382,0.33582308888435366,0.22740161418914796,0.3135540783405304,0.4841787815093994,0.31843966245651247,0.42697787284851076,0.4279230535030365],"bodySizes":[2.1703786849975588,1.7618482112884522,2.0921170711517336],"springs":[],"dumpers":[],"name":10969,"generation":313,"distance":64.6034927368164,"reward":-83.2114028930664}]}