{"geneDatas":[{"angles":[25.1564998626709,41.83440399169922,0.3336753845214844,32.56205749511719,38.81315231323242,-0.76318359375,22.69882583618164,56.36412811279297,39.17448425292969,35.5300407409668,58.97529602050781,-5.068765640258789,-13.616559982299805,-39.357635498046878,-32.84611511230469,-48.206092834472659,7.995307922363281,24.04465103149414,2.123615264892578,33.10479736328125,-49.34693908691406,48.270965576171878,5.0442352294921879,36.723690032958987,49.36994171142578,16.6236572265625,-44.98512268066406,-44.28753662109375,-11.227447509765625,-34.78704833984375,24.151695251464845,-42.21858215332031,40.66925811767578,17.701190948486329,59.591285705566409,-16.836669921875,56.69244384765625,59.77708435058594,55.58526611328125,46.795021057128909,17.195247650146486,-50.57301330566406,15.417106628417969,42.58477020263672,13.719026565551758,-53.761924743652347,49.389366149902347,45.71614074707031,-52.701744079589847,39.843719482421878,13.963930130004883,57.14585876464844,30.695384979248048,-53.943756103515628,-46.553009033203128,-32.827247619628909,-36.20770263671875,46.03453063964844,-10.148469924926758,36.64480972290039,-51.722877502441409,-8.801315307617188,18.62764549255371,-21.350120544433595,-21.630311965942384,52.06120300292969,35.46219253540039,-2.4478111267089845,35.690399169921878,26.208669662475587,-29.52271842956543,35.86944580078125,43.335426330566409,-26.683151245117189,-28.45526885986328,-17.161867141723634,56.36316680908203,24.98306655883789,50.50689697265625,-28.065940856933595],"legSizes":[0.15683013200759889,0.35355228185653689,0.42672738432884219,0.20232245326042176,0.18640929460525514,0.33615344762802126,0.15207123756408692,0.21514804661273957,0.12189989537000656,0.4127366542816162,0.245475172996521,0.14662876725196839,0.22752249240875245,0.19316178560256959,0.39667806029319765,0.21624672412872315,0.3328055143356323,0.38743099570274355,0.3467712700366974,0.19733348488807679,0.4400714337825775,0.3069717288017273,0.2490263730287552,0.2905297875404358],"bodySizes":[2.2363898754119875,1.5221651792526246,2.350069522857666],"springs":[],"dumpers":[],"name":36104,"generation":1040,"distance":53.030513763427737,"reward":-53.030513763427737},{"angles":[25.1564998626709,41.83440399169922,0.3336753845214844,-25.22972297668457,-39.36082458496094,-0.76318359375,-53.64698791503906,56.36412811279297,-56.42256164550781,-55.01719665527344,-34.372314453125,-53.512046813964847,-55.40354919433594,-57.971778869628909,-32.84611511230469,4.00330924987793,58.06980895996094,24.04465103149414,46.89110565185547,33.10479736328125,46.72297668457031,7.576166152954102,22.051448822021486,36.723690032958987,39.53450012207031,-5.409929275512695,-42.38874816894531,39.727935791015628,30.33978843688965,4.65690803527832,24.151695251464845,-1.7498931884765626,-59.240028381347659,28.361419677734376,59.591285705566409,47.050750732421878,59.99812316894531,41.27723693847656,44.6136474609375,-28.136322021484376,-27.942846298217775,-3.2425613403320314,-40.687294006347659,-56.45442199707031,13.101716995239258,40.61475372314453,49.389366149902347,45.71614074707031,-7.36204719543457,35.97393035888672,-27.53839874267578,57.14585876464844,38.466407775878909,-53.212554931640628,-46.81403350830078,59.087276458740237,44.107059478759769,-49.8687744140625,20.805084228515626,36.64480972290039,-51.722877502441409,2.2218055725097658,18.62764549255371,-21.350120544433595,-37.51286315917969,0.2894287109375,35.46219253540039,-2.4478111267089845,35.690399169921878,26.208669662475587,-29.52271842956543,35.86944580078125,43.335426330566409,-26.683151245117189,-28.45526885986328,-17.161867141723634,56.36316680908203,24.98306655883789,50.50689697265625,4.129980087280273],"legSizes":[0.44056111574172976,0.424638032913208,0.3201770484447479,0.49660706520080569,0.4498048722743988,0.34074994921684267,0.17845793068408967,0.21514804661273957,0.24611064791679383,0.11020603030920029,0.34012657403945925,0.24175399541854859,0.22752249240875245,0.17808184027671815,0.39667806029319765,0.21624672412872315,0.12619824707508088,0.38743099570274355,0.3399198651313782,0.16030678153038026,0.4400714337825775,0.28798672556877139,0.2490263730287552,0.2905297875404358],"bodySizes":[2.2363898754119875,1.52216637134552,2.350067138671875],"springs":[],"dumpers":[],"name":36104,"generation":1040,"distance":53.030513763427737,"reward":-53.703189849853519},{"angles":[-45.42185974121094,41.83440399169922,0.3336753845214844,32.56205749511719,38.81315231323242,-54.088356018066409,22.69882583618164,56.36412811279297,39.17448425292969,35.5300407409668,58.97529602050781,11.857231140136719,-13.616559982299805,-39.357635498046878,-23.92023468017578,-48.206092834472659,7.995307922363281,24.04465103149414,2.123615264892578,33.10479736328125,-49.34693908691406,48.270965576171878,5.0442352294921879,36.723690032958987,49.36994171142578,30.343490600585939,-44.98512268066406,-41.080039978027347,-11.227447509765625,-34.78704833984375,24.151695251464845,-42.21858215332031,40.66925811767578,17.701190948486329,59.591285705566409,47.050750732421878,56.69244384765625,-36.344993591308597,55.58526611328125,-7.174379348754883,57.69023895263672,-46.16587829589844,25.348417282104493,-4.6839752197265629,12.731086730957032,12.54559326171875,-17.42705535888672,31.493696212768556,-7.36204719543457,20.897268295288087,-27.53839874267578,57.14585876464844,30.695384979248048,-53.943756103515628,-46.553009033203128,15.865798950195313,-36.20770263671875,-2.469970703125,55.314857482910159,-5.077550888061523,51.71580505371094,-8.801315307617188,-9.967981338500977,51.560142517089847,-44.92365264892578,-30.549087524414064,-42.746498107910159,-5.513570785522461,13.511100769042969,-27.893692016601564,-53.498085021972659,7.672842025756836,43.335426330566409,-26.683151245117189,4.894002914428711,12.653768539428711,56.36316680908203,24.98306655883789,-1.5272369384765626,-47.69390869140625],"legSizes":[0.1204158291220665,0.35355228185653689,0.3201770484447479,0.49660706520080569,0.4498048722743988,0.4731658101081848,0.4504028260707855,0.21514804661273957,0.4500003755092621,0.4127366542816162,0.3979721665382385,0.14381805062294007,0.4635823369026184,0.19316178560256959,0.39667806029319765,0.21624672412872315,0.3328055143356323,0.38743099570274355,0.3467712700366974,0.19733348488807679,0.11619015038013458,0.3069717288017273,0.24772018194198609,0.3785146176815033],"bodySizes":[2.236388683319092,1.5221680402755738,2.3500661849975588],"springs":[],"dumpers":[],"name":36104,"generation":1040,"distance":53.030513763427737,"reward":-64.18108367919922}]}