{"geneDatas":[{"angles":[-4.636266708374023,-21.820327758789064,5.13374137878418,25.22296142578125,-8.78868293762207,-28.24420928955078,-29.211639404296876,-39.37805938720703,-10.123750686645508,48.10140609741211,38.17096710205078,-7.864530563354492,-33.64484405517578,-43.666603088378909,18.676557540893556,13.617103576660157,17.637115478515626,-18.841659545898439,21.9322566986084,32.90818786621094,-4.189476013183594,55.74845886230469,-48.216819763183597,23.545818328857423,5.72142219543457,12.513191223144532,52.344329833984378,-2.775012969970703,-19.210546493530275,-38.185340881347659,-7.659696578979492,55.161781311035159,22.245168685913087,14.316078186035157,6.164039611816406,21.332412719726564,-13.171285629272461,-45.395721435546878,30.22644805908203,26.029327392578126,-23.043731689453126,-21.972806930541993,40.446136474609378,57.02735137939453,-22.853042602539064,37.1800651550293,54.78783416748047,45.841941833496097,-37.579505920410159,-44.280120849609378,30.543264389038087,2.2629776000976564,6.1066741943359379,-21.60253143310547,-59.51658630371094,-47.559715270996097,-15.410621643066407,-41.760948181152347,53.64280700683594,42.34801483154297,-54.70079803466797,37.01820373535156,37.64508056640625,43.16382598876953,-29.293907165527345,-23.155595779418947,-14.482292175292969,36.17949295043945,-9.38935661315918,-52.1649169921875,43.44304656982422,-49.812225341796878,27.59161949157715,-23.911048889160158,-18.898178100585939,-35.44495391845703,-15.481231689453125,-15.294906616210938,-20.954681396484376,-47.21459197998047],"legSizes":[0.2304871380329132,0.224422425031662,0.47798609733581545,0.2522301971912384,0.2656576931476593,0.3297143578529358,0.43195709586143496,0.16396433115005494,0.4793211817741394,0.18517360091209413,0.46406155824661257,0.3754260540008545,0.25441938638687136,0.2303076535463333,0.2871536910533905,0.3285844624042511,0.4528811573982239,0.37683185935020449,0.4004802107810974,0.20620711147785188,0.2645363211631775,0.15563496947288514,0.15610536932945252,0.4279230535030365],"bodySizes":[1.9768640995025635,2.0139262676239015,2.0094149112701418],"springs":[],"dumpers":[],"name":13984,"generation":404,"distance":47.299495697021487,"reward":-47.299495697021487},{"angles":[-52.505035400390628,-41.50554656982422,49.90606689453125,25.22296142578125,-59.0496826171875,24.54360008239746,-25.197423934936525,-24.211669921875,0.9726676940917969,52.97486877441406,-13.404642105102539,42.55750274658203,-22.56379508972168,29.652584075927736,-22.17890167236328,58.52276611328125,4.088523864746094,48.83808898925781,43.64122772216797,-46.49748992919922,-38.610992431640628,38.14263916015625,18.866971969604493,8.340188980102539,-3.0362548828125,-33.25965118408203,4.971305847167969,-25.578195571899415,32.448760986328128,41.56971740722656,-59.80597686767578,19.191680908203126,22.245168685913087,6.145998001098633,21.68635368347168,-45.140663146972659,-48.714134216308597,45.96784210205078,-8.182319641113282,-4.187543869018555,-23.043731689453126,-21.972806930541993,40.446136474609378,57.02735137939453,-22.853042602539064,42.041473388671878,54.78783416748047,45.841941833496097,-37.579505920410159,-44.280120849609378,30.543264389038087,2.2629776000976564,6.1066741943359379,-21.60253143310547,-59.51658630371094,-47.559715270996097,-15.410621643066407,-41.760948181152347,53.64280700683594,42.5615234375,-54.70079803466797,-23.167612075805665,13.220466613769532,43.16382598876953,-29.293907165527345,-38.01123809814453,46.7733154296875,49.73651123046875,26.019371032714845,44.987327575683597,44.6544303894043,-49.812225341796878,27.59161949157715,-17.126920700073243,-18.898178100585939,-35.44495391845703,-15.481231689453125,43.32157897949219,-53.50300598144531,29.429052352905275],"legSizes":[0.45406070351600649,0.33350059390068056,0.1348130702972412,0.18615388870239259,0.2065277397632599,0.18843165040016175,0.2600746750831604,0.16396433115005494,0.4793211817741394,0.41163673996925356,0.25748369097709658,0.4849446415901184,0.4533573091030121,0.2303076535463333,0.22896859049797059,0.3285844624042511,0.31752392649650576,0.37683185935020449,0.4402744174003601,0.1439741551876068,0.43085116147994997,0.2969697117805481,0.13291174173355103,0.24970096349716187],"bodySizes":[1.9491010904312134,2.0386457443237306,2.013324737548828],"springs":[],"dumpers":[],"name":13984,"generation":404,"distance":47.299495697021487,"reward":-56.67285919189453},{"angles":[-5.214408874511719,-7.323251724243164,-26.998064041137697,-35.23139190673828,-8.78868293762207,24.54360008239746,54.13086700439453,-24.211669921875,7.162635803222656,0.3504524230957031,-13.404642105102539,42.55750274658203,-22.56379508972168,29.652584075927736,58.66022491455078,58.52276611328125,4.088523864746094,46.34346389770508,1.9344291687011719,46.68720245361328,-38.610992431640628,38.14263916015625,-9.333635330200196,23.545818328857423,5.72142219543457,12.513191223144532,52.344329833984378,-54.013282775878909,-19.210546493530275,-38.185340881347659,-23.945037841796876,55.161781311035159,22.245168685913087,32.51176452636719,50.58586120605469,21.332412719726564,10.136009216308594,-29.4141845703125,-13.211824417114258,26.029327392578126,-23.043731689453126,-21.972806930541993,40.446136474609378,57.02735137939453,-22.853042602539064,16.816818237304689,54.78783416748047,45.841941833496097,-37.579505920410159,42.49858093261719,-25.29993438720703,2.2629776000976564,6.1066741943359379,-13.21776008605957,-53.744140625,-26.62560272216797,-15.410621643066407,-4.908319473266602,6.420400619506836,-45.31159210205078,-54.70079803466797,-59.035430908203128,9.220224380493164,43.16382598876953,12.786306381225586,52.58372497558594,-1.3613815307617188,36.17949295043945,26.019371032714845,36.308868408203128,26.394079208374025,-13.802467346191407,-51.83049011230469,-23.911048889160158,-20.06993865966797,42.850868225097659,-10.836158752441407,-16.821075439453126,-44.22783660888672,-5.613090515136719],"legSizes":[0.20686939358711244,0.224422425031662,0.4207724630832672,0.33152955770492556,0.18903899192810059,0.3297143578529358,0.43195709586143496,0.11092600971460343,0.35408148169517519,0.335708349943161,0.41626471281051638,0.3754260540008545,0.47197943925857546,0.2303076535463333,0.42510318756103518,0.21883538365364076,0.2785443663597107,0.33196017146110537,0.36713069677352908,0.16455531120300294,0.4540310502052307,0.26359307765960696,0.17648634314537049,0.25880691409111025],"bodySizes":[1.9595990180969239,2.0232179164886476,2.0178096294403078],"springs":[],"dumpers":[],"name":13984,"generation":404,"distance":47.299495697021487,"reward":-60.45472717285156}]}