{"geneDatas":[{"angles":[-19.261472702026368,-58.9110107421875,44.158111572265628,-8.539888381958008,-27.114578247070314,47.28468322753906,16.617948532104493,7.513223648071289,53.058128356933597,-9.415548324584961,35.375587463378909,-11.060308456420899,-33.105194091796878,14.795988082885743,-56.0640869140625,-57.70436096191406,23.72252655029297,7.255361557006836,-17.405855178833009,-46.75370788574219,24.279081344604493,-5.536430358886719,-22.952348709106447,-11.110977172851563,55.23651123046875,-17.716650009155275,11.320646286010743,-10.574621200561524,53.284423828125,-58.93208312988281,34.14142990112305,16.13765525817871,22.901586532592775,-24.73350715637207,-15.129510879516602,15.246076583862305,34.31095886230469,1.4346809387207032,32.427635192871097,-37.75494384765625,-20.949119567871095,51.04492950439453,-40.687294006347659,-54.775054931640628,59.65434265136719,44.71795654296875,53.22892761230469,20.955360412597658,-58.302284240722659,21.46963119506836,34.38189697265625,-32.96318817138672,30.695384979248048,-15.280975341796875,-46.553009033203128,-52.70862579345703,32.149085998535159,18.638662338256837,15.563690185546875,54.90979766845703,-51.722877502441409,-5.271657943725586,28.097074508666993,7.00432014465332,-19.709280014038087,-3.8043251037597658,-45.98845672607422,-17.904762268066408,-10.827392578125,-52.84837341308594,-50.107643127441409,23.048986434936525,29.614347457885743,6.748315811157227,-37.051551818847659,53.08187484741211,-26.908571243286134,-25.93463706970215,20.41200828552246,52.54639434814453],"legSizes":[0.24277588725090028,0.30998924374580386,0.21952766180038453,0.360015869140625,0.30170461535453799,0.1345166712999344,0.1878431737422943,0.13866586983203889,0.4196249544620514,0.22808879613876344,0.12167954444885254,0.22235897183418275,0.2009987235069275,0.3807767331600189,0.41688913106918337,0.1866259127855301,0.4160792827606201,0.1422354280948639,0.20572002232074738,0.23476436734199525,0.4622664451599121,0.14340025186538697,0.45850515365600588,0.2506859600543976],"bodySizes":[2.238886833190918,1.55153489112854,2.3030128479003908],"springs":[],"dumpers":[],"name":31422,"generation":901,"distance":50.774635314941409,"reward":-50.774635314941409},{"angles":[-5.24560546875,40.647056579589847,44.158111572265628,53.15739440917969,33.31144714355469,-19.620588302612306,16.617948532104493,7.513223648071289,53.058128356933597,-9.415548324584961,35.375587463378909,-11.060308456420899,-33.105194091796878,14.795988082885743,7.875101089477539,-57.70436096191406,23.72252655029297,7.255361557006836,42.17005920410156,-46.75370788574219,24.279081344604493,-5.536430358886719,-22.952348709106447,-11.110977172851563,55.23651123046875,-17.716650009155275,11.320646286010743,-10.574621200561524,53.284423828125,-58.93208312988281,34.14142990112305,16.13765525817871,22.901586532592775,-24.73350715637207,-15.129510879516602,15.246076583862305,34.31095886230469,1.4346809387207032,32.427635192871097,-37.75494384765625,-20.949119567871095,-35.96930694580078,-9.957311630249024,-54.775054931640628,59.65434265136719,44.71795654296875,53.22892761230469,20.955360412597658,-58.302284240722659,21.46963119506836,34.38189697265625,-32.96318817138672,30.695384979248048,-15.280975341796875,-46.553009033203128,-52.70862579345703,32.149085998535159,18.638662338256837,15.563690185546875,54.90979766845703,-51.722877502441409,-5.271657943725586,28.097074508666993,31.123077392578126,-19.709280014038087,-3.8043251037597658,-45.98845672607422,-17.904762268066408,-10.827392578125,-52.84837341308594,13.61492919921875,23.048986434936525,29.614347457885743,6.748315811157227,-37.051551818847659,53.08187484741211,-26.908571243286134,-25.93463706970215,20.41200828552246,52.54639434814453],"legSizes":[0.24277588725090028,0.1654597818851471,0.21952766180038453,0.1294965296983719,0.10688138008117676,0.14861074090003968,0.14511093497276307,0.13866586983203889,0.4605129361152649,0.45167478919029238,0.4007583260536194,0.22235897183418275,0.2009987235069275,0.3807767331600189,0.41688913106918337,0.1866259127855301,0.4160792827606201,0.1422354280948639,0.3511190414428711,0.23476436734199525,0.4622664451599121,0.41373410820961,0.45850515365600588,0.2506859600543976],"bodySizes":[2.238886594772339,1.5515347719192505,2.3030126094818117],"springs":[],"dumpers":[],"name":31422,"generation":901,"distance":50.774635314941409,"reward":-55.61659240722656},{"angles":[34.93759536743164,-33.67255401611328,44.158111572265628,-43.309906005859378,-27.114578247070314,-19.620588302612306,55.95574188232422,-50.786048889160159,-10.323434829711914,-0.39757537841796877,35.375587463378909,-47.00909423828125,0.047515869140625,-21.347158432006837,-20.59613800048828,52.420494079589847,7.995307922363281,-24.481966018676759,-17.405855178833009,-46.75370788574219,-24.27020835876465,34.397705078125,-36.45636749267578,-29.20966339111328,27.819555282592775,-21.987770080566408,-16.0722599029541,44.01344680786133,49.65277862548828,42.57894515991211,-47.85291290283203,10.617422103881836,14.841049194335938,-41.45463562011719,24.647809982299806,-54.73028564453125,40.454681396484378,-3.7221107482910158,40.00169372558594,54.84233093261719,-20.03410530090332,31.284584045410158,-51.36637878417969,-0.920654296875,59.65434265136719,56.31006622314453,58.27932357788086,55.21754455566406,-38.2015380859375,57.992645263671878,-12.891647338867188,-39.208518981933597,40.67951202392578,-9.893037796020508,-58.84465026855469,23.05080223083496,32.149085998535159,17.998464584350587,-26.284711837768556,-31.912193298339845,-51.722877502441409,-30.062484741210939,3.8672103881835939,7.00432014465332,41.57014465332031,38.442535400390628,-53.230018615722659,-33.23591613769531,56.693031311035159,47.029335021972659,-7.743965148925781,-23.528114318847658,-4.1057891845703129,18.644210815429689,8.724998474121094,49.78045654296875,15.752592086791993,-48.442298889160159,-57.80762481689453,52.65432357788086],"legSizes":[0.46421822905540469,0.24137575924396516,0.28025415539741518,0.4242846965789795,0.38410449028015139,0.3377068340778351,0.18959888815879823,0.13866586983203889,0.36302685737609866,0.11457176506519318,0.40470772981643679,0.3791949152946472,0.45133525133132937,0.23507654666900636,0.4866645336151123,0.38634195923805239,0.21019867062568665,0.33391398191452029,0.20572002232074738,0.23869654536247254,0.37058886885643008,0.3178821802139282,0.26043179631233218,0.340027391910553],"bodySizes":[2.1421265602111818,1.4839438199996949,2.516676425933838],"springs":[],"dumpers":[],"name":31422,"generation":901,"distance":50.774635314941409,"reward":-56.93355941772461}]}