{"geneDatas":[{"angles":[54.61080551147461,0.050548553466796878,43.8388671875,25.853918075561525,28.744853973388673,-54.44287872314453,56.81774139404297,16.3088436126709,-9.990743637084961,48.47674560546875,52.265769958496097,51.49372100830078,-3.1638832092285158,16.08047866821289,-34.48651123046875,52.706336975097659,-15.531515121459961,37.45014572143555,27.690351486206056,-56.75200653076172,16.019224166870118,7.711250305175781,-36.837677001953128,0.8463401794433594,28.786924362182618,37.04512405395508,-11.120429992675782,1.3850860595703126,-47.595703125,-38.162872314453128,-49.97095489501953,4.507118225097656,-53.78003692626953,6.768157958984375,54.64380645751953,-58.69135284423828,22.680356979370118,-29.074007034301759,-58.55451202392578,31.611385345458986,24.554243087768556,13.264297485351563,58.57074737548828,48.48699951171875,7.689935684204102,42.90460205078125,54.78783416748047,49.92414855957031,24.46396255493164,40.212562561035159,-54.52381896972656,-21.317659378051759,40.92573165893555,8.354581832885743,-17.026113510131837,-37.29161834716797,44.080223083496097,11.194433212280274,45.56067657470703,11.366693496704102,-51.722877502441409,-29.289474487304689,41.26322937011719,31.793846130371095,22.87313461303711,-49.4110107421875,-34.27020263671875,17.956863403320314,48.2857666015625,47.779266357421878,13.456457138061524,-2.953369140625,-9.742292404174805,59.758201599121097,15.346683502197266,-11.264198303222657,-38.48118591308594,56.2369384765625,-51.48423767089844,37.909584045410159],"legSizes":[0.48006153106689455,0.11627097427845001,0.37850385904312136,0.29178130626678469,0.3952142298221588,0.20701879262924195,0.3051750063896179,0.1744498759508133,0.44372740387916567,0.28872549533843996,0.2165430784225464,0.2315460443496704,0.26283401250839236,0.42956429719924929,0.44351640343666079,0.32183533906936648,0.2932145297527313,0.39255136251449587,0.4930194020271301,0.3020648658275604,0.4837760925292969,0.2849847078323364,0.31159546971321108,0.1518619954586029],"bodySizes":[2.1914849281311037,1.5323710441589356,2.382251024246216],"springs":[],"dumpers":[],"name":24239,"generation":693,"distance":27.660066604614259,"reward":0.8311443328857422},{"angles":[-50.83299255371094,55.87554931640625,52.193824768066409,-23.3204345703125,19.84421157836914,43.60931396484375,-30.19647979736328,16.3088436126709,-9.990743637084961,-57.560508728027347,52.265769958496097,57.68077087402344,-3.1638832092285158,45.011871337890628,-34.48651123046875,52.706336975097659,-15.531515121459961,-1.7217559814453126,16.0749568939209,22.467208862304689,33.9979362487793,7.711250305175781,-53.242279052734378,11.945907592773438,28.786924362182618,52.452789306640628,-4.279684066772461,59.89940643310547,-47.595703125,-24.137815475463868,10.8802490234375,-1.1162796020507813,-53.78003692626953,47.94703674316406,-11.51953125,49.07990264892578,22.680356979370118,-29.074007034301759,-57.70653533935547,-34.660919189453128,24.554243087768556,4.535371780395508,58.57074737548828,-32.58765411376953,7.689935684204102,42.90460205078125,40.16120910644531,49.92414855957031,24.46396255493164,40.212562561035159,-38.85978698730469,-21.317659378051759,40.92573165893555,8.354581832885743,5.205322265625,-37.29161834716797,44.080223083496097,-6.268335342407227,-12.9346923828125,12.686798095703125,-51.722877502441409,-29.289474487304689,-45.55384826660156,53.85633850097656,22.87313461303711,-48.477874755859378,57.923973083496097,-54.927650451660159,-35.98738098144531,17.59125518798828,-26.885210037231447,-50.8311767578125,0.6273880004882813,59.758201599121097,-55.582794189453128,5.997900009155273,38.542198181152347,-50.58546447753906,46.157554626464847,42.82224655151367],"legSizes":[0.48006153106689455,0.19369029998779298,0.37850385904312136,0.40837541222572329,0.1813652515411377,0.20701879262924195,0.3051750063896179,0.3022238612174988,0.44372740387916567,0.28872549533843996,0.2165430784225464,0.3736363351345062,0.4186688959598541,0.12121367454528809,0.4232770502567291,0.13316312432289124,0.4344307780265808,0.43175411224365237,0.4544657766819,0.48444318771362307,0.4837760925292969,0.29406169056892397,0.29079872369766238,0.22220653295516969],"bodySizes":[2.18229341506958,1.5874474048614503,2.3092846870422365],"springs":[],"dumpers":[],"name":24239,"generation":693,"distance":27.660066604614259,"reward":-15.554019927978516},{"angles":[54.61080551147461,0.050548553466796878,43.8388671875,25.853918075561525,-49.05182647705078,-54.44287872314453,56.81774139404297,27.738601684570314,-9.990743637084961,59.156341552734378,52.265769958496097,51.49372100830078,-3.1638832092285158,16.08047866821289,-34.48651123046875,52.706336975097659,-15.531515121459961,37.45014572143555,27.690351486206056,-56.75200653076172,11.782888412475586,7.711250305175781,-36.837677001953128,-35.112701416015628,28.786924362182618,-0.4379005432128906,59.42420196533203,1.3850860595703126,-47.595703125,-38.162872314453128,-49.97095489501953,4.507118225097656,-53.78003692626953,49.55218505859375,54.64380645751953,49.07990264892578,22.680356979370118,-29.074007034301759,-57.70653533935547,31.611385345458986,24.554243087768556,13.264297485351563,58.57074737548828,31.60573387145996,7.689935684204102,42.90460205078125,54.78783416748047,49.92414855957031,24.46396255493164,49.748023986816409,-38.85978698730469,49.052452087402347,40.92573165893555,8.354581832885743,-17.026113510131837,-37.29161834716797,48.13294982910156,-23.25412940979004,-26.261266708374025,12.686798095703125,-51.722877502441409,-29.289474487304689,-37.02320861816406,53.85633850097656,22.87313461303711,-48.477874755859378,31.536296844482423,-7.76239013671875,-49.31163024902344,17.59125518798828,-17.479768753051759,-2.953369140625,0.6273880004882813,58.78367614746094,-55.582794189453128,5.997900009155273,-30.01587677001953,50.376976013183597,-51.48423767089844,24.3360595703125],"legSizes":[0.48006153106689455,0.2533802390098572,0.3670226037502289,0.46107739210128786,0.4383571743965149,0.20701879262924195,0.1002170592546463,0.25448477268218996,0.44372740387916567,0.28872549533843996,0.2165430784225464,0.45849066972732546,0.2536589801311493,0.1541694700717926,0.3800298273563385,0.19131603837013246,0.27040165662765505,0.4918680191040039,0.11778221279382706,0.20782454311847688,0.3327656090259552,0.47899961471557619,0.4508568346500397,0.39104780554771426],"bodySizes":[2.2325494289398195,1.5694788694381714,2.28314471244812],"springs":[],"dumpers":[],"name":24239,"generation":693,"distance":27.660066604614259,"reward":-26.388351440429689}]}