{"geneDatas":[{"angles":[34.93759536743164,20.316495895385743,-40.677650451660159,47.907772064208987,-8.783147811889649,29.567440032958986,31.119115829467775,-50.786048889160159,-8.748916625976563,14.199106216430664,59.122894287109378,-19.51043701171875,18.488386154174806,12.200838088989258,-33.98625183105469,57.925331115722659,7.995307922363281,-22.44089698791504,44.82881164550781,53.96796417236328,51.975830078125,34.397705078125,-18.289283752441408,32.75969696044922,14.819948196411133,28.775680541992189,-16.0722599029541,54.21087646484375,-4.133085250854492,-5.0677642822265629,-21.951433181762697,35.09272003173828,22.901586532592775,36.37666320800781,24.647809982299806,-54.73028564453125,34.31095886230469,-28.074424743652345,46.072608947753909,-14.236442565917969,-37.787147521972659,10.210655212402344,-41.95745849609375,-19.195924758911134,49.72749328613281,21.641090393066408,53.22892761230469,14.723274230957032,-19.8314151763916,14.652364730834961,35.209075927734378,6.464345932006836,38.5902214050293,-38.528411865234378,-51.338714599609378,-44.270263671875,53.24174499511719,-29.192955017089845,57.457054138183597,7.532066345214844,-51.722877502441409,58.348304748535159,20.027402877807618,50.18614959716797,58.51890563964844,29.065031051635743,-52.575714111328128,45.55366516113281,-5.877235412597656,47.029335021972659,-7.605033874511719,38.33332824707031,4.1888580322265629,-52.03303527832031,-45.66497039794922,53.08187484741211,-55.20265197753906,-32.49193572998047,44.63642120361328,47.95560836791992],"legSizes":[0.3582327365875244,0.10878963768482208,0.21779605746269227,0.11228356510400772,0.3234180212020874,0.36951112747192385,0.1333330273628235,0.13866586983203889,0.4605129361152649,0.11457176506519318,0.16368156671524049,0.43450871109962466,0.22751963138580323,0.3807767331600189,0.3474838137626648,0.22798998653888703,0.28273847699165347,0.23534686863422395,0.34093302488327029,0.2827721834182739,0.4891125559806824,0.22899973392486573,0.3040503263473511,0.4275011420249939],"bodySizes":[2.2406318187713625,1.5513373613357545,2.3015120029449465],"springs":[],"dumpers":[],"name":29458,"generation":843,"distance":22.760217666625978,"reward":0.6479854583740234},{"angles":[-57.0247802734375,15.467832565307618,-55.643333435058597,-43.309906005859378,-8.783147811889649,29.567440032958986,-56.537132263183597,-50.786048889160159,-28.013242721557618,14.58013916015625,25.819198608398439,45.39829635620117,10.4556884765625,-33.780242919921878,-33.98625183105469,57.925331115722659,-3.984111785888672,38.399131774902347,-11.768783569335938,-35.29310607910156,34.86817169189453,57.46411895751953,17.616247177124025,-34.75086975097656,25.057668685913087,45.591773986816409,21.53166961669922,28.808883666992189,11.916910171508789,-5.0677642822265629,14.772384643554688,35.09272003173828,22.901586532592775,44.35566711425781,24.647809982299806,-54.73028564453125,34.31095886230469,-28.074424743652345,46.072608947753909,-14.236442565917969,-37.787147521972659,10.210655212402344,-41.95745849609375,-19.195924758911134,49.72749328613281,21.641090393066408,53.22892761230469,14.723274230957032,-19.8314151763916,14.652364730834961,35.209075927734378,6.464345932006836,30.02461814880371,-38.528411865234378,-51.338714599609378,-44.270263671875,-35.676856994628909,-29.192955017089845,57.457054138183597,16.0289363861084,-51.722877502441409,58.348304748535159,20.027402877807618,50.18614959716797,58.51890563964844,29.065031051635743,-52.575714111328128,45.55366516113281,-5.877235412597656,47.029335021972659,-7.605033874511719,38.33332824707031,-22.826637268066408,-52.03303527832031,-45.66497039794922,53.08187484741211,-55.20265197753906,-32.49193572998047,44.63642120361328,47.95560836791992],"legSizes":[0.42951154708862307,0.10878963768482208,0.21779605746269227,0.38067013025283816,0.263013631105423,0.2498604953289032,0.446986585855484,0.18861627578735352,0.3811003267765045,0.11457176506519318,0.16368156671524049,0.43450871109962466,0.12950286269187928,0.3807767331600189,0.41688913106918337,0.485006719827652,0.28273847699165347,0.37789207696914675,0.34093302488327029,0.23476436734199525,0.4891125559806824,0.22899973392486573,0.4151242673397064,0.4275011420249939],"bodySizes":[2.2406177520751955,1.5513463020324708,2.301513195037842],"springs":[],"dumpers":[],"name":29458,"generation":843,"distance":22.760217666625978,"reward":-32.92060470581055},{"angles":[34.93759536743164,20.316495895385743,-40.677650451660159,-43.309906005859378,-8.783147811889649,29.567440032958986,-56.537132263183597,-50.786048889160159,30.514354705810548,14.199106216430664,35.375587463378909,-6.917045593261719,18.488386154174806,12.200838088989258,-33.98625183105469,57.925331115722659,7.995307922363281,-22.44089698791504,44.82881164550781,-46.75370788574219,51.975830078125,34.397705078125,-18.289283752441408,32.75969696044922,14.819948196411133,-11.391197204589844,-16.0722599029541,54.21087646484375,-4.133085250854492,-5.0677642822265629,-21.951433181762697,35.09272003173828,22.901586532592775,36.37666320800781,24.647809982299806,-54.73028564453125,34.31095886230469,1.4346809387207032,46.072608947753909,-14.236442565917969,-37.787147521972659,10.210655212402344,-41.95745849609375,-19.195924758911134,49.72749328613281,21.641090393066408,53.22892761230469,14.723274230957032,-19.8314151763916,14.652364730834961,-55.440834045410159,6.464345932006836,38.5902214050293,-38.528411865234378,-51.338714599609378,-44.270263671875,53.24174499511719,-24.157255172729493,57.457054138183597,7.532066345214844,-51.722877502441409,-50.751670837402347,20.027402877807618,50.18614959716797,58.51890563964844,24.10726547241211,-45.98845672607422,45.55366516113281,-9.294197082519532,47.029335021972659,-7.743965148925781,38.33332824707031,-56.826683044433597,6.748315811157227,-45.66497039794922,53.08187484741211,-55.20265197753906,-32.49193572998047,5.789100646972656,45.71107482910156],"legSizes":[0.42951154708862307,0.10878963768482208,0.21779605746269227,0.11228356510400772,0.3234180212020874,0.2498604953289032,0.1333330273628235,0.13866586983203889,0.4605129361152649,0.11457176506519318,0.16368156671524049,0.43450871109962466,0.22751963138580323,0.3807767331600189,0.41688913106918337,0.22798998653888703,0.28273847699165347,0.2991988956928253,0.34093302488327029,0.2827721834182739,0.4891125559806824,0.22899973392486573,0.3040503263473511,0.4275011420249939],"bodySizes":[2.2406322956085207,1.55134117603302,2.3015055656433107],"springs":[],"dumpers":[],"name":29458,"generation":843,"distance":22.760217666625978,"reward":-41.52613830566406}]}