{"geneDatas":[{"angles":[-3.067768096923828,-3.619945526123047,-58.35767364501953,-12.964605331420899,-23.226821899414064,-34.37101745605469,-4.485433578491211,-18.982322692871095,37.25727081298828,54.389404296875,51.61442565917969,58.897621154785159,-34.90214538574219,-17.42133331298828,57.204437255859378,43.46099853515625,42.61509704589844,58.048851013183597,-22.34315299987793,1.2852935791015626,-43.245094299316409,42.518035888671878,9.364065170288086,7.392732620239258,23.699254989624025,50.121185302734378,54.278709411621097,45.313812255859378,-46.548431396484378,43.59088897705078,28.818395614624025,4.864046096801758,16.465070724487306,-4.319650650024414,54.64380645751953,-44.56999969482422,39.44464874267578,59.87736511230469,18.017276763916017,-50.616371154785159,-23.043731689453126,59.55366516113281,27.661771774291993,34.40178298950195,-12.56390380859375,24.14618682861328,54.78783416748047,38.651161193847659,-8.474014282226563,12.933547973632813,-10.610467910766602,-17.49676513671875,35.719913482666019,-3.22869873046875,-37.592864990234378,-37.29161834716797,-56.916419982910159,-9.131118774414063,-6.122438430786133,34.11869812011719,-54.51025390625,-56.01084899902344,-16.643766403198243,30.959869384765626,-54.582237243652347,-13.404830932617188,-30.165496826171876,13.932687759399414,-35.36637878417969,31.741500854492189,-50.05309295654297,-57.28667449951172,22.86310386657715,-20.6663761138916,-22.91788673400879,25.088836669921876,34.38739013671875,28.96273422241211,-47.336509704589847,-9.770759582519532],"legSizes":[0.38722091913223269,0.144517719745636,0.49921783804893496,0.3281109035015106,0.17049604654312135,0.21209308505058289,0.25362470746040347,0.12720198929309846,0.25597497820854189,0.269631028175354,0.16207414865493775,0.2562445402145386,0.15287405252456666,0.40245598554611208,0.4630679190158844,0.4654403626918793,0.2086106538772583,0.39255136251449587,0.2715459167957306,0.12323117256164551,0.4837760925292969,0.24497511982917787,0.14910078048706056,0.3117218315601349],"bodySizes":[2.0383691787719728,1.6581437587738038,2.3669273853302],"springs":[],"dumpers":[],"name":20520,"generation":587,"distance":30.871826171875,"reward":-30.871826171875},{"angles":[15.760457992553711,-3.619945526123047,-5.045936584472656,-47.47074890136719,30.380901336669923,-23.5618896484375,5.2334747314453129,-18.982322692871095,-18.89044189453125,55.52175521850586,51.61442565917969,58.897621154785159,2.6923866271972658,-17.42133331298828,-43.357269287109378,43.46099853515625,42.61509704589844,58.048851013183597,-28.53094482421875,-9.275314331054688,-43.245094299316409,42.518035888671878,9.364065170288086,-8.368555068969727,23.699254989624025,58.55010223388672,-8.743995666503907,45.313812255859378,-46.548431396484378,43.59088897705078,28.818395614624025,4.864046096801758,-12.46086311340332,-42.84941101074219,54.64380645751953,-44.56999969482422,39.44464874267578,59.87736511230469,14.996759414672852,33.8424072265625,-23.043731689453126,-57.87836456298828,39.31670379638672,34.40178298950195,-1.7113723754882813,50.012054443359378,54.78783416748047,38.651161193847659,-8.474014282226563,-20.006498336791993,-10.610467910766602,52.96289825439453,35.719913482666019,-3.22869873046875,-38.652435302734378,-37.29161834716797,39.65948486328125,-9.131118774414063,-6.122438430786133,34.11869812011719,-54.51025390625,-25.038650512695314,-16.643766403198243,30.959869384765626,-54.582237243652347,-9.118217468261719,-30.165496826171876,13.932687759399414,-35.36637878417969,31.741500854492189,-29.731000900268556,8.056159973144532,14.322761535644532,-45.9903564453125,31.073970794677736,-1.1926116943359376,8.596380233764649,-8.927986145019532,-47.336509704589847,-57.24615478515625],"legSizes":[0.33387744426727297,0.45092353224754336,0.49921783804893496,0.3281109035015106,0.3408889174461365,0.31513798236846926,0.2523893713951111,0.12205161899328232,0.25597497820854189,0.21525830030441285,0.3073720633983612,0.2562445402145386,0.15287405252456666,0.2651253342628479,0.40579867362976076,0.4654403626918793,0.2528954744338989,0.39255136251449587,0.42340999841690066,0.12323117256164551,0.4837760925292969,0.24497511982917787,0.14910078048706056,0.36016255617141726],"bodySizes":[1.5329006910324097,1.8077248334884644,2.886979103088379],"springs":[],"dumpers":[],"name":20520,"generation":587,"distance":30.871826171875,"reward":-35.643157958984378},{"angles":[15.760457992553711,-3.619945526123047,-12.699172973632813,-47.47074890136719,30.380901336669923,-23.5618896484375,-2.5495071411132814,-18.982322692871095,37.25727081298828,55.52175521850586,-34.43177032470703,58.897621154785159,2.6923866271972658,-17.42133331298828,58.765953063964847,43.46099853515625,42.61509704589844,12.52937126159668,-28.53094482421875,51.79554748535156,-43.245094299316409,42.518035888671878,9.364065170288086,-40.8590087890625,23.699254989624025,58.55010223388672,-8.743995666503907,45.313812255859378,45.30498504638672,43.59088897705078,28.818395614624025,4.864046096801758,-29.622581481933595,-42.84941101074219,54.64380645751953,-44.56999969482422,11.718599319458008,28.975452423095704,14.996759414672852,3.0035934448242189,-23.043731689453126,-57.87836456298828,39.31670379638672,34.40178298950195,-12.56390380859375,50.012054443359378,54.78783416748047,38.651161193847659,-8.474014282226563,-20.006498336791993,-10.610467910766602,51.778221130371097,35.719913482666019,40.777000427246097,-38.652435302734378,-37.29161834716797,-12.548210144042969,-9.131118774414063,-6.122438430786133,55.50257110595703,-54.51025390625,-56.01084899902344,-16.643766403198243,30.959869384765626,38.774513244628909,-9.118217468261719,-30.165496826171876,-27.02046775817871,-35.36637878417969,31.741500854492189,-29.731000900268556,8.056159973144532,22.86310386657715,-45.9903564453125,-14.65080451965332,-1.1926116943359376,34.38739013671875,-8.927986145019532,-47.336509704589847,3.9586753845214845],"legSizes":[0.14128810167312623,0.45092353224754336,0.3928462564945221,0.24183818697929383,0.3408889174461365,0.21209308505058289,0.13185682892799378,0.26435115933418276,0.1104673370718956,0.39236754179000857,0.16207414865493775,0.2562445402145386,0.15287405252456666,0.40245598554611208,0.4630679190158844,0.4654403626918793,0.15893107652664185,0.34697526693344118,0.42340999841690066,0.12323117256164551,0.4113781452178955,0.24497511982917787,0.14910078048706056,0.36016255617141726],"bodySizes":[2.0225014686584474,1.6684587001800538,2.3707499504089357],"springs":[],"dumpers":[],"name":20520,"generation":587,"distance":30.871826171875,"reward":-45.51535415649414}]}