{"geneDatas":[{"angles":[-15.34869384765625,35.252193450927737,44.158111572265628,-18.878883361816408,-27.114578247070314,-11.830495834350586,33.79267120361328,53.46150207519531,-5.533439636230469,-23.219541549682618,22.234107971191408,-54.49560546875,26.282100677490236,45.565521240234378,-35.55567932128906,-58.35577392578125,-45.01018524169922,-25.447891235351564,-3.4567108154296877,32.93294906616211,-24.27020835876465,-21.401046752929689,-28.742586135864259,54.81929016113281,49.36994171142578,56.466651916503909,-46.76399230957031,-46.54087829589844,46.68231201171875,27.852384567260743,34.14142990112305,-11.815559387207032,-11.488861083984375,-2.12939453125,-21.08587646484375,44.164268493652347,56.69244384765625,57.49864959716797,-53.19902038574219,-54.646270751953128,-26.501190185546876,16.856643676757814,-40.687294006347659,-55.7718505859375,59.65434265136719,37.43177795410156,58.89272689819336,-36.40007781982422,18.945951461791993,21.46963119506836,34.38189697265625,-32.96318817138672,45.666358947753909,-37.698883056640628,-46.553009033203128,-52.70862579345703,48.423370361328128,-24.32435417175293,15.563690185546875,28.383392333984376,-51.722877502441409,32.387908935546878,28.097074508666993,-51.373802185058597,29.773048400878908,-39.86317443847656,-45.98845672607422,-3.9515953063964845,27.368858337402345,-51.775115966796878,-50.107643127441409,9.719131469726563,-32.81065368652344,31.397720336914064,-27.79383087158203,-7.5287017822265629,10.631927490234375,45.113365173339847,-20.282629013061525,-34.41633605957031],"legSizes":[0.38863033056259158,0.46544137597084048,0.3497859239578247,0.35162729024887087,0.2675369381904602,0.18389645218849183,0.4704457223415375,0.2190043330192566,0.47118696570396426,0.2669820487499237,0.3397385776042938,0.33723169565200808,0.26748865842819216,0.34402507543563845,0.44929128885269167,0.20195996761322022,0.4281417429447174,0.24263456463813783,0.3313477337360382,0.22092097997665406,0.4622664451599121,0.352956622838974,0.1592455506324768,0.4075654149055481],"bodySizes":[2.216536283493042,1.5314098596572877,2.3568050861358644],"springs":[],"dumpers":[],"name":33219,"generation":950,"distance":26.65437889099121,"reward":-26.65437889099121},{"angles":[-30.810340881347658,11.339887619018555,-41.32605743408203,-52.00251007080078,19.797719955444337,48.6479606628418,-40.51195526123047,2.9150733947753908,53.058128356933597,-21.70531463623047,-6.412874221801758,-11.060308456420899,53.86656951904297,42.67700958251953,-29.222625732421876,13.052938461303711,7.995307922363281,-25.447891235351564,-3.4567108154296877,32.93294906616211,-24.27020835876465,-21.401046752929689,34.42548751831055,54.81929016113281,49.36994171142578,56.466651916503909,-46.76399230957031,-46.54087829589844,46.68231201171875,27.852384567260743,34.14142990112305,-11.815559387207032,-11.488861083984375,-53.16437530517578,-15.129510879516602,44.164268493652347,56.69244384765625,57.49864959716797,-53.19902038574219,-54.646270751953128,-26.501190185546876,-35.56768035888672,-40.687294006347659,-55.7718505859375,59.65434265136719,37.43177795410156,28.402618408203126,-57.795654296875,18.945951461791993,21.46963119506836,34.38189697265625,-32.96318817138672,15.127157211303711,-46.014617919921878,-26.070091247558595,-52.70862579345703,39.25403594970703,46.925079345703128,15.563690185546875,28.383392333984376,-51.722877502441409,-39.101646423339847,28.097074508666993,-51.373802185058597,29.773048400878908,-11.246543884277344,-45.98845672607422,-3.9515953063964845,27.368858337402345,37.19135284423828,-50.107643127441409,9.719131469726563,-32.81065368652344,31.397720336914064,-37.051551818847659,-7.5287017822265629,-6.565053939819336,45.113365173339847,-20.282629013061525,24.603378295898439],"legSizes":[0.2548472583293915,0.3621940612792969,0.12021169811487198,0.23064321279525758,0.43266135454177859,0.48620858788490298,0.4704457223415375,0.2190043330192566,0.47118696570396426,0.2669820487499237,0.17120105028152467,0.33723169565200808,0.26748865842819216,0.34402507543563845,0.4172743260860443,0.22322103381156922,0.3328055143356323,0.24263456463813783,0.47874003648757937,0.22092097997665406,0.4622664451599121,0.352956622838974,0.1592455506324768,0.4075654149055481],"bodySizes":[2.2150676250457765,1.532647967338562,2.3564624786376955],"springs":[],"dumpers":[],"name":33219,"generation":950,"distance":26.65437889099121,"reward":-40.39661407470703},{"angles":[-30.810340881347658,11.339887619018555,-41.32605743408203,-52.00251007080078,25.283058166503908,27.64630699157715,-40.51195526123047,2.9150733947753908,53.058128356933597,-21.70531463623047,-6.412874221801758,-11.060308456420899,53.86656951904297,42.67700958251953,-29.222625732421876,13.052938461303711,36.6145133972168,-32.809608459472659,-24.278404235839845,-43.07935333251953,30.57227325439453,34.397705078125,24.370361328125,-57.249916076660159,49.36994171142578,56.466651916503909,-46.76399230957031,-0.9564323425292969,50.57837677001953,22.36036491394043,48.02348327636719,-40.26055908203125,22.901586532592775,-2.12939453125,-15.129510879516602,33.94373321533203,56.69244384765625,1.4346809387207032,6.682899475097656,-54.646270751953128,-20.949119567871095,25.026853561401368,0.988861083984375,55.72306823730469,59.65434265136719,37.43177795410156,53.22892761230469,42.56018829345703,-26.853927612304689,58.922393798828128,40.76720428466797,-32.96318817138672,30.695384979248048,28.334823608398439,-46.553009033203128,24.876178741455079,18.971370697021486,27.067378997802736,15.563690185546875,54.52210235595703,-51.722877502441409,-32.496429443359378,35.85825729370117,35.15174102783203,-19.709280014038087,18.241636276245118,34.33171844482422,-8.144250869750977,-10.827392578125,56.645423889160159,5.774740219116211,9.719131469726563,29.614347457885743,-6.686147689819336,-37.051551818847659,52.61309814453125,-6.565053939819336,45.113365173339847,-58.321678161621097,51.90935516357422],"legSizes":[0.293632447719574,0.4155121445655823,0.3497859239578247,0.35162729024887087,0.2675369381904602,0.18389645218849183,0.4704457223415375,0.2190043330192566,0.29943159222602847,0.15861687064170838,0.128420889377594,0.24468162655830384,0.3639059066772461,0.31147563457489016,0.3850308954715729,0.49516192078590395,0.36283159255981448,0.24263456463813783,0.3313477337360382,0.22092097997665406,0.4622664451599121,0.1327148973941803,0.34056752920150759,0.4878334105014801],"bodySizes":[2.2273004055023195,1.523987889289856,2.356837749481201],"springs":[],"dumpers":[],"name":33219,"generation":950,"distance":26.65437889099121,"reward":-53.19540786743164}]}