{"geneDatas":[{"angles":[-3.067768096923828,-3.619945526123047,-58.35767364501953,-12.964605331420899,-23.226821899414064,26.858579635620118,-4.485433578491211,-18.982322692871095,37.25727081298828,54.389404296875,51.61442565917969,58.897621154785159,-34.90214538574219,1.0345115661621094,57.204437255859378,43.46099853515625,-9.363733291625977,58.048851013183597,-4.53697395324707,-16.159250259399415,-43.245094299316409,-36.630165100097659,9.364065170288086,-40.37286376953125,34.3856315612793,-38.95185852050781,54.278709411621097,45.313812255859378,-46.548431396484378,43.59088897705078,28.818395614624025,4.864046096801758,16.465070724487306,-4.319650650024414,49.65485382080078,-44.56999969482422,39.44464874267578,49.626190185546878,18.017276763916017,-50.616371154785159,-23.043731689453126,-57.87836456298828,39.31670379638672,2.762767791748047,-12.56390380859375,50.012054443359378,54.78783416748047,38.651161193847659,-8.474014282226563,12.933547973632813,-18.374326705932618,-17.49676513671875,35.719913482666019,-3.22869873046875,-37.592864990234378,-37.29161834716797,56.88996887207031,-22.82366180419922,-36.778564453125,34.11869812011719,-54.51025390625,-56.01084899902344,-16.643766403198243,30.959869384765626,-54.582237243652347,-9.118217468261719,-30.165496826171876,-44.72076416015625,-35.36637878417969,31.741500854492189,-50.05309295654297,-57.28667449951172,-30.07560157775879,-20.6663761138916,-22.91788673400879,38.641693115234378,34.38739013671875,28.96273422241211,-47.336509704589847,-9.770759582519532],"legSizes":[0.38722091913223269,0.144517719745636,0.49921783804893496,0.40805259346961977,0.17049604654312135,0.21209308505058289,0.25362470746040347,0.12720198929309846,0.22867782413959504,0.269631028175354,0.46120762825012209,0.2562445402145386,0.3030267059803009,0.40245598554611208,0.4630679190158844,0.4654403626918793,0.15893107652664185,0.12469668686389923,0.13399019837379456,0.148448184132576,0.4837760925292969,0.24497511982917787,0.14910078048706056,0.3117218315601349],"bodySizes":[2.0276198387145998,1.6671761274337769,2.366584300994873],"springs":[],"dumpers":[],"name":20939,"generation":603,"distance":20.004745483398439,"reward":11.489395141601563},{"angles":[31.246646881103517,-3.619945526123047,-58.35767364501953,-12.964605331420899,-23.226821899414064,26.858579635620118,-4.485433578491211,-18.982322692871095,37.25727081298828,54.389404296875,51.61442565917969,58.897621154785159,-34.90214538574219,1.0345115661621094,57.204437255859378,43.46099853515625,-9.363733291625977,-12.553991317749024,-2.216999053955078,-16.159250259399415,-43.245094299316409,-36.630165100097659,9.364065170288086,-40.37286376953125,34.3856315612793,-38.95185852050781,54.278709411621097,45.313812255859378,12.509086608886719,43.59088897705078,28.818395614624025,4.864046096801758,16.465070724487306,-4.319650650024414,49.65485382080078,-44.56999969482422,39.44464874267578,49.626190185546878,18.017276763916017,-50.616371154785159,-23.043731689453126,-57.87836456298828,39.31670379638672,2.762767791748047,-12.56390380859375,50.012054443359378,54.78783416748047,38.651161193847659,-8.474014282226563,12.933547973632813,-18.374326705932618,-17.49676513671875,35.719913482666019,-3.22869873046875,-37.592864990234378,-37.29161834716797,56.88996887207031,-22.82366180419922,-36.778564453125,34.11869812011719,-54.51025390625,-56.01084899902344,-16.643766403198243,30.959869384765626,-54.582237243652347,-9.118217468261719,-30.165496826171876,-44.72076416015625,-35.36637878417969,31.741500854492189,-50.05309295654297,-57.28667449951172,-30.07560157775879,-20.6663761138916,-22.91788673400879,38.641693115234378,34.38739013671875,28.96273422241211,-47.336509704589847,-9.770759582519532],"legSizes":[0.3743537366390228,0.144517719745636,0.49921783804893496,0.40805259346961977,0.17049604654312135,0.21209308505058289,0.25362470746040347,0.21638686954975129,0.25597497820854189,0.269631028175354,0.2186051607131958,0.2562445402145386,0.2238219976425171,0.40245598554611208,0.4190686345100403,0.4654403626918793,0.15893107652664185,0.39255136251449587,0.11778221279382706,0.148448184132576,0.47166532278060915,0.24497511982917787,0.14910078048706056,0.3117218315601349],"bodySizes":[2.0276198387145998,1.6671761274337769,2.366584300994873],"springs":[],"dumpers":[],"name":20939,"generation":603,"distance":20.004745483398439,"reward":-33.60041427612305},{"angles":[-3.067768096923828,-3.619945526123047,-5.045936584472656,33.77280044555664,38.34039306640625,-34.37101745605469,-15.128683090209961,-8.878791809082032,37.25727081298828,15.819524765014649,-53.5245361328125,58.897621154785159,-34.90214538574219,3.451702117919922,57.204437255859378,43.46099853515625,42.61509704589844,16.199254989624025,-4.53697395324707,-32.6429443359375,-43.245094299316409,1.3661880493164063,9.364065170288086,3.9584884643554689,34.3856315612793,-4.163238525390625,54.278709411621097,45.313812255859378,-46.548431396484378,43.59088897705078,-42.649024963378909,4.864046096801758,16.465070724487306,-4.319650650024414,5.53590202331543,-44.56999969482422,-50.70231628417969,-10.982002258300782,58.83430480957031,-50.616371154785159,-23.043731689453126,-57.87836456298828,39.31670379638672,34.40178298950195,-12.56390380859375,50.012054443359378,54.78783416748047,38.651161193847659,47.86780548095703,26.881439208984376,21.83928680419922,-17.49676513671875,35.719913482666019,-3.22869873046875,-37.592864990234378,-37.29161834716797,31.645957946777345,-9.131118774414063,-36.778564453125,34.11869812011719,-54.51025390625,-56.01084899902344,-16.643766403198243,30.959869384765626,-54.582237243652347,-13.404830932617188,-30.165496826171876,35.474853515625,49.343719482421878,-36.86170959472656,-50.05309295654297,-55.896766662597659,-30.07560157775879,-20.6663761138916,12.037275314331055,38.641693115234378,34.38739013671875,28.96273422241211,8.140016555786133,-9.770759582519532],"legSizes":[0.38602471351623537,0.438433974981308,0.4530300199985504,0.4154144823551178,0.45502132177352908,0.31513798236846926,0.12177920341491699,0.2509564161300659,0.25597497820854189,0.2180822193622589,0.46120762825012209,0.2889457941055298,0.19203558564186097,0.4348767399787903,0.2823004126548767,0.18318124115467072,0.2086106538772583,0.39255136251449587,0.174412339925766,0.12323117256164551,0.4015384316444397,0.25605422258377077,0.14910078048706056,0.36789220571517947],"bodySizes":[2.035083293914795,1.6595354080200196,2.3687610626220705],"springs":[],"dumpers":[],"name":20939,"generation":603,"distance":20.004745483398439,"reward":-44.19935607910156}]}