{"geneDatas":[{"angles":[-51.72105407714844,16.945493698120118,49.90606689453125,28.82198715209961,-19.29889488220215,24.54360008239746,20.251447677612306,47.59661865234375,-2.430431365966797,-32.098785400390628,43.17601013183594,42.55750274658203,3.8205299377441408,-33.32762908935547,8.735555648803711,9.36705207824707,58.879638671875,3.7350311279296877,42.36024475097656,52.093833923339847,49.34169006347656,-7.759843826293945,-48.216819763183597,-57.54601287841797,2.1191673278808595,47.21485900878906,-37.93451690673828,-15.900041580200196,-19.210546493530275,-38.185340881347659,-23.945037841796876,-52.959495544433597,22.245168685913087,38.40800476074219,-6.782905578613281,-13.10639762878418,-26.643341064453126,-29.4141845703125,-5.139762878417969,26.029327392578126,-38.53608703613281,-21.972806930541993,40.446136474609378,57.02735137939453,-22.853042602539064,53.642547607421878,54.78783416748047,45.841941833496097,-37.579505920410159,35.40013885498047,30.543264389038087,2.2629776000976564,6.1066741943359379,-21.60253143310547,-59.51658630371094,-47.559715270996097,-15.410621643066407,-55.24229431152344,6.420400619506836,-13.919784545898438,-54.70079803466797,37.01820373535156,9.220224380493164,-29.534774780273439,12.786306381225586,-46.809051513671878,9.666259765625,36.17949295043945,32.88788604736328,-59.5399169921875,26.394079208374025,41.52488708496094,-51.83049011230469,-48.68934631347656,-52.940528869628909,42.850868225097659,-10.836158752441407,-16.821075439453126,-44.22783660888672,27.292869567871095],"legSizes":[0.2304871380329132,0.224422425031662,0.47798609733581545,0.2522301971912384,0.23473593592643739,0.167109876871109,0.10249853134155274,0.16396433115005494,0.17784246802330018,0.18517360091209413,0.4357994496822357,0.14369511604309083,0.4533573091030121,0.2303076535463333,0.49825549125671389,0.3285844624042511,0.35659822821617129,0.345376193523407,0.1749715358018875,0.16455531120300294,0.4427157938480377,0.28468573093414309,0.3981991410255432,0.11979418247938156],"bodySizes":[2.174485683441162,1.8649808168411255,1.9726909399032593],"springs":[],"dumpers":[],"name":15132,"generation":434,"distance":43.96638107299805,"reward":-43.96638107299805},{"angles":[-35.55494689941406,-37.758262634277347,49.90606689453125,25.22296142578125,-19.29889488220215,24.54360008239746,-25.06947898864746,39.666839599609378,13.668243408203125,-55.69324493408203,34.921775817871097,42.55750274658203,5.419914245605469,-31.9970645904541,52.7069091796875,9.36705207824707,58.879638671875,56.45640563964844,24.45977020263672,-17.997787475585939,-35.274696350097659,-19.269454956054689,-59.015724182128909,23.545818328857423,45.64435958862305,13.996389389038086,-31.81313133239746,-58.732269287109378,-19.210546493530275,-8.432785034179688,-23.945037841796876,31.835372924804689,22.245168685913087,-49.199737548828128,50.58586120605469,6.892953872680664,-26.643341064453126,55.399131774902347,6.321653366088867,-49.01146697998047,-23.58373260498047,-23.99546241760254,46.64192581176758,57.02735137939453,8.889747619628907,45.51738739013672,54.78783416748047,52.12932586669922,-40.662689208984378,45.160057067871097,30.543264389038087,31.708515167236329,6.1066741943359379,-7.12584114074707,-59.51658630371094,-47.559715270996097,34.02336883544922,32.16251754760742,6.420400619506836,-34.640838623046878,1.7534866333007813,-36.225440979003909,11.200309753417969,-54.704193115234378,57.40729522705078,51.153656005859378,-1.3613815307617188,59.77116394042969,-47.31394958496094,-1.3496665954589844,26.394079208374025,-13.802467346191407,58.11222839355469,-0.4398612976074219,-21.862730026245118,42.850868225097659,1.4435806274414063,-16.821075439453126,-46.68339538574219,-42.97328186035156],"legSizes":[0.2304871380329132,0.224422425031662,0.21828481554985047,0.3038734197616577,0.46436256170272829,0.42579880356788638,0.35253220796585085,0.3594911992549896,0.2023591697216034,0.488431841135025,0.29575449228286745,0.26316559314727785,0.4007236957550049,0.2303076535463333,0.37193942070007326,0.3780292570590973,0.35659822821617129,0.17376717925071717,0.49160537123680117,0.2252536565065384,0.4427157938480377,0.4258061945438385,0.18762969970703126,0.37647706270217898],"bodySizes":[1.9377250671386719,2.0278255939483644,2.035950183868408],"springs":[],"dumpers":[],"name":15132,"generation":434,"distance":43.96638107299805,"reward":-59.58861541748047},{"angles":[28.484657287597658,16.945493698120118,-1.9920501708984376,25.22296142578125,-59.0496826171875,47.30744171142578,-23.342079162597658,32.76045608520508,-2.430431365966797,1.4333648681640626,38.17096710205078,42.55750274658203,5.419914245605469,-17.42133331298828,-20.755126953125,2.026813507080078,58.879638671875,3.7350311279296877,42.36024475097656,42.662086486816409,49.34169006347656,-7.759843826293945,-48.216819763183597,49.27680206298828,2.1191673278808595,47.21485900878906,-37.93451690673828,-46.648521423339847,-19.210546493530275,-38.185340881347659,-23.945037841796876,-52.959495544433597,-4.360464096069336,38.40800476074219,-6.782905578613281,-13.10639762878418,16.000511169433595,-29.4141845703125,-5.139762878417969,26.029327392578126,-38.53608703613281,-21.972806930541993,40.738006591796878,57.02735137939453,-43.82361602783203,53.642547607421878,54.78783416748047,45.841941833496097,-37.579505920410159,35.40013885498047,30.07773208618164,2.2629776000976564,59.062339782714847,-21.60253143310547,-59.51658630371094,-47.559715270996097,-59.95652770996094,4.94996452331543,37.859230041503909,-34.640838623046878,-54.70079803466797,-24.607709884643556,13.294166564941407,43.16382598876953,-25.506813049316408,51.153656005859378,-1.3613815307617188,59.77116394042969,-23.197540283203126,-1.9294242858886719,50.82914733886719,-13.802467346191407,-51.83049011230469,50.882080078125,-52.940528869628909,42.850868225097659,-10.836158752441407,-16.821075439453126,57.359619140625,27.292869567871095],"legSizes":[0.45904669165611269,0.45045703649520876,0.4504733085632324,0.2522301971912384,0.46436256170272829,0.3297143578529358,0.43195709586143496,0.16396433115005494,0.17784246802330018,0.18517360091209413,0.3188129663467407,0.2534947991371155,0.4533573091030121,0.394484281539917,0.4212682247161865,0.43913406133651736,0.35659822821617129,0.36979174613952639,0.35121601819992068,0.16455531120300294,0.49432459473609927,0.13347983360290528,0.3981991410255432,0.16193027794361115],"bodySizes":[2.007398843765259,2.0120387077331545,1.980705738067627],"springs":[],"dumpers":[],"name":15132,"generation":434,"distance":43.96638107299805,"reward":-67.03083801269531}]}