{"geneDatas":[{"angles":[-30.579498291015626,-35.35980987548828,-16.9770450592041,12.541114807128907,-19.876405715942384,61.06834030151367,37.93421936035156,-58.89026641845703,14.896331787109375,14.746391296386719,53.5491943359375,-2.8078880310058595,47.75244903564453,13.348123550415039,-33.43926239013672,31.382381439208986,38.86692810058594,-32.22145080566406,-33.89445495605469,-29.65386962890625,-1.6483154296875,-26.52516746520996,51.48027801513672,33.35905456542969,56.61920166015625,-26.83386993408203,-52.530067443847659,-46.39912414550781,-51.969566345214847,18.20794677734375,-19.177642822265626,-38.77873229980469,43.24444580078125,-17.44562530517578,1.5121994018554688,4.0799407958984379,35.44336700439453,25.673831939697267,-16.546531677246095,20.654823303222658,-22.976938247680665,-31.71619987487793,17.558269500732423,48.82627487182617,-10.391014099121094,50.4755859375,13.844512939453125,50.79741668701172,-6.551107406616211,-24.78204345703125,29.308761596679689,-53.950050354003909,-17.95963478088379,-40.05952453613281,-48.403900146484378,-29.748611450195314,39.91770553588867,-33.00531768798828,-46.17344665527344,11.782415390014649,-20.888837814331056,82.6981201171875,43.49964904785156,15.224401473999024,-36.35676574707031,-8.893310546875,-36.24937438964844,-38.37902069091797,-55.15326690673828,13.440805435180664,53.688751220703128,75.31248474121094,-32.27129364013672,8.732322692871094,48.686370849609378,16.188079833984376,30.860136032104493,-26.695669174194337,-3.9944686889648439,11.965507507324219],"legSizes":[0.24999994039535523,0.47031697630882265,0.2959097623825073,0.10813098400831223,0.31897443532943728,0.3115108609199524,0.318364679813385,0.23060005903244019,0.43878597021102908,0.25,0.2693142592906952,0.28866326808929446,0.4965423047542572,0.13650646805763246,0.1477702260017395,0.26464226841926577,0.39062991738319399,0.22119730710983277,0.3955817222595215,0.2989245057106018,0.30886200070381167,0.19914455711841584,0.1746319830417633,0.3613819181919098],"bodySizes":[1.999168872833252,1.869264006614685,2.1407690048217775],"springs":[],"dumpers":[],"name":1716,"generation":48,"distance":61.445072174072269,"reward":-61.445072174072269},{"angles":[-33.539207458496097,-35.35980987548828,-26.138999938964845,2.1699371337890627,-5.269309997558594,61.06834030151367,-43.89385986328125,-46.07747268676758,14.896331787109375,-35.04530334472656,17.775848388671876,42.12184143066406,7.561431884765625,-11.458089828491211,41.16913604736328,31.382381439208986,-42.285430908203128,42.35289764404297,31.911405563354493,-29.65386962890625,-50.42289733886719,37.39029312133789,40.427642822265628,3.015827178955078,-9.15655517578125,-42.89593505859375,-52.530067443847659,1.7960700988769532,-54.73473358154297,18.20794677734375,-19.177642822265626,-31.81989860534668,-37.269500732421878,-17.44562530517578,1.5121994018554688,-27.474166870117189,35.44336700439453,25.673831939697267,-15.060447692871094,20.654823303222658,-22.976938247680665,-31.71619987487793,17.558269500732423,48.82627487182617,-10.391014099121094,50.4755859375,-54.890167236328128,50.79741668701172,-6.551107406616211,34.03428649902344,29.308761596679689,-53.950050354003909,6.693727493286133,-23.851768493652345,-48.403900146484378,-34.309547424316409,39.91770553588867,-45.051841735839847,-46.17344665527344,11.782415390014649,-14.327150344848633,-25.3972225189209,-52.51690673828125,53.00872802734375,-52.05126190185547,19.566747665405275,-8.52667236328125,-31.032455444335939,5.292198181152344,54.572654724121097,53.688751220703128,75.31248474121094,58.99859619140625,-33.79011535644531,48.686370849609378,-24.346426010131837,-15.678085327148438,35.57783508300781,20.56880760192871,-44.28351593017578],"legSizes":[0.24999994039535523,0.2492980659008026,0.2959097623825073,0.10813098400831223,0.44613486528396609,0.19337177276611329,0.2652672529220581,0.24999994039535523,0.43423619866371157,0.11353182792663574,0.44820666313171389,0.4312404990196228,0.48713913559913638,0.24999994039535523,0.15521517395973206,0.2550768554210663,0.33294370770454409,0.1058952808380127,0.11644468456506729,0.10680951923131943,0.49458447098731997,0.25,0.20256903767585755,0.43554848432540896],"bodySizes":[1.983412504196167,1.8545315265655518,2.174916982650757],"springs":[],"dumpers":[],"name":1716,"generation":48,"distance":61.445072174072269,"reward":-102.1734848022461},{"angles":[52.996055603027347,0.6650505065917969,-16.9770450592041,-7.609441757202148,9.928413391113282,61.06834030151367,-43.89385986328125,-46.07747268676758,14.896331787109375,-35.04530334472656,17.775848388671876,42.12184143066406,7.561431884765625,-11.458089828491211,41.16913604736328,31.382381439208986,-42.285430908203128,42.35289764404297,31.911405563354493,-29.65386962890625,-50.42289733886719,58.337188720703128,40.427642822265628,3.015827178955078,-9.15655517578125,-58.8040771484375,-52.530067443847659,1.7960700988769532,-54.73473358154297,18.20794677734375,-19.177642822265626,-31.81989860534668,-37.269500732421878,-17.44562530517578,54.805198669433597,-27.474166870117189,35.44336700439453,25.673831939697267,-15.060447692871094,20.654823303222658,-22.976938247680665,-31.71619987487793,17.558269500732423,48.82627487182617,-10.391014099121094,50.4755859375,-54.890167236328128,50.79741668701172,-6.551107406616211,34.03428649902344,29.308761596679689,-53.950050354003909,6.693727493286133,-23.851768493652345,-48.403900146484378,-34.309547424316409,39.91770553588867,-45.051841735839847,-13.499786376953125,11.782415390014649,-14.327150344848633,-25.3972225189209,-52.51690673828125,-52.588233947753909,-52.05126190185547,19.566747665405275,-8.52667236328125,-31.032455444335939,5.292198181152344,54.572654724121097,53.688751220703128,75.31248474121094,-19.83930015563965,-33.79011535644531,48.686370849609378,-24.346426010131837,40.16771697998047,35.57783508300781,20.56880760192871,-44.28351593017578],"legSizes":[0.24999994039535523,0.44885310530662539,0.4452083706855774,0.2831867039203644,0.45982593297958376,0.19337177276611329,0.2652672529220581,0.24999994039535523,0.43423619866371157,0.11353182792663574,0.44820666313171389,0.4312404990196228,0.26304861903190615,0.22876188158988954,0.15521517395973206,0.2550768554210663,0.33294370770454409,0.1058952808380127,0.4119699001312256,0.10680951923131943,0.49458447098731997,0.25,0.20256903767585755,0.3596869111061096],"bodySizes":[1.6949909925460816,1.7268792390823365,2.7331323623657228],"springs":[],"dumpers":[],"name":1716,"generation":48,"distance":61.445072174072269,"reward":-104.41605377197266}]}