{"geneDatas":[{"angles":[15.760457992553711,-3.619945526123047,23.960891723632814,26.786367416381837,6.394765853881836,-5.485359191894531,-23.342079162597658,20.046842575073243,-10.556480407714844,18.2992000579834,-1.5291519165039063,39.313331604003909,2.6923866271972658,-1.224609375,-33.783348083496097,43.46099853515625,26.17247772216797,52.683250427246097,-16.705078125,-31.960073471069337,-43.245094299316409,30.409896850585939,32.97800827026367,-5.7162017822265629,-31.662668228149415,2.9405364990234377,-8.743995666503907,49.97636413574219,12.812553405761719,59.66395568847656,34.046875,58.04139709472656,12.007104873657227,23.85091781616211,56.439430236816409,-7.63653564453125,39.44464874267578,41.49079895019531,14.996759414672852,33.8424072265625,-23.043731689453126,-57.87836456298828,10.385162353515625,34.40178298950195,-12.56390380859375,46.79100036621094,54.78783416748047,38.651161193847659,-8.474014282226563,-20.006498336791993,-10.610467910766602,0.7105293273925781,35.719913482666019,-3.22869873046875,-38.652435302734378,-37.29161834716797,-28.39391326904297,-52.511505126953128,11.798208236694336,34.11869812011719,-54.51025390625,40.68194580078125,13.294166564941407,-10.373102188110352,57.40729522705078,-9.118217468261719,-30.165496826171876,13.932687759399414,-35.36637878417969,-51.26268005371094,-29.731000900268556,8.056159973144532,36.48051452636719,-48.68934631347656,53.666412353515628,-48.958412170410159,15.856916427612305,-22.718759536743165,19.95540428161621,53.38600158691406],"legSizes":[0.275521457195282,0.22131669521331788,0.40783029794692995,0.3588915765285492,0.32775920629501345,0.17790299654006959,0.1469566375017166,0.16396433115005494,0.25597497820854189,0.18517360091209413,0.15611910820007325,0.2562445402145386,0.15287405252456666,0.1888703852891922,0.40579867362976076,0.4654403626918793,0.2528954744338989,0.39255136251449587,0.42340999841690066,0.12323117256164551,0.4427157938480377,0.24564650654792787,0.2547403573989868,0.2989845871925354],"bodySizes":[1.950984001159668,1.5926481485366822,2.574639320373535],"springs":[],"dumpers":[],"name":19401,"generation":554,"distance":35.50368118286133,"reward":-35.50368118286133},{"angles":[4.704689025878906,-33.69572448730469,42.32244110107422,26.786367416381837,-12.543304443359375,-5.485359191894531,43.187652587890628,20.046842575073243,-10.556480407714844,18.2992000579834,-1.5291519165039063,39.313331604003909,2.6923866271972658,-1.224609375,-33.783348083496097,22.357046127319337,26.17247772216797,52.683250427246097,-16.705078125,-31.960073471069337,-43.245094299316409,-18.627410888671876,32.97800827026367,-5.7162017822265629,-31.662668228149415,2.9405364990234377,-8.743995666503907,49.97636413574219,12.812553405761719,59.66395568847656,34.046875,58.04139709472656,3.094219207763672,23.85091781616211,56.439430236816409,-7.63653564453125,39.44464874267578,41.49079895019531,14.996759414672852,33.8424072265625,-23.043731689453126,-57.87836456298828,10.385162353515625,34.40178298950195,-12.56390380859375,46.79100036621094,54.78783416748047,38.651161193847659,-8.474014282226563,-6.442045211791992,-10.610467910766602,0.7105293273925781,35.719913482666019,-3.22869873046875,-38.652435302734378,-37.29161834716797,-28.39391326904297,-52.511505126953128,-6.122438430786133,34.11869812011719,-54.51025390625,-56.01084899902344,13.294166564941407,-10.373102188110352,57.40729522705078,-9.118217468261719,-30.165496826171876,13.932687759399414,-35.36637878417969,-15.906379699707032,-29.731000900268556,8.056159973144532,22.86310386657715,-20.6663761138916,-22.91788673400879,-4.627683639526367,34.38739013671875,24.642833709716798,26.929189682006837,56.76982116699219],"legSizes":[0.275521457195282,0.47410231828689577,0.4907147288322449,0.3588915765285492,0.32775920629501345,0.17790299654006959,0.1469566375017166,0.16396433115005494,0.25597497820854189,0.18517360091209413,0.15611910820007325,0.2562445402145386,0.15287405252456666,0.1888703852891922,0.40579867362976076,0.4654403626918793,0.2528954744338989,0.39255136251449587,0.42340999841690066,0.12323117256164551,0.4837760925292969,0.13347983360290528,0.20792396366596223,0.36016255617141726],"bodySizes":[2.1033506393432619,1.7170296907424927,2.215136766433716],"springs":[],"dumpers":[],"name":19401,"generation":554,"distance":35.50368118286133,"reward":-45.087059020996097},{"angles":[-27.47864532470703,-15.129926681518555,23.960891723632814,-30.969985961914064,44.50025177001953,-23.5618896484375,-5.632818222045898,-18.982322692871095,10.936538696289063,40.398719787597659,-30.96825408935547,-16.785112380981447,-37.33489227294922,45.667076110839847,59.81776428222656,43.46099853515625,26.17247772216797,-32.73439025878906,-20.937759399414064,51.79554748535156,-43.245094299316409,43.29773712158203,9.364065170288086,45.48066711425781,23.699254989624025,58.55010223388672,-8.743995666503907,45.313812255859378,-46.548431396484378,1.3887901306152344,28.818395614624025,4.864046096801758,-11.05537223815918,-42.84941101074219,54.64380645751953,-44.56999969482422,39.44464874267578,59.87736511230469,14.996759414672852,27.799528121948243,-23.043731689453126,34.93037033081055,4.927345275878906,24.246625900268556,-27.168794631958009,-3.6879234313964845,54.78783416748047,52.12932586669922,39.655208587646487,-19.438583374023439,-37.01319885253906,44.55521011352539,24.62928581237793,43.59160614013672,-38.652435302734378,-37.29161834716797,12.457229614257813,-52.511505126953128,-56.02781677246094,-44.672767639160159,-27.580284118652345,-56.01084899902344,13.294166564941407,-10.373102188110352,-11.811553955078125,41.941192626953128,-30.165496826171876,40.533912658691409,44.422157287597659,-43.880897521972659,-51.224815368652347,8.056159973144532,22.86310386657715,-20.6663761138916,-22.91788673400879,-4.627683639526367,34.38739013671875,24.642833709716798,-44.90586853027344,12.394102096557618],"legSizes":[0.25666844844818118,0.46116822957992556,0.1723225712776184,0.35752367973327639,0.3408889174461365,0.28565365076065066,0.3398168385028839,0.13845792412757874,0.13760033249855042,0.28625690937042239,0.3304024934768677,0.14445257186889649,0.4533573091030121,0.1888703852891922,0.39577388763427737,0.22670596837997437,0.4025706350803375,0.45332813262939455,0.49446266889572146,0.1576036512851715,0.4117109775543213,0.21731841564178468,0.20700938999652863,0.36016255617141726],"bodySizes":[1.950140357017517,1.9943020343780518,2.056994676589966],"springs":[],"dumpers":[],"name":19401,"generation":554,"distance":35.50368118286133,"reward":-56.0634765625}]}