{"geneDatas":[{"angles":[-19.606969833374025,-47.61431884765625,6.266792297363281,2.1699371337890627,-7.620569229125977,28.40325927734375,-11.24946403503418,51.39402770996094,7.318603515625,-11.092094421386719,-3.1199951171875,-31.346023559570314,-40.43330383300781,-53.234413146972659,31.91530990600586,25.024694442749025,9.199983596801758,59.24321746826172,46.64873504638672,32.539241790771487,9.550987243652344,-16.241491317749025,47.532073974609378,58.587928771972659,56.56365203857422,-48.874900817871097,3.9652862548828127,-50.21332550048828,54.530250549316409,-9.872182846069336,-45.042015075683597,10.748184204101563,-28.050819396972658,25.563352584838868,9.128900527954102,19.614469528198243,-4.538763046264648,54.26044464111328,-30.292770385742189,-48.41107177734375,-1.6786537170410157,-41.04981231689453,59.923095703125,34.230350494384769,-16.24510955810547,-51.12034606933594,58.930992126464847,-5.379661560058594,-49.85870361328125,-45.85088348388672,12.586074829101563,-40.02220916748047,58.16302490234375,41.620330810546878,-37.079742431640628,-48.33216094970703,46.91373825073242,-8.526727676391602,-31.01203155517578,-33.40087127685547,-28.068702697753908,52.17681884765625,54.94794845581055,-54.57093811035156,-7.0063934326171879,24.821462631225587,11.508813858032227,-39.18797302246094,55.22614288330078,12.898612976074219,-23.78053092956543,1.5289955139160157,57.81108856201172,58.01450729370117,-13.12187385559082,37.10267639160156,-30.761932373046876,-11.812469482421875,14.677757263183594,-26.10954475402832],"legSizes":[0.414147287607193,0.29296863079071047,0.16555887460708619,0.19249100983142854,0.15357095003128053,0.10272874683141709,0.49081239104270937,0.23060005903244019,0.20201089978218079,0.15270347893238069,0.1652408242225647,0.3329278230667114,0.48713913559913638,0.3292018175125122,0.2913303077220917,0.4071841239929199,0.2971298396587372,0.4428296983242035,0.35558977723121645,0.1784711480140686,0.20774242281913758,0.3484155535697937,0.36025768518447878,0.2705654501914978],"bodySizes":[1.9026256799697877,2.334434747695923,1.801170825958252],"springs":[],"dumpers":[],"name":4224,"generation":122,"distance":48.017337799072269,"reward":-48.017337799072269},{"angles":[-19.606969833374025,-47.61431884765625,-48.61711883544922,2.1699371337890627,-7.620569229125977,28.40325927734375,-11.24946403503418,51.39402770996094,7.318603515625,6.29254150390625,19.167892456054689,-40.90437316894531,-40.43330383300781,59.135169982910159,-54.761436462402347,25.024694442749025,44.01371765136719,9.407722473144532,46.64873504638672,32.539241790771487,-55.7998046875,-16.241491317749025,47.532073974609378,58.587928771972659,56.56365203857422,-48.874900817871097,3.9652862548828127,-14.708784103393555,19.560453414916993,-17.19232177734375,-36.24165344238281,-5.712839126586914,22.963056564331056,25.563352584838868,19.154088973999025,4.237770080566406,-41.85852813720703,54.26044464111328,-30.292770385742189,-48.41107177734375,-1.6786537170410157,-41.04981231689453,59.923095703125,31.935482025146486,-16.24510955810547,-51.12034606933594,58.930992126464847,-5.379661560058594,3.2192726135253908,-45.85088348388672,12.586074829101563,0.5945549011230469,-4.9691314697265629,-41.23652648925781,-37.079742431640628,-43.25701904296875,-5.931779861450195,-53.242950439453128,42.91494369506836,-22.32030487060547,53.61389923095703,9.154779434204102,32.772029876708987,-32.803245544433597,-7.0063934326171879,11.197877883911133,43.048828125,-50.06636047363281,-44.157989501953128,22.80044937133789,-23.837936401367189,-6.639068603515625,-23.71489715576172,6.129547119140625,-10.844472885131836,-46.009613037109378,-54.2457275390625,-10.205232620239258,-45.70591735839844,-40.36698913574219],"legSizes":[0.414147287607193,0.29296863079071047,0.3150733709335327,0.1899157464504242,0.15357095003128053,0.10272874683141709,0.41317933797836306,0.23060005903244019,0.14332576096057893,0.10949621349573136,0.1652408242225647,0.28866326808929446,0.2602662742137909,0.21302612125873567,0.247123122215271,0.20143187046051026,0.4460753798484802,0.3913484215736389,0.3626299500465393,0.10496368259191513,0.3194577395915985,0.2691834568977356,0.4979094862937927,0.4545266032218933],"bodySizes":[1.8876241445541382,1.9667694568634034,2.154869556427002],"springs":[],"dumpers":[],"name":4224,"generation":122,"distance":48.017337799072269,"reward":-70.9928207397461},{"angles":[-19.606969833374025,-47.61431884765625,-48.61711883544922,2.1699371337890627,-35.206634521484378,28.40325927734375,-11.24946403503418,-37.88360595703125,7.318603515625,-35.04530334472656,-3.1199951171875,-31.346023559570314,38.448570251464847,59.135169982910159,-54.761436462402347,25.024694442749025,38.584869384765628,9.407722473144532,46.64873504638672,-9.850439071655274,-55.830772399902347,43.95515441894531,47.532073974609378,58.587928771972659,18.919658660888673,5.114885330200195,50.070247650146487,25.138389587402345,24.051259994506837,27.028484344482423,-54.540771484375,0.8683280944824219,-12.819391250610352,58.228553771972659,19.154088973999025,17.742733001708986,10.761301040649414,-38.42326354980469,12.809206008911133,-48.41107177734375,-11.556638717651368,10.670663833618164,36.74759292602539,-47.43731689453125,-7.246362686157227,-43.187843322753909,58.930992126464847,30.59081268310547,-59.265777587890628,46.31398010253906,12.586074829101563,22.054306030273439,-24.331090927124025,-27.5220890045166,-37.079742431640628,6.8409271240234379,55.90943908691406,17.716079711914064,-5.463890075683594,-33.40087127685547,6.622001647949219,-45.36250305175781,37.12213134765625,-45.866302490234378,21.476825714111329,-33.39836883544922,-8.52667236328125,-39.89881134033203,20.76312828063965,-41.35279846191406,-44.855018615722659,13.862737655639649,-36.220977783203128,48.22264099121094,-18.254791259765626,-3.466808319091797,-48.337127685546878,30.567840576171876,-3.4164390563964845,-41.88042449951172],"legSizes":[0.414147287607193,0.40233808755874636,0.3150733709335327,0.1899157464504242,0.15357095003128053,0.10272874683141709,0.41317933797836306,0.23060005903244019,0.14332576096057893,0.10949621349573136,0.1652408242225647,0.28866326808929446,0.2602662742137909,0.21302612125873567,0.247123122215271,0.20996105670928956,0.11420188099145889,0.1517927646636963,0.42125359177589419,0.10496368259191513,0.12043066322803498,0.2608630955219269,0.1861163079738617,0.2705654501914978],"bodySizes":[1.9519751071929932,2.530937671661377,1.6193259954452515],"springs":[],"dumpers":[],"name":4224,"generation":122,"distance":48.017337799072269,"reward":-78.88571166992188}]}