{"geneDatas":[{"angles":[34.93759536743164,-33.67255401611328,44.158111572265628,-43.309906005859378,-27.114578247070314,-19.620588302612306,55.95574188232422,-50.786048889160159,-10.323434829711914,-0.39757537841796877,35.375587463378909,-47.00909423828125,18.488386154174806,22.51114273071289,-20.59613800048828,52.420494079589847,7.995307922363281,49.24431610107422,23.442747116088868,-55.58146667480469,25.626911163330079,34.397705078125,-36.45636749267578,-6.485145568847656,27.819555282592775,-40.95740509033203,-16.0722599029541,29.479736328125,-48.89934539794922,37.68798065185547,-21.951433181762697,-33.49433898925781,19.477584838867189,-47.411895751953128,24.647809982299806,-54.73028564453125,34.31095886230469,-3.7221107482910158,40.00169372558594,3.2290725708007814,-29.128768920898439,54.60784149169922,-36.290863037109378,59.00267791748047,59.65434265136719,-33.580352783203128,53.22892761230469,42.56018829345703,43.32488250732422,21.46963119506836,34.38189697265625,-57.788658142089847,30.695384979248048,-27.19231414794922,-46.553009033203128,-52.70862579345703,36.32928466796875,-24.79563331604004,34.79648971557617,11.015588760375977,-47.615135192871097,29.849079132080079,38.510398864746097,7.00432014465332,-19.709280014038087,44.822471618652347,-4.2172393798828129,8.122037887573243,15.24928092956543,-57.28325653076172,-21.344955444335939,-40.59600067138672,-44.31914520263672,-16.320955276489259,-45.66497039794922,47.092552185058597,-4.395956039428711,27.644804000854493,52.82322692871094,23.657812118530275],"legSizes":[0.24277588725090028,0.24137575924396516,0.28025415539741518,0.4242846965789795,0.38410449028015139,0.2879543900489807,0.19105371832847596,0.13866586983203889,0.2515864074230194,0.39915889501571658,0.16448959708213807,0.43450871109962466,0.45133525133132937,0.16877016425132752,0.44202500581741335,0.16216593980789185,0.4974653720855713,0.4699970781803131,0.3640764653682709,0.30682575702667239,0.3952732980251312,0.22899973392486573,0.4276217818260193,0.3751525282859802],"bodySizes":[2.2390501499176027,1.549809455871582,2.305408239364624],"springs":[],"dumpers":[],"name":31196,"generation":890,"distance":27.793058395385743,"reward":-1.3672771453857422},{"angles":[34.93759536743164,-33.67255401611328,44.158111572265628,-43.309906005859378,-27.114578247070314,-14.02667236328125,55.95574188232422,-50.786048889160159,-10.323434829711914,-0.39757537841796877,35.375587463378909,-26.411855697631837,18.488386154174806,22.51114273071289,-20.59613800048828,52.420494079589847,7.995307922363281,49.24431610107422,-7.342735290527344,-46.75370788574219,25.626911163330079,34.397705078125,-36.45636749267578,-29.20966339111328,-27.84552764892578,-40.95740509033203,-16.0722599029541,44.01344680786133,-48.89934539794922,54.33293151855469,-21.951433181762697,36.33448791503906,17.250852584838868,-47.411895751953128,24.647809982299806,-54.73028564453125,34.31095886230469,21.39826011657715,40.00169372558594,53.94989776611328,-29.128768920898439,20.23641586303711,19.674909591674806,59.00267791748047,58.389556884765628,47.51236343383789,42.95064926147461,39.782196044921878,-27.22075080871582,-3.1430702209472658,32.287200927734378,19.220508575439454,40.67951202392578,-9.893037796020508,-46.553009033203128,23.05080223083496,32.149085998535159,-34.47840118408203,57.457054138183597,11.015588760375977,-51.722877502441409,-42.313499450683597,3.8672103881835939,7.00432014465332,-19.709280014038087,-40.18220520019531,-45.98845672607422,-33.23591613769531,-9.294197082519532,47.029335021972659,19.977750778198243,38.33332824707031,-11.270307540893555,6.748315811157227,-24.1236515045166,53.08187484741211,-55.20265197753906,-32.49193572998047,-57.80762481689453,2.752025604248047],"legSizes":[0.24277588725090028,0.24137575924396516,0.28025415539741518,0.36259132623672488,0.38410449028015139,0.2879543900489807,0.19105371832847596,0.13866586983203889,0.17646798491477967,0.11457176506519318,0.16368156671524049,0.43450871109962466,0.45133525133132937,0.3807767331600189,0.3473273515701294,0.4310528337955475,0.4430484175682068,0.37789207696914675,0.33553484082221987,0.23476436734199525,0.3952732980251312,0.22899973392486573,0.26043179631233218,0.340027391910553],"bodySizes":[2.040523052215576,1.4302308559417725,2.7412102222442629],"springs":[],"dumpers":[],"name":31196,"generation":890,"distance":27.793058395385743,"reward":-25.90836524963379},{"angles":[34.93759536743164,-58.9110107421875,44.158111572265628,-43.309906005859378,-27.114578247070314,-19.620588302612306,55.95574188232422,7.513223648071289,-10.323434829711914,-9.415548324584961,35.375587463378909,38.202125549316409,18.488386154174806,22.51114273071289,-20.59613800048828,52.420494079589847,7.995307922363281,49.24431610107422,-17.405855178833009,-46.75370788574219,24.279081344604493,34.397705078125,-36.45636749267578,-29.20966339111328,27.819555282592775,-40.95740509033203,-16.0722599029541,44.01344680786133,-48.89934539794922,42.57894515991211,-21.951433181762697,49.18804931640625,19.477584838867189,58.157745361328128,24.647809982299806,-54.73028564453125,34.31095886230469,-3.7221107482910158,40.00169372558594,53.94989776611328,-29.128768920898439,-16.52187156677246,-51.36637878417969,-0.920654296875,59.65434265136719,21.641090393066408,53.22892761230469,42.56018829345703,-54.491485595703128,14.652364730834961,32.287200927734378,19.220508575439454,40.67951202392578,-9.893037796020508,-46.553009033203128,23.05080223083496,32.149085998535159,-34.47840118408203,57.457054138183597,11.015588760375977,-51.722877502441409,-42.313499450683597,3.8672103881835939,7.00432014465332,-19.709280014038087,38.442535400390628,-45.98845672607422,-33.23591613769531,-9.294197082519532,47.029335021972659,-7.743965148925781,38.33332824707031,-11.270307540893555,6.748315811157227,-24.1236515045166,53.08187484741211,-55.20265197753906,-32.49193572998047,-12.72802734375,-44.06584930419922],"legSizes":[0.24277588725090028,0.2988117039203644,0.21779605746269227,0.360015869140625,0.3234180212020874,0.1345166712999344,0.19105371832847596,0.13866586983203889,0.4605129361152649,0.3089781105518341,0.4007583260536194,0.18874235451221467,0.22864821553230287,0.3807767331600189,0.41688913106918337,0.213034987449646,0.4430484175682068,0.37789207696914675,0.34093302488327029,0.23476436734199525,0.27539271116256716,0.3178821802139282,0.4276217818260193,0.13595205545425416],"bodySizes":[2.23836350440979,1.5497814416885377,2.306157350540161],"springs":[],"dumpers":[],"name":31196,"generation":890,"distance":27.793058395385743,"reward":-26.5543155670166}]}