{"geneDatas":[{"angles":[-22.85704803466797,2.4731597900390627,-21.46973991394043,48.0223388671875,-16.46197509765625,44.77442169189453,24.98946189880371,-29.934104919433595,-25.574691772460939,27.52864646911621,-3.9488754272460939,37.858726501464847,-34.827430725097659,1.1938819885253907,51.280029296875,34.93031311035156,-21.285261154174806,58.048851013183597,-15.35760498046875,1.2852935791015626,-53.009552001953128,-57.50813293457031,-0.9348030090332031,-29.226829528808595,-1.399505615234375,54.40492248535156,13.508756637573243,35.429161071777347,-47.595703125,16.07293701171875,-47.11205291748047,59.64384460449219,17.7144775390625,15.214460372924805,54.64380645751953,-31.688173294067384,-30.624433517456056,-56.344886779785159,-39.84346008300781,-51.310813903808597,-43.151031494140628,-12.351043701171875,58.57074737548828,48.48699951171875,30.422698974609376,42.90460205078125,54.78783416748047,-9.534910202026368,55.83856964111328,40.212562561035159,-33.58174133300781,25.33437156677246,40.92573165893555,8.354581832885743,-49.37776184082031,-37.29161834716797,48.13294982910156,52.47270202636719,57.859039306640628,11.366693496704102,-42.787315368652347,-29.289474487304689,-50.43787384033203,37.977447509765628,22.87313461303711,-25.610212326049806,-6.823760986328125,54.576744079589847,38.444793701171878,-59.70014953613281,13.456457138061524,-57.28667449951172,-8.666460037231446,31.893566131591798,-55.574684143066409,31.26028060913086,-52.598106384277347,-6.484617233276367,33.338653564453128,-21.112167358398439],"legSizes":[0.41985970735549929,0.10952234268188477,0.41309112310409548,0.399880975484848,0.484720379114151,0.46125560998916628,0.2537831664085388,0.15978264808654786,0.3782423138618469,0.39337587356567385,0.3933005928993225,0.26107293367385867,0.4187541604042053,0.21176278591156007,0.22699101269245149,0.2998904883861542,0.2932145297527313,0.39255136251449587,0.2796711325645447,0.15983876585960389,0.4837760925292969,0.11230683326721192,0.37061649560928347,0.24602368474006654],"bodySizes":[2.2415575981140138,1.555989146232605,2.2936837673187258],"springs":[],"dumpers":[],"name":23407,"generation":669,"distance":79.32473754882813,"reward":-79.32473754882813},{"angles":[54.61080551147461,44.7408447265625,43.8388671875,39.10729217529297,-16.46197509765625,7.045890808105469,24.98946189880371,-34.46315002441406,-9.990743637084961,-41.42857360839844,52.265769958496097,25.8704833984375,-25.07159423828125,-0.9280242919921875,-34.48651123046875,52.706336975097659,-15.531515121459961,58.048851013183597,-38.995025634765628,-23.35533905029297,-3.370777130126953,-10.396322250366211,9.364065170288086,32.149497985839847,28.786924362182618,37.04512405395508,-23.332778930664064,46.78477478027344,-47.595703125,-38.162872314453128,1.9895210266113282,0.9241180419921875,-6.778070449829102,49.55218505859375,54.64380645751953,-31.688173294067384,58.915428161621097,-56.344886779785159,-23.93872833251953,-51.310813903808597,24.554243087768556,13.264297485351563,58.57074737548828,48.48699951171875,30.422698974609376,42.90460205078125,54.78783416748047,49.92414855957031,55.83856964111328,40.212562561035159,-33.58174133300781,-21.317659378051759,40.92573165893555,8.354581832885743,-45.20686340332031,-37.29161834716797,48.13294982910156,-55.641258239746097,45.56067657470703,11.366693496704102,-51.722877502441409,-29.289474487304689,-0.38567352294921877,37.977447509765628,22.87313461303711,-49.4110107421875,18.471534729003908,-29.314865112304689,48.2857666015625,47.779266357421878,13.456457138061524,-2.953369140625,-35.157936096191409,59.758201599121097,-55.582794189453128,-11.264198303222657,-14.128440856933594,-50.58546447753906,46.157554626464847,7.990900039672852],"legSizes":[0.48006153106689455,0.49341750144958498,0.37850385904312136,0.29178130626678469,0.1318756639957428,0.48711276054382326,0.3051750063896179,0.10902819782495499,0.44372740387916567,0.4597183167934418,0.2165430784225464,0.3736363351345062,0.33057472109794619,0.42956429719924929,0.44775861501693728,0.13316312432289124,0.27040165662765505,0.39255136251449587,0.11778221279382706,0.12775292992591859,0.4837760925292969,0.4870162606239319,0.4508568346500397,0.22220653295516969],"bodySizes":[2.2328286170959474,1.5693796873092652,2.283003091812134],"springs":[],"dumpers":[],"name":23407,"generation":669,"distance":79.32473754882813,"reward":-80.91752624511719},{"angles":[-9.362245559692383,2.4731597900390627,52.193824768066409,48.0223388671875,-16.46197509765625,44.77442169189453,24.98946189880371,-29.934104919433595,-25.574691772460939,-41.42857360839844,-19.45128631591797,25.8704833984375,-25.07159423828125,-0.9280242919921875,-49.52875518798828,52.706336975097659,15.435043334960938,58.048851013183597,27.690351486206056,52.62169647216797,-3.370777130126953,-10.396322250366211,3.9222564697265627,-55.718994140625,28.786924362182618,36.320899963378909,-23.332778930664064,46.78477478027344,-47.595703125,-38.162872314453128,-23.925155639648439,59.64384460449219,26.896759033203126,43.42924118041992,3.1646270751953127,-36.78919219970703,-11.09498405456543,-56.344886779785159,-57.70653533935547,-42.577354431152347,-23.272010803222658,-9.650665283203125,58.57074737548828,-41.31016540527344,30.422698974609376,21.483489990234376,54.78783416748047,49.92414855957031,49.72618103027344,18.617033004760743,-16.329368591308595,-24.289077758789064,40.92573165893555,7.141563415527344,-45.20686340332031,-37.29161834716797,48.13294982910156,-6.589559555053711,20.496694564819337,28.943065643310548,-52.79039001464844,-21.1705322265625,27.42364501953125,47.10023498535156,-43.992706298828128,37.05570983886719,-56.86302947998047,54.576744079589847,-25.008651733398439,-58.695457458496097,-24.605506896972658,21.454710006713868,14.70307731628418,50.89874267578125,-15.692403793334961,-11.264198303222657,51.09100341796875,56.2369384765625,-20.732511520385743,24.67009735107422],"legSizes":[0.41985970735549929,0.10952234268188477,0.41309112310409548,0.399880975484848,0.484720379114151,0.46125560998916628,0.2537831664085388,0.15978264808654786,0.3782423138618469,0.39337587356567385,0.3933005928993225,0.26107293367385867,0.4187541604042053,0.21176278591156007,0.22699101269245149,0.2998904883861542,0.2932145297527313,0.39255136251449587,0.2796711325645447,0.15983876585960389,0.4837760925292969,0.11230683326721192,0.11028480529785156,0.1518619954586029],"bodySizes":[2.242542266845703,1.556930661201477,2.291289806365967],"springs":[],"dumpers":[],"name":23407,"generation":669,"distance":79.32473754882813,"reward":-83.85111236572266}]}