{"geneDatas":[{"angles":[-45.45372772216797,-47.61431884765625,-48.61711883544922,2.1699371337890627,-35.206634521484378,-57.308509826660159,55.13998031616211,-37.88360595703125,-36.08348083496094,52.9640007019043,-4.756187438964844,26.603635787963868,-6.990142822265625,-46.86769104003906,-46.781044006347659,-22.72642707824707,6.553680419921875,2.0331344604492189,46.64873504638672,32.539241790771487,8.845230102539063,-58.668052673339847,47.532073974609378,58.587928771972659,18.919658660888673,-41.73279571533203,3.9652862548828127,-50.21332550048828,-31.361244201660158,-36.830108642578128,-34.33802795410156,20.44403839111328,-12.819391250610352,-38.033935546875,19.154088973999025,4.237770080566406,-14.095865249633789,52.91913986206055,-30.292770385742189,-51.54254150390625,-1.6786537170410157,-41.04981231689453,59.923095703125,55.264137268066409,-16.24510955810547,9.226491928100586,58.930992126464847,25.231674194335939,-49.85870361328125,-45.85088348388672,-4.816253662109375,-11.135353088378907,58.16302490234375,41.620330810546878,-37.079742431640628,-48.33216094970703,46.91373825073242,-8.526727676391602,10.398582458496094,10.852483749389649,-11.642280578613282,52.17681884765625,54.94794845581055,-54.57093811035156,50.49519348144531,-52.960166931152347,11.508813858032227,-39.18797302246094,55.22614288330078,12.898612976074219,-23.78053092956543,1.5289955139160157,57.81108856201172,-18.00659942626953,-13.12187385559082,-19.415496826171876,-49.924095153808597,4.549520492553711,45.054344177246097,38.54816436767578],"legSizes":[0.414147287607193,0.4110112190246582,0.3150733709335327,0.3021898865699768,0.30386883020401,0.24117106199264527,0.1951741725206375,0.23060005903244019,0.14332576096057893,0.15270347893238069,0.4588349759578705,0.3329278230667114,0.48713913559913638,0.3292018175125122,0.2913303077220917,0.21319825947284699,0.41496410965919497,0.4428296983242035,0.35558977723121645,0.1784711480140686,0.4369998574256897,0.3484155535697937,0.36025768518447878,0.2705654501914978],"bodySizes":[1.8459199666976929,2.3700196743011476,1.8286269903182984],"springs":[],"dumpers":[],"name":4681,"generation":134,"distance":65.18040466308594,"reward":-65.18040466308594},{"angles":[56.12537384033203,-47.61431884765625,42.33491516113281,-26.75486183166504,-7.620569229125977,-11.424774169921875,-11.24946403503418,51.39402770996094,7.318603515625,-11.092094421386719,-3.1199951171875,-48.75547790527344,-40.92842102050781,-22.317659378051759,31.91530990600586,25.024694442749025,9.199983596801758,-28.463478088378908,46.64873504638672,-33.77099609375,-6.533281326293945,-56.39794158935547,47.532073974609378,58.587928771972659,56.56365203857422,-48.874900817871097,-46.82250213623047,-11.396993637084961,-26.831039428710939,-9.872182846069336,-45.042015075683597,-12.365262985229493,-39.77284240722656,4.465232849121094,10.536981582641602,-21.086820602416993,-14.095865249633789,52.91913986206055,-30.292770385742189,-46.77277374267578,-1.6786537170410157,-41.04981231689453,59.923095703125,55.264137268066409,-16.24510955810547,9.226491928100586,1.9657173156738282,25.231674194335939,-49.85870361328125,-45.85088348388672,-4.816253662109375,42.50116729736328,58.16302490234375,41.620330810546878,-37.079742431640628,-48.33216094970703,46.91373825073242,-8.526727676391602,-51.873191833496097,10.852483749389649,-11.642280578613282,52.17681884765625,54.94794845581055,14.842836380004883,57.786170959472659,24.821462631225587,11.508813858032227,-39.18797302246094,55.22614288330078,12.898612976074219,23.810287475585939,1.5289955139160157,31.734149932861329,58.01450729370117,40.28081512451172,-19.415496826171876,-30.761932373046876,-11.812469482421875,45.054344177246097,38.54816436767578],"legSizes":[0.11388712376356125,0.10654105991125107,0.3147778809070587,0.33842188119888308,0.15357095003128053,0.10272874683141709,0.49081239104270937,0.37646737694740298,0.20201089978218079,0.15270347893238069,0.1652408242225647,0.3329278230667114,0.48713913559913638,0.3292018175125122,0.2913303077220917,0.21319825947284699,0.41496410965919497,0.4428296983242035,0.35558977723121645,0.1784711480140686,0.20774242281913758,0.3484155535697937,0.36025768518447878,0.2705654501914978],"bodySizes":[1.8459199666976929,2.3700196743011476,1.8286269903182984],"springs":[],"dumpers":[],"name":4681,"generation":134,"distance":65.18040466308594,"reward":-76.6533432006836},{"angles":[-19.606969833374025,-47.61431884765625,6.266792297363281,2.1699371337890627,-7.620569229125977,28.40325927734375,-11.24946403503418,51.39402770996094,7.318603515625,-11.092094421386719,-3.1199951171875,-31.346023559570314,-40.43330383300781,-53.234413146972659,31.91530990600586,25.024694442749025,9.199983596801758,59.24321746826172,46.64873504638672,32.539241790771487,9.550987243652344,-16.241491317749025,-34.82740783691406,58.587928771972659,56.56365203857422,-48.874900817871097,3.9652862548828127,-50.21332550048828,-40.539276123046878,-9.872182846069336,-45.042015075683597,10.748184204101563,-28.050819396972658,25.563352584838868,9.128900527954102,19.614469528198243,-4.538763046264648,54.26044464111328,-30.292770385742189,-48.41107177734375,-1.6786537170410157,-41.04981231689453,59.923095703125,34.230350494384769,-16.24510955810547,-51.12034606933594,28.648292541503908,46.353965759277347,-49.85870361328125,-45.85088348388672,12.586074829101563,-40.02220916748047,58.16302490234375,41.620330810546878,-37.079742431640628,-48.33216094970703,46.91373825073242,-8.526727676391602,-31.01203155517578,-33.40087127685547,-28.068702697753908,52.17681884765625,54.94794845581055,-54.57093811035156,-7.0063934326171879,24.821462631225587,11.508813858032227,-39.18797302246094,55.22614288330078,12.898612976074219,-19.91131019592285,1.5289955139160157,57.81108856201172,58.01450729370117,-13.12187385559082,32.98855209350586,-30.761932373046876,-11.812469482421875,14.677757263183594,-26.10954475402832],"legSizes":[0.414147287607193,0.29296863079071047,0.16555887460708619,0.19249100983142854,0.15357095003128053,0.4082821309566498,0.49081239104270937,0.23060005903244019,0.20201089978218079,0.15270347893238069,0.1652408242225647,0.3329278230667114,0.48713913559913638,0.3292018175125122,0.2913303077220917,0.4071841239929199,0.2971298396587372,0.4428296983242035,0.35558977723121645,0.1784711480140686,0.20774242281913758,0.3484155535697937,0.36025768518447878,0.2705654501914978],"bodySizes":[2.19421648979187,2.058488607406616,1.7711772918701172],"springs":[],"dumpers":[],"name":4681,"generation":134,"distance":65.18040466308594,"reward":-80.16158294677735}]}