{"geneDatas":[{"angles":[46.421226501464847,-35.35980987548828,-48.61711883544922,2.1699371337890627,-7.620569229125977,61.06834030151367,57.495460510253909,-46.07747268676758,-24.875,11.214330673217774,-49.588050842285159,50.51544952392578,-34.125709533691409,25.98385238647461,-47.65318298339844,31.382381439208986,22.75557518005371,-32.22145080566406,-5.619873046875,-56.94129180908203,-12.984403610229493,58.79718017578125,-45.77124786376953,-20.46893882751465,18.45846176147461,-27.258934020996095,-52.530067443847659,-0.8626480102539063,24.051259994506837,27.028484344482423,-0.5706825256347656,-19.837539672851564,-11.299903869628907,5.37701416015625,-26.45256805419922,-38.610435485839847,10.761301040649414,-19.850929260253908,-16.546531677246095,-48.41107177734375,20.567419052124025,-31.71619987487793,-13.244653701782227,59.097877502441409,-7.246362686157227,-43.187843322753909,46.896827697753909,66.07421875,13.218406677246094,11.243110656738282,29.308761596679689,3.603107452392578,-9.346366882324219,-27.5220890045166,-7.864585876464844,-48.33216094970703,46.91373825073242,9.981201171875,15.460796356201172,56.40443420410156,-11.954635620117188,-45.36250305175781,-52.51690673828125,-54.57093811035156,45.46620178222656,-8.893310546875,-8.52667236328125,27.16596794128418,-46.81012725830078,-4.416566848754883,53.688751220703128,75.31248474121094,-26.791242599487306,-33.79011535644531,59.38818359375,-24.346426010131837,-15.678085327148438,-31.48368263244629,-0.9343452453613281,-34.685096740722659],"legSizes":[0.45991793274879458,0.17952075600624085,0.4986251890659332,0.10813098400831223,0.45982593297958376,0.3115108609199524,0.318364679813385,0.23060005903244019,0.43878597021102908,0.12217392772436142,0.2893943190574646,0.28866326808929446,0.48713913559913638,0.24999994039535523,0.2913303077220917,0.10887842625379563,0.48585066199302676,0.4428296983242035,0.4474096894264221,0.16261520981788636,0.3627668023109436,0.39143243432044985,0.20256903767585755,0.4751286506652832],"bodySizes":[2.0858588218688967,1.846574306488037,2.0770084857940676],"springs":[],"dumpers":[],"name":2187,"generation":65,"distance":94.86093139648438,"reward":-94.86093139648438},{"angles":[50.5784912109375,44.579803466796878,-48.61711883544922,2.1699371337890627,46.86429977416992,61.06834030151367,11.415260314941407,-46.07747268676758,7.318603515625,-35.04530334472656,-24.130834579467775,58.07191467285156,20.1563777923584,-32.03076934814453,-47.65318298339844,-57.18202209472656,21.344074249267579,13.62541389465332,11.752830505371094,-45.47071075439453,-50.42289733886719,56.848426818847659,40.427642822265628,-18.01628303527832,35.411136627197269,-41.092445373535159,28.51647186279297,-48.6861572265625,10.122291564941407,-37.481788635253909,2.7432289123535158,28.459667205810548,-16.277984619140626,-15.465280532836914,10.077932357788086,21.18659019470215,-37.12445068359375,-19.850929260253908,-16.546531677246095,-36.02644348144531,45.63604736328125,-38.02775573730469,17.558269500732423,59.097877502441409,11.90672492980957,-43.187843322753909,46.896827697753909,66.07421875,13.218406677246094,58.00669860839844,29.308761596679689,3.603107452392578,32.756996154785159,-27.5220890045166,-7.864585876464844,-43.00238037109375,46.91373825073242,9.981201171875,15.460796356201172,56.40443420410156,-0.9349899291992188,-45.36250305175781,-52.51690673828125,-54.57093811035156,17.301692962646486,29.908260345458986,-8.52667236328125,-31.032455444335939,-46.81012725830078,-4.416566848754883,-24.455514907836915,12.17979621887207,-26.791242599487306,-33.79011535644531,59.38818359375,-24.346426010131837,-15.678085327148438,45.38725280761719,30.304912567138673,-1.1870460510253907],"legSizes":[0.10074438899755478,0.34659460186958315,0.4986251890659332,0.10813098400831223,0.4158990979194641,0.34367039799690249,0.318364679813385,0.2391011118888855,0.40621405839920046,0.12217392772436142,0.43121933937072756,0.2464940845966339,0.3269818425178528,0.1151638999581337,0.35206252336502077,0.3368361294269562,0.3420713543891907,0.11268176883459091,0.18830251693725587,0.10496368259191513,0.3936561048030853,0.25,0.4452788829803467,0.13125792145729066],"bodySizes":[2.0317447185516359,1.8973238468170167,2.0752925872802736],"springs":[],"dumpers":[],"name":2187,"generation":65,"distance":94.86093139648438,"reward":-97.09371948242188},{"angles":[46.421226501464847,-35.35980987548828,-48.61711883544922,2.1699371337890627,-7.620569229125977,61.06834030151367,-3.6749343872070314,-46.07747268676758,1.7436866760253907,11.214330673217774,-49.588050842285159,50.51544952392578,-34.125709533691409,25.98385238647461,-47.65318298339844,31.382381439208986,22.75557518005371,-32.22145080566406,23.281471252441408,-56.94129180908203,-12.984403610229493,46.67578887939453,-45.77124786376953,-20.46893882751465,18.45846176147461,-27.258934020996095,20.9871883392334,-0.8626480102539063,24.051259994506837,27.028484344482423,-0.5706825256347656,-19.837539672851564,-11.299903869628907,5.37701416015625,-26.45256805419922,-38.610435485839847,10.761301040649414,-19.850929260253908,-16.546531677246095,-48.41107177734375,20.567419052124025,-31.71619987487793,-13.244653701782227,59.097877502441409,-7.246362686157227,-43.187843322753909,58.930992126464847,66.07421875,13.218406677246094,11.243110656738282,29.308761596679689,3.603107452392578,-3.1178627014160158,-27.5220890045166,-7.864585876464844,-48.33216094970703,46.91373825073242,9.981201171875,15.460796356201172,-13.995588302612305,-11.954635620117188,-45.36250305175781,-8.12750244140625,19.995901107788087,45.64917755126953,-8.893310546875,-8.52667236328125,6.920507431030273,-46.81012725830078,-4.416566848754883,53.688751220703128,-0.605255126953125,-26.791242599487306,56.155113220214847,-51.498809814453128,-21.130765914916993,-15.678085327148438,-30.0683650970459,-56.47914123535156,-18.112714767456056],"legSizes":[0.45991793274879458,0.17952075600624085,0.4986251890659332,0.10813098400831223,0.45982593297958376,0.44142022728919985,0.318364679813385,0.23060005903244019,0.43878597021102908,0.12217392772436142,0.2893943190574646,0.28866326808929446,0.48713913559913638,0.10084714740514755,0.2913303077220917,0.10887842625379563,0.48585066199302676,0.4428296983242035,0.3626299500465393,0.16261520981788636,0.35259461402893069,0.35415148735046389,0.20256903767585755,0.13125792145729066],"bodySizes":[2.0809874534606935,2.861990213394165,1.3432362079620362],"springs":[],"dumpers":[],"name":2187,"generation":65,"distance":94.86093139648438,"reward":-124.6290283203125}]}