{"geneDatas":[{"angles":[-2.8549232482910158,27.463102340698243,-30.511123657226564,0.1981201171875,22.39325523376465,-42.54301452636719,-36.93407440185547,9.823087692260743,-7.061241149902344,-4.55055046081543,-37.5687255859375,-13.309671401977539,48.329986572265628,33.33251953125,-54.761436462402347,17.02166748046875,-10.534120559692383,-26.14580726623535,46.64873504638672,32.08830261230469,-49.671417236328128,-16.241491317749025,-3.453105926513672,9.46251106262207,17.060348510742189,14.346464157104493,14.274436950683594,-3.907379150390625,-23.28856086730957,36.07037353515625,-0.5185394287109375,-57.22673797607422,7.682683944702148,52.528480529785159,47.31768798828125,25.890195846557618,-10.002227783203125,-38.23845672607422,-45.97222900390625,-2.62652587890625,-1.6786537170410157,-44.60362243652344,59.923095703125,34.230350494384769,-18.472200393676759,23.277210235595704,45.028968811035159,46.353965759277347,3.751667022705078,58.052757263183597,49.93529510498047,-51.06085205078125,43.27928161621094,40.17375183105469,-43.94129180908203,-31.951032638549806,46.91373825073242,-50.673912048339847,-20.43849754333496,14.254669189453125,-47.966339111328128,-43.43016815185547,58.9244384765625,-35.756980895996097,31.404373168945314,31.80178451538086,-37.87572479248047,20.368436813354493,37.52265930175781,-39.431236267089847,-48.35746765136719,12.331174850463868,-28.24541473388672,5.255332946777344,16.464111328125,-22.3369140625,-5.425849914550781,-2.4627456665039064,12.965103149414063,38.84925842285156],"legSizes":[0.3403506577014923,0.46570634841918948,0.27973657846450808,0.3291400671005249,0.25776898860931399,0.2574378252029419,0.3543397784233093,0.13143134117126466,0.256591260433197,0.23127511143684388,0.24114659428596497,0.41508984565734866,0.23177668452262879,0.4286414682865143,0.3795122504234314,0.36751556396484377,0.3449145555496216,0.33582308888435366,0.4018142819404602,0.26698148250579836,0.48389729857444765,0.31884199380874636,0.2925085425376892,0.41235512495040896],"bodySizes":[1.9231582880020142,2.3618052005767824,1.7612900733947755],"springs":[],"dumpers":[],"name":7757,"generation":221,"distance":32.61326599121094,"reward":-32.61326599121094},{"angles":[-2.8549232482910158,27.463102340698243,-12.814399719238282,0.1981201171875,22.39325523376465,19.476110458374025,33.42009353637695,-48.34960174560547,-21.79639434814453,-8.743721008300782,-20.285118103027345,-13.309671401977539,-32.052581787109378,-27.16889762878418,-54.761436462402347,29.29205322265625,11.610382080078125,-26.14580726623535,46.64873504638672,-44.81999969482422,51.760284423828128,-16.241491317749025,-3.453105926513672,54.56664276123047,17.060348510742189,14.346464157104493,14.274436950683594,-50.21332550048828,-59.15614318847656,36.07037353515625,-24.587594985961915,-19.648767471313478,7.682683944702148,52.528480529785159,47.31768798828125,25.890195846557618,-10.002227783203125,-38.23845672607422,-45.97222900390625,-2.62652587890625,-1.6786537170410157,-44.60362243652344,59.923095703125,34.230350494384769,-18.472200393676759,17.24213981628418,45.028968811035159,46.353965759277347,27.665632247924806,58.052757263183597,39.795166015625,-51.06085205078125,43.27928161621094,22.269344329833986,-43.94129180908203,-31.951032638549806,46.91373825073242,36.645225524902347,2.6410751342773439,7.4813385009765629,-58.37781524658203,-43.43016815185547,-37.570396423339847,35.821807861328128,17.747665405273439,40.76617431640625,7.830726623535156,20.368436813354493,37.52265930175781,-39.431236267089847,-19.91131019592285,12.331174850463868,-28.24541473388672,9.876745223999024,16.464111328125,-22.3369140625,-5.425849914550781,-2.4627456665039064,12.965103149414063,55.010475158691409],"legSizes":[0.3403506577014923,0.46570634841918948,0.16239133477210999,0.3344302773475647,0.3590591847896576,0.2574378252029419,0.4257766604423523,0.13143134117126466,0.10184212028980255,0.1903490573167801,0.24114659428596497,0.4558493196964264,0.3120904564857483,0.18498626351356507,0.3795122504234314,0.25351017713546755,0.15519757568836213,0.31367915868759158,0.4018142819404602,0.26698148250579836,0.48389729857444765,0.31884199380874636,0.2925085425376892,0.41235512495040896],"bodySizes":[1.9733924865722657,2.0849356651306154,1.9443926811218262],"springs":[],"dumpers":[],"name":7757,"generation":221,"distance":32.61326599121094,"reward":-43.84814453125},{"angles":[56.12537384033203,19.772613525390626,37.68669891357422,-30.21343231201172,57.34459686279297,-58.58757019042969,33.42009353637695,-48.34960174560547,24.47403335571289,-41.313446044921878,-37.5687255859375,-13.309671401977539,48.329986572265628,-27.16889762878418,-54.761436462402347,17.02166748046875,-10.534120559692383,-26.14580726623535,46.64873504638672,32.08830261230469,-49.671417236328128,-59.68251037597656,-3.453105926513672,58.587928771972659,20.2879695892334,34.14411926269531,14.274436950683594,-50.21332550048828,-36.1070556640625,-31.56633758544922,-24.587594985961915,-19.648767471313478,7.682683944702148,-46.07279968261719,28.36005973815918,25.890195846557618,-10.002227783203125,-38.23845672607422,-15.352998733520508,-33.39384460449219,-1.6786537170410157,-44.60362243652344,59.923095703125,34.230350494384769,-18.472200393676759,23.277210235595704,45.028968811035159,46.353965759277347,-21.201501846313478,58.052757263183597,49.93529510498047,-51.06085205078125,43.27928161621094,22.269344329833986,-43.94129180908203,-31.951032638549806,46.91373825073242,36.645225524902347,-20.43849754333496,-51.88697052001953,-47.966339111328128,-43.43016815185547,58.9244384765625,-35.756980895996097,31.404373168945314,26.32903289794922,6.0281982421875,20.368436813354493,-42.80657958984375,52.1309814453125,-51.540130615234378,12.331174850463868,-28.24541473388672,-46.263031005859378,-9.875358581542969,-22.3369140625,-5.425849914550781,-2.4627456665039064,12.965103149414063,-19.496017456054689],"legSizes":[0.13152141869068147,0.46570634841918948,0.27973657846450808,0.3291400671005249,0.3590591847896576,0.2574378252029419,0.18677911162376405,0.13143134117126466,0.10184212028980255,0.28627002239227297,0.34499141573905947,0.4489433765411377,0.12592878937721253,0.18498626351356507,0.30428794026374819,0.2286624312400818,0.3474634289741516,0.33582308888435366,0.4018142819404602,0.26698148250579836,0.48389729857444765,0.31884199380874636,0.2925085425376892,0.41235512495040896],"bodySizes":[2.188694715499878,2.2180161476135256,1.647934913635254],"springs":[],"dumpers":[],"name":7757,"generation":221,"distance":32.61326599121094,"reward":-46.18260955810547}]}