{"geneDatas":[{"angles":[-45.42185974121094,41.83440399169922,0.3336753845214844,32.56205749511719,38.81315231323242,-0.76318359375,22.69882583618164,56.36412811279297,39.17448425292969,35.5300407409668,58.97529602050781,11.857231140136719,-13.616559982299805,-39.357635498046878,-23.92023468017578,-48.206092834472659,7.995307922363281,24.04465103149414,2.123615264892578,33.10479736328125,-49.34693908691406,48.270965576171878,5.0442352294921879,36.723690032958987,49.36994171142578,30.343490600585939,-44.98512268066406,-41.080039978027347,-11.227447509765625,-34.78704833984375,24.151695251464845,-42.21858215332031,40.66925811767578,-10.493339538574219,59.591285705566409,-16.836669921875,56.69244384765625,45.581275939941409,55.58526611328125,46.795021057128909,17.195247650146486,-9.948143005371094,15.417106628417969,31.648235321044923,5.958015441894531,40.61475372314453,49.389366149902347,45.71614074707031,43.740989685058597,39.843719482421878,-27.53839874267578,57.14585876464844,30.695384979248048,35.223899841308597,-46.553009033203128,-1.033966064453125,-36.20770263671875,-35.60784912109375,-10.148469924926758,-0.6503753662109375,-51.722877502441409,-8.801315307617188,18.62764549255371,-21.350120544433595,24.206457138061525,-49.95890808105469,0.39321136474609377,18.063467025756837,35.690399169921878,-27.893692016601564,-29.52271842956543,35.86944580078125,43.335426330566409,-28.092605590820314,-28.45526885986328,-17.161867141723634,-51.46931457519531,24.98306655883789,-1.5272369384765626,-28.065940856933595],"legSizes":[0.1204158291220665,0.35355228185653689,0.3201770484447479,0.49660706520080569,0.4498048722743988,0.4731658101081848,0.4504028260707855,0.21514804661273957,0.38225144147872927,0.4127366542816162,0.34012657403945925,0.10653114318847656,0.22752249240875245,0.19316178560256959,0.39667806029319765,0.21624672412872315,0.3328055143356323,0.38743099570274355,0.3399198651313782,0.16030678153038026,0.4400714337825775,0.48841628432273867,0.4075906276702881,0.40247970819473269],"bodySizes":[2.2363898754119875,1.5221688747406006,2.3500638008117677],"springs":[],"dumpers":[],"name":36368,"generation":1045,"distance":51.79243850708008,"reward":-51.79243850708008},{"angles":[-26.80524444580078,41.83440399169922,0.3336753845214844,32.56205749511719,38.81315231323242,-0.76318359375,22.69882583618164,-7.744180679321289,39.17448425292969,17.685054779052736,58.97529602050781,-5.068765640258789,-13.616559982299805,-39.357635498046878,-32.84611511230469,-48.206092834472659,7.995307922363281,10.463739395141602,26.097578048706056,33.10479736328125,-49.34693908691406,48.270965576171878,5.0442352294921879,42.95079040527344,49.36994171142578,30.343490600585939,-44.98512268066406,-41.080039978027347,30.058547973632814,-34.78704833984375,24.151695251464845,-42.21858215332031,40.66925811767578,-10.493339538574219,12.549070358276368,-16.836669921875,56.69244384765625,51.94270324707031,-3.2837600708007814,-54.34454345703125,17.195247650146486,-9.948143005371094,15.417106628417969,31.648235321044923,5.958015441894531,40.61475372314453,49.389366149902347,45.71614074707031,43.740989685058597,39.843719482421878,-27.53839874267578,57.14585876464844,30.695384979248048,35.223899841308597,-46.553009033203128,-1.033966064453125,-36.20770263671875,27.49380111694336,-10.148469924926758,-0.6503753662109375,-51.722877502441409,-8.801315307617188,18.62764549255371,-21.350120544433595,24.206457138061525,-49.95890808105469,0.39321136474609377,18.063467025756837,35.690399169921878,-52.66217803955078,27.088376998901368,35.86944580078125,43.335426330566409,-28.092605590820314,-28.45526885986328,-17.161867141723634,-51.46931457519531,-26.722578048706056,-1.5272369384765626,-28.065940856933595],"legSizes":[0.22768136858940125,0.25719112157821658,0.42672738432884219,0.20232245326042176,0.20026224851608277,0.47461041808128359,0.11782073974609375,0.21514804661273957,0.25615575909614565,0.22659513354301454,0.2358597069978714,0.4668111801147461,0.35818687081336977,0.19316178560256959,0.39667806029319765,0.21624672412872315,0.3328055143356323,0.38743099570274355,0.3467712700366974,0.19733348488807679,0.4400714337825775,0.48841628432273867,0.4075906276702881,0.2491801530122757],"bodySizes":[2.236389636993408,1.5221688747406006,2.3500638008117677],"springs":[],"dumpers":[],"name":36368,"generation":1045,"distance":51.79243850708008,"reward":-58.6425895690918},{"angles":[25.920766830444337,6.800573348999023,43.03620910644531,7.431816101074219,-9.436691284179688,-35.11708068847656,22.69882583618164,-19.294931411743165,0.1944122314453125,7.698720932006836,58.97529602050781,-53.512046813964847,-55.40354919433594,-18.85663604736328,-32.84611511230469,-50.60431671142578,52.71534729003906,24.04465103149414,21.7415828704834,33.10479736328125,-49.34693908691406,7.576166152954102,22.051448822021486,36.723690032958987,49.36994171142578,16.6236572265625,-42.38874816894531,-29.17254066467285,30.33978843688965,4.65690803527832,-21.99267578125,-1.7498931884765626,10.050064086914063,-3.3423843383789064,59.591285705566409,47.050750732421878,56.69244384765625,-36.344993591308597,44.6136474609375,46.795021057128909,-27.942846298217775,47.4031867980957,-40.687294006347659,0.6758384704589844,13.101716995239258,-9.977609634399414,49.389366149902347,45.71614074707031,44.595794677734378,39.843719482421878,-27.53839874267578,57.14585876464844,30.695384979248048,-53.943756103515628,-48.06929016113281,9.001043319702149,-36.20770263671875,40.13909149169922,-10.148469924926758,55.39130401611328,-51.722877502441409,-50.185401916503909,18.62764549255371,-27.488744735717775,24.206457138061525,-32.58294677734375,-5.43394660949707,15.948654174804688,-29.48023223876953,-27.893692016601564,-29.52271842956543,35.86944580078125,31.061767578125,22.88446044921875,-28.45526885986328,-17.161867141723634,-51.46931457519531,-26.722578048706056,-1.5272369384765626,-28.065940856933595],"legSizes":[0.2920801341533661,0.34754234552383425,0.19351038336753846,0.17942938208580018,0.27833154797554018,0.4731658101081848,0.3757588267326355,0.21514804661273957,0.25615575909614565,0.19250698387622834,0.470346599817276,0.1306583434343338,0.35818687081336977,0.1039978489279747,0.39667806029319765,0.24379880726337434,0.23315975069999696,0.38743099570274355,0.49251991510391238,0.20855534076690675,0.2885732054710388,0.48841628432273867,0.244087815284729,0.43376246094703677],"bodySizes":[2.23638653755188,1.522171139717102,2.3500635623931886],"springs":[],"dumpers":[],"name":36368,"generation":1045,"distance":51.79243850708008,"reward":-70.2084732055664}]}