{"geneDatas":[{"angles":[56.12537384033203,-28.890228271484376,-39.62139129638672,-1.3922538757324219,21.085538864135743,19.476110458374025,47.35357666015625,-48.34960174560547,-24.036148071289064,-41.313446044921878,16.446945190429689,-13.309671401977539,-34.147682189941409,-27.16889762878418,-54.761436462402347,29.29205322265625,11.610382080078125,-26.14580726623535,46.64873504638672,32.08830261230469,-9.495542526245118,-16.241491317749025,20.62751579284668,58.587928771972659,-52.915077209472659,34.14411926269531,14.274436950683594,-50.21332550048828,-0.8343544006347656,10.208152770996094,-45.042015075683597,10.748184204101563,-29.092117309570314,25.563352584838868,9.128900527954102,51.60590362548828,-38.72108459472656,-28.09497833251953,-58.117034912109378,-58.561981201171878,-1.6786537170410157,-44.60362243652344,59.923095703125,34.230350494384769,-16.24510955810547,-0.17947769165039063,45.028968811035159,-1.1884346008300782,27.665632247924806,-0.8054275512695313,39.795166015625,-40.02220916748047,28.061782836914064,-17.72525978088379,-43.94129180908203,-48.33216094970703,46.91373825073242,-35.63538360595703,-31.01203155517578,-43.53086853027344,12.382484436035157,-54.80120849609375,-7.625276565551758,43.00011444091797,0.7778892517089844,16.257217407226564,14.863792419433594,12.569839477539063,40.55574035644531,56.82410430908203,-37.93061065673828,-7.215551376342773,12.289459228515625,59.04917907714844,-34.707611083984378,-12.059577941894532,-30.761932373046876,16.627378463745118,14.92987060546875,-0.9198837280273438],"legSizes":[0.4758959710597992,0.3543156683444977,0.3150733709335327,0.44555220007896426,0.26463907957077029,0.3619822561740875,0.29319798946380618,0.23060005903244019,0.11632537841796875,0.3771337866783142,0.46960535645484927,0.44069647789001467,0.48713913559913638,0.14863748848438264,0.33257099986076357,0.4011853337287903,0.3372107148170471,0.2364228516817093,0.44665107131004336,0.22981923818588258,0.1863453984260559,0.43555235862731936,0.11307892948389054,0.11028146743774414],"bodySizes":[1.9298663139343262,2.5920119285583498,1.5992845296859742],"springs":[],"dumpers":[],"name":6111,"generation":176,"distance":38.18544387817383,"reward":-38.18544387817383},{"angles":[56.12537384033203,58.112754821777347,21.491832733154298,-1.3922538757324219,9.943021774291993,51.351844787597659,47.35357666015625,33.22040939331055,18.444271087646486,-41.313446044921878,-5.213478088378906,-13.309671401977539,-35.201568603515628,45.42848205566406,-54.761436462402347,-51.824554443359378,11.610382080078125,-26.14580726623535,46.64873504638672,32.08830261230469,-9.495542526245118,-16.241491317749025,-45.840110778808597,32.10299301147461,-40.871726989746097,46.25054931640625,-7.51593017578125,-50.21332550048828,-0.8343544006347656,10.208152770996094,-45.042015075683597,10.748184204101563,-29.092117309570314,25.563352584838868,9.128900527954102,51.60590362548828,-38.72108459472656,-28.09497833251953,-58.117034912109378,-58.561981201171878,-1.6786537170410157,23.708106994628908,59.923095703125,34.230350494384769,-16.24510955810547,-0.17947769165039063,45.028968811035159,46.353965759277347,27.665632247924806,-0.8054275512695313,36.804100036621097,-40.02220916748047,28.061782836914064,-17.72525978088379,-43.94129180908203,-49.4295654296875,46.91373825073242,-4.621889114379883,-31.01203155517578,-32.521087646484378,12.382484436035157,50.45079040527344,-7.625276565551758,43.00011444091797,0.7778892517089844,16.257217407226564,14.863792419433594,12.569839477539063,40.55574035644531,30.06477165222168,-37.93061065673828,-7.215551376342773,12.289459228515625,59.04917907714844,-34.707611083984378,-52.86070251464844,-30.761932373046876,-28.569551467895509,-44.285972595214847,38.315147399902347],"legSizes":[0.4758959710597992,0.31594130396842959,0.3393505811691284,0.34290802478790285,0.3590591847896576,0.20866748690605164,0.47951212525367739,0.23060005903244019,0.11632537841796875,0.45546048879623415,0.3858686089515686,0.2815718352794647,0.48713913559913638,0.16757269203662873,0.33257099986076357,0.27360060811042788,0.3372107148170471,0.174414724111557,0.27603310346603396,0.2195025235414505,0.45605745911598208,0.4711056649684906,0.21021100878715516,0.1820206195116043],"bodySizes":[2.028944969177246,2.9600491523742677,1.3320510387420655],"springs":[],"dumpers":[],"name":6111,"generation":176,"distance":38.18544387817383,"reward":-39.8157958984375},{"angles":[56.12537384033203,20.328895568847658,-8.500062942504883,-1.3922538757324219,21.085538864135743,19.46906089782715,53.80242156982422,-48.34960174560547,-7.043073654174805,-41.313446044921878,-5.213478088378906,35.66242218017578,14.499412536621094,-27.16889762878418,-54.761436462402347,29.29205322265625,-21.486318588256837,6.198984146118164,46.64873504638672,26.734283447265626,-9.495542526245118,-6.5696868896484379,20.62751579284668,58.587928771972659,8.115514755249024,34.14411926269531,-10.63972282409668,-50.21332550048828,-0.8343544006347656,10.208152770996094,-14.940940856933594,-19.648767471313478,-2.8855934143066408,25.563352584838868,9.128900527954102,-5.282655715942383,-10.002227783203125,26.794021606445314,-58.117034912109378,9.04869270324707,-1.6786537170410157,-44.60362243652344,59.923095703125,34.230350494384769,-16.24510955810547,-0.17947769165039063,45.028968811035159,46.353965759277347,27.665632247924806,-0.8054275512695313,39.795166015625,-40.02220916748047,58.16302490234375,-17.72525978088379,-43.94129180908203,-48.33216094970703,46.91373825073242,51.865867614746097,31.066043853759767,-56.65235900878906,-47.771942138671878,-54.80120849609375,-7.625276565551758,-54.57093811035156,6.094358444213867,16.257217407226564,11.508813858032227,54.855224609375,56.76567077636719,30.06477165222168,16.9650936126709,5.584251403808594,36.05376434326172,31.74280548095703,-35.151344299316409,-52.86070251464844,-30.761932373046876,16.499919891357423,-44.285972595214847,-26.10954475402832],"legSizes":[0.10199575871229172,0.11702871322631836,0.31551119685173037,0.43781161308288576,0.3590591847896576,0.15525174140930177,0.29319798946380618,0.23060005903244019,0.11632537841796875,0.121006540954113,0.1283682882785797,0.44069647789001467,0.48713913559913638,0.16757269203662873,0.33257099986076357,0.27360060811042788,0.3372107148170471,0.43557652831077578,0.27603310346603396,0.2195025235414505,0.3816321790218353,0.18579396605491639,0.21021100878715516,0.1820206195116043],"bodySizes":[1.885911464691162,2.7615702152252199,1.5360755920410157],"springs":[],"dumpers":[],"name":6111,"generation":176,"distance":38.18544387817383,"reward":-42.60689163208008}]}