{"geneDatas":[{"angles":[-45.42185974121094,41.83440399169922,14.043767929077149,43.067405700683597,21.877269744873048,57.027313232421878,22.69882583618164,-29.625,39.17448425292969,10.785764694213868,-38.59111022949219,-28.676170349121095,-37.926177978515628,55.59361267089844,-29.877853393554689,-17.881271362304689,17.9169979095459,-12.356094360351563,46.89110565185547,50.35478973388672,-11.986335754394532,7.1162567138671879,32.75111389160156,57.77538299560547,46.84039306640625,16.98265838623047,9.182289123535157,-44.53754425048828,-23.797622680664064,-33.68797302246094,-14.63142204284668,-52.688453674316409,11.640365600585938,57.68170166015625,-52.598876953125,-22.3155574798584,56.69244384765625,0.497711181640625,34.63927459716797,46.795021057128909,-55.424781799316409,56.31627655029297,-33.79265594482422,-52.50091552734375,22.521154403686525,12.693136215209961,10.948883056640625,4.484762191772461,-14.825769424438477,1.234954833984375,54.75291442871094,-28.207260131835939,30.695384979248048,-53.943756103515628,-48.06929016113281,13.100229263305664,44.841552734375,58.39823913574219,-10.148469924926758,-30.281280517578126,-45.09791564941406,-53.650146484375,-37.78577423095703,-1.2216339111328126,-46.91139221191406,-22.89946174621582,-34.84648895263672,29.400915145874025,-2.5835533142089845,-36.3150634765625,36.490928649902347,9.99336051940918,-57.90235900878906,-31.84607696533203,24.23546600341797,0.6211204528808594,-51.46931457519531,59.09050750732422,0.42687225341796877,44.11392593383789],"legSizes":[0.4245072305202484,0.3095618486404419,0.4260755479335785,0.19637246429920197,0.48572874069213869,0.379413366317749,0.16365227103233338,0.2046617865562439,0.46701303124427798,0.3746548593044281,0.4061763286590576,0.3510516583919525,0.10022526234388352,0.4713206887245178,0.39667806029319765,0.37194356322288515,0.2756945788860321,0.38743099570274355,0.3467712700366974,0.19600987434387208,0.14703470468521119,0.38484248518943789,0.44282346963882449,0.41409119963645937],"bodySizes":[2.2363905906677248,1.5221670866012574,2.3500654697418215],"springs":[],"dumpers":[],"name":37613,"generation":1077,"distance":37.86848831176758,"reward":-37.86848831176758},{"angles":[-50.05000305175781,41.83440399169922,-44.248382568359378,-17.15882110595703,21.877269744873048,-0.76318359375,22.69882583618164,-29.625,7.8649444580078129,-6.68464469909668,-22.47271156311035,-20.47260093688965,-13.616559982299805,55.479183197021487,-29.877853393554689,-17.881271362304689,47.12471008300781,-25.482023239135743,46.89110565185547,50.35478973388672,-11.986335754394532,-2.529193878173828,32.75111389160156,57.77538299560547,49.36994171142578,16.6236572265625,9.182289123535157,-44.53754425048828,30.33978843688965,4.65690803527832,50.417449951171878,-52.688453674316409,11.640365600585938,57.68170166015625,-52.598876953125,-22.3155574798584,56.69244384765625,0.497711181640625,34.63927459716797,46.795021057128909,-55.424781799316409,56.31627655029297,-33.79265594482422,-52.50091552734375,38.19873046875,12.693136215209961,10.948883056640625,4.484762191772461,-14.825769424438477,1.234954833984375,54.75291442871094,-28.207260131835939,30.695384979248048,-53.943756103515628,-48.06929016113281,13.100229263305664,44.841552734375,58.39823913574219,-10.148469924926758,-30.281280517578126,-45.09791564941406,-53.650146484375,-37.78577423095703,-1.2216339111328126,-46.91139221191406,-22.89946174621582,-34.84648895263672,29.400915145874025,-2.5835533142089845,-36.3150634765625,36.490928649902347,9.99336051940918,-57.90235900878906,-31.84607696533203,24.23546600341797,0.6211204528808594,-51.46931457519531,59.09050750732422,0.42687225341796877,44.11392593383789],"legSizes":[0.43816709518432619,0.13219791650772096,0.11331277340650559,0.19637246429920197,0.2388489991426468,0.21948659420013429,0.16365227103233338,0.2046617865562439,0.46701303124427798,0.3746548593044281,0.4061763286590576,0.3510516583919525,0.10022526234388352,0.4713206887245178,0.39667806029319765,0.37194356322288515,0.2756945788860321,0.38743099570274355,0.3467712700366974,0.19600987434387208,0.14703470468521119,0.38484248518943789,0.309304416179657,0.41409119963645937],"bodySizes":[2.2363908290863039,1.5221670866012574,2.3500654697418215],"springs":[],"dumpers":[],"name":37613,"generation":1077,"distance":37.86848831176758,"reward":-57.547210693359378},{"angles":[37.448211669921878,41.83440399169922,-23.98443603515625,-17.15882110595703,21.877269744873048,2.791637420654297,1.7318572998046876,6.370660781860352,44.940032958984378,48.47007751464844,36.631893157958987,-52.77653503417969,-48.05140686035156,53.25048828125,-28.809463500976564,-44.30998992919922,17.9169979095459,-12.356094360351563,46.89110565185547,50.35478973388672,-11.986335754394532,7.1162567138671879,32.75111389160156,57.77538299560547,-46.201087951660159,16.98265838623047,9.182289123535157,-44.53754425048828,-23.797622680664064,59.16023254394531,-33.11499786376953,-52.688453674316409,-51.60497283935547,-6.215578079223633,39.69960021972656,-22.3155574798584,56.69244384765625,-24.691965103149415,51.522430419921878,-26.757837295532228,-55.424781799316409,-19.706703186035158,-40.687294006347659,-10.710891723632813,22.521154403686525,12.693136215209961,52.93714904785156,29.98542022705078,-14.825769424438477,-9.300077438354493,54.75291442871094,57.14585876464844,30.695384979248048,-53.943756103515628,-48.06929016113281,13.100229263305664,44.841552734375,-52.038246154785159,-10.148469924926758,-30.281280517578126,-46.23431396484375,-8.801315307617188,-36.23505401611328,26.963394165039064,24.206457138061525,-32.05119323730469,48.132720947265628,18.063467025756837,-2.5835533142089845,16.462881088256837,-51.95869445800781,-19.55814552307129,-57.90235900878906,-10.802757263183594,-7.615692138671875,59.40117645263672,-10.972074508666993,35.30543518066406,0.42687225341796877,-26.416961669921876],"legSizes":[0.43816709518432619,0.3095618486404419,0.4260755479335785,0.19637246429920197,0.2274744212627411,0.38041239976882937,0.28665730357170107,0.32444560527801516,0.12189989537000656,0.4697243571281433,0.20271918177604676,0.25491946935653689,0.44688886404037478,0.386066734790802,0.39667806029319765,0.1521698534488678,0.11333761364221573,0.4381405711174011,0.3467712700366974,0.19600987434387208,0.40889185667037966,0.49530911445617678,0.241857647895813,0.2488948106765747],"bodySizes":[2.236391305923462,1.5221670866012574,2.350064992904663],"springs":[],"dumpers":[],"name":37613,"generation":1077,"distance":37.86848831176758,"reward":-59.08867263793945}]}