{"geneDatas":[{"angles":[34.93759536743164,-58.9110107421875,44.158111572265628,-43.309906005859378,-27.114578247070314,-19.620588302612306,55.95574188232422,-50.786048889160159,-10.323434829711914,-9.415548324584961,35.375587463378909,38.202125549316409,18.488386154174806,22.51114273071289,-20.59613800048828,52.420494079589847,7.995307922363281,-22.44089698791504,-17.405855178833009,-46.75370788574219,24.279081344604493,34.397705078125,-36.45636749267578,-29.20966339111328,-21.215578079223634,-3.1781463623046877,-16.0722599029541,44.01344680786133,11.022727966308594,0.34629058837890627,-21.951433181762697,49.18804931640625,19.477584838867189,58.157745361328128,24.647809982299806,-54.73028564453125,34.31095886230469,-3.7221107482910158,46.072608947753909,53.94989776611328,-52.852638244628909,10.210655212402344,53.558837890625,5.830015182495117,58.389556884765628,47.51236343383789,53.22892761230469,2.3700790405273439,-44.692779541015628,14.652364730834961,-12.891647338867188,0.7715377807617188,40.67951202392578,-9.893037796020508,-56.50031280517578,-52.439186096191409,32.149085998535159,40.439300537109378,16.08136558532715,31.876785278320314,-51.722877502441409,-50.751670837402347,-15.720611572265625,7.00432014465332,-19.709280014038087,-7.5806884765625,-45.98845672607422,8.122037887573243,-9.294197082519532,47.029335021972659,-7.743965148925781,38.33332824707031,30.254226684570314,6.748315811157227,-45.66497039794922,-35.90760040283203,-55.20265197753906,-32.49193572998047,30.664670944213868,45.71107482910156],"legSizes":[0.24277588725090028,0.3031691908836365,0.21779605746269227,0.360015869140625,0.3234180212020874,0.1345166712999344,0.19105371832847596,0.13866586983203889,0.4605129361152649,0.11457176506519318,0.16368156671524049,0.3367956876754761,0.21969369053840638,0.3807767331600189,0.41688913106918337,0.22798998653888703,0.33529356122016909,0.2991988956928253,0.4387724995613098,0.23476436734199525,0.4891125559806824,0.22899973392486573,0.3040503263473511,0.3204095661640167],"bodySizes":[2.2406227588653566,1.5513452291488648,2.3015096187591554],"springs":[],"dumpers":[],"name":30148,"generation":863,"distance":36.49491882324219,"reward":-36.49491882324219},{"angles":[34.93759536743164,-58.9110107421875,44.158111572265628,-43.309906005859378,-27.114578247070314,-19.620588302612306,55.95574188232422,-50.786048889160159,31.886699676513673,-9.415548324584961,35.375587463378909,38.202125549316409,18.488386154174806,22.51114273071289,-20.59613800048828,52.420494079589847,7.995307922363281,-22.44089698791504,-17.405855178833009,-27.511489868164064,24.279081344604493,34.397705078125,-36.45636749267578,-29.20966339111328,-21.215578079223634,-3.1781463623046877,-16.0722599029541,44.01344680786133,11.022727966308594,0.34629058837890627,-21.951433181762697,49.18804931640625,19.477584838867189,58.157745361328128,24.647809982299806,-54.73028564453125,34.31095886230469,-3.7221107482910158,46.072608947753909,53.94989776611328,-52.852638244628909,10.210655212402344,53.558837890625,5.830015182495117,58.389556884765628,47.51236343383789,53.22892761230469,2.3700790405273439,-44.692779541015628,14.652364730834961,-12.891647338867188,0.7715377807617188,40.67951202392578,-9.893037796020508,-56.50031280517578,52.97541809082031,32.149085998535159,40.439300537109378,16.08136558532715,31.876785278320314,-51.722877502441409,-50.751670837402347,-15.720611572265625,7.00432014465332,-19.709280014038087,-7.5806884765625,-45.98845672607422,8.122037887573243,-9.294197082519532,47.029335021972659,-7.743965148925781,38.33332824707031,30.254226684570314,6.748315811157227,-45.66497039794922,-35.90760040283203,-55.20265197753906,-32.49193572998047,30.664670944213868,45.71107482910156],"legSizes":[0.24277588725090028,0.3031691908836365,0.1898258626461029,0.360015869140625,0.30851447582244875,0.1345166712999344,0.19105371832847596,0.13866586983203889,0.4605129361152649,0.11457176506519318,0.16368156671524049,0.4867658019065857,0.21969369053840638,0.3807767331600189,0.41688913106918337,0.22798998653888703,0.33529356122016909,0.2991988956928253,0.4377838671207428,0.23476436734199525,0.4891125559806824,0.22899973392486573,0.3040503263473511,0.3204095661640167],"bodySizes":[2.2406227588653566,1.5513452291488648,2.3015096187591554],"springs":[],"dumpers":[],"name":30148,"generation":863,"distance":36.49491882324219,"reward":-38.97779846191406},{"angles":[-40.00257873535156,38.462276458740237,38.02305221557617,35.517555236816409,-8.783147811889649,-26.781869888305665,31.119115829467775,-0.6543235778808594,26.93524169921875,14.199106216430664,8.064958572387696,45.39829635620117,-12.200210571289063,-33.780242919921878,-8.226806640625,52.420494079589847,7.995307922363281,-29.673377990722658,44.82881164550781,-5.905586242675781,-12.061105728149414,19.768095016479493,-28.111289978027345,-11.110977172851563,-8.602043151855469,-17.716650009155275,-8.094154357910157,-37.83338165283203,-4.133085250854492,-22.66597557067871,-21.951433181762697,35.09272003173828,-10.639808654785157,-21.454301834106447,-15.129510879516602,-16.03937530517578,34.31095886230469,-58.90545654296875,54.91383361816406,-14.236442565917969,-52.852638244628909,51.04492950439453,-41.95745849609375,-7.281126022338867,59.65434265136719,21.641090393066408,53.22892761230469,42.56018829345703,-44.692779541015628,14.652364730834961,-15.812582015991211,19.85456657409668,40.67951202392578,34.98772048950195,-54.55506896972656,4.945915222167969,24.60505485534668,-38.272377014160159,-55.24320983886719,7.532066345214844,-51.722877502441409,-50.751670837402347,55.05223083496094,50.18614959716797,-19.709280014038087,22.831205368041993,-2.7891769409179689,8.122037887573243,-9.294197082519532,-10.530502319335938,59.46949768066406,-17.18219566345215,30.254226684570314,-10.018707275390625,42.644622802734378,-7.417081832885742,-55.20265197753906,13.800622940063477,-27.530187606811525,-46.10050964355469],"legSizes":[0.1497122347354889,0.1231200248003006,0.4875507950782776,0.11228356510400772,0.4188310205936432,0.2498604953289032,0.31288978457450869,0.13866586983203889,0.4605129361152649,0.1192963644862175,0.2186489850282669,0.37542644143104555,0.22751963138580323,0.49117064476013186,0.41688913106918337,0.22798998653888703,0.28273847699165347,0.3395736813545227,0.13132424652576447,0.29577139019966128,0.4891125559806824,0.3502974510192871,0.3040503263473511,0.17548194527626038],"bodySizes":[2.225977659225464,1.5552634000778199,2.3108153343200685],"springs":[],"dumpers":[],"name":30148,"generation":863,"distance":36.49491882324219,"reward":-41.79180908203125}]}