{"geneDatas":[{"angles":[56.12537384033203,19.772613525390626,2.4297866821289064,-11.747053146362305,-49.40052795410156,-58.58757019042969,33.7623291015625,-48.34960174560547,-35.85943603515625,-28.842079162597658,-37.5687255859375,-13.309671401977539,-48.05846405029297,-27.16889762878418,-54.761436462402347,17.02166748046875,42.98857116699219,-11.153091430664063,46.64873504638672,32.08830261230469,-49.671417236328128,6.3953094482421879,22.614011764526368,58.587928771972659,26.89327049255371,-38.23588562011719,36.42414093017578,-50.21332550048828,8.623672485351563,-31.56633758544922,11.076814651489258,-19.648767471313478,-15.793525695800782,-46.07279968261719,28.36005973815918,25.890195846557618,-47.11249542236328,-56.83409118652344,57.84686279296875,17.199493408203126,-1.6786537170410157,-0.844451904296875,32.318214416503909,34.230350494384769,-20.391403198242189,-44.77722930908203,45.028968811035159,46.353965759277347,3.751667022705078,34.835357666015628,49.93529510498047,-17.845766067504884,43.27928161621094,40.17375183105469,-43.94129180908203,-31.951032638549806,46.91373825073242,36.645225524902347,-9.164863586425782,14.254669189453125,-47.966339111328128,-43.43016815185547,58.9244384765625,-35.756980895996097,31.404373168945314,31.80178451538086,-37.87572479248047,-53.33387756347656,56.4124755859375,-29.67865753173828,-4.202178955078125,12.331174850463868,-28.24541473388672,5.255332946777344,57.83436584472656,-22.3369140625,-5.425849914550781,20.923316955566408,12.965103149414063,-59.264686584472659],"legSizes":[0.23699772357940675,0.23438018560409547,0.27973657846450808,0.4602406919002533,0.10535688698291779,0.2574378252029419,0.42485833168029787,0.13143134117126466,0.10184212028980255,0.3074408173561096,0.39586639404296877,0.3522767126560211,0.3120904564857483,0.18498626351356507,0.3795122504234314,0.20369240641593934,0.17115816473960877,0.33582308888435366,0.4018142819404602,0.26698148250579836,0.48389729857444765,0.31884199380874636,0.2925085425376892,0.41235512495040896],"bodySizes":[2.057274341583252,1.8541969060897828,2.097209930419922],"springs":[],"dumpers":[],"name":8054,"generation":229,"distance":63.159385681152347,"reward":-63.159385681152347},{"angles":[56.12537384033203,19.772613525390626,37.68669891357422,-53.561622619628909,-23.60530662536621,-58.58757019042969,33.7623291015625,-48.34960174560547,28.835491180419923,-41.313446044921878,-37.5687255859375,-13.309671401977539,52.71406173706055,-27.16889762878418,-54.761436462402347,-58.92072296142578,-10.534120559692383,-11.153091430664063,46.64873504638672,32.08830261230469,-49.671417236328128,-59.68251037597656,22.614011764526368,58.587928771972659,26.89327049255371,-54.377845764160159,14.274436950683594,-43.535011291503909,30.257619857788087,-31.56633758544922,-24.587594985961915,-19.648767471313478,-15.793525695800782,-46.07279968261719,17.407894134521486,25.890195846557618,-10.002227783203125,-38.23845672607422,-15.352998733520508,-33.39384460449219,-1.6786537170410157,-44.60362243652344,59.923095703125,-22.49515724182129,-10.218910217285157,48.93882751464844,45.028968811035159,41.25513458251953,42.334815979003909,58.052757263183597,7.445463180541992,-51.06085205078125,5.901153564453125,20.521574020385743,-43.94129180908203,-31.951032638549806,46.91373825073242,36.645225524902347,-39.98255157470703,7.4813385009765629,-58.37781524658203,-30.838035583496095,-37.570396423339847,-21.172422409057618,17.747665405273439,-14.88134765625,7.830726623535156,13.121618270874024,57.50883483886719,-38.11592102050781,-19.91131019592285,40.363128662109378,-28.24541473388672,-46.263031005859378,45.41383361816406,49.42778778076172,10.467630386352539,57.684600830078128,-22.3308048248291,26.481555938720704],"legSizes":[0.3111548125743866,0.3090605139732361,0.27973657846450808,0.4602406919002533,0.3590591847896576,0.2574378252029419,0.4257766604423523,0.4992334246635437,0.12750931084156037,0.16021761298179627,0.24114659428596497,0.24370987713336945,0.4622932970523834,0.25390055775642397,0.13813766837120057,0.19268879294395448,0.1258840560913086,0.33582308888435366,0.4627656936645508,0.26698148250579836,0.4503098130226135,0.2422368824481964,0.2925085425376892,0.3209259808063507],"bodySizes":[1.790869951248169,1.9367929697036744,2.306442975997925],"springs":[],"dumpers":[],"name":8054,"generation":229,"distance":63.159385681152347,"reward":-75.14241790771485},{"angles":[56.12537384033203,19.772613525390626,37.68669891357422,-30.21343231201172,57.34459686279297,-42.54301452636719,-3.726318359375,-3.47039794921875,-6.726099014282227,-10.656829833984375,5.3337554931640629,51.49618148803711,48.329986572265628,-27.16889762878418,-54.761436462402347,22.112401962280275,-10.534120559692383,-11.153091430664063,46.64873504638672,32.08830261230469,-49.671417236328128,-59.68251037597656,-3.453105926513672,-56.853187561035159,26.89327049255371,34.14411926269531,14.274436950683594,-50.21332550048828,30.257619857788087,-31.56633758544922,-24.587594985961915,-19.648767471313478,-15.793525695800782,-46.07279968261719,28.36005973815918,25.890195846557618,-47.11249542236328,-44.087379455566409,-45.97222900390625,17.199493408203126,-1.6786537170410157,-11.961286544799805,32.318214416503909,34.230350494384769,-20.391403198242189,23.277210235595704,45.028968811035159,46.353965759277347,3.751667022705078,58.052757263183597,49.93529510498047,-51.06085205078125,43.27928161621094,40.17375183105469,-43.94129180908203,-30.319976806640626,-35.448822021484378,36.645225524902347,-20.43849754333496,51.68732452392578,-21.324012756347658,-43.43016815185547,31.084609985351564,-35.756980895996097,-15.32537841796875,-0.13293075561523438,42.1529541015625,14.224655151367188,-32.46229553222656,5.123342514038086,-48.35746765136719,40.190093994140628,-28.24541473388672,10.603574752807618,13.794715881347657,22.202194213867189,-5.425849914550781,-6.868566513061523,12.965103149414063,5.949462890625],"legSizes":[0.13152141869068147,0.46570634841918948,0.27973657846450808,0.3291400671005249,0.3590591847896576,0.3674783706665039,0.30048343539237978,0.13143134117126466,0.256591260433197,0.23127511143684388,0.24114659428596497,0.41508984565734866,0.4798307418823242,0.4286414682865143,0.3795122504234314,0.13352537155151368,0.3449145555496216,0.33582308888435366,0.14832186698913575,0.26698148250579836,0.48389729857444765,0.31884199380874636,0.2925085425376892,0.33752191066741946],"bodySizes":[2.0227744579315187,1.823102355003357,2.169358730316162],"springs":[],"dumpers":[],"name":8054,"generation":229,"distance":63.159385681152347,"reward":-77.32835388183594}]}