{"geneDatas":[{"angles":[-65.89097595214844,75.89576721191406,45.434288024902347,78.28639221191406,6.371971130371094,-13.328315734863282,16.362945556640626,32.9214973449707,42.58518981933594,52.591766357421878,-42.62915802001953,-62.85606384277344,53.88133239746094,-51.699615478515628,-47.988948822021487,77.86337280273438,15.54397964477539,-30.609224319458009,-23.475608825683595,-53.089744567871097,-50.42163848876953,29.117801666259767,-7.688232421875,46.69152069091797,-37.34527587890625,-32.61720275878906,-19.462890625,-27.716543197631837,-48.5289306640625,-69.11209106445313,22.565292358398439,85.02815246582031,71.07881164550781,-6.830482482910156,81.76828002929688,19.885543823242189,-68.1033935546875,-42.49943542480469,-79.43568420410156,2.4141464233398439,-59.894073486328128,-84.30027770996094,31.570499420166017,9.901376724243164,-55.77977752685547,-42.41069030761719,58.903926849365237,89.8052978515625,74.1439208984375,25.162466049194337,44.31175231933594,-39.182579040527347,-51.226600646972659,12.671363830566407,-5.36619758605957,-62.93436813354492,-34.191253662109378,9.570772171020508,-13.869489669799805,7.984479904174805,39.78966522216797,-57.364295959472659,-40.68629455566406,-53.89643859863281,26.20052146911621,-3.176471710205078,-14.225412368774414,-80.3167724609375,-0.918182373046875,11.920989990234375,28.577926635742189,-41.55949020385742,-31.151891708374025,-51.920372009277347,-6.429542541503906,5.7489166259765629,-59.58113098144531,-17.989347457885743,19.511388778686525,11.221389770507813],"legSizes":[0.37909945845603945,0.4362107217311859,0.25,0.4018171727657318,0.3666214048862457,0.3178977370262146,0.21533247828483582,0.24999994039535523,0.17197275161743165,0.25,0.151258185505867,0.25,0.24999994039535523,0.36927762627601626,0.25,0.25,0.25,0.25,0.36370593309402468,0.34738314151763918,0.2904112935066223,0.24180009961128236,0.3247525990009308,0.43723195791244509],"bodySizes":[1.8751415014266968,2.1942458152770998,1.9443328380584717],"springs":[],"dumpers":[],"name":634,"generation":17,"distance":88.82974243164063,"reward":-88.82974243164063},{"angles":[-65.89097595214844,75.89576721191406,69.19522094726563,78.28639221191406,6.371971130371094,52.384613037109378,16.362945556640626,32.9214973449707,42.58518981933594,-87.94686889648438,35.562034606933597,-62.85606384277344,-18.803621292114259,-51.699615478515628,-47.988948822021487,77.86337280273438,22.226957321166993,11.50398063659668,-23.475608825683595,-53.089744567871097,-29.65985679626465,-17.991432189941408,23.922061920166017,46.69152069091797,-37.34527587890625,49.75559616088867,53.09461975097656,38.455291748046878,-59.054161071777347,-69.11209106445313,22.565292358398439,22.66480827331543,71.07881164550781,-6.830482482910156,81.76828002929688,19.885543823242189,-68.1033935546875,-42.49943542480469,-79.43568420410156,2.4141464233398439,-59.894073486328128,-84.30027770996094,31.570499420166017,9.901376724243164,-65.18437194824219,-42.41069030761719,58.903926849365237,89.8052978515625,74.1439208984375,25.162466049194337,-56.399688720703128,-39.182579040527347,-51.226600646972659,12.671363830566407,45.04878234863281,-62.93436813354492,-34.191253662109378,30.79969596862793,-22.534040451049806,7.984479904174805,-35.2215576171875,-57.364295959472659,-40.68629455566406,-53.89643859863281,26.20052146911621,-3.176471710205078,-14.225412368774414,-80.3167724609375,-0.918182373046875,11.920989990234375,28.577926635742189,-41.55949020385742,-31.151891708374025,-51.920372009277347,-6.429542541503906,5.7489166259765629,-59.58113098144531,32.94062805175781,19.511388778686525,11.221389770507813],"legSizes":[0.37909945845603945,0.4362107217311859,0.19018253684043885,0.481751024723053,0.3666214048862457,0.4523029923439026,0.462813138961792,0.24999994039535523,0.17197275161743165,0.25,0.14200320839881898,0.25,0.186469167470932,0.29694217443466189,0.25,0.14970651268959046,0.25,0.25,0.36370593309402468,0.34738314151763918,0.2904112935066223,0.24180009961128236,0.3247525990009308,0.43723195791244509],"bodySizes":[1.9347279071807862,2.16758394241333,1.907630205154419],"springs":[],"dumpers":[],"name":634,"generation":17,"distance":88.82974243164063,"reward":-93.48635864257813},{"angles":[52.74394226074219,-71.38362121582031,14.837516784667969,-37.21739959716797,-68.79164123535156,-20.405853271484376,16.362945556640626,32.9214973449707,42.58518981933594,-87.94686889648438,-42.62915802001953,-62.85606384277344,-35.60285949707031,-51.699615478515628,-47.988948822021487,77.86337280273438,15.54397964477539,-30.609224319458009,7.778013229370117,-53.089744567871097,-50.42163848876953,-33.822113037109378,-7.688232421875,46.69152069091797,-37.34527587890625,57.28992462158203,-19.462890625,9.654014587402344,-48.5289306640625,-69.11209106445313,22.565292358398439,85.02815246582031,71.07881164550781,-6.830482482910156,81.76828002929688,19.885543823242189,-68.1033935546875,-42.49943542480469,-79.43568420410156,2.4141464233398439,-59.894073486328128,-84.30027770996094,31.570499420166017,9.901376724243164,-65.18437194824219,-42.41069030761719,58.903926849365237,89.8052978515625,3.2989654541015627,39.29957580566406,-56.399688720703128,12.325897216796875,-51.226600646972659,2.4140968322753908,-55.641815185546878,-62.93436813354492,47.00433349609375,30.79969596862793,-29.383071899414064,17.689674377441408,-12.170440673828125,-34.71916961669922,-82.75260925292969,-14.329797744750977,26.20052146911621,30.721609115600587,-27.57539176940918,39.36042022705078,-0.918182373046875,45.54764175415039,28.577926635742189,2.1135292053222658,-25.13922882080078,-51.920372009277347,-6.429542541503906,40.70903778076172,-59.58113098144531,-86.36546325683594,-25.41438865661621,24.175472259521486],"legSizes":[0.24999994039535523,0.19497747719287873,0.25,0.43587779998779299,0.3666214048862457,0.1170847937464714,0.2806047201156616,0.24999994039535523,0.44890013337135317,0.25,0.25,0.25,0.1310519278049469,0.41933685541152956,0.25,0.3521381914615631,0.25,0.23205888271331788,0.4359230101108551,0.24999994039535523,0.4525528848171234,0.27478253841400149,0.18344707787036897,0.25],"bodySizes":[1.954271912574768,2.124293327331543,1.9270391464233399],"springs":[],"dumpers":[],"name":634,"generation":17,"distance":88.82974243164063,"reward":-103.19979858398438}]}