{"geneDatas":[{"angles":[-24.52971649169922,3.921253204345703,-31.02838134765625,26.461227416992189,-6.026008605957031,-3.1220703125,-1.7729835510253907,48.506168365478519,59.098960876464847,-36.31470489501953,-15.261734008789063,-50.604026794433597,33.419334411621097,-38.03498077392578,-9.500593185424805,-45.7447509765625,-17.506906509399415,22.33458709716797,35.326438903808597,-20.94585609436035,35.27024841308594,-57.44902801513672,-30.08841896057129,36.998504638671878,32.4549560546875,45.42534637451172,5.576469421386719,13.631980895996094,26.151893615722658,41.22505187988281,50.377891540527347,20.1273250579834,-23.21201515197754,-47.549827575683597,17.174217224121095,-44.870323181152347,-14.089286804199219,-8.464385986328125,40.710166931152347,44.30089569091797,-18.106033325195314,5.072900772094727,50.645301818847659,46.71018981933594,55.87090301513672,-46.979339599609378,41.781089782714847,7.459295272827148,49.66515350341797,40.46796798706055,59.725181579589847,-33.89311218261719,-17.503686904907228,-30.15412139892578,-35.96746826171875,18.938840866088868,2.7221832275390627,49.06780242919922,1.8222198486328126,32.96333312988281,6.44502067565918,41.01752471923828,-15.442108154296875,59.575340270996097,23.23060417175293,55.37042236328125,-20.83374786376953,32.5911979675293,-55.46235656738281,-6.4266510009765629,49.11865997314453,7.67707633972168,-22.165252685546876,19.58514404296875,59.94586944580078,53.724090576171878,-21.472829818725587,3.316204071044922,-41.725555419921878,29.563663482666017],"legSizes":[0.2114134579896927,0.39145293831825259,0.22200819849967957,0.22578927874565125,0.25128796696662905,0.12521061301231385,0.4085448682308197,0.3204442262649536,0.4668944776058197,0.11706443130970001,0.45615020394325259,0.39986294507980349,0.4563688337802887,0.3775385916233063,0.4998663067817688,0.17558255791664124,0.2082359492778778,0.4096871018409729,0.4482831060886383,0.10998096317052841,0.4541720449924469,0.29626768827438357,0.119742251932621,0.4354494512081146],"bodySizes":[2.1120715141296388,1.5495965480804444,2.4443461894989015],"springs":[],"dumpers":[],"name":3341,"generation":95,"distance":87.76886749267578,"reward":-87.76886749267578},{"angles":[-24.52971649169922,-45.205848693847659,-31.02838134765625,25.613821029663087,-2.6048126220703127,30.036331176757814,-59.74320983886719,48.506168365478519,-0.4293327331542969,-36.31470489501953,-15.261734008789063,-28.778406143188478,-32.51482391357422,7.670265197753906,38.22063446044922,56.10036849975586,30.582273483276368,-16.083833694458009,35.326438903808597,0.15560531616210938,-10.232955932617188,-57.44902801513672,-4.356170654296875,40.77763366699219,-53.0736083984375,45.42534637451172,18.840391159057618,13.631980895996094,26.151893615722658,34.63419723510742,57.713111877441409,47.41448974609375,-23.21201515197754,-47.549827575683597,-2.3307266235351564,35.24937438964844,-24.979942321777345,40.6407470703125,40.710166931152347,57.30497360229492,-18.106033325195314,-39.867698669433597,13.795143127441407,-19.685590744018556,-18.992591857910158,-23.041940689086915,41.781089782714847,52.854095458984378,49.66515350341797,39.73676300048828,-3.1009140014648439,3.850299835205078,-51.226600646972659,3.030475616455078,-25.80437469482422,52.86186218261719,12.304651260375977,-44.966468811035159,-33.322265625,46.81712341308594,45.68754577636719,-17.524215698242189,0.8779106140136719,4.026954650878906,-3.326618194580078,40.27976989746094,-15.752357482910157,-37.35859680175781,-7.83561897277832,-10.084814071655274,30.43320083618164,13.81126594543457,-29.356779098510743,11.899017333984375,59.94586944580078,10.929758071899414,43.969688415527347,39.729896545410159,-6.463800430297852,26.2650203704834],"legSizes":[0.2114134579896927,0.3922291696071625,0.3236265480518341,0.22578927874565125,0.25128796696662905,0.12521061301231385,0.38331905007362368,0.2840701937675476,0.23707887530326844,0.41643086075782778,0.2281503975391388,0.39986294507980349,0.4941411018371582,0.47224679589271548,0.4555514454841614,0.3936012387275696,0.30332085490226748,0.4438491761684418,0.37047821283340456,0.20693786442279817,0.36365145444869997,0.42363715171813967,0.46026721596717837,0.4808986783027649],"bodySizes":[2.0880932807922365,1.5845719575881959,2.4178428649902345],"springs":[],"dumpers":[],"name":3341,"generation":95,"distance":87.76886749267578,"reward":-107.95649719238281},{"angles":[36.15488815307617,-7.948186874389648,-13.769838333129883,-44.41254425048828,-2.6048126220703127,30.036331176757814,-59.74320983886719,-16.975988388061525,-0.4293327331542969,-36.31470489501953,-15.261734008789063,-28.778406143188478,-32.51482391357422,-40.15882110595703,38.22063446044922,-45.7447509765625,30.582273483276368,-16.083833694458009,35.326438903808597,0.15560531616210938,-10.232955932617188,-57.44902801513672,-4.356170654296875,40.77763366699219,-53.0736083984375,45.42534637451172,18.840391159057618,13.631980895996094,26.151893615722658,34.63419723510742,57.713111877441409,47.41448974609375,-23.21201515197754,-47.549827575683597,-31.162521362304689,-40.28346252441406,-24.979942321777345,40.6407470703125,40.710166931152347,57.30497360229492,-18.106033325195314,-39.867698669433597,13.795143127441407,-19.685590744018556,-18.992591857910158,-23.041940689086915,41.781089782714847,52.854095458984378,49.66515350341797,39.73676300048828,-3.1009140014648439,3.850299835205078,-51.226600646972659,24.939964294433595,36.98734664916992,52.86186218261719,12.304651260375977,-44.966468811035159,-33.322265625,46.81712341308594,45.68754577636719,-17.524215698242189,0.8779106140136719,4.026954650878906,-3.326618194580078,40.27976989746094,49.664093017578128,-37.35859680175781,-7.83561897277832,-10.084814071655274,30.43320083618164,13.81126594543457,-29.356779098510743,11.899017333984375,59.94586944580078,10.929758071899414,-10.318170547485352,39.729896545410159,-6.463800430297852,26.2650203704834],"legSizes":[0.4239807724952698,0.39145293831825259,0.22200819849967957,0.22578927874565125,0.25128796696662905,0.39479026198387148,0.4085448682308197,0.3204442262649536,0.2700710594654083,0.11706443130970001,0.45615020394325259,0.39986294507980349,0.4563688337802887,0.3775385916233063,0.4998663067817688,0.17558255791664124,0.2082359492778778,0.4096871018409729,0.4482831060886383,0.10998096317052841,0.4541720449924469,0.42363715171813967,0.46026721596717837,0.4808986783027649],"bodySizes":[2.0880932807922365,1.5845719575881959,2.4178428649902345],"springs":[],"dumpers":[],"name":3341,"generation":95,"distance":87.76886749267578,"reward":-111.00053405761719}]}