{"geneDatas":[{"angles":[-31.23723602294922,-9.70172119140625,-18.532026290893556,54.925575256347659,-39.161842346191409,12.09807014465332,-9.7117919921875,39.14923858642578,59.098960876464847,54.17857360839844,-11.777151107788086,19.118757247924806,57.527549743652347,-38.03498077392578,-11.998008728027344,-20.6916561126709,2.416942596435547,-43.377586364746097,35.326438903808597,-14.193357467651368,-43.7520751953125,-57.44902801513672,-30.08841896057129,41.21405029296875,-44.227294921875,-24.21082878112793,13.597518920898438,35.660118103027347,38.4239501953125,-22.895112991333009,-16.51102638244629,-53.33518981933594,-57.60197448730469,-19.359689712524415,-2.3307266235351564,11.412757873535157,-54.80335235595703,40.6407470703125,43.71229553222656,-27.001710891723634,30.197921752929689,-57.13745880126953,-48.86254119873047,9.802286148071289,40.12367248535156,-36.43195343017578,-56.62909698486328,27.93342399597168,-44.79054260253906,-37.89488220214844,-44.14185333251953,-33.834228515625,59.050758361816409,-49.557395935058597,-10.364721298217774,11.31254768371582,-27.05907440185547,-5.082143783569336,-58.385406494140628,-2.3863296508789064,-51.12397766113281,38.48676681518555,10.918516159057618,46.87665939331055,46.915122985839847,11.585275650024414,14.35693359375,9.914581298828125,-7.83561897277832,-5.463630676269531,30.150314331054689,-48.759056091308597,-29.356779098510743,-19.48387336730957,-38.267425537109378,6.501237869262695,-43.36027526855469,-6.8610992431640629,28.063472747802736,-7.86225700378418],"legSizes":[0.2956433594226837,0.44291362166404726,0.4715734124183655,0.4338950514793396,0.2432672679424286,0.12521061301231385,0.369229793548584,0.20142681896686555,0.3965611457824707,0.3349904417991638,0.4324910640716553,0.22175009548664094,0.18952913582324983,0.47224679589271548,0.3720380663871765,0.46267169713974,0.22900035977363587,0.3473813831806183,0.2518790066242218,0.20693786442279817,0.23513424396514893,0.10140170902013779,0.3699862062931061,0.36848407983779909],"bodySizes":[2.0334181785583498,1.605254054069519,2.4508659839630129],"springs":[],"dumpers":[],"name":4516,"generation":128,"distance":63.8070182800293,"reward":-63.8070182800293},{"angles":[-8.379844665527344,3.921253204345703,-31.02838134765625,-25.282508850097658,-45.49585723876953,-24.96247673034668,27.465316772460939,48.506168365478519,-31.42217254638672,-58.955841064453128,55.65692138671875,-36.249916076660159,-31.935081481933595,-38.03498077392578,-11.998008728027344,38.097412109375,2.416942596435547,50.25694274902344,40.80366516113281,-3.34130859375,33.760154724121097,-57.44902801513672,-30.08841896057129,-17.58321189880371,56.91793441772461,45.42534637451172,51.22123718261719,35.660118103027347,38.4239501953125,-22.895112991333009,42.0810546875,-53.33518981933594,-43.5081787109375,-19.359689712524415,-2.3307266235351564,11.412757873535157,-54.80335235595703,40.6407470703125,40.710166931152347,-27.001710891723634,30.197921752929689,-57.13745880126953,0.5325584411621094,9.802286148071289,55.87090301513672,-16.47216033935547,-19.17900276184082,-47.666717529296878,-39.56111145019531,-33.69648742675781,-31.362260818481447,-57.286033630371097,36.555877685546878,-56.73583221435547,-38.88526153564453,42.562408447265628,-13.578750610351563,49.06780242919922,19.65735626220703,-16.10899543762207,6.524169921875,41.01752471923828,-44.576995849609378,46.87665939331055,23.23060417175293,-12.240449905395508,-22.428068161010743,22.74195671081543,-1.5937385559082032,-53.4217529296875,31.634544372558595,-10.383544921875,-38.95179748535156,-19.48387336730957,55.146873474121097,-53.11181640625,-43.36027526855469,-19.767000198364259,-59.24597930908203,25.85394859313965],"legSizes":[0.43945327401161196,0.28457820415496828,0.44196048378944399,0.4338950514793396,0.25128796696662905,0.12521061301231385,0.369229793548584,0.20142681896686555,0.3965611457824707,0.452766090631485,0.29902535676956179,0.22175009548664094,0.18952913582324983,0.28463995456695559,0.4555514454841614,0.46267169713974,0.22900035977363587,0.3473813831806183,0.2518790066242218,0.20693786442279817,0.16334515810012818,0.10140170902013779,0.17561741173267365,0.36521854996681216],"bodySizes":[2.077840805053711,1.5825300216674805,2.432908296585083],"springs":[],"dumpers":[],"name":4516,"generation":128,"distance":63.8070182800293,"reward":-96.1761474609375},{"angles":[-31.23723602294922,-9.70172119140625,-9.624458312988282,54.925575256347659,-39.161842346191409,12.09807014465332,-9.7117919921875,-36.122314453125,59.098960876464847,54.17857360839844,-24.092437744140626,19.118757247924806,57.527549743652347,-38.03498077392578,-11.998008728027344,-20.6916561126709,2.416942596435547,-43.377586364746097,35.326438903808597,-14.193357467651368,-43.7520751953125,-57.44902801513672,-30.08841896057129,-28.43946075439453,-44.227294921875,-41.44507598876953,13.597518920898438,35.660118103027347,38.4239501953125,-22.895112991333009,42.0810546875,-53.33518981933594,-57.60197448730469,-19.359689712524415,-2.3307266235351564,11.412757873535157,-54.80335235595703,-11.59919548034668,40.710166931152347,-27.001710891723634,30.197921752929689,-57.13745880126953,44.522823333740237,31.968053817749025,55.87090301513672,-16.47216033935547,-19.17900276184082,-47.666717529296878,-39.56111145019531,-33.69648742675781,-31.362260818481447,-57.286033630371097,36.555877685546878,-56.73583221435547,-28.287099838256837,42.562408447265628,-13.578750610351563,49.06780242919922,19.65735626220703,-16.10899543762207,6.524169921875,41.01752471923828,-44.576995849609378,46.87665939331055,23.23060417175293,-12.240449905395508,-22.428068161010743,-7.908262252807617,-1.5937385559082032,-53.4217529296875,31.634544372558595,-10.383544921875,-38.95179748535156,-19.48387336730957,55.146873474121097,53.364356994628909,-43.36027526855469,-19.767000198364259,-59.24597930908203,25.85394859313965],"legSizes":[0.2956433594226837,0.44291362166404726,0.16333898901939393,0.27286532521247866,0.2871614098548889,0.1968734860420227,0.3737002909183502,0.26907652616500857,0.45397329330444338,0.16675563156604768,0.26413676142692568,0.22175009548664094,0.4044575095176697,0.28463995456695559,0.4555514454841614,0.46267169713974,0.22900035977363587,0.3473813831806183,0.2518790066242218,0.20693786442279817,0.16334515810012818,0.10140170902013779,0.17561741173267365,0.36521854996681216],"bodySizes":[2.0525331497192385,1.5922563076019288,2.4478611946105959],"springs":[],"dumpers":[],"name":4516,"generation":128,"distance":63.8070182800293,"reward":-100.19349670410156}]}