{"geneDatas":[{"angles":[13.550683975219727,2.5163917541503908,-22.228052139282228,7.978555679321289,-36.006744384765628,-56.69610595703125,-8.419441223144532,-37.76142883300781,35.84981918334961,6.907676696777344,-32.45863342285156,17.260305404663087,-29.429489135742189,36.888084411621097,-18.98478126525879,23.11988067626953,58.67768096923828,-5.610403060913086,-16.202293395996095,52.84278106689453,53.76943588256836,54.05131530761719,-58.049713134765628,6.107519149780273,24.400588989257814,42.41886901855469,46.54833984375,-38.44227600097656,-4.1419677734375,-35.216888427734378,-11.549812316894532,27.896743774414064,15.298389434814454,-10.548027038574219,51.79376983642578,-29.309959411621095,27.9909725189209,21.023008346557618,14.41261100769043,-48.7802734375,10.97962760925293,-25.802513122558595,-36.94764709472656,56.387672424316409,-28.439048767089845,-59.53123474121094,44.36323547363281,-49.90013122558594,-53.69391632080078,-30.983118057250978,50.44505310058594,-35.618194580078128,-20.64446258544922,-24.673370361328126,38.676063537597659,-52.87108612060547,57.17316436767578,-22.14306640625,-50.23469543457031,-35.17500305175781,-39.11394500732422,19.41957664489746,20.409391403198243,-33.840667724609378,21.439071655273439,58.17399597167969,38.406646728515628,37.16820526123047,-14.276426315307618,-48.79400634765625,25.835180282592775,-19.3321533203125,59.36077880859375,6.148017883300781,12.10389518737793,-28.78662109375,68.96055603027344,2.045623779296875,39.123313903808597,25.114774703979493],"legSizes":[0.4858645498752594,0.4335693418979645,0.33179327845573428,0.3792940080165863,0.4696269631385803,0.19392609596252442,0.3024495244026184,0.2086462378501892,0.2703748047351837,0.22255714237689973,0.34618061780929568,0.28848502039909365,0.2047390639781952,0.46199703216552737,0.4562300741672516,0.1595468521118164,0.4142987132072449,0.4652453362941742,0.12208213657140732,0.1108175739645958,0.24076926708221436,0.1989630162715912,0.21791264414787293,0.280700147151947],"bodySizes":[2.0977072715759279,1.6986769437789918,2.2450931072235109],"springs":[],"dumpers":[],"name":4565,"generation":131,"distance":41.089683532714847,"reward":-41.089683532714847},{"angles":[13.550683975219727,-14.770483016967774,-42.04114532470703,52.30268859863281,-37.21708679199219,48.25530242919922,34.79615783691406,54.10102844238281,-10.793830871582032,-6.880037307739258,41.476478576660159,-41.294647216796878,12.308755874633789,-36.061805725097659,-18.98478126525879,23.11988067626953,-19.531824111938478,-44.36084747314453,7.296586990356445,1.8965225219726563,32.15791320800781,-12.857757568359375,-53.88896942138672,33.584503173828128,24.400588989257814,-59.501609802246097,23.656166076660158,-38.44227600097656,-32.491737365722659,-21.71826171875,30.28840446472168,-31.832841873168947,52.572383880615237,37.74473190307617,-50.364959716796878,58.911964416503909,-48.06525421142578,-57.96894836425781,58.43052673339844,32.11634063720703,23.254562377929689,-18.147188186645509,-36.94764709472656,56.387672424316409,-28.439048767089845,-43.94084930419922,44.36323547363281,28.513023376464845,-53.69391632080078,-15.789705276489258,50.44505310058594,-28.18492889404297,25.588817596435548,58.404762268066409,38.676063537597659,-34.44944763183594,57.17316436767578,-22.14306640625,-2.1067771911621095,-38.58369445800781,-39.11394500732422,19.41957664489746,20.409391403198243,14.057487487792969,21.439071655273439,32.212284088134769,29.750659942626954,15.035261154174805,27.090253829956056,-48.79400634765625,-47.073944091796878,12.742944717407227,-43.23561096191406,27.667951583862306,47.84874725341797,-9.736124038696289,68.96055603027344,2.045623779296875,54.974082946777347,23.36920738220215],"legSizes":[0.13927850127220155,0.4335693418979645,0.497774213552475,0.21819698810577393,0.4579032063484192,0.3179064989089966,0.13950029015541078,0.2086462378501892,0.2703748047351837,0.22255714237689973,0.34618061780929568,0.28848502039909365,0.18004855513572694,0.46199703216552737,0.4562300741672516,0.1595468521118164,0.4142987132072449,0.32753026485443118,0.35394230484962466,0.1108175739645958,0.24076926708221436,0.47829169034957888,0.21791264414787293,0.360299289226532],"bodySizes":[1.9850752353668213,1.8488872051239014,2.1797292232513429],"springs":[],"dumpers":[],"name":4565,"generation":131,"distance":41.089683532714847,"reward":-41.65644454956055},{"angles":[13.550683975219727,2.5163917541503908,-42.04114532470703,-51.629188537597659,-16.901901245117189,34.104248046875,34.79615783691406,29.793731689453126,58.25237274169922,-1.3908805847167969,41.476478576660159,-39.331138610839847,12.308755874633789,-36.061805725097659,48.31355285644531,20.975873947143556,-22.161977767944337,24.710783004760743,28.21204376220703,18.2625789642334,17.584630966186525,39.51182556152344,-48.10774230957031,33.584503173828128,24.400588989257814,-59.501609802246097,23.656166076660158,-38.44227600097656,-34.009437561035159,-21.71826171875,30.28840446472168,-31.832841873168947,52.572383880615237,-10.864013671875,-13.327295303344727,9.098518371582032,-48.06525421142578,-21.657508850097658,58.43052673339844,11.756780624389649,23.254562377929689,-25.802513122558595,-36.94764709472656,56.387672424316409,-28.439048767089845,-43.94084930419922,44.36323547363281,-10.911291122436524,-53.69391632080078,-42.011993408203128,37.21087646484375,-22.696029663085939,12.383674621582032,-27.293180465698243,44.97583770751953,1.9912796020507813,56.806312561035159,-57.49736022949219,-53.44294738769531,54.388343811035159,-6.647821426391602,-6.162820816040039,20.298398971557618,-52.47832489013672,30.484642028808595,28.7110652923584,-24.33967399597168,-54.16313934326172,-15.642105102539063,-42.04283142089844,30.46685791015625,-20.467809677124025,47.68864440917969,24.04805564880371,37.865684509277347,-24.157814025878908,30.84920883178711,58.73799133300781,43.791114807128909,-42.97320556640625],"legSizes":[0.46408501267433169,0.4335693418979645,0.3880653977394104,0.4779326319694519,0.4579032063484192,0.3179064989089966,0.13950029015541078,0.25820332765579226,0.43277496099472048,0.26265737414360049,0.27753761410713198,0.38058024644851687,0.3096194565296173,0.4266112744808197,0.38951578736305239,0.22160762548446656,0.4075210988521576,0.4351230263710022,0.19199585914611817,0.23113620281219483,0.24076926708221436,0.3563809394836426,0.10478983074426651,0.19117766618728639],"bodySizes":[1.7303252220153809,1.7842732667922974,2.5911996364593508],"springs":[],"dumpers":[],"name":4565,"generation":131,"distance":41.089683532714847,"reward":-42.718772888183597}]}