{"geneDatas":[{"angles":[-2.497394561767578,31.48371124267578,-40.078514099121097,-29.425443649291993,-37.30821228027344,2.192638397216797,-16.0981388092041,44.29717254638672,-13.34759521484375,46.292625427246097,18.11605453491211,47.0089111328125,-1.6994972229003907,41.19658660888672,-55.397254943847659,43.58446502685547,-14.885810852050782,59.85430145263672,-19.91850471496582,-8.921562194824219,-33.208152770996097,-50.683677673339847,10.052885055541993,-41.23747253417969,32.23614501953125,-39.152923583984378,29.739402770996095,10.820953369140625,-53.376434326171878,14.233396530151368,-2.8962364196777345,19.891502380371095,33.9024772644043,16.94582176208496,-28.48224639892578,-47.692840576171878,-33.68303680419922,-30.563491821289064,-17.79096221923828,-50.504722595214847,41.73930358886719,-10.39801025390625,-56.529632568359378,31.503437042236329,8.491310119628907,2.2448081970214845,44.36323547363281,-13.963600158691407,-33.95753479003906,-54.587188720703128,50.44505310058594,-45.41058349609375,6.87872314453125,18.261878967285158,25.11963653564453,-7.190156936645508,57.17316436767578,-22.14306640625,41.12750244140625,-42.37689971923828,-39.226341247558597,-44.4190673828125,-15.514806747436524,-52.01225280761719,59.59522247314453,14.163602828979493,9.396263122558594,-29.903717041015626,5.927873611450195,-16.607473373413087,23.15345573425293,37.421234130859378,46.68396759033203,47.95652389526367,49.87774658203125,27.744308471679689,54.51829528808594,45.849281311035159,15.324125289916993,-23.86896514892578],"legSizes":[0.48376163840293887,0.34826797246932986,0.46139341592788699,0.27698761224746706,0.25147730112075808,0.11361493915319443,0.34450167417526247,0.28995224833488467,0.3784483075141907,0.2371293306350708,0.23236653208732606,0.4282764792442322,0.4541892111301422,0.15699973702430726,0.4562300741672516,0.1060699000954628,0.22155612707138062,0.3921681046485901,0.2895489037036896,0.16898679733276368,0.14408832788467408,0.3894388675689697,0.4335329532623291,0.48902565240859988],"bodySizes":[2.155564069747925,1.9188215732574463,1.9341695308685303],"springs":[],"dumpers":[],"name":10022,"generation":286,"distance":29.356063842773439,"reward":-4.1561737060546879},{"angles":[-2.497394561767578,31.48371124267578,-40.078514099121097,-29.425443649291993,-37.30821228027344,2.192638397216797,-16.0981388092041,44.29717254638672,48.59162902832031,46.292625427246097,18.11605453491211,47.0089111328125,-1.6994972229003907,41.19658660888672,-55.397254943847659,29.64141082763672,-14.885810852050782,59.85430145263672,-19.91850471496582,-8.921562194824219,-33.208152770996097,-50.683677673339847,10.052885055541993,-41.23747253417969,32.23614501953125,-39.152923583984378,29.739402770996095,10.820953369140625,-53.376434326171878,14.233396530151368,-2.8962364196777345,19.891502380371095,33.9024772644043,16.94582176208496,-28.48224639892578,-47.692840576171878,-33.68303680419922,-30.563491821289064,-17.79096221923828,-50.504722595214847,41.73930358886719,-10.39801025390625,-56.529632568359378,31.503437042236329,8.491310119628907,2.2448081970214845,44.36323547363281,-13.963600158691407,-33.95753479003906,33.42056655883789,50.44505310058594,-45.41058349609375,6.87872314453125,18.261878967285158,25.11963653564453,-7.190156936645508,57.17316436767578,-22.14306640625,41.12750244140625,-42.37689971923828,-39.226341247558597,-44.4190673828125,-15.514806747436524,-52.01225280761719,59.59522247314453,14.163602828979493,9.396263122558594,-29.903717041015626,5.927873611450195,-16.607473373413087,23.15345573425293,25.610572814941408,46.68396759033203,47.95652389526367,49.87774658203125,27.744308471679689,37.29924011230469,45.849281311035159,-1.3789215087890626,-23.86896514892578],"legSizes":[0.48376163840293887,0.34826797246932986,0.46139341592788699,0.27698761224746706,0.25147730112075808,0.11361493915319443,0.34450167417526247,0.28995224833488467,0.3784483075141907,0.2371293306350708,0.23236653208732606,0.4282764792442322,0.49224919080734255,0.44443053007125857,0.4562300741672516,0.1060699000954628,0.22155612707138062,0.3921681046485901,0.2895489037036896,0.16898679733276368,0.14408832788467408,0.3894388675689697,0.4335329532623291,0.46834617853164675],"bodySizes":[2.1555421352386476,1.91880202293396,1.9342085123062134],"springs":[],"dumpers":[],"name":10022,"generation":286,"distance":29.356063842773439,"reward":-38.64297103881836},{"angles":[23.648656845092775,31.48371124267578,-40.078514099121097,-52.197418212890628,-37.30821228027344,2.0844497680664064,-16.0981388092041,44.29717254638672,-10.292436599731446,-7.763694763183594,-6.603721618652344,47.0089111328125,-1.6994972229003907,41.19658660888672,-55.397254943847659,43.58446502685547,-14.885810852050782,59.85430145263672,-19.91850471496582,-8.921562194824219,1.7563743591308594,-50.683677673339847,10.052885055541993,-41.23747253417969,32.23614501953125,-39.152923583984378,29.739402770996095,10.820953369140625,26.758787155151368,14.233396530151368,-2.8962364196777345,15.953405380249024,33.9024772644043,16.94582176208496,-28.48224639892578,-47.692840576171878,-33.68303680419922,-59.499122619628909,-17.79096221923828,-50.504722595214847,-23.147384643554689,13.239662170410157,-56.529632568359378,31.503437042236329,8.491310119628907,2.2448081970214845,44.36323547363281,-13.963600158691407,-33.95753479003906,-54.587188720703128,50.44505310058594,37.66509246826172,6.87872314453125,18.261878967285158,25.11963653564453,-7.190156936645508,57.17316436767578,-22.14306640625,41.12750244140625,12.37646484375,12.730430603027344,7.539802551269531,-15.514806747436524,-52.01225280761719,38.146087646484378,56.974937438964847,8.817251205444336,-29.903717041015626,5.927873611450195,-16.607473373413087,23.15345573425293,-31.176496505737306,46.68396759033203,-18.172697067260743,49.87774658203125,3.5865554809570314,45.29621505737305,45.849281311035159,3.10626220703125,-46.520263671875],"legSizes":[0.4094984531402588,0.34826797246932986,0.445671945810318,0.4858933985233307,0.33128678798675539,0.17079472541809083,0.1779458075761795,0.21759851276874543,0.4001571238040924,0.4638060927391052,0.35107651352882388,0.254639208316803,0.49224919080734255,0.35043078660964968,0.4562300741672516,0.1060699000954628,0.3030700087547302,0.3921681046485901,0.2895489037036896,0.14143610000610352,0.37813204526901247,0.45299968123435976,0.1311938315629959,0.40310367941856387],"bodySizes":[2.155499219894409,1.9187638759613038,1.9342854022979737],"springs":[],"dumpers":[],"name":10022,"generation":286,"distance":29.356063842773439,"reward":-62.588706970214847}]}