{"geneDatas":[{"angles":[35.73893737792969,-49.30804443359375,35.19050979614258,-46.054901123046878,56.253074645996097,53.404640197753909,6.045534133911133,-23.22536277770996,-50.047332763671878,-49.186737060546878,34.950740814208987,-55.20332336425781,34.27665710449219,-6.189628601074219,50.372344970703128,7.712209701538086,2.063762664794922,4.521966934204102,48.05364227294922,-6.147186279296875,-27.440780639648439,-45.60130310058594,-47.67588806152344,-44.89039611816406,-10.946296691894532,31.76984214782715,-26.057661056518556,37.03179168701172,19.680130004882814,17.2303524017334,-45.537384033203128,-22.637022018432618,-57.181304931640628,-30.573806762695314,47.779083251953128,-55.50917053222656,-46.56846618652344,-54.05402374267578,55.902244567871097,32.16353225708008,52.43207931518555,-21.934152603149415,-38.24944305419922,41.872230529785159,29.686016082763673,-42.96233367919922,-53.376319885253909,24.417585372924806,-48.22088623046875,46.288875579833987,55.721923828125,11.784576416015625,-50.29786682128906,-50.76670837402344,-35.93095397949219,-59.09349822998047,-46.43896484375,36.12607955932617,-29.64434051513672,58.66551971435547,-34.915069580078128,47.099891662597659,-59.803993225097659,39.00285339355469,45.74748229980469,-20.973535537719728,41.82154846191406,24.923856735229493,-26.684110641479493,4.259498596191406,-19.830673217773439,-40.932456970214847,-50.26258087158203,13.114850997924805,28.781002044677736,48.860206604003909,27.845489501953126,29.161762237548829,46.40943908691406,-9.524368286132813],"legSizes":[0.4094851016998291,0.40937113761901858,0.2691081762313843,0.18869324028491975,0.1486545205116272,0.2953229546546936,0.4685770571231842,0.13790884613990785,0.3468540906906128,0.33968332409858706,0.2605554759502411,0.3797757029533386,0.41846388578414919,0.4291671812534332,0.47883015871047976,0.12436018139123917,0.13554102182388307,0.3071322739124298,0.11614523082971573,0.1933203637599945,0.2717776894569397,0.3311690092086792,0.3762655258178711,0.24873459339141847],"bodySizes":[2.2638375759124758,1.7300375699996949,2.0426273345947267],"springs":[],"dumpers":[],"name":24334,"generation":697,"distance":25.29146385192871,"reward":-25.29146385192871},{"angles":[35.73893737792969,52.48072814941406,55.477508544921878,5.879552841186523,-8.92767333984375,53.404640197753909,6.045534133911133,-23.22536277770996,-50.047332763671878,-49.186737060546878,31.872394561767579,49.852882385253909,21.144718170166017,-6.189628601074219,6.237768173217773,-13.250679016113282,2.063762664794922,4.521966934204102,48.05364227294922,-6.147186279296875,-46.680763244628909,-45.60130310058594,-47.67588806152344,-44.89039611816406,-8.503097534179688,31.76984214782715,-31.51921844482422,38.59065246582031,19.680130004882814,17.2303524017334,-45.537384033203128,28.512710571289064,-15.206029891967774,9.707529067993164,47.779083251953128,-55.50917053222656,-46.56846618652344,-54.05402374267578,19.680816650390626,-10.84587287902832,0.0271148681640625,-12.850622177124024,-38.24944305419922,32.9390983581543,52.912017822265628,-54.986328125,-48.36256408691406,24.417585372924806,-14.462091445922852,46.288875579833987,55.721923828125,-27.3823299407959,5.690652847290039,-50.76670837402344,-15.886739730834961,-59.09349822998047,-46.43896484375,-59.21337890625,-29.64434051513672,58.66551971435547,-34.915069580078128,47.099891662597659,-59.803993225097659,39.00285339355469,45.74748229980469,-20.973535537719728,41.82154846191406,24.923856735229493,-54.17029571533203,4.259498596191406,-19.830673217773439,-40.932456970214847,-50.26258087158203,13.114850997924805,28.781002044677736,48.860206604003909,27.845489501953126,-56.99309539794922,46.40943908691406,25.14913558959961],"legSizes":[0.4094851016998291,0.30491945147514346,0.19537968933582307,0.13433757424354554,0.16680064797401429,0.29237744212150576,0.4685770571231842,0.13790884613990785,0.3833288550376892,0.15508899092674256,0.2605554759502411,0.3797757029533386,0.4223141670227051,0.11513514816761017,0.16398319602012635,0.12436018139123917,0.13554102182388307,0.2937711477279663,0.3650362491607666,0.1933203637599945,0.33330875635147097,0.1662101298570633,0.3762655258178711,0.24873459339141847],"bodySizes":[2.2937915325164797,1.752928614616394,1.989627718925476],"springs":[],"dumpers":[],"name":24334,"generation":697,"distance":25.29146385192871,"reward":-58.69871520996094},{"angles":[-39.72880554199219,52.48072814941406,35.19050979614258,-46.054901123046878,56.253074645996097,53.404640197753909,6.045534133911133,-23.22536277770996,-39.17639923095703,-41.28717803955078,34.950740814208987,-55.20332336425781,34.27665710449219,-6.189628601074219,50.372344970703128,-32.79407501220703,2.063762664794922,4.521966934204102,48.05364227294922,-6.147186279296875,-46.680763244628909,-45.60130310058594,-47.67588806152344,-44.89039611816406,-10.946296691894532,31.76984214782715,-26.057661056518556,37.03179168701172,19.680130004882814,17.2303524017334,-54.07958221435547,-22.637022018432618,-4.272600173950195,1.6183738708496094,47.779083251953128,-55.50917053222656,-46.56846618652344,-54.05402374267578,-11.091850280761719,32.16353225708008,52.43207931518555,-21.934152603149415,-38.24944305419922,41.872230529785159,29.686016082763673,-7.1897735595703129,-53.376319885253909,24.417585372924806,45.909645080566409,41.041343688964847,55.721923828125,11.784576416015625,-50.29786682128906,-50.76670837402344,-35.93095397949219,16.956310272216798,0.8276596069335938,36.12607955932617,-29.64434051513672,58.66551971435547,-57.673126220703128,47.099891662597659,-6.8963470458984379,-7.167840957641602,31.339515686035158,-40.46045684814453,-9.550958633422852,-34.332305908203128,-54.798362731933597,-33.99803924560547,-48.05259704589844,-34.21611785888672,47.252811431884769,13.114850997924805,-1.7376632690429688,42.4501953125,27.845489501953126,29.161762237548829,46.40943908691406,-9.524368286132813],"legSizes":[0.330888956785202,0.30491945147514346,0.17946429550647736,0.4389376640319824,0.36580467224121096,0.2200002372264862,0.2590499520301819,0.13790884613990785,0.308923602104187,0.3617129325866699,0.3066997826099396,0.4556770324707031,0.3044523000717163,0.4291671812534332,0.16398319602012635,0.12436018139123917,0.13554102182388307,0.4862020015716553,0.11614523082971573,0.1933203637599945,0.4588155150413513,0.3311690092086792,0.3762655258178711,0.3023034334182739],"bodySizes":[1.9797194004058838,1.9700335264205933,2.051222562789917],"springs":[],"dumpers":[],"name":24334,"generation":697,"distance":25.29146385192871,"reward":-75.66825103759766}]}