{"geneDatas":[{"angles":[21.782896041870118,-8.865745544433594,41.134368896484378,-45.48516082763672,-52.97349548339844,48.378868103027347,34.79615783691406,34.48552703857422,35.84981918334961,-36.33525085449219,41.476478576660159,6.619096755981445,-40.080474853515628,28.994863510131837,-55.63909912109375,-28.000539779663087,16.57879638671875,-28.46246337890625,30.38190269470215,53.6085205078125,17.584630966186525,26.178558349609376,-58.049713134765628,31.03575897216797,45.764122009277347,-59.501609802246097,46.54833984375,-38.44227600097656,26.727046966552736,-21.71826171875,6.542724609375,54.776702880859378,19.825773239135743,53.14850616455078,6.1602630615234379,-29.309959411621095,9.6639404296875,-28.673179626464845,-4.096807479858398,-40.04560852050781,10.97962760925293,-25.802513122558595,-36.94764709472656,56.387672424316409,-30.337356567382814,-43.94084930419922,44.36323547363281,43.16899108886719,-53.69391632080078,34.41630172729492,37.21087646484375,-45.712867736816409,25.78717041015625,10.50255012512207,44.97583770751953,-46.032867431640628,56.806312561035159,-29.55169677734375,-53.44294738769531,27.943695068359376,-27.11199188232422,-6.162820816040039,20.298398971557618,-52.47832489013672,34.77820587158203,56.993377685546878,-24.33967399597168,-54.16313934326172,-2.1592483520507814,-42.04283142089844,39.79161071777344,-19.3321533203125,-54.0946044921875,-52.21452331542969,37.865684509277347,-58.1275634765625,68.96055603027344,2.045623779296875,49.794586181640628,-22.182275772094728],"legSizes":[0.4245290160179138,0.18178048729896546,0.21315887570381165,0.4928327202796936,0.41647520661354067,0.3179064989089966,0.44376882910728457,0.16827687621116639,0.39937108755111697,0.28186753392219546,0.49926456809043887,0.4301704466342926,0.3658500611782074,0.4581483006477356,0.40241116285324099,0.22160762548446656,0.13624224066734315,0.2214166522026062,0.35394230484962466,0.12111606448888779,0.4045715928077698,0.3288886845111847,0.4544890820980072,0.3768872618675232],"bodySizes":[1.7751555442810059,1.9019802808761597,2.369450092315674],"springs":[],"dumpers":[],"name":3563,"generation":101,"distance":30.551544189453126,"reward":-30.551544189453126},{"angles":[21.782896041870118,-8.865745544433594,41.134368896484378,-45.48516082763672,12.124521255493164,48.378868103027347,34.79615783691406,34.48552703857422,35.84981918334961,8.903009414672852,41.476478576660159,6.619096755981445,-40.080474853515628,28.994863510131837,-55.63909912109375,-28.000539779663087,16.57879638671875,-28.46246337890625,30.38190269470215,18.902706146240236,17.584630966186525,26.178558349609376,-58.049713134765628,31.03575897216797,24.400588989257814,-59.501609802246097,46.54833984375,-38.44227600097656,26.727046966552736,-21.71826171875,6.542724609375,54.776702880859378,19.825773239135743,53.14850616455078,6.1602630615234379,-29.309959411621095,9.6639404296875,-28.673179626464845,-4.096807479858398,-40.04560852050781,10.97962760925293,-25.802513122558595,-36.94764709472656,56.387672424316409,-30.337356567382814,-43.94084930419922,44.36323547363281,45.589298248291019,-53.69391632080078,37.126808166503909,37.21087646484375,-45.712867736816409,-23.329132080078126,10.50255012512207,44.97583770751953,-46.032867431640628,56.806312561035159,-29.55169677734375,-53.44294738769531,27.943695068359376,-27.11199188232422,-6.162820816040039,20.298398971557618,-52.47832489013672,34.77820587158203,56.993377685546878,-24.33967399597168,-54.16313934326172,-2.1592483520507814,-42.04283142089844,39.79161071777344,-19.3321533203125,-54.0946044921875,-52.21452331542969,37.865684509277347,-58.1275634765625,68.96055603027344,2.045623779296875,49.794586181640628,-22.182275772094728],"legSizes":[0.4245290160179138,0.18178048729896546,0.21315887570381165,0.1811402440071106,0.41647520661354067,0.3179064989089966,0.44376882910728457,0.16827687621116639,0.39937108755111697,0.28186753392219546,0.49926456809043887,0.4301704466342926,0.3658500611782074,0.4581483006477356,0.40241116285324099,0.22160762548446656,0.13624224066734315,0.25943928956985476,0.35394230484962466,0.12111606448888779,0.4045715928077698,0.3288886845111847,0.4544890820980072,0.3768872618675232],"bodySizes":[1.7751555442810059,1.9019802808761597,2.369450092315674],"springs":[],"dumpers":[],"name":3563,"generation":101,"distance":30.551544189453126,"reward":-49.667755126953128},{"angles":[21.782896041870118,51.806617736816409,41.134368896484378,-45.48516082763672,12.124521255493164,48.378868103027347,34.79615783691406,19.508113861083986,35.84981918334961,8.903009414672852,41.476478576660159,6.619096755981445,-40.080474853515628,28.994863510131837,-55.63909912109375,11.779983520507813,16.57879638671875,24.710783004760743,46.71373748779297,18.902706146240236,-49.59849548339844,-26.187593460083009,-5.377113342285156,31.85332489013672,24.400588989257814,-16.826326370239259,-17.35822105407715,52.749481201171878,26.727046966552736,-21.71826171875,6.542724609375,54.776702880859378,19.825773239135743,53.14850616455078,33.995086669921878,58.911964416503909,-37.20994567871094,-14.43916130065918,-4.096807479858398,-40.04560852050781,10.97962760925293,-25.802513122558595,-36.94764709472656,56.387672424316409,-24.235488891601564,-43.94084930419922,44.36323547363281,28.513023376464845,-53.69391632080078,-42.011993408203128,37.21087646484375,-45.712867736816409,-56.16801452636719,52.882545471191409,44.97583770751953,-46.032867431640628,56.806312561035159,-22.14306640625,-41.06285858154297,27.943695068359376,-27.11199188232422,-6.162820816040039,57.230613708496097,-24.38964080810547,42.247222900390628,56.993377685546878,49.57649230957031,-54.16313934326172,-2.1592483520507814,-72.77618408203125,52.063323974609378,-19.3321533203125,48.3485107421875,-6.577354431152344,-49.81382751464844,-1.1501655578613282,68.96055603027344,2.045623779296875,-6.441314697265625,-22.182275772094728],"legSizes":[0.4245290160179138,0.18178048729896546,0.45754608511924746,0.1811402440071106,0.41647520661354067,0.3179064989089966,0.44376882910728457,0.16827687621116639,0.2703748047351837,0.28186753392219546,0.49926456809043887,0.4301704466342926,0.3658500611782074,0.4581483006477356,0.4404730200767517,0.22160762548446656,0.13624224066734315,0.25943928956985476,0.35394230484962466,0.12111606448888779,0.4225960373878479,0.3288886845111847,0.21791264414787293,0.1343357115983963],"bodySizes":[1.760612964630127,1.9229786396026612,2.362934112548828],"springs":[],"dumpers":[],"name":3563,"generation":101,"distance":30.551544189453126,"reward":-50.955379486083987}]}