{"geneDatas":[{"angles":[-59.000831604003909,32.36288833618164,-24.12190818786621,-38.65980529785156,11.496299743652344,-7.890495300292969,-21.03553581237793,28.773921966552736,-16.069557189941408,-57.769874572753909,55.047157287597659,13.816688537597657,-22.38018798828125,-26.97025489807129,29.932662963867189,36.60591506958008,24.44423484802246,-49.377105712890628,-13.721717834472657,-33.65325164794922,10.085227966308594,57.046852111816409,-14.867082595825196,-22.145126342773439,-49.22746276855469,-25.986135482788087,-11.396049499511719,-21.369474411010743,6.081338882446289,48.377235412597659,-1.1241455078125,26.172277450561525,9.810783386230469,14.231765747070313,42.14051055908203,4.4083709716796879,-8.893381118774414,-41.78196716308594,9.211212158203125,-4.297050476074219,40.01786804199219,27.56629753112793,-55.661956787109378,20.42804527282715,-12.77198600769043,-49.40852355957031,52.676666259765628,38.814483642578128,-33.95753479003906,-52.517364501953128,50.44505310058594,-39.37104034423828,46.050167083740237,4.1712493896484379,-31.444543838500978,-31.28136444091797,57.17316436767578,-18.762651443481447,-2.4720611572265627,-26.823083877563478,-16.93147087097168,-14.570137023925782,-8.467775344848633,51.774757385253909,22.46729850769043,37.482460021972659,44.242759704589847,-38.465309143066409,54.65373229980469,-13.45063591003418,-35.797607421875,48.198150634765628,-16.1953125,54.437225341796878,4.612678527832031,27.953166961669923,-51.966064453125,22.556676864624025,-59.77252197265625,55.68471908569336],"legSizes":[0.34200260043144228,0.32076123356819155,0.46227747201919558,0.19581174850463868,0.16268807649612428,0.2408812791109085,0.34584471583366396,0.14291030168533326,0.303061306476593,0.1312631070613861,0.4013630747795105,0.10478401184082031,0.46931180357933047,0.27337712049484255,0.4562300741672516,0.40494608879089358,0.13575014472007752,0.2014288306236267,0.3541281819343567,0.3440494239330292,0.19160456955432893,0.48665934801101687,0.2932507395744324,0.33330968022346499],"bodySizes":[2.148904800415039,1.9208104610443116,1.938153862953186],"springs":[],"dumpers":[],"name":14670,"generation":418,"distance":28.87523651123047,"reward":-28.87523651123047},{"angles":[-59.000831604003909,32.36288833618164,-24.12190818786621,39.816253662109378,-4.336174011230469,51.310569763183597,-10.238677978515625,15.438163757324219,-0.5172500610351563,55.25745391845703,-4.448066711425781,26.332210540771486,-27.088417053222658,37.275238037109378,29.932662963867189,-25.328012466430665,-23.343263626098634,-49.377105712890628,-31.553192138671876,45.62192916870117,10.085227966308594,27.325557708740236,-14.867082595825196,-55.05095672607422,-49.22746276855469,-25.986135482788087,28.884944915771486,-21.369474411010743,6.081338882446289,47.465614318847659,-13.140958786010743,26.172277450561525,9.810783386230469,14.231765747070313,42.14051055908203,4.4083709716796879,-33.68303680419922,16.34223175048828,14.962211608886719,-4.297050476074219,-1.3414421081542969,27.56629753112793,-55.661956787109378,10.130401611328125,-12.77198600769043,-49.40852355957031,52.676666259765628,38.814483642578128,-33.95753479003906,-27.187650680541993,50.44505310058594,-39.37104034423828,46.050167083740237,4.1712493896484379,19.36750602722168,-33.043426513671878,57.17316436767578,-18.762651443481447,-2.4720611572265627,51.29084777832031,-5.3774871826171879,49.148311614990237,-14.939208984375,29.48303985595703,22.46729850769043,37.482460021972659,44.242759704589847,-22.139001846313478,54.65373229980469,-13.45063591003418,-28.00615882873535,2.743743896484375,-16.1953125,-1.3688774108886719,4.612678527832031,27.953166961669923,-51.966064453125,22.556676864624025,-27.68329429626465,55.68471908569336],"legSizes":[0.2905358672142029,0.32076123356819155,0.46227747201919558,0.33732807636260989,0.3402881324291229,0.1098724827170372,0.34684374928474429,0.14465156197547913,0.3784483075141907,0.29974788427352908,0.3470155596733093,0.10478401184082031,0.46931180357933047,0.24034541845321656,0.4562300741672516,0.148590087890625,0.3061921298503876,0.37516531348228457,0.18009606003761292,0.16898679733276368,0.40264201164245608,0.14591403305530549,0.220677450299263,0.15557947754859925],"bodySizes":[2.219285488128662,1.8165909051895142,1.984356164932251],"springs":[],"dumpers":[],"name":14670,"generation":418,"distance":28.87523651123047,"reward":-51.80439758300781},{"angles":[-38.569305419921878,51.83872985839844,-35.4259033203125,-28.19696044921875,47.83224105834961,-52.366058349609378,9.096601486206055,-26.610754013061525,-33.54393768310547,-31.079505920410158,59.649253845214847,13.816688537597657,-27.088417053222658,37.275238037109378,29.932662963867189,-25.328012466430665,8.167940139770508,-49.377105712890628,-56.279022216796878,45.62192916870117,10.085227966308594,57.046852111816409,-14.867082595825196,-55.05095672607422,-49.22746276855469,-59.5377197265625,28.884944915771486,-21.369474411010743,6.081338882446289,35.503822326660159,-36.828704833984378,26.172277450561525,9.810783386230469,14.231765747070313,42.14051055908203,4.4083709716796879,-33.68303680419922,46.141090393066409,2.7139739990234377,-4.297050476074219,49.78497314453125,27.56629753112793,-55.661956787109378,31.502666473388673,-12.77198600769043,-49.40852355957031,52.676666259765628,-38.77171325683594,-33.95753479003906,-17.315231323242189,50.44505310058594,-39.37104034423828,50.58380126953125,-44.53704071044922,19.36750602722168,-33.043426513671878,57.17316436767578,-18.762651443481447,-2.4720611572265627,51.29084777832031,-16.93147087097168,49.148311614990237,3.416656494140625,29.48303985595703,22.46729850769043,37.482460021972659,-2.2595443725585939,-4.052274703979492,1.0338363647460938,42.89447021484375,18.993240356445314,2.743743896484375,39.82228088378906,-1.3688774108886719,45.71196746826172,11.117555618286133,-45.45661926269531,-59.418365478515628,31.725910186767579,29.739158630371095],"legSizes":[0.2905358672142029,0.32076123356819155,0.46227747201919558,0.33732807636260989,0.3402881324291229,0.1098724827170372,0.36761459708213808,0.14465156197547913,0.3784483075141907,0.3664301931858063,0.4492364525794983,0.10478401184082031,0.46931180357933047,0.24034541845321656,0.10376415401697159,0.4800111651420593,0.17801304161548615,0.18106403946876527,0.45724838972091677,0.16898679733276368,0.40264201164245608,0.36169180274009707,0.292131245136261,0.15557947754859925],"bodySizes":[2.1799376010894777,1.7870296239852906,2.0535919666290285],"springs":[],"dumpers":[],"name":14670,"generation":418,"distance":28.87523651123047,"reward":-66.32852172851563}]}