{"geneDatas":[{"angles":[19.327795028686525,-53.17686462402344,45.44738006591797,9.799539566040039,16.692649841308595,21.714391708374025,8.716156005859375,20.43067741394043,22.183454513549806,0.9863433837890625,34.362186431884769,30.919002532958986,-48.48887634277344,-12.185234069824219,-29.788619995117189,-37.37743377685547,47.61215591430664,3.709625244140625,38.005828857421878,1.5224990844726563,-43.989959716796878,-33.16252899169922,11.962486267089844,-23.752748489379884,16.287315368652345,36.739295959472659,28.884944915771486,28.407623291015626,-16.0712890625,39.283531188964847,-42.276695251464847,26.172277450561525,16.982200622558595,14.231765747070313,21.245681762695314,27.689964294433595,-33.68303680419922,-12.745506286621094,1.4250106811523438,-4.297050476074219,40.01786804199219,27.56629753112793,-55.661956787109378,57.7606201171875,-24.25873565673828,44.731807708740237,52.676666259765628,58.97184753417969,-26.190641403198243,-5.713554382324219,50.44505310058594,0.9040336608886719,-1.29193115234375,4.1712493896484379,47.59092712402344,-33.043426513671878,57.17316436767578,-18.762651443481447,9.971931457519532,-5.77227783203125,-16.93147087097168,49.148311614990237,-57.774993896484378,36.73054122924805,41.94892120361328,-9.96131706237793,-17.86695098876953,52.76275634765625,54.65373229980469,27.31899070739746,7.243459701538086,-20.3944091796875,31.02515983581543,-18.70099639892578,34.72184753417969,17.654754638671876,-25.330345153808595,-21.71056365966797,58.21552276611328,55.68471908569336],"legSizes":[0.3531526029109955,0.15921278297901154,0.16314229369163514,0.2481115609407425,0.3762817978858948,0.45946091413497927,0.4859515130519867,0.14465156197547913,0.322590708732605,0.25967100262641909,0.3738133907318115,0.16495318710803986,0.2967416048049927,0.16391506791114808,0.47354093194007876,0.40494608879089358,0.14030203223228455,0.3922438621520996,0.16883587837219239,0.16898679733276368,0.21139761805534364,0.3784451484680176,0.292131245136261,0.14440961182117463],"bodySizes":[2.0370352268218996,1.774791955947876,2.2128090858459474],"springs":[],"dumpers":[],"name":16807,"generation":482,"distance":29.358104705810548,"reward":-29.358104705810548},{"angles":[-27.166391372680665,-37.321571350097659,-27.106124877929689,-57.32328796386719,43.651641845703128,32.91841125488281,8.716156005859375,20.778289794921876,29.5653076171875,-25.439035415649415,34.362186431884769,30.919002532958986,-5.715814590454102,31.622970581054689,-29.788619995117189,3.852489471435547,10.210481643676758,-22.93359375,-54.00148010253906,1.5224990844726563,-43.989959716796878,13.11322021484375,18.116039276123048,-55.876983642578128,1.0698738098144532,36.739295959472659,58.64539337158203,42.514068603515628,43.87005615234375,22.35683250427246,-27.363258361816408,-32.97222900390625,16.982200622558595,32.954776763916019,-17.24449348449707,-41.5880126953125,-33.68303680419922,-40.93901062011719,1.4250106811523438,-4.297050476074219,40.01786804199219,27.56629753112793,-55.661956787109378,57.7606201171875,11.595832824707032,41.80150604248047,52.676666259765628,-23.330331802368165,-26.190641403198243,-27.187650680541993,50.44505310058594,0.9040336608886719,-1.29193115234375,4.1712493896484379,47.59092712402344,-34.05030822753906,45.6678466796875,-21.22507667541504,-31.898773193359376,2.2740325927734377,-16.93147087097168,29.780128479003908,-14.939208984375,-51.592315673828128,-23.822914123535158,51.923973083496097,-18.963239669799806,-26.50428009033203,-15.684249877929688,-13.45063591003418,-34.84971618652344,-5.5944671630859379,11.090978622436524,25.89246940612793,40.05523681640625,-23.32166290283203,34.34309005737305,42.698448181152347,58.21552276611328,55.68471908569336],"legSizes":[0.3531526029109955,0.30320578813552859,0.28526008129119875,0.2481115609407425,0.10103187710046768,0.27320006489753725,0.3095770478248596,0.20948117971420289,0.4439057409763336,0.24516355991363526,0.307662695646286,0.16495318710803986,0.21427157521247865,0.46711984276771548,0.47354093194007876,0.16834521293640138,0.14180049300193788,0.44248348474502566,0.49581342935562136,0.16898679733276368,0.21139761805534364,0.4446147084236145,0.292131245136261,0.11223077774047852],"bodySizes":[2.0426886081695558,1.7297379970550538,2.2641618251800539],"springs":[],"dumpers":[],"name":16807,"generation":482,"distance":29.358104705810548,"reward":-47.72174072265625},{"angles":[-27.166391372680665,9.240610122680664,-27.106124877929689,-57.32328796386719,16.692649841308595,32.91841125488281,8.716156005859375,-36.39936828613281,27.30378532409668,19.58068084716797,34.362186431884769,30.919002532958986,-2.1409683227539064,-12.185234069824219,-29.788619995117189,26.146886825561525,13.55109977722168,-43.646034240722659,-7.756982803344727,-48.43733215332031,-43.989959716796878,-46.95252990722656,39.5185546875,-11.57672119140625,16.287315368652345,11.987236022949219,50.400856018066409,28.407623291015626,-1.3400535583496094,39.283531188964847,-42.276695251464847,26.172277450561525,16.982200622558595,14.231765747070313,13.771499633789063,44.30902099609375,24.352567672729493,50.82942199707031,1.4250106811523438,11.504594802856446,40.01786804199219,27.56629753112793,-55.661956787109378,57.7606201171875,11.595832824707032,41.80150604248047,52.676666259765628,-23.330331802368165,-26.190641403198243,-27.187650680541993,50.44505310058594,0.9040336608886719,-1.29193115234375,4.1712493896484379,47.59092712402344,-34.60401916503906,57.17316436767578,16.527496337890626,-31.898773193359376,2.2740325927734377,36.743614196777347,29.780128479003908,-14.939208984375,-51.592315673828128,12.098472595214844,51.923973083496097,-18.963239669799806,-26.50428009033203,-15.684249877929688,4.519193649291992,58.597900390625,-47.249725341796878,-16.984811782836915,-27.440292358398439,27.612014770507814,-57.34534454345703,-54.564903259277347,5.9327392578125,58.21552276611328,55.68471908569336],"legSizes":[0.3531526029109955,0.3508705198764801,0.3409665822982788,0.275861531496048,0.3282020390033722,0.45946091413497927,0.11042008548974991,0.14465156197547913,0.36100727319717409,0.4380408823490143,0.3256366550922394,0.16495318710803986,0.10392989963293076,0.203029602766037,0.47354093194007876,0.22463563084602357,0.14030203223228455,0.33759835362434389,0.4057084023952484,0.16898679733276368,0.21139761805534364,0.24283307790756226,0.292131245136261,0.34825941920280459],"bodySizes":[1.8248058557510377,2.420203685760498,1.8114293813705445],"springs":[],"dumpers":[],"name":16807,"generation":482,"distance":29.358104705810548,"reward":-58.68275451660156}]}