{"geneDatas":[{"angles":[24.342641830444337,-43.57801818847656,-45.517486572265628,-43.396514892578128,30.507129669189454,-0.910614013671875,6.045534133911133,11.083982467651368,15.467977523803711,21.559423446655275,42.45283126831055,49.852882385253909,-54.686195373535159,14.795143127441407,-32.947265625,59.777923583984378,25.612060546875,-6.218597412109375,48.05364227294922,-6.147186279296875,-29.353574752807618,-32.39923858642578,25.497520446777345,-27.887657165527345,33.10322189331055,31.76984214782715,16.942502975463868,-6.398284912109375,46.22624969482422,17.2303524017334,-43.95801544189453,-20.515771865844728,6.56587028503418,3.0365676879882814,47.779083251953128,-51.36427307128906,-31.851669311523439,-54.05402374267578,24.794395446777345,-43.34263610839844,52.43207931518555,-51.29949951171875,-38.24944305419922,41.872230529785159,-20.912668228149415,-7.1897735595703129,50.25666809082031,13.026786804199219,12.003759384155274,-2.6808433532714845,50.44505310058594,-8.426576614379883,8.926340103149414,-57.42320251464844,35.42580032348633,-29.96012306213379,-40.282470703125,-50.62745666503906,59.42919921875,-36.639503479003909,-57.673126220703128,-52.19300842285156,18.972328186035158,4.2518157958984379,45.74748229980469,26.556028366088868,16.729015350341798,-36.094024658203128,-54.798362731933597,43.224822998046878,41.79462432861328,-2.8636322021484377,-20.47254180908203,-39.8126220703125,6.439996719360352,11.064313888549805,59.71375274658203,43.1627197265625,38.5570068359375,40.030677795410159],"legSizes":[0.3278513252735138,0.30491945147514346,0.18311114609241486,0.32761886715888979,0.3378831744194031,0.14993438124656678,0.17823752760887147,0.1975259780883789,0.3833288550376892,0.15508899092674256,0.3244720697402954,0.2636106610298157,0.41846388578414919,0.4286435544490814,0.1147422343492508,0.19680127501487733,0.1509217768907547,0.3368167579174042,0.4334024488925934,0.16898679733276368,0.445168673992157,0.2399875819683075,0.12419047206640244,0.33678123354911806],"bodySizes":[1.6325513124465943,2.838632106781006,1.7262909412384034],"springs":[],"dumpers":[],"name":22682,"generation":652,"distance":30.218238830566408,"reward":-32.019996643066409},{"angles":[24.342641830444337,-43.57801818847656,-45.517486572265628,-43.396514892578128,30.507129669189454,-0.910614013671875,6.045534133911133,11.083982467651368,15.467977523803711,21.559423446655275,42.45283126831055,49.852882385253909,48.30625534057617,14.795143127441407,-32.947265625,59.777923583984378,25.612060546875,-6.218597412109375,48.05364227294922,-6.147186279296875,-29.353574752807618,1.3381080627441407,25.497520446777345,-27.887657165527345,45.12980651855469,31.76984214782715,16.942502975463868,-6.398284912109375,46.22624969482422,17.2303524017334,-43.95801544189453,-20.515771865844728,-4.434234619140625,3.0365676879882814,47.779083251953128,-51.36427307128906,-31.851669311523439,-54.05402374267578,30.53651237487793,-43.34263610839844,52.43207931518555,-51.29949951171875,-38.24944305419922,41.872230529785159,31.538671493530275,-8.225606918334961,50.25666809082031,13.026786804199219,-42.47320556640625,-2.6808433532714845,50.44505310058594,-8.426576614379883,-43.92808532714844,-57.42320251464844,35.42580032348633,-7.452672958374023,-40.282470703125,-50.62745666503906,-32.664710998535159,-36.639503479003909,-57.673126220703128,-52.19300842285156,18.972328186035158,4.2518157958984379,45.74748229980469,26.556028366088868,16.729015350341798,-44.868621826171878,-54.798362731933597,43.224822998046878,41.79462432861328,-2.8636322021484377,-20.47254180908203,-39.8126220703125,44.884342193603519,11.064313888549805,59.71375274658203,29.161762237548829,23.91583251953125,-51.323402404785159],"legSizes":[0.2908320724964142,0.30491945147514346,0.18311114609241486,0.32761886715888979,0.3378831744194031,0.14993438124656678,0.17823752760887147,0.1625770628452301,0.3833288550376892,0.15508899092674256,0.44687652587890627,0.2636106610298157,0.41846388578414919,0.4286435544490814,0.1147422343492508,0.19680127501487733,0.1509217768907547,0.3368167579174042,0.4334024488925934,0.16898679733276368,0.4359332025051117,0.3790573179721832,0.1066734790802002,0.24353858828544618],"bodySizes":[1.801345705986023,2.106827735900879,2.1079671382904054],"springs":[],"dumpers":[],"name":22682,"generation":652,"distance":30.218238830566408,"reward":-52.656307220458987},{"angles":[24.342641830444337,-43.57801818847656,-45.517486572265628,-43.396514892578128,30.507129669189454,-0.910614013671875,28.549644470214845,11.083982467651368,46.3756217956543,21.559423446655275,42.45283126831055,49.852882385253909,-54.686195373535159,14.795143127441407,-32.947265625,59.777923583984378,25.612060546875,59.64447784423828,48.05364227294922,-6.147186279296875,-29.353574752807618,-32.39923858642578,25.497520446777345,-27.887657165527345,33.10322189331055,27.29737663269043,42.688133239746097,-6.398284912109375,46.22624969482422,26.653457641601564,-18.30347442626953,33.938140869140628,6.56587028503418,3.0365676879882814,50.164390563964847,-58.35260772705078,43.0781364440918,-54.05402374267578,30.53651237487793,-6.0009613037109379,52.43207931518555,40.27360534667969,-38.24944305419922,41.872230529785159,31.538671493530275,-8.225606918334961,50.25666809082031,13.026786804199219,-42.47320556640625,-2.6808433532714845,50.44505310058594,-8.426576614379883,-15.338682174682618,-57.42320251464844,35.42580032348633,-41.3436279296875,-40.282470703125,-50.62745666503906,32.881004333496097,-36.639503479003909,-57.673126220703128,-52.19300842285156,18.972328186035158,4.2518157958984379,45.74748229980469,26.556028366088868,18.15178680419922,-36.094024658203128,-54.798362731933597,29.779296875,25.682998657226564,-2.8636322021484377,-20.47254180908203,-39.8126220703125,17.845272064208986,8.47491455078125,-51.23814392089844,14.864564895629883,53.367218017578128,-30.886388778686525],"legSizes":[0.3278513252735138,0.20832964777946473,0.3925478458404541,0.32761886715888979,0.3378831744194031,0.1689774990081787,0.17823752760887147,0.13790884613990785,0.3833288550376892,0.15508899092674256,0.12783947587013246,0.1907152235507965,0.41846388578414919,0.4291671812534332,0.1147422343492508,0.1424151360988617,0.13554102182388307,0.27320390939712527,0.43434539437294009,0.16898679733276368,0.4018689692020416,0.3725739121437073,0.2199046015739441,0.40749937295913699],"bodySizes":[2.0196523666381838,1.8827118873596192,2.103921413421631],"springs":[],"dumpers":[],"name":22682,"generation":652,"distance":30.218238830566408,"reward":-53.33940887451172}]}