{"geneDatas":[{"angles":[44.869224548339847,57.94557189941406,9.300033569335938,-21.5028133392334,-40.69291687011719,44.24292755126953,-58.52405548095703,25.421918869018556,17.791152954101564,26.317747116088868,13.586118698120118,47.0089111328125,-1.6994972229003907,-30.365867614746095,-55.25817108154297,7.1792144775390629,5.332695007324219,47.37335968017578,31.265914916992189,-23.30870246887207,1.7563743591308594,-50.683677673339847,-13.123804092407227,-41.23747253417969,1.5286369323730469,-23.287818908691408,23.21728515625,-24.98876953125,-53.376434326171878,-58.83821105957031,30.28840446472168,54.760223388671878,27.79127311706543,-40.107994079589847,-50.364959716796878,-38.970497131347659,-33.68303680419922,56.10494613647461,13.964574813842774,-5.700353622436523,23.254562377929689,13.239662170410157,-56.79505157470703,56.387672424316409,-28.439048767089845,-17.568933486938478,44.36323547363281,24.820816040039064,-47.71333312988281,-39.02056121826172,50.44505310058594,-59.167266845703128,14.330785751342774,-14.941011428833008,25.11963653564453,-7.190156936645508,57.17316436767578,-22.14306640625,41.12750244140625,12.37646484375,-14.932558059692383,-31.309921264648439,44.37659454345703,23.493972778320314,20.50640869140625,58.17399597167969,-9.96240234375,-41.487335205078128,-59.25978088378906,-52.77760314941406,-30.375425338745118,37.421234130859378,36.18465805053711,-11.362930297851563,49.87774658203125,10.182302474975586,3.3583908081054689,45.849281311035159,-48.778594970703128,-55.98137664794922],"legSizes":[0.2901841402053833,0.4784172475337982,0.2836834192276001,0.2535690665245056,0.33128678798675539,0.29366499185562136,0.3747515082359314,0.2285081148147583,0.1306145191192627,0.4638060927391052,0.1685050129890442,0.4282764792442322,0.35397952795028689,0.4828866124153137,0.4562300741672516,0.22485387325286866,0.22155612707138062,0.2551453709602356,0.2895489037036896,0.16898679733276368,0.14408832788467408,0.23338600993156434,0.4335329532623291,0.3719712793827057],"bodySizes":[2.209434986114502,1.6728107929229737,2.1645216941833498],"springs":[],"dumpers":[],"name":8068,"generation":231,"distance":29.33539581298828,"reward":-29.33539581298828},{"angles":[51.40624237060547,26.172134399414064,37.4074592590332,-28.161455154418947,31.82245635986328,30.331634521484376,-58.52405548095703,25.421918869018556,17.791152954101564,-41.911354064941409,-27.51874351501465,-47.772789001464847,-1.6994972229003907,-57.25663757324219,-55.25817108154297,7.1792144775390629,55.265464782714847,47.37335968017578,30.38190269470215,-23.30870246887207,1.7563743591308594,-50.683677673339847,37.598350524902347,-41.23747253417969,1.5286369323730469,-50.043479919433597,23.21728515625,-24.98876953125,-53.376434326171878,-58.83821105957031,55.25178527832031,54.760223388671878,27.79127311706543,-40.107994079589847,-13.56208610534668,44.34996032714844,-33.68303680419922,-50.66087341308594,13.964574813842774,36.353057861328128,23.254562377929689,13.239662170410157,-56.529632568359378,56.387672424316409,-28.439048767089845,-17.568933486938478,44.36323547363281,24.820816040039064,-47.71333312988281,-39.02056121826172,50.44505310058594,-59.167266845703128,6.87872314453125,-14.941011428833008,25.11963653564453,-7.190156936645508,57.17316436767578,-22.14306640625,41.12750244140625,12.37646484375,-14.932558059692383,-31.309921264648439,44.37659454345703,23.493972778320314,20.50640869140625,58.17399597167969,-9.96240234375,-41.487335205078128,-59.25978088378906,-52.77760314941406,-16.84716796875,37.421234130859378,36.18465805053711,-11.362930297851563,49.87774658203125,50.70777130126953,3.3583908081054689,45.849281311035159,-48.778594970703128,-55.98137664794922],"legSizes":[0.34869205951690676,0.16008886694908143,0.2836834192276001,0.4646601676940918,0.3400287926197052,0.22127625346183778,0.3747515082359314,0.2285081148147583,0.1306145191192627,0.4638060927391052,0.1685050129890442,0.4282764792442322,0.35397952795028689,0.4828866124153137,0.4562300741672516,0.22485387325286866,0.22155612707138062,0.2551453709602356,0.2895489037036896,0.1108175739645958,0.14408832788467408,0.23338600993156434,0.4335329532623291,0.3846321702003479],"bodySizes":[2.209434986114502,1.6728107929229737,2.1645216941833498],"springs":[],"dumpers":[],"name":8068,"generation":231,"distance":29.33539581298828,"reward":-70.54598236083985},{"angles":[36.02682876586914,26.172134399414064,9.300033569335938,-28.161455154418947,31.82245635986328,30.331634521484376,-58.52405548095703,25.421918869018556,17.791152954101564,-41.911354064941409,-27.51874351501465,15.546224594116211,-33.44279479980469,36.888084411621097,-55.25817108154297,7.1792144775390629,-36.213409423828128,49.1287841796875,30.38190269470215,-23.30870246887207,1.7563743591308594,-50.683677673339847,-13.123804092407227,-41.23747253417969,1.5286369323730469,-50.043479919433597,23.21728515625,-37.17381286621094,-53.376434326171878,54.037109375,30.28840446472168,54.760223388671878,27.79127311706543,-40.107994079589847,-50.364959716796878,44.34996032714844,-33.68303680419922,-50.66087341308594,-19.330467224121095,36.353057861328128,41.27758026123047,13.239662170410157,-56.529632568359378,56.387672424316409,-28.439048767089845,-17.568933486938478,44.36323547363281,-19.61334991455078,-47.71333312988281,-39.02056121826172,50.44505310058594,0.6502876281738281,6.87872314453125,-6.544023513793945,25.11963653564453,53.09808349609375,57.17316436767578,-20.69590187072754,41.12750244140625,5.913797378540039,27.025136947631837,-19.094589233398439,25.03314781188965,-40.400962829589847,18.620023727416993,-7.793205261230469,11.064428329467774,30.074554443359376,-14.985099792480469,9.816192626953125,-16.834680557250978,40.718475341796878,22.040603637695314,6.148017883300781,49.87774658203125,50.70777130126953,6.739145278930664,7.537015914916992,45.094154357910159,-59.39826965332031],"legSizes":[0.1305800974369049,0.16008886694908143,0.2836834192276001,0.21819698810577393,0.3400287926197052,0.1886271983385086,0.3747515082359314,0.2086462378501892,0.15309086441993714,0.4638060927391052,0.4125363230705261,0.15384316444396974,0.4119856357574463,0.4828866124153137,0.4562300741672516,0.17631998658180238,0.23009207844734193,0.3893528878688812,0.30559688806533816,0.1108175739645958,0.14408832788467408,0.2180481255054474,0.1384483277797699,0.4099358022212982],"bodySizes":[2.1841397285461427,1.6643319129943848,2.20074462890625],"springs":[],"dumpers":[],"name":8068,"generation":231,"distance":29.33539581298828,"reward":-75.62151336669922}]}