{"geneDatas":[{"angles":[16.223058700561525,2.1276779174804689,16.360044479370118,-33.09288024902344,-40.69291687011719,58.495033264160159,32.933250427246097,-39.419647216796878,16.318700790405275,-32.5543212890625,41.343353271484378,38.93206787109375,-33.44279479980469,36.888084411621097,-55.25817108154297,23.11988067626953,55.265464782714847,-58.58330535888672,30.38190269470215,-16.772268295288087,-12.812841415405274,26.406597137451173,10.523391723632813,-5.607398986816406,50.762001037597659,31.096412658691408,17.330989837646486,-24.98876953125,-30.417152404785158,-43.079864501953128,30.28840446472168,-49.044586181640628,44.722434997558597,-40.107994079589847,-50.364959716796878,58.911964416503909,-33.68303680419922,-58.81517791748047,4.2710723876953129,30.600828170776368,23.254562377929689,-37.16668701171875,-47.79194641113281,56.387672424316409,-28.439048767089845,-59.53123474121094,44.36323547363281,27.279094696044923,-53.69391632080078,-30.983118057250978,50.44505310058594,-47.76873779296875,2.865093231201172,-18.8347225189209,47.29712677001953,-49.92041778564453,57.17316436767578,-22.14306640625,52.26569366455078,31.231382369995118,-39.11394500732422,19.41957664489746,20.409391403198243,-1.0936050415039063,-37.037803649902347,58.17399597167969,11.064428329467774,-43.27021026611328,-32.95811462402344,-37.37640380859375,47.99885177612305,52.494895935058597,-18.51287078857422,6.148017883300781,-55.53880310058594,50.70777130126953,-45.76606750488281,7.537015914916992,-58.908294677734378,37.37345504760742],"legSizes":[0.31596362590789797,0.3726990222930908,0.497774213552475,0.4957287311553955,0.11730213463306427,0.19487953186035157,0.44476160407066347,0.30046942830085757,0.3466586768627167,0.32342082262039187,0.46821635961532595,0.22664597630500794,0.11500082165002823,0.44498953223228457,0.4562300741672516,0.1595468521118164,0.16234979033470155,0.4652453362941742,0.3517516553401947,0.1108175739645958,0.24076926708221436,0.21850097179412843,0.12161922454833985,0.46635445952415469],"bodySizes":[2.097437858581543,1.6983838081359864,2.2457683086395265],"springs":[],"dumpers":[],"name":5979,"generation":172,"distance":27.894351959228517,"reward":-27.894351959228517},{"angles":[-10.33575439453125,26.172134399414064,-46.501708984375,-33.09288024902344,-40.69291687011719,-52.18504333496094,32.933250427246097,-39.419647216796878,16.318700790405275,-32.5543212890625,41.343353271484378,38.93206787109375,-33.44279479980469,36.888084411621097,-55.25817108154297,-2.6475830078125,55.265464782714847,-58.58330535888672,30.38190269470215,-16.772268295288087,-12.812841415405274,26.406597137451173,10.523391723632813,-5.607398986816406,42.13335418701172,-29.977975845336915,17.330989837646486,-18.058067321777345,-32.491737365722659,-21.71826171875,45.15586853027344,-55.22991943359375,44.722434997558597,-40.107994079589847,-50.364959716796878,58.911964416503909,-33.68303680419922,32.12335205078125,58.43052673339844,30.600828170776368,-23.717042922973634,-37.16668701171875,-47.79194641113281,56.387672424316409,-28.439048767089845,-59.29754638671875,44.36323547363281,-38.83843994140625,-47.71333312988281,-30.983118057250978,50.44505310058594,1.6324081420898438,2.865093231201172,-6.544023513793945,47.29712677001953,-52.87108612060547,57.17316436767578,-22.14306640625,52.26569366455078,12.37646484375,-14.932558059692383,19.41957664489746,20.409391403198243,11.765693664550782,-37.037803649902347,58.17399597167969,11.064428329467774,-43.27021026611328,18.93287467956543,-37.37640380859375,-16.84716796875,37.421234130859378,36.18465805053711,6.148017883300781,-33.46314239501953,50.70777130126953,-40.324127197265628,7.537015914916992,39.123313903808597,-33.494407653808597],"legSizes":[0.371655136346817,0.3726990222930908,0.497774213552475,0.21819698810577393,0.18277259171009065,0.37045177817344668,0.10019250214099884,0.2086462378501892,0.42025190591812136,0.22255714237689973,0.34618061780929568,0.10017728805541992,0.31324994564056399,0.28562042117118838,0.4562300741672516,0.4214284420013428,0.27396467328071597,0.4652453362941742,0.46856290102005007,0.1359477937221527,0.24076926708221436,0.1989630162715912,0.12174911797046662,0.34801408648490908],"bodySizes":[2.0974133014678957,1.6983933448791505,2.2457826137542726],"springs":[],"dumpers":[],"name":5979,"generation":172,"distance":27.894351959228517,"reward":-29.7364559173584},{"angles":[13.550683975219727,26.172134399414064,-46.501708984375,-33.09288024902344,-40.69291687011719,-52.18504333496094,32.933250427246097,25.421918869018556,-48.7691650390625,-41.911354064941409,41.343353271484378,38.93206787109375,-0.06462478637695313,36.888084411621097,-55.25817108154297,23.11988067626953,55.265464782714847,49.1287841796875,43.29689025878906,-23.30870246887207,-36.82378387451172,31.325939178466798,10.523391723632813,-50.520286560058597,42.13335418701172,57.63127136230469,17.330989837646486,-24.98876953125,-32.491737365722659,-21.71826171875,30.28840446472168,43.17439270019531,44.722434997558597,-40.107994079589847,-33.13470458984375,-59.22407531738281,-33.68303680419922,-2.3418960571289064,58.43052673339844,30.600828170776368,-23.717042922973634,-37.16668701171875,-47.79194641113281,56.387672424316409,-28.439048767089845,-59.29754638671875,44.36323547363281,-49.90013122558594,-47.71333312988281,-30.983118057250978,50.44505310058594,-50.228187561035159,2.865093231201172,-6.544023513793945,47.29712677001953,-52.87108612060547,57.17316436767578,-22.14306640625,52.26569366455078,12.37646484375,-14.932558059692383,19.41957664489746,20.409391403198243,11.765693664550782,-37.037803649902347,58.17399597167969,11.064428329467774,-43.27021026611328,8.772188186645508,-37.37640380859375,-16.84716796875,-17.969362258911134,36.18465805053711,6.148017883300781,-33.46314239501953,50.70777130126953,-40.324127197265628,24.012737274169923,39.123313903808597,-33.494407653808597],"legSizes":[0.1916731894016266,0.3726990222930908,0.497774213552475,0.21819698810577393,0.17764511704444886,0.19392609596252442,0.22466786205768586,0.2086462378501892,0.42025190591812136,0.4258805811405182,0.46821635961532595,0.2666223347187042,0.11500082165002823,0.3792055547237396,0.4261893630027771,0.1448366641998291,0.45538315176963808,0.4652453362941742,0.25654643774032595,0.1108175739645958,0.24076926708221436,0.1989630162715912,0.12161922454833985,0.34801408648490908],"bodySizes":[2.097440242767334,1.6983823776245118,2.2457680702209474],"springs":[],"dumpers":[],"name":5979,"generation":172,"distance":27.894351959228517,"reward":-29.9656982421875}]}