{"geneDatas":[{"angles":[24.342641830444337,33.49589538574219,-43.95482635498047,-50.11518096923828,8.91986083984375,6.998626708984375,-7.268135070800781,57.27818298339844,-5.859855651855469,-29.693946838378908,12.766050338745118,49.852882385253909,-24.486671447753908,-11.776350021362305,32.89508056640625,-29.39777374267578,-4.669769287109375,-4.294403076171875,48.05364227294922,-6.147186279296875,-46.680763244628909,-25.4261474609375,0.274993896484375,16.485471725463868,18.615371704101564,3.477924346923828,-30.908601760864259,14.055427551269532,-9.462409973144532,17.2303524017334,-45.537384033203128,-22.637022018432618,6.863672256469727,-30.573806762695314,47.779083251953128,-13.269760131835938,15.135869979858399,-54.05402374267578,19.680816650390626,22.05562400817871,-12.804359436035157,-42.229713439941409,-38.24944305419922,41.872230529785159,0.3018302917480469,9.520620346069336,-53.376319885253909,-30.945724487304689,-51.92889404296875,46.87618637084961,55.721923828125,-48.41326904296875,-50.29786682128906,-50.76670837402344,-44.91497039794922,-59.09349822998047,19.827360153198243,-16.11473274230957,59.42919921875,58.66551971435547,-57.673126220703128,47.099891662597659,-6.8963470458984379,-7.167840957641602,45.74748229980469,-40.46045684814453,-9.550958633422852,-34.332305908203128,-54.798362731933597,4.259498596191406,41.367889404296878,-21.7168025970459,47.252811431884769,13.114850997924805,-1.7376632690429688,42.4501953125,27.845489501953126,29.161762237548829,46.40943908691406,-9.524368286132813],"legSizes":[0.4570593237876892,0.42302021384239199,0.2691081762313843,0.18869324028491975,0.2308749556541443,0.2953229546546936,0.4685770571231842,0.13790884613990785,0.3833288550376892,0.33968332409858706,0.2605554759502411,0.3797757029533386,0.41846388578414919,0.4291671812534332,0.47883015871047976,0.12436018139123917,0.13554102182388307,0.3071322739124298,0.11614523082971573,0.1933203637599945,0.4588155150413513,0.3311690092086792,0.3762655258178711,0.3023034334182739],"bodySizes":[2.0038633346557619,1.9139410257339478,2.0858991146087648],"springs":[],"dumpers":[],"name":24222,"generation":702,"distance":63.249595642089847,"reward":-63.249595642089847},{"angles":[59.01357650756836,16.288747787475587,19.562742233276368,13.128799438476563,8.91986083984375,-47.80413055419922,-30.835906982421876,57.27818298339844,-5.859855651855469,-29.693946838378908,12.766050338745118,-25.041282653808595,-24.486671447753908,-11.776350021362305,32.89508056640625,-9.415374755859375,-4.669769287109375,-4.294403076171875,48.05364227294922,26.925613403320314,-46.680763244628909,-25.4261474609375,0.274993896484375,19.228849411010743,18.615371704101564,3.477924346923828,-30.908601760864259,14.055427551269532,-9.462409973144532,17.2303524017334,-45.537384033203128,-20.080612182617189,6.863672256469727,51.24249267578125,47.779083251953128,-8.640352249145508,15.135869979858399,-54.05402374267578,19.680816650390626,22.05562400817871,19.306066513061525,-42.229713439941409,-38.24944305419922,41.872230529785159,0.3018302917480469,10.234872817993164,-53.376319885253909,59.692222595214847,-23.20989990234375,46.87618637084961,55.721923828125,-48.41326904296875,-50.29786682128906,-50.76670837402344,41.9222412109375,-58.76634216308594,19.827360153198243,-16.11473274230957,59.42919921875,58.66551971435547,-57.673126220703128,42.525474548339847,-6.8963470458984379,-7.167840957641602,45.74748229980469,23.48904037475586,-9.550958633422852,8.018753051757813,-54.798362731933597,4.259498596191406,41.367889404296878,-12.112533569335938,-18.885190963745118,13.114850997924805,3.836254119873047,42.4501953125,27.845489501953126,-55.669952392578128,-12.38029670715332,-40.17588806152344],"legSizes":[0.3278513252735138,0.23065879940986634,0.39036279916763308,0.30170366168022158,0.2308749556541443,0.2953229546546936,0.4685770571231842,0.13790884613990785,0.4366893172264099,0.33968332409858706,0.30997440218925478,0.3797757029533386,0.1569536328315735,0.4291671812534332,0.47883015871047976,0.476858526468277,0.13554102182388307,0.46073779463768008,0.4426870346069336,0.235984206199646,0.2743901014328003,0.3311690092086792,0.3762655258178711,0.3023034334182739],"bodySizes":[1.9882938861846924,1.9214200973510743,2.094050168991089],"springs":[],"dumpers":[],"name":24222,"generation":702,"distance":63.249595642089847,"reward":-79.01012420654297},{"angles":[24.342641830444337,33.49589538574219,-43.95482635498047,-50.11518096923828,8.91986083984375,6.998626708984375,-30.835906982421876,57.27818298339844,-5.859855651855469,-29.693946838378908,12.766050338745118,49.852882385253909,-24.486671447753908,-11.776350021362305,32.89508056640625,-22.182762145996095,-4.669769287109375,-4.294403076171875,48.05364227294922,-6.147186279296875,-7.11943244934082,-45.60130310058594,-21.938331604003908,-44.89039611816406,-0.25635528564453127,31.76984214782715,-31.51921844482422,38.59065246582031,53.11920928955078,17.2303524017334,-45.537384033203128,-22.637022018432618,-4.272600173950195,-30.573806762695314,47.779083251953128,-55.50917053222656,-46.56846618652344,-54.05402374267578,30.034847259521486,-10.84587287902832,52.43207931518555,-8.589414596557618,-33.17250061035156,20.500545501708986,-26.693252563476564,36.669700622558597,-53.376319885253909,24.417585372924806,15.889005661010743,46.288875579833987,55.721923828125,11.784576416015625,-50.29786682128906,50.58367156982422,-35.93095397949219,-59.09349822998047,-40.282470703125,-28.883005142211915,-29.64434051513672,-34.56877136230469,-44.64886474609375,-23.488805770874025,45.984031677246097,-15.19903564453125,-22.530906677246095,38.460914611816409,41.82154846191406,-49.139930725097659,-54.798362731933597,-33.400909423828128,-22.214048385620118,-2.8636322021484377,46.435386657714847,-2.750896453857422,17.845272064208986,-10.035560607910157,-21.782249450683595,1.5373077392578126,-58.60386657714844,-9.524368286132813],"legSizes":[0.4570593237876892,0.42302021384239199,0.2691081762313843,0.18869324028491975,0.2308749556541443,0.2200002372264862,0.2590499520301819,0.13790884613990785,0.308923602104187,0.2965805232524872,0.19891400635242463,0.4556770324707031,0.3044523000717163,0.24877174198627473,0.16398319602012635,0.4443245828151703,0.3325713872909546,0.27320390939712527,0.43434539437294009,0.25623753666877749,0.401604562997818,0.44181865453720095,0.28768402338027956,0.3023034334182739],"bodySizes":[2.0157785415649416,1.908276081085205,2.0797252655029299],"springs":[],"dumpers":[],"name":24222,"generation":702,"distance":63.249595642089847,"reward":-82.13642120361328}]}