{"geneDatas":[{"angles":[-44.563995361328128,-24.01795196533203,34.20241165161133,17.493764877319337,-16.613008499145509,35.78196716308594,6.045534133911133,9.662612915039063,29.5653076171875,-15.886266708374024,30.059906005859376,30.919002532958986,-10.124267578125,27.351119995117189,-54.513885498046878,57.66377258300781,10.210481643676758,-48.194915771484378,14.468801498413086,-55.03362274169922,9.638391494750977,46.208953857421878,18.116039276123048,-55.876983642578128,4.313199996948242,36.739295959472659,40.91654968261719,-28.808349609375,48.14134216308594,42.26110076904297,-37.894508361816409,36.69822692871094,26.919536590576173,13.975288391113282,12.986234664916993,-27.616432189941408,-33.68303680419922,39.18851852416992,1.4250106811523438,24.6474666595459,40.01786804199219,27.56629753112793,-54.796173095703128,-0.9407958984375,9.984878540039063,6.181562423706055,50.25666809082031,-23.330331802368165,-26.190641403198243,-27.187650680541993,50.44505310058594,0.9040336608886719,-1.29193115234375,-34.85481262207031,47.59092712402344,28.732364654541017,57.17316436767578,16.527496337890626,-50.260406494140628,2.2740325927734377,-56.64183044433594,14.594429016113282,-32.357086181640628,-8.488821029663086,-17.83971405029297,35.51517868041992,5.82954216003418,-30.482025146484376,7.7344818115234379,-25.6633243560791,22.14784812927246,-2.312744140625,-34.903961181640628,-52.65459442138672,14.047685623168946,-57.34534454345703,-7.038795471191406,21.01258087158203,58.21552276611328,55.68471908569336],"legSizes":[0.2839813530445099,0.23923155665397645,0.44719401001930239,0.4860301911830902,0.3542998731136322,0.45946091413497927,0.2192041575908661,0.14465156197547913,0.20244595408439637,0.4380408823490143,0.3867436945438385,0.2038462907075882,0.10392989963293076,0.40553006529808047,0.446809858083725,0.4611452519893646,0.39681029319763186,0.15246978402137757,0.3045179545879364,0.11400824040174484,0.4119252562522888,0.12120261043310166,0.38970106840133669,0.4417826533317566],"bodySizes":[1.9673995971679688,1.7899515628814698,2.2717270851135256],"springs":[],"dumpers":[],"name":18434,"generation":526,"distance":48.01702880859375,"reward":-48.01702880859375},{"angles":[20.489255905151368,-24.01795196533203,-20.925355911254884,17.493764877319337,-55.29193115234375,41.81121826171875,6.045534133911133,7.697502136230469,29.5653076171875,15.52511215209961,42.45283126831055,30.919002532958986,44.690765380859378,37.12376022338867,-29.788619995117189,29.203031539916993,10.210481643676758,-19.081254959106447,14.468801498413086,45.90983581542969,-43.989959716796878,46.208953857421878,18.116039276123048,-3.0683822631835939,-49.063507080078128,-26.581069946289064,58.64539337158203,-10.020269393920899,37.65467834472656,11.2208251953125,-37.894508361816409,58.076904296875,16.982200622558595,48.45384216308594,35.083824157714847,7.942291259765625,-15.253767013549805,-36.07007598876953,1.4250106811523438,-40.869300842285159,41.88441467285156,33.810096740722659,-55.661956787109378,49.2091064453125,-24.491737365722658,-54.4320068359375,52.676666259765628,-9.247833251953125,-36.779266357421878,-27.187650680541993,50.44505310058594,-7.71644401550293,-20.59020233154297,55.36470031738281,47.59092712402344,-26.49207878112793,14.848199844360352,-25.693410873413087,-49.33685302734375,57.852516174316409,-5.979486465454102,14.594429016113282,-51.85658264160156,-8.488821029663086,-17.83971405029297,47.3668212890625,-7.054658889770508,-30.482025146484376,-40.35063934326172,51.95305633544922,22.14784812927246,-45.09779357910156,-34.903961181640628,56.12786102294922,20.755760192871095,-57.34534454345703,-7.038795471191406,21.01258087158203,52.779266357421878,-22.36962890625],"legSizes":[0.2284698784351349,0.4111595153808594,0.4856012761592865,0.1973469853401184,0.2930662930011749,0.45946091413497927,0.2192041575908661,0.14465156197547913,0.3192691206932068,0.4380408823490143,0.3867436945438385,0.2038462907075882,0.10392989963293076,0.40553006529808047,0.4615437388420105,0.4611452519893646,0.14030203223228455,0.15246978402137757,0.16883587837219239,0.16898679733276368,0.20332187414169312,0.12120261043310166,0.22931835055351258,0.20312698185443879],"bodySizes":[1.978355884552002,1.7834253311157227,2.2674131393432619],"springs":[],"dumpers":[],"name":18434,"generation":526,"distance":48.01702880859375,"reward":-55.29736328125},{"angles":[-29.851821899414064,-24.01795196533203,-20.925355911254884,17.493764877319337,51.062591552734378,1.7301826477050782,6.045534133911133,7.697502136230469,29.5653076171875,-34.05200958251953,-44.63905334472656,30.919002532958986,44.690765380859378,35.639190673828128,37.942543029785159,29.203031539916993,10.210481643676758,-19.081254959106447,14.468801498413086,-55.03362274169922,-43.989959716796878,46.208953857421878,18.116039276123048,-3.0683822631835939,-16.70075798034668,-26.581069946289064,58.64539337158203,-10.020269393920899,37.65467834472656,42.26110076904297,-26.741546630859376,58.076904296875,16.982200622558595,-50.09324645996094,35.083824157714847,7.942291259765625,-15.253767013549805,-36.07007598876953,1.4250106811523438,-40.869300842285159,-0.7719955444335938,48.993370056152347,-55.661956787109378,49.2091064453125,-24.491737365722658,-54.4320068359375,52.676666259765628,-17.80036163330078,-36.779266357421878,-27.187650680541993,50.44505310058594,-7.71644401550293,-20.59020233154297,55.36470031738281,47.59092712402344,-26.49207878112793,14.848199844360352,-25.693410873413087,-49.33685302734375,57.852516174316409,-5.979486465454102,14.594429016113282,-51.85658264160156,32.288787841796878,-17.83971405029297,47.3668212890625,-7.054658889770508,-30.482025146484376,-40.35063934326172,51.95305633544922,22.14784812927246,-45.09779357910156,-34.903961181640628,56.12786102294922,20.755760192871095,-57.34534454345703,-7.038795471191406,21.01258087158203,52.779266357421878,-22.36962890625],"legSizes":[0.3150677978992462,0.4111595153808594,0.4856012761592865,0.1973469853401184,0.2930662930011749,0.45946091413497927,0.2192041575908661,0.14465156197547913,0.3192691206932068,0.4380408823490143,0.3867436945438385,0.2038462907075882,0.27679869532585146,0.40553006529808047,0.4615437388420105,0.4611452519893646,0.14030203223228455,0.15246978402137757,0.16883587837219239,0.16898679733276368,0.20332187414169312,0.12120261043310166,0.22931835055351258,0.20312698185443879],"bodySizes":[2.0956332683563234,1.7328041791915894,2.203054428100586],"springs":[],"dumpers":[],"name":18434,"generation":526,"distance":48.01702880859375,"reward":-59.67345428466797}]}