{"geneDatas":[{"angles":[6.202432632446289,-57.19908905029297,44.30205535888672,-39.90454864501953,-38.53999328613281,21.67015838623047,17.652883529663087,25.224721908569337,43.72969055175781,48.25653076171875,-7.443159103393555,-13.711801528930664,4.907890319824219,-7.180000305175781,-29.788619995117189,59.777923583984378,29.697975158691408,23.434537887573243,22.115978240966798,24.077281951904298,-43.989959716796878,-24.384864807128908,18.116039276123048,-39.462860107421878,33.10322189331055,3.0809707641601564,22.244482040405275,30.772445678710939,-14.326021194458008,16.32229232788086,22.371780395507814,58.076904296875,16.675613403320314,-7.885414123535156,12.986234664916993,14.79429817199707,-33.68303680419922,-54.05402374267578,30.53651237487793,8.366952896118164,40.01786804199219,49.18968200683594,-54.796173095703128,57.7606201171875,27.75880241394043,-6.519990921020508,50.25666809082031,24.417585372924806,-53.28570556640625,-34.088356018066409,50.44505310058594,-8.426576614379883,-1.29193115234375,-19.345930099487306,47.59092712402344,29.322065353393556,57.17316436767578,-50.62745666503906,25.895503997802736,2.2740325927734377,-37.371482849121097,7.713111877441406,-6.8963470458984379,57.321937561035159,-17.83971405029297,-35.75593566894531,-7.054658889770508,-58.16096496582031,17.255643844604493,51.95305633544922,41.79462432861328,22.305721282958986,-34.903961181640628,-9.886917114257813,17.845272064208986,43.85497283935547,-7.038795471191406,9.753061294555664,37.38984680175781,-57.237953186035159],"legSizes":[0.2317076027393341,0.14242172241210938,0.4856012761592865,0.2585454285144806,0.3202398419380188,0.14853496849536897,0.2043728530406952,0.14465156197547913,0.1819462776184082,0.11302828788757324,0.3867436945438385,0.11865673214197159,0.4465673863887787,0.40566712617874148,0.21981313824653626,0.15092507004737855,0.1509217768907547,0.17039233446121217,0.16883587837219239,0.16898679733276368,0.445168673992157,0.27301037311553957,0.2715266942977905,0.4789184629917145],"bodySizes":[2.0571818351745607,1.825205683708191,2.130617618560791],"springs":[],"dumpers":[],"name":20128,"generation":574,"distance":43.881893157958987,"reward":-43.881893157958987},{"angles":[6.202432632446289,-57.19908905029297,44.30205535888672,-39.90454864501953,-38.53999328613281,21.67015838623047,17.652883529663087,25.224721908569337,29.5653076171875,48.25653076171875,-7.443159103393555,-13.711801528930664,4.907890319824219,-59.52082061767578,-29.788619995117189,59.777923583984378,10.210481643676758,-15.71307373046875,14.468801498413086,25.832876205444337,-43.989959716796878,-24.384864807128908,18.116039276123048,-39.462860107421878,33.10322189331055,3.0809707641601564,36.889739990234378,24.810531616210939,43.31208038330078,11.301048278808594,22.371780395507814,58.076904296875,26.919536590576173,-7.885414123535156,3.6004905700683595,14.79429817199707,-33.68303680419922,6.705385208129883,30.53651237487793,-58.490440368652347,31.375349044799806,40.71495819091797,-51.79248046875,57.7606201171875,27.75880241394043,33.542877197265628,38.776885986328128,24.417585372924806,-15.922113418579102,-46.59419250488281,50.44505310058594,-8.426576614379883,-1.29193115234375,-41.84105682373047,29.28759002685547,29.322065353393556,57.17316436767578,27.940778732299806,-42.580322265625,2.2740325927734377,14.166147232055664,7.713111877441406,-6.8963470458984379,-46.39476013183594,-17.83971405029297,14.140813827514649,-7.054658889770508,-58.16096496582031,-8.372718811035157,51.95305633544922,41.79462432861328,-33.167694091796878,-11.85004997253418,-9.886917114257813,17.845272064208986,43.85497283935547,-7.038795471191406,9.753061294555664,-11.018564224243164,54.491485595703128],"legSizes":[0.43414193391799929,0.12832483649253846,0.4856012761592865,0.405884325504303,0.4180305004119873,0.1783687174320221,0.4187811017036438,0.12115831673145294,0.1367914229631424,0.11302828788757324,0.2889384925365448,0.2038462907075882,0.36847567558288576,0.23474839329719544,0.492887020111084,0.3358615040779114,0.2381111979484558,0.17039233446121217,0.16883587837219239,0.16898679733276368,0.12321863323450089,0.20496982336044312,0.4541934132575989,0.20312698185443879],"bodySizes":[2.058365821838379,1.8147481679916382,2.14166259765625],"springs":[],"dumpers":[],"name":20128,"generation":574,"distance":43.881893157958987,"reward":-69.72882080078125},{"angles":[6.202432632446289,-57.19908905029297,44.30205535888672,-39.90454864501953,-38.53999328613281,21.67015838623047,17.652883529663087,25.224721908569337,29.5653076171875,48.25653076171875,-7.443159103393555,-13.711801528930664,4.907890319824219,54.895660400390628,-29.788619995117189,59.777923583984378,10.210481643676758,23.434537887573243,22.115978240966798,25.832876205444337,-43.989959716796878,-24.384864807128908,18.116039276123048,-39.462860107421878,33.10322189331055,3.0809707641601564,22.244482040405275,30.772445678710939,-14.326021194458008,16.32229232788086,22.371780395507814,58.076904296875,26.919536590576173,-7.885414123535156,12.986234664916993,14.79429817199707,-33.68303680419922,-54.05402374267578,30.53651237487793,8.366952896118164,40.01786804199219,49.18968200683594,-54.796173095703128,57.7606201171875,27.75880241394043,6.181562423706055,50.25666809082031,-39.907005310058597,-22.625564575195314,-27.187650680541993,54.126121520996097,0.9040336608886719,15.029424667358399,2.9591903686523439,47.59092712402344,-33.043426513671878,57.17316436767578,-50.62745666503906,0.6837348937988281,-44.10917663574219,29.266231536865236,-52.64601135253906,-32.357086181640628,26.504371643066408,-32.345123291015628,47.3668212890625,54.96556091308594,-30.482025146484376,30.77047348022461,16.298274993896486,41.79462432861328,48.20392990112305,-34.903961181640628,52.30314636230469,20.755760192871095,43.85497283935547,2.6098175048828127,35.33848190307617,37.38984680175781,-12.522247314453125],"legSizes":[0.2317076027393341,0.14242172241210938,0.4856012761592865,0.2585454285144806,0.3202398419380188,0.14853496849536897,0.2043728530406952,0.14465156197547913,0.1819462776184082,0.11302828788757324,0.3867436945438385,0.2038462907075882,0.4308701455593109,0.23474839329719544,0.21981313824653626,0.15092507004737855,0.2381111979484558,0.17039233446121217,0.16883587837219239,0.16898679733276368,0.4470652639865875,0.27301037311553957,0.2096787691116333,0.20312698185443879],"bodySizes":[2.113584518432617,1.840216875076294,2.056844472885132],"springs":[],"dumpers":[],"name":20128,"generation":574,"distance":43.881893157958987,"reward":-70.33612823486328}]}