{"geneDatas":[{"angles":[0.08659744262695313,40.159332275390628,6.118204116821289,-38.65980529785156,-56.152069091796878,-7.890495300292969,22.812820434570314,30.63381576538086,-16.542755126953126,52.80461120605469,-12.033554077148438,35.584930419921878,-3.112957000732422,-9.81873893737793,2.644420623779297,-58.39054870605469,12.295454025268555,-39.34172821044922,-31.553192138671876,-46.377479553222659,-59.00187683105469,-44.38233184814453,30.54193115234375,-55.05095672607422,-49.22746276855469,50.66508483886719,28.884944915771486,-41.39366912841797,59.88317108154297,37.78340148925781,23.964170455932618,26.172277450561525,9.810783386230469,48.34502410888672,27.102439880371095,4.4083709716796879,-33.68303680419922,-38.29291534423828,11.293365478515625,6.644317626953125,10.08465576171875,24.719709396362306,-55.661956787109378,20.42804527282715,11.792701721191407,-19.161592483520509,52.676666259765628,24.41657066345215,-33.95753479003906,-33.791725158691409,32.75926971435547,-39.37104034423828,23.939178466796876,-14.945060729980469,25.11963653564453,-13.698427200317383,57.17316436767578,5.438682556152344,-44.806251525878909,-17.239328384399415,21.340084075927736,-17.012664794921876,-5.294775009155273,56.482086181640628,33.67714309692383,37.482460021972659,44.242759704589847,-48.207252502441409,19.373945236206056,-13.45063591003418,14.359411239624024,-37.495208740234378,5.789030075073242,-1.3688774108886719,4.612678527832031,23.172582626342775,-45.45661926269531,24.662145614624025,19.91667938232422,55.68471908569336],"legSizes":[0.35939091444015505,0.2992858588695526,0.46227747201919558,0.19581174850463868,0.3402881324291229,0.1098724827170372,0.16539545357227326,0.14291030168533326,0.3887823522090912,0.1312631070613861,0.3256366550922394,0.10478401184082031,0.46931180357933047,0.27337712049484255,0.33993232250213625,0.40494608879089358,0.21260769665241242,0.37516531348228457,0.12864717841148377,0.17788606882095338,0.14316368103027345,0.3894388675689697,0.292131245136261,0.41288599371910097],"bodySizes":[2.0623631477355959,1.835595965385437,2.113234519958496],"springs":[],"dumpers":[],"name":14237,"generation":406,"distance":38.118560791015628,"reward":-38.118560791015628},{"angles":[-18.131181716918947,-34.50712585449219,6.118204116821289,-38.65980529785156,23.037155151367189,-7.890495300292969,22.812820434570314,28.773921966552736,-16.069557189941408,-57.769874572753909,-12.033554077148438,54.52726364135742,-3.112957000732422,-9.81873893737793,29.932662963867189,51.79444122314453,12.295454025268555,16.01600456237793,-17.07928466796875,-23.59479331970215,-57.63055419921875,33.65980529785156,-1.3575210571289063,43.99120330810547,-28.294296264648439,-6.657463073730469,-2.4596710205078127,22.383642196655275,-51.046974182128909,22.872533798217775,-10.429079055786133,4.347831726074219,-30.98662567138672,0.35845184326171877,-6.298677444458008,49.681549072265628,-33.68303680419922,4.172365188598633,-34.768165588378909,-25.635515213012697,-20.887475967407228,50.17730712890625,-55.661956787109378,-2.7192649841308595,8.491310119628907,-19.161592483520509,44.36323547363281,38.814483642578128,-33.95753479003906,-13.811637878417969,50.44505310058594,-39.37104034423828,46.050167083740237,4.1712493896484379,25.11963653564453,10.68707275390625,57.17316436767578,25.643630981445314,-44.806251525878909,2.7706642150878908,-37.17106628417969,-17.012664794921876,-50.095008850097659,-24.977724075317384,-52.59259796142578,37.482460021972659,44.242759704589847,-48.207252502441409,39.990631103515628,-13.45063591003418,-28.00615882873535,23.514373779296876,-54.867698669433597,-1.3688774108886719,4.612678527832031,23.172582626342775,-45.45661926269531,38.3869743347168,19.91667938232422,55.68471908569336],"legSizes":[0.31042540073394778,0.2992858588695526,0.46227747201919558,0.19581174850463868,0.24900901317596436,0.2408812791109085,0.16539545357227326,0.14291030168533326,0.303061306476593,0.1312631070613861,0.3256366550922394,0.10478401184082031,0.46931180357933047,0.27337712049484255,0.4562300741672516,0.40494608879089358,0.17801304161548615,0.37516531348228457,0.16383381187915803,0.16898679733276368,0.40264201164245608,0.3894388675689697,0.11029739677906037,0.15557947754859925],"bodySizes":[2.070397138595581,1.842746615409851,2.0968666076660158],"springs":[],"dumpers":[],"name":14237,"generation":406,"distance":38.118560791015628,"reward":-47.928653717041019},{"angles":[44.364349365234378,51.83872985839844,-35.4259033203125,-28.19696044921875,23.037155151367189,-52.366058349609378,9.096601486206055,30.63381576538086,-33.54393768310547,40.282745361328128,59.649253845214847,47.0089111328125,12.896970748901368,-47.32825469970703,29.932662963867189,-17.852073669433595,36.32795333862305,21.177892684936525,11.063425064086914,-23.59479331970215,-57.63055419921875,-3.6133499145507814,-1.3575210571289063,47.182533264160159,47.40560531616211,9.798624038696289,-2.4596710205078127,21.139007568359376,-8.831626892089844,51.35181427001953,-4.5168914794921879,4.347831726074219,-30.98662567138672,-30.764892578125,-6.298677444458008,-7.085329055786133,-39.88074493408203,-56.54130554199219,-34.768165588378909,-35.35985565185547,-10.733335494995118,50.17730712890625,-55.661956787109378,-21.927818298339845,8.491310119628907,-19.161592483520509,43.97742462158203,38.814483642578128,-33.95753479003906,-13.811637878417969,50.44505310058594,-57.01313781738281,46.050167083740237,4.1712493896484379,25.11963653564453,3.3986167907714845,57.17316436767578,35.63170623779297,-15.765558242797852,53.16254425048828,-37.17106628417969,-17.012664794921876,50.838233947753909,-24.977724075317384,-12.456787109375,37.482460021972659,44.242759704589847,-4.052274703979492,-58.809600830078128,-29.859060287475587,-28.00615882873535,2.743743896484375,-13.097940444946289,-1.3688774108886719,4.612678527832031,23.172582626342775,-45.45661926269531,38.3869743347168,19.91667938232422,55.68471908569336],"legSizes":[0.31042540073394778,0.2992858588695526,0.46227747201919558,0.19581174850463868,0.24900901317596436,0.3874909281730652,0.34684374928474429,0.14465156197547913,0.3784483075141907,0.29974788427352908,0.3256366550922394,0.10478401184082031,0.46931180357933047,0.24034541845321656,0.4562300741672516,0.148590087890625,0.17801304161548615,0.37516531348228457,0.45724838972091677,0.16898679733276368,0.40264201164245608,0.3894388675689697,0.292131245136261,0.15557947754859925],"bodySizes":[2.0412607192993166,1.894150733947754,2.0690789222717287],"springs":[],"dumpers":[],"name":14237,"generation":406,"distance":38.118560791015628,"reward":-49.71562576293945}]}