{"geneDatas":[{"angles":[-2.497394561767578,17.875499725341798,-12.916023254394532,-29.425443649291993,-37.30821228027344,2.192638397216797,-25.093780517578126,44.29717254638672,48.59162902832031,57.50440216064453,18.11605453491211,47.0089111328125,-3.2339630126953127,41.19658660888672,-55.397254943847659,-25.312477111816408,-14.885810852050782,59.85430145263672,-19.91850471496582,-24.85341453552246,-33.208152770996097,47.348541259765628,-52.442405700683597,-54.299095153808597,32.23614501953125,-39.152923583984378,29.739402770996095,10.820953369140625,6.081338882446289,14.233396530151368,0.2303924560546875,19.891502380371095,59.813072204589847,16.94582176208496,-28.48224639892578,-47.692840576171878,-33.68303680419922,-30.563491821289064,-17.79096221923828,-35.35985565185547,41.73930358886719,-10.39801025390625,-56.529632568359378,31.503437042236329,8.491310119628907,-24.11174964904785,44.36323547363281,-13.963600158691407,-33.95753479003906,33.42056655883789,50.44505310058594,-58.75910186767578,6.87872314453125,18.261878967285158,25.11963653564453,-7.190156936645508,57.17316436767578,-22.14306640625,41.12750244140625,12.37646484375,-39.226341247558597,-17.012664794921876,20.267370223999025,-52.01225280761719,59.59522247314453,37.482460021972659,8.781829833984375,-29.903717041015626,5.927873611450195,-16.607473373413087,23.15345573425293,37.421234130859378,20.587934494018556,-18.172697067260743,-14.93644905090332,45.372100830078128,45.29621505737305,45.849281311035159,3.10626220703125,-46.520263671875],"legSizes":[0.29863759875297549,0.3073575794696808,0.46139341592788699,0.4523794651031494,0.25147730112075808,0.11361493915319443,0.34450167417526247,0.2501867413520813,0.3784483075141907,0.4596770405769348,0.27505797147750857,0.254639208316803,0.17037411034107209,0.44443053007125857,0.4562300741672516,0.1060699000954628,0.41151994466781618,0.3921681046485901,0.2895489037036896,0.16898679733276368,0.16936859488487245,0.33433425426483157,0.37824004888534548,0.2658281624317169],"bodySizes":[2.1361823081970217,1.6999551057815552,2.202998638153076],"springs":[],"dumpers":[],"name":10416,"generation":298,"distance":28.745290756225587,"reward":4.253976821899414},{"angles":[57.904273986816409,26.773107528686525,-40.078514099121097,-52.197418212890628,22.31275749206543,2.0844497680664064,-16.0981388092041,44.29717254638672,48.314552307128909,-38.00414276123047,53.73692321777344,46.14775848388672,-24.235275268554689,-43.79795837402344,35.48280334472656,27.286575317382814,-39.935218811035159,47.37335968017578,31.265914916992189,-55.31951141357422,-25.31092071533203,41.52953338623047,5.891927719116211,8.734809875488282,-46.533538818359378,-39.152923583984378,29.739402770996095,12.488672256469727,-53.376434326171878,14.233396530151368,45.782806396484378,19.891502380371095,-30.413917541503908,16.94582176208496,53.75605773925781,-23.00876808166504,-5.964080810546875,-53.750022888183597,0.06497955322265625,-35.35985565185547,41.73930358886719,-10.39801025390625,-44.501853942871097,31.503437042236329,-52.480628967285159,5.35255241394043,44.36323547363281,24.299039840698243,-33.95753479003906,33.42056655883789,50.44505310058594,-45.41058349609375,18.924236297607423,18.261878967285158,44.581390380859378,-7.190156936645508,57.17316436767578,-53.401893615722659,-39.83830261230469,12.37646484375,-39.226341247558597,-26.112863540649415,10.662025451660157,10.976150512695313,11.299644470214844,25.16933250427246,8.781829833984375,-39.96913146972656,-47.93060302734375,35.48436737060547,23.15345573425293,37.421234130859378,46.68396759033203,47.95652389526367,2.133899688720703,44.826393127441409,37.29924011230469,45.849281311035159,-1.3789215087890626,11.574317932128907],"legSizes":[0.1885475218296051,0.46902337670326235,0.4321272373199463,0.3178946375846863,0.17599554359912873,0.17079472541809083,0.1779458075761795,0.22312529385089875,0.24977119266986848,0.2886963188648224,0.18323536217212678,0.4705439507961273,0.49224919080734255,0.42482224106788638,0.20260947942733766,0.2795235514640808,0.19570155441761018,0.3921681046485901,0.4306797981262207,0.16898679733276368,0.2346990406513214,0.3894388675689697,0.4335329532623291,0.18957120180130006],"bodySizes":[2.2242038249969484,1.8204017877578736,1.9758235216140748],"springs":[],"dumpers":[],"name":10416,"generation":298,"distance":28.745290756225587,"reward":-45.59360885620117},{"angles":[-2.497394561767578,17.875499725341798,-12.916023254394532,50.583885192871097,-37.30821228027344,2.192638397216797,7.06117057800293,44.29717254638672,3.2283287048339845,57.50440216064453,18.11605453491211,10.499902725219727,-3.2339630126953127,41.19658660888672,-40.613311767578128,-25.312477111816408,-14.885810852050782,47.37335968017578,9.886299133300782,-20.01003074645996,-25.31092071533203,41.52953338623047,5.891927719116211,2.1613540649414064,-40.213134765625,-23.287818908691408,48.32380676269531,6.252214431762695,-53.376434326171878,5.360589981079102,-56.06980895996094,3.9588050842285158,21.66181755065918,56.66553497314453,30.62066650390625,10.412612915039063,-33.68303680419922,-8.688377380371094,-22.633832931518556,36.353057861328128,15.959785461425782,38.914344787597659,-56.529632568359378,49.86029052734375,18.888700485229493,2.2448081970214845,-54.90922546386719,-58.82347869873047,-33.95753479003906,28.591171264648439,50.44505310058594,-45.41058349609375,6.87872314453125,18.261878967285158,25.11963653564453,8.468805313110352,57.17316436767578,-13.307754516601563,-39.83830261230469,12.37646484375,-39.226341247558597,-11.980812072753907,10.662025451660157,-24.977724075317384,41.093833923339847,-26.109289169311525,8.781829833984375,-39.96913146972656,5.927873611450195,35.48436737060547,23.15345573425293,22.240774154663087,46.68396759033203,47.95652389526367,-19.775169372558595,44.826393127441409,37.29924011230469,45.849281311035159,25.676794052124025,11.574317932128907],"legSizes":[0.29863759875297549,0.3073575794696808,0.46139341592788699,0.4523794651031494,0.25147730112075808,0.11361493915319443,0.34450167417526247,0.2501867413520813,0.3784483075141907,0.4596770405769348,0.18323536217212678,0.254639208316803,0.49224919080734255,0.42482224106788638,0.20260947942733766,0.1060699000954628,0.20957177877426148,0.3921681046485901,0.4306797981262207,0.16898679733276368,0.2346990406513214,0.3894388675689697,0.3026965856552124,0.18957120180130006],"bodySizes":[2.2242791652679445,1.7700618505477906,2.0319464206695558],"springs":[],"dumpers":[],"name":10416,"generation":298,"distance":28.745290756225587,"reward":-64.37255096435547}]}