{"geneDatas":[{"angles":[51.40624237060547,26.172134399414064,37.4074592590332,-28.161455154418947,31.82245635986328,30.331634521484376,-58.52405548095703,25.421918869018556,17.791152954101564,-41.911354064941409,-27.51874351501465,-47.772789001464847,-1.6994972229003907,-57.25663757324219,-55.25817108154297,7.1792144775390629,55.265464782714847,47.37335968017578,30.38190269470215,-23.30870246887207,1.7563743591308594,-50.683677673339847,37.598350524902347,-41.23747253417969,1.5286369323730469,-50.043479919433597,23.21728515625,-24.98876953125,-53.376434326171878,-58.83821105957031,55.25178527832031,54.760223388671878,27.79127311706543,-40.107994079589847,-13.56208610534668,44.34996032714844,-33.68303680419922,-50.66087341308594,13.964574813842774,36.353057861328128,23.254562377929689,13.239662170410157,-56.529632568359378,56.387672424316409,-28.439048767089845,-17.568933486938478,44.36323547363281,24.820816040039064,-47.71333312988281,-39.02056121826172,50.44505310058594,-59.167266845703128,6.87872314453125,-14.941011428833008,25.11963653564453,-7.190156936645508,57.17316436767578,-22.14306640625,41.12750244140625,12.37646484375,-14.932558059692383,-31.309921264648439,44.37659454345703,23.493972778320314,20.50640869140625,58.17399597167969,-9.96240234375,-41.487335205078128,-59.25978088378906,-52.77760314941406,-16.84716796875,37.421234130859378,36.18465805053711,-11.362930297851563,49.87774658203125,50.70777130126953,3.3583908081054689,45.849281311035159,-48.778594970703128,-55.98137664794922],"legSizes":[0.34869205951690676,0.16008886694908143,0.2836834192276001,0.4646601676940918,0.3400287926197052,0.22127625346183778,0.3747515082359314,0.2285081148147583,0.1306145191192627,0.4638060927391052,0.1685050129890442,0.4282764792442322,0.35397952795028689,0.4828866124153137,0.4562300741672516,0.22485387325286866,0.22155612707138062,0.2551453709602356,0.2895489037036896,0.1108175739645958,0.14408832788467408,0.23338600993156434,0.4335329532623291,0.3846321702003479],"bodySizes":[2.209434986114502,1.6728107929229737,2.1645216941833498],"springs":[],"dumpers":[],"name":7967,"generation":228,"distance":57.27325439453125,"reward":-57.27325439453125},{"angles":[13.550683975219727,9.296430587768555,-53.42176818847656,-11.854484558105469,47.431884765625,30.331634521484376,30.202144622802736,25.421918869018556,17.713436126708986,-15.964700698852539,-27.51874351501465,38.93206787109375,35.249691009521487,36.888084411621097,-55.25817108154297,7.1792144775390629,10.954963684082032,49.1287841796875,30.38190269470215,-23.30870246887207,13.514305114746094,-32.695152282714847,10.523391723632813,-41.23747253417969,-23.325340270996095,-50.043479919433597,25.823820114135743,48.3450927734375,-41.703041076660159,-58.83821105957031,8.321279525756836,-21.02535057067871,8.697761535644532,-40.107994079589847,-50.364959716796878,23.53534507751465,39.98817443847656,-29.058258056640626,13.964574813842774,36.353057861328128,22.1845703125,-32.035736083984378,-33.64826202392578,56.387672424316409,-28.439048767089845,-59.29754638671875,44.36323547363281,-38.83843994140625,-13.876825332641602,-39.02056121826172,50.44505310058594,-45.41058349609375,6.87872314453125,-6.544023513793945,25.11963653564453,-7.190156936645508,57.17316436767578,-59.41374969482422,41.12750244140625,12.37646484375,-14.932558059692383,-31.309921264648439,44.37659454345703,23.493972778320314,-39.2569580078125,58.17399597167969,35.96651840209961,-12.990339279174805,-59.25978088378906,-52.77760314941406,8.851381301879883,37.421234130859378,-54.26588439941406,18.158065795898439,36.509925842285159,-38.52674865722656,13.009162902832032,39.705963134765628,39.123313903808597,-59.39826965332031],"legSizes":[0.16867537796497346,0.4784172475337982,0.16481728851795197,0.39205583930015566,0.4836243987083435,0.29366499185562136,0.3747515082359314,0.31654760241508486,0.36627545952796938,0.4638060927391052,0.1685050129890442,0.298918753862381,0.3245956599712372,0.3386998474597931,0.4562300741672516,0.17631998658180238,0.23009207844734193,0.3893528878688812,0.30559688806533816,0.1108175739645958,0.18778592348098756,0.1989630162715912,0.4775177836418152,0.4099358022212982],"bodySizes":[2.2125885486602785,1.7916226387023926,2.0181005001068117],"springs":[],"dumpers":[],"name":7967,"generation":228,"distance":57.27325439453125,"reward":-66.14515686035156},{"angles":[44.869224548339847,26.172134399414064,9.300033569335938,-33.09288024902344,-40.69291687011719,15.148870468139649,32.933250427246097,25.421918869018556,16.318700790405275,-7.977025985717773,-49.44617462158203,32.173187255859378,-11.672767639160157,40.099151611328128,-33.040496826171878,23.11988067626953,3.7589340209960939,49.1287841796875,-6.4111175537109379,-1.0986824035644532,16.671249389648439,31.325939178466798,10.523391723632813,-5.607398986816406,43.72986602783203,-45.31817626953125,17.330989837646486,-11.387735366821289,-32.491737365722659,-27.525306701660158,-58.76466369628906,23.29095458984375,44.722434997558597,10.171674728393555,38.77845001220703,-41.282203674316409,-33.68303680419922,6.4358062744140629,-8.639638900756836,45.118858337402347,-16.737892150878908,-32.035736083984378,-33.64826202392578,56.387672424316409,-28.439048767089845,45.76227569580078,44.36323547363281,-38.83843994140625,-47.71333312988281,-39.02056121826172,50.44505310058594,-45.41058349609375,6.87872314453125,-6.544023513793945,25.11963653564453,-7.190156936645508,57.17316436767578,-22.14306640625,41.12750244140625,22.39870262145996,-14.932558059692383,19.41957664489746,44.37659454345703,49.326438903808597,-7.574922561645508,58.17399597167969,-9.96240234375,-41.487335205078128,-59.25978088378906,-52.77760314941406,11.843009948730469,37.421234130859378,47.74427795410156,6.148017883300781,49.87774658203125,44.9146842956543,49.189178466796878,7.537015914916992,45.094154357910159,-59.39826965332031],"legSizes":[0.2901841402053833,0.4784172475337982,0.2836834192276001,0.2535690665245056,0.33128678798675539,0.29366499185562136,0.3747515082359314,0.2086462378501892,0.36627545952796938,0.4638060927391052,0.41322246193885805,0.15384316444396974,0.3245956599712372,0.3386998474597931,0.4562300741672516,0.17631998658180238,0.22635777294635774,0.3893528878688812,0.30559688806533816,0.1108175739645958,0.14408832788467408,0.2180481255054474,0.1384483277797699,0.4099358022212982],"bodySizes":[2.097439765930176,1.698382019996643,2.2457690238952638],"springs":[],"dumpers":[],"name":7967,"generation":228,"distance":57.27325439453125,"reward":-69.65943908691406}]}