{"geneDatas":[{"angles":[59.92108154296875,-57.95654296875,-22.228052139282228,-12.289300918579102,38.25908660888672,31.733421325683595,-25.74553680419922,-37.76142883300781,35.84981918334961,-43.77690124511719,-10.607450485229493,43.681610107421878,0.9255332946777344,-0.0902862548828125,-18.98478126525879,23.11988067626953,-30.98394775390625,-28.46246337890625,30.38190269470215,18.902706146240236,17.584630966186525,54.05131530761719,-58.049713134765628,6.107519149780273,24.400588989257814,-59.501609802246097,46.54833984375,-38.44227600097656,-32.491737365722659,-21.71826171875,6.542724609375,-34.07334899902344,52.572383880615237,53.14850616455078,2.215911865234375,58.911964416503909,-48.06525421142578,-14.43916130065918,-4.096807479858398,-5.786338806152344,10.97962760925293,-25.802513122558595,-36.94764709472656,56.387672424316409,-28.439048767089845,-43.94084930419922,44.36323547363281,28.513023376464845,-53.69391632080078,-42.011993408203128,37.21087646484375,-45.712867736816409,-17.40166473388672,-32.471168518066409,44.97583770751953,-46.032867431640628,56.806312561035159,-29.55169677734375,-53.44294738769531,54.388343811035159,-6.647821426391602,-6.162820816040039,20.298398971557618,-52.47832489013672,50.78461456298828,28.7110652923584,-24.33967399597168,-54.16313934326172,0.8508453369140625,-42.04283142089844,30.46685791015625,-19.3321533203125,30.039480209350587,43.608924865722659,37.865684509277347,-28.78662109375,68.96055603027344,2.045623779296875,39.123313903808597,-22.182275772094728],"legSizes":[0.4245290160179138,0.34927481412887576,0.15934796631336213,0.19430789351463319,0.4579032063484192,0.23169729113578797,0.44376882910728457,0.25820332765579226,0.2703748047351837,0.47996801137924197,0.4717485010623932,0.18345007300376893,0.3096194565296173,0.2956679165363312,0.4562300741672516,0.1595468521118164,0.4142987132072449,0.40296444296836855,0.35394230484962466,0.1108175739645958,0.24076926708221436,0.3288886845111847,0.21791264414787293,0.19117766618728639],"bodySizes":[1.8915975093841553,1.7618225812911988,2.4004857540130617],"springs":[],"dumpers":[],"name":3919,"generation":120,"distance":49.454437255859378,"reward":-49.454437255859378},{"angles":[13.550683975219727,28.904739379882814,-42.04114532470703,-51.629188537597659,-29.755706787109376,48.378868103027347,34.79615783691406,29.793731689453126,58.25237274169922,8.903009414672852,41.476478576660159,13.661348342895508,12.308755874633789,-36.061805725097659,-1.1636123657226563,8.242570877075196,-10.457902908325196,24.710783004760743,46.71373748779297,18.2625789642334,25.63075828552246,-38.16344451904297,-49.12164306640625,-37.980621337890628,24.400588989257814,20.525733947753908,46.8117561340332,29.105899810791017,-32.491737365722659,-21.71826171875,6.542724609375,-34.07334899902344,51.717437744140628,53.14850616455078,2.215911865234375,58.911964416503909,-48.06525421142578,-14.43916130065918,-4.096807479858398,-5.786338806152344,10.97962760925293,-25.802513122558595,-36.94764709472656,56.387672424316409,-28.439048767089845,-43.94084930419922,44.36323547363281,28.513023376464845,-53.69391632080078,28.066390991210939,37.21087646484375,-45.712867736816409,-39.90332794189453,-32.471168518066409,57.285430908203128,-46.032867431640628,56.806312561035159,-0.419189453125,-53.44294738769531,54.388343811035159,-6.647821426391602,-2.2567825317382814,20.354917526245118,42.639198303222659,34.77820587158203,56.993377685546878,7.626350402832031,-41.31791687011719,-2.1592483520507814,-72.77618408203125,-9.977609634399414,-29.752859115600587,-51.99340057373047,8.66400146484375,-55.64691162109375,-58.1275634765625,37.575172424316409,21.622724533081056,-6.441314697265625,-22.182275772094728],"legSizes":[0.28716185688972475,0.4335693418979645,0.497774213552475,0.3792940080165863,0.4579032063484192,0.34199410676956179,0.44376882910728457,0.25820332765579226,0.40220698714256289,0.4444340765476227,0.3585016131401062,0.22913677990436555,0.3096194565296173,0.46114224195480349,0.10118766129016876,0.15712577104568482,0.4142987132072449,0.40296444296836855,0.37350255250930788,0.1108175739645958,0.24076926708221436,0.47829169034957888,0.21791264414787293,0.4899362027645111],"bodySizes":[1.8717584609985352,2.012573003768921,2.1236770153045656],"springs":[],"dumpers":[],"name":3919,"generation":120,"distance":49.454437255859378,"reward":-70.7723388671875},{"angles":[59.92108154296875,12.506181716918946,16.741390228271486,23.279897689819337,37.067012786865237,31.733421325683595,-25.74553680419922,-37.76142883300781,35.84981918334961,-44.810585021972659,43.96586608886719,45.00825500488281,0.9255332946777344,50.45819091796875,-18.98478126525879,23.11988067626953,-30.98394775390625,-28.46246337890625,30.38190269470215,18.902706146240236,17.584630966186525,-50.162933349609378,-57.739501953125,6.107519149780273,24.400588989257814,-59.501609802246097,51.45948791503906,-38.44227600097656,-32.491737365722659,-21.71826171875,14.516853332519532,-34.07334899902344,52.572383880615237,12.919456481933594,-44.501007080078128,58.911964416503909,-20.816810607910158,33.42527389526367,-13.578222274780274,-51.62455749511719,29.015262603759767,-25.802513122558595,-36.94764709472656,56.387672424316409,-28.439048767089845,4.388273239135742,-32.1572265625,-49.60680389404297,-53.69391632080078,-49.147796630859378,37.21087646484375,-45.712867736816409,-17.40166473388672,23.100971221923829,44.97583770751953,-46.032867431640628,56.806312561035159,-29.55169677734375,56.7867431640625,54.388343811035159,-6.647821426391602,-6.162820816040039,-33.27137756347656,-52.47832489013672,50.78461456298828,40.165443420410159,-24.33967399597168,-54.16313934326172,0.8508453369140625,-42.04283142089844,-9.977609634399414,-19.3321533203125,-0.32225799560546877,38.182952880859378,-55.64691162109375,-58.1275634765625,1.5106849670410157,-25.535667419433595,5.3273468017578129,-22.182275772094728],"legSizes":[0.4245290160179138,0.3192400336265564,0.33179327845573428,0.47180527448654177,0.4579032063484192,0.34199410676956179,0.44376882910728457,0.25820332765579226,0.40220698714256289,0.2663571238517761,0.3585016131401062,0.40777263045310976,0.3096194565296173,0.30339881777763369,0.18659311532974244,0.15712577104568482,0.3620832860469818,0.3087427020072937,0.37350255250930788,0.1108175739645958,0.24076926708221436,0.31653040647506716,0.21791264414787293,0.33479875326156618],"bodySizes":[1.579472303390503,2.224429130554199,2.2769808769226076],"springs":[],"dumpers":[],"name":3919,"generation":120,"distance":49.454437255859378,"reward":-79.2367935180664}]}