{"geneDatas":[{"angles":[44.364349365234378,-27.887842178344728,-35.4259033203125,59.790931701660159,23.037155151367189,-54.44654083251953,9.096601486206055,30.63381576538086,11.207365036010743,-30.919031143188478,59.649253845214847,47.0089111328125,12.896970748901368,-52.55076599121094,29.932662963867189,-17.852073669433595,51.04179382324219,-39.34172821044922,11.063425064086914,-46.377479553222659,-23.375221252441408,-45.165367126464847,-1.3575210571289063,-52.98918151855469,3.3987579345703127,37.104705810546878,-25.328916549682618,-8.815435409545899,6.081338882446289,8.312822341918946,8.069450378417969,33.13636779785156,23.40040397644043,19.945791244506837,12.48283576965332,-47.692840576171878,6.445962905883789,-38.29291534423828,37.315032958984378,23.19476890563965,10.08465576171875,24.719709396362306,-55.661956787109378,20.42804527282715,11.792701721191407,39.27685546875,52.676666259765628,38.814483642578128,-33.95753479003906,-58.03282165527344,46.334068298339847,-39.37104034423828,46.050167083740237,4.1712493896484379,25.11963653564453,3.3986167907714845,57.17316436767578,35.63170623779297,-44.806251525878909,-6.089393615722656,-37.17106628417969,-17.012664794921876,-14.939208984375,12.271993637084961,33.67714309692383,37.482460021972659,44.242759704589847,-4.052274703979492,-5.87623405456543,-58.2083740234375,-28.00615882873535,23.514373779296876,-13.097940444946289,-1.3688774108886719,4.612678527832031,-27.115509033203126,3.2459793090820314,38.3869743347168,19.91667938232422,55.68471908569336],"legSizes":[0.31042540073394778,0.2992858588695526,0.46227747201919558,0.19581174850463868,0.24900901317596436,0.13632145524024964,0.34684374928474429,0.14465156197547913,0.3784483075141907,0.29974788427352908,0.3256366550922394,0.10478401184082031,0.46931180357933047,0.30042359232902529,0.4562300741672516,0.40494608879089358,0.17801304161548615,0.37516531348228457,0.12864717841148377,0.16898679733276368,0.40264201164245608,0.3894388675689697,0.389293909072876,0.15557947754859925],"bodySizes":[2.0352048873901369,1.8802257776260377,2.090604305267334],"springs":[],"dumpers":[],"name":13864,"generation":395,"distance":30.478151321411134,"reward":-30.478151321411134},{"angles":[-59.000831604003909,-15.124319076538086,-59.964080810546878,-38.65980529785156,23.037155151367189,-58.908721923828128,-27.282936096191408,30.63381576538086,16.716184616088868,-57.769874572753909,-12.033554077148438,0.8209342956542969,-3.112957000732422,-2.0899429321289064,29.932662963867189,51.79444122314453,12.295454025268555,16.01600456237793,-17.07928466796875,-23.59479331970215,-57.63055419921875,33.65980529785156,-1.3575210571289063,-35.238677978515628,47.40560531616211,-58.92193603515625,-2.4596710205078127,-57.20067596435547,-8.831626892089844,51.35181427001953,-10.429079055786133,4.347831726074219,-30.98662567138672,0.35845184326171877,-6.298677444458008,49.681549072265628,-33.68303680419922,4.172365188598633,-34.768165588378909,-41.249786376953128,-20.887475967407228,50.17730712890625,-55.661956787109378,-2.7192649841308595,8.491310119628907,-19.161592483520509,44.36323547363281,38.814483642578128,-33.95753479003906,-13.811637878417969,50.44505310058594,-39.37104034423828,46.050167083740237,4.1712493896484379,25.11963653564453,3.3986167907714845,57.17316436767578,5.438682556152344,-44.806251525878909,2.7706642150878908,-37.17106628417969,-17.012664794921876,-50.095008850097659,-24.977724075317384,33.67714309692383,37.482460021972659,44.242759704589847,-48.207252502441409,39.990631103515628,-13.45063591003418,-28.00615882873535,23.514373779296876,-17.569534301757814,-1.3688774108886719,4.612678527832031,-11.265600204467774,3.2459793090820314,38.3869743347168,40.64423370361328,48.40196990966797],"legSizes":[0.2905358672142029,0.43766504526138308,0.3938979506492615,0.4091736376285553,0.24900901317596436,0.42804139852523806,0.29340192675590517,0.14291030168533326,0.303061306476593,0.1312631070613861,0.3256366550922394,0.10478401184082031,0.46931180357933047,0.33955299854278567,0.4562300741672516,0.40494608879089358,0.17801304161548615,0.37516531348228457,0.16383381187915803,0.16898679733276368,0.40264201164245608,0.3894388675689697,0.389293909072876,0.15557947754859925],"bodySizes":[2.046550989151001,1.8167303800582886,2.1516761779785158],"springs":[],"dumpers":[],"name":13864,"generation":395,"distance":30.478151321411134,"reward":-39.785255432128909},{"angles":[59.213462829589847,-31.176193237304689,51.42670440673828,-38.65980529785156,-24.277433395385743,-37.80707550048828,44.78148651123047,-20.123855590820314,8.85377311706543,57.50440216064453,-38.31568908691406,-0.01258087158203125,54.55718994140625,42.076133728027347,-35.747711181640628,-25.312477111816408,-25.88979148864746,50.26866149902344,11.032127380371094,6.008155822753906,-5.641973495483398,-15.995344161987305,-1.3575210571289063,-52.98918151855469,3.3987579345703127,-44.69828796386719,-25.328916549682618,56.150123596191409,6.081338882446289,8.312822341918946,8.069450378417969,26.172277450561525,23.40040397644043,19.945791244506837,12.48283576965332,-47.692840576171878,-33.68303680419922,-6.950048446655273,-34.768165588378909,-4.297050476074219,10.08465576171875,-49.83428192138672,-55.661956787109378,20.42804527282715,11.792701721191407,-13.922918319702149,52.676666259765628,38.814483642578128,-33.95753479003906,-13.811637878417969,50.44505310058594,-39.37104034423828,46.050167083740237,4.1712493896484379,25.11963653564453,3.3986167907714845,57.17316436767578,35.63170623779297,-44.806251525878909,2.7706642150878908,-37.17106628417969,39.23479461669922,-14.939208984375,-24.977724075317384,33.67714309692383,37.482460021972659,44.242759704589847,-48.207252502441409,39.990631103515628,-13.45063591003418,-28.00615882873535,-13.493850708007813,-13.097940444946289,-1.3688774108886719,4.612678527832031,-13.446914672851563,3.2459793090820314,38.3869743347168,-36.26524353027344,55.68471908569336],"legSizes":[0.29863759875297549,0.2992858588695526,0.46227747201919558,0.40518301725387576,0.1511058360338211,0.3874909281730652,0.34684374928474429,0.13516998291015626,0.3784483075141907,0.15053077042102815,0.39073532819747927,0.4660695195198059,0.4474046230316162,0.42482224106788638,0.470980167388916,0.12857037782669068,0.1746784746646881,0.35712942481040957,0.16383381187915803,0.19802641868591309,0.1700211465358734,0.37364763021469118,0.389293909072876,0.22601693868637086],"bodySizes":[1.958303451538086,1.9956282377243043,2.0470588207244875],"springs":[],"dumpers":[],"name":13864,"generation":395,"distance":30.478151321411134,"reward":-43.11527633666992}]}