{"geneDatas":[{"angles":[13.550683975219727,26.172134399414064,-8.720977783203125,-38.817344665527347,-17.203508377075197,-35.86957550048828,-16.0981388092041,25.421918869018556,-13.34759521484375,46.292625427246097,18.11605453491211,47.0089111328125,-1.6994972229003907,14.917665481567383,35.48280334472656,43.58446502685547,39.82606506347656,47.37335968017578,31.265914916992189,-23.30870246887207,-25.31092071533203,30.876129150390626,-13.123804092407227,2.1613540649414064,38.5114860534668,-23.287818908691408,23.21728515625,6.252214431762695,-53.376434326171878,-5.790075302124023,55.10363006591797,54.760223388671878,21.66181755065918,16.94582176208496,-59.51847839355469,-47.692840576171878,-33.68303680419922,-50.66087341308594,13.964574813842774,36.353057861328128,-23.147384643554689,13.239662170410157,-56.529632568359378,31.503437042236329,-2.6611862182617189,2.2448081970214845,44.36323547363281,-10.239652633666993,-33.95753479003906,-54.587188720703128,50.44505310058594,-45.41058349609375,6.87872314453125,18.261878967285158,25.11963653564453,-7.190156936645508,57.17316436767578,-22.14306640625,41.12750244140625,12.37646484375,-14.932558059692383,-31.309921264648439,-15.514806747436524,23.493972778320314,20.50640869140625,-23.329504013061525,-9.96240234375,-41.487335205078128,5.927873611450195,-45.669189453125,-30.375425338745118,37.421234130859378,46.68396759033203,-11.362930297851563,49.87774658203125,52.75458526611328,54.51829528808594,45.849281311035159,3.10626220703125,-46.520263671875],"legSizes":[0.3673314154148102,0.2083105742931366,0.1936417520046234,0.21819698810577393,0.3302948772907257,0.2692910432815552,0.3747515082359314,0.2285081148147583,0.1306145191192627,0.4638060927391052,0.27001020312309267,0.4282764792442322,0.38563889265060427,0.44443053007125857,0.4562300741672516,0.10646700859069824,0.22155612707138062,0.3921681046485901,0.2895489037036896,0.16898679733276368,0.14408832788467408,0.45299968123435976,0.4335329532623291,0.3719712793827057],"bodySizes":[2.155095338821411,1.918404221534729,1.935010313987732],"springs":[],"dumpers":[],"name":9158,"generation":262,"distance":34.755184173583987,"reward":-34.755184173583987},{"angles":[13.550683975219727,26.172134399414064,-8.720977783203125,-38.817344665527347,-17.203508377075197,-35.86957550048828,-16.0981388092041,25.421918869018556,20.339712142944337,46.292625427246097,18.11605453491211,47.0089111328125,-1.6994972229003907,14.917665481567383,35.48280334472656,43.58446502685547,39.82606506347656,47.37335968017578,31.265914916992189,-23.30870246887207,-25.31092071533203,3.725830078125,-13.123804092407227,2.1613540649414064,38.5114860534668,-23.287818908691408,23.21728515625,6.252214431762695,-53.376434326171878,-5.790075302124023,55.10363006591797,54.760223388671878,-13.816360473632813,16.94582176208496,-59.51847839355469,-47.692840576171878,-33.68303680419922,-50.66087341308594,13.964574813842774,36.353057861328128,-23.147384643554689,13.239662170410157,-56.529632568359378,29.399742126464845,-2.6611862182617189,2.2448081970214845,44.36323547363281,-10.239652633666993,-33.95753479003906,-54.587188720703128,50.44505310058594,-45.41058349609375,6.87872314453125,18.261878967285158,25.11963653564453,-7.190156936645508,57.17316436767578,-22.14306640625,41.12750244140625,12.37646484375,-14.932558059692383,-31.309921264648439,-15.514806747436524,23.493972778320314,20.50640869140625,-23.329504013061525,-9.96240234375,-41.487335205078128,5.927873611450195,-45.669189453125,-30.375425338745118,37.421234130859378,46.68396759033203,-11.362930297851563,49.87774658203125,52.75458526611328,54.51829528808594,45.849281311035159,-48.25959014892578,-55.98137664794922],"legSizes":[0.3673314154148102,0.2083105742931366,0.1936417520046234,0.21819698810577393,0.3400455713272095,0.2692910432815552,0.3747515082359314,0.2285081148147583,0.1306145191192627,0.4638060927391052,0.27001020312309267,0.4282764792442322,0.38563889265060427,0.44443053007125857,0.4562300741672516,0.10646700859069824,0.22155612707138062,0.3921681046485901,0.2895489037036896,0.16898679733276368,0.14408832788467408,0.45299968123435976,0.4335329532623291,0.3010348081588745],"bodySizes":[2.152352809906006,1.915962815284729,1.9399452209472657],"springs":[],"dumpers":[],"name":9158,"generation":262,"distance":34.755184173583987,"reward":-39.570674896240237},{"angles":[23.648656845092775,26.172134399414064,-8.720977783203125,-4.034807205200195,-17.203508377075197,-35.86957550048828,-16.0981388092041,25.421918869018556,-13.34759521484375,46.292625427246097,18.11605453491211,47.0089111328125,-1.6994972229003907,14.917665481567383,35.48280334472656,43.58446502685547,39.82606506347656,47.37335968017578,31.265914916992189,-23.30870246887207,-25.31092071533203,30.876129150390626,-13.123804092407227,2.1613540649414064,38.5114860534668,-23.287818908691408,23.21728515625,6.252214431762695,-53.376434326171878,-11.264471054077149,55.10363006591797,54.760223388671878,21.66181755065918,16.94582176208496,-7.797468185424805,-47.692840576171878,-33.68303680419922,-50.66087341308594,13.964574813842774,36.353057861328128,-23.147384643554689,13.239662170410157,-56.529632568359378,31.503437042236329,-2.6611862182617189,2.2448081970214845,44.36323547363281,-13.963600158691407,-33.95753479003906,-54.587188720703128,50.44505310058594,-45.41058349609375,6.87872314453125,18.261878967285158,25.11963653564453,-7.190156936645508,57.17316436767578,-22.14306640625,41.12750244140625,12.37646484375,-39.226341247558597,-31.309921264648439,-15.514806747436524,23.493972778320314,20.50640869140625,-23.329504013061525,-9.96240234375,-41.487335205078128,5.927873611450195,-45.669189453125,-30.375425338745118,37.421234130859378,46.68396759033203,-11.362930297851563,49.87774658203125,52.75458526611328,54.51829528808594,45.849281311035159,3.10626220703125,-46.520263671875],"legSizes":[0.10241470485925675,0.46902337670326235,0.38843098282814028,0.4858933985233307,0.33128678798675539,0.29366499185562136,0.31415659189224245,0.21759851276874543,0.4001571238040924,0.4638060927391052,0.27505797147750857,0.254639208316803,0.49224919080734255,0.44443053007125857,0.4562300741672516,0.10646700859069824,0.22155612707138062,0.3921681046485901,0.2895489037036896,0.16898679733276368,0.14408832788467408,0.45299968123435976,0.4335329532623291,0.18957120180130006],"bodySizes":[2.1550955772399904,1.918404459953308,1.935010552406311],"springs":[],"dumpers":[],"name":9158,"generation":262,"distance":34.755184173583987,"reward":-64.22856903076172}]}