{"geneDatas":[{"angles":[9.417091369628907,2.5163917541503908,-38.473533630371097,7.978555679321289,59.913997650146487,-56.69610595703125,-8.419441223144532,-37.76142883300781,35.84981918334961,6.907676696777344,-32.45863342285156,17.260305404663087,27.825178146362306,32.054500579833987,-18.98478126525879,23.11988067626953,58.67768096923828,-58.58330535888672,30.38190269470215,-23.30870246887207,-16.052978515625,31.325939178466798,54.351280212402347,18.251066207885743,42.13335418701172,-19.636207580566408,46.54833984375,-38.44227600097656,-4.1419677734375,-7.909189224243164,-11.549812316894532,27.896743774414064,53.366973876953128,0.5592231750488281,51.79376983642578,37.132301330566409,27.9909725189209,21.023008346557618,14.41261100769043,-56.25337219238281,-3.8446083068847658,-25.802513122558595,-36.94764709472656,56.387672424316409,-28.439048767089845,-59.53123474121094,44.36323547363281,-49.90013122558594,-53.69391632080078,-30.983118057250978,50.44505310058594,-35.618194580078128,-20.64446258544922,-24.673370361328126,38.676063537597659,18.11128807067871,57.17316436767578,-22.14306640625,-50.23469543457031,-35.17500305175781,-39.11394500732422,-17.65948486328125,20.409391403198243,4.747961044311523,-26.953102111816408,58.17399597167969,38.406646728515628,37.16820526123047,-14.276426315307618,-59.096588134765628,-1.5261764526367188,-19.3321533203125,59.36077880859375,6.148017883300781,29.983688354492189,-28.78662109375,68.96055603027344,-29.48834228515625,39.123313903808597,-10.38494873046875],"legSizes":[0.23966267704963685,0.19692450761795045,0.497774213552475,0.21819698810577393,0.4579032063484192,0.3179064989089966,0.4870029389858246,0.2086462378501892,0.2703748047351837,0.18988043069839478,0.3636958599090576,0.338177889585495,0.457061767578125,0.46199703216552737,0.4562300741672516,0.3744269907474518,0.22531965374946595,0.4652453362941742,0.48568812012672427,0.1108175739645958,0.24076926708221436,0.1989630162715912,0.21791264414787293,0.280700147151947],"bodySizes":[2.1046390533447267,1.6764519214630128,2.2673637866973879],"springs":[],"dumpers":[],"name":5029,"generation":143,"distance":37.44603729248047,"reward":-37.44603729248047},{"angles":[13.550683975219727,-8.707717895507813,-45.512840270996097,-49.78649139404297,-37.21708679199219,-52.18504333496094,20.31586456298828,6.367485046386719,41.68157196044922,8.903009414672852,41.476478576660159,-39.683433532714847,12.308755874633789,53.2734375,-2.5215415954589845,-4.798429489135742,-19.531824111938478,51.61033630371094,30.38190269470215,1.8965225219726563,-24.22345733642578,39.51182556152344,25.750234603881837,33.584503173828128,-13.616586685180664,42.41886901855469,46.54833984375,-38.44227600097656,-4.1419677734375,-35.216888427734378,-11.549812316894532,27.896743774414064,15.298389434814454,-10.548027038574219,51.79376983642578,-29.309959411621095,27.9909725189209,36.580291748046878,14.41261100769043,16.451309204101564,10.97962760925293,-25.802513122558595,-36.94764709472656,56.387672424316409,-28.439048767089845,-59.53123474121094,21.18376922607422,-49.90013122558594,-53.69391632080078,-30.983118057250978,50.44505310058594,-35.618194580078128,-20.64446258544922,-54.081756591796878,38.676063537597659,-52.87108612060547,57.17316436767578,-22.14306640625,-50.23469543457031,-35.17500305175781,-39.11394500732422,19.41957664489746,20.409391403198243,-33.840667724609378,21.439071655273439,57.178619384765628,38.406646728515628,37.16820526123047,-14.276426315307618,-43.823707580566409,7.495429992675781,-19.3321533203125,59.36077880859375,6.148017883300781,29.983688354492189,-28.78662109375,68.96055603027344,-29.48834228515625,39.123313903808597,-10.38494873046875],"legSizes":[0.13927850127220155,0.3726990222930908,0.374779611825943,0.21819698810577393,0.4579032063484192,0.3179064989089966,0.20854398608207704,0.35236042737960818,0.3454337418079376,0.18988043069839478,0.30970299243927,0.338177889585495,0.2804699242115021,0.46199703216552737,0.4562300741672516,0.1595468521118164,0.22531965374946595,0.4652453362941742,0.30359333753585818,0.1108175739645958,0.24076926708221436,0.1989630162715912,0.21791264414787293,0.280700147151947],"bodySizes":[1.9656533002853394,1.7729582786560059,2.2955381870269777],"springs":[],"dumpers":[],"name":5029,"generation":143,"distance":37.44603729248047,"reward":-38.430213928222659},{"angles":[13.550683975219727,-45.76605224609375,-22.228052139282228,7.978555679321289,59.289695739746097,-56.69610595703125,-8.419441223144532,-42.48362731933594,35.84981918334961,54.84064483642578,41.343353271484378,17.260305404663087,-29.429489135742189,36.888084411621097,-18.98478126525879,23.11988067626953,15.800886154174805,-58.58330535888672,30.38190269470215,-23.30870246887207,2.8660926818847658,31.325939178466798,25.750234603881837,18.251066207885743,42.13335418701172,-59.501609802246097,23.656166076660158,-10.848762512207032,-32.491737365722659,-21.71826171875,30.28840446472168,-31.832841873168947,52.572383880615237,-40.107994079589847,-50.364959716796878,58.911964416503909,-48.06525421142578,-33.180870056152347,58.43052673339844,30.600828170776368,23.254562377929689,11.416219711303711,-47.79194641113281,56.387672424316409,-28.439048767089845,-59.53123474121094,44.36323547363281,-49.90013122558594,-53.69391632080078,-30.983118057250978,50.44505310058594,-35.618194580078128,-20.64446258544922,-8.45643424987793,38.676063537597659,-52.87108612060547,57.17316436767578,-22.14306640625,52.26569366455078,31.231382369995118,-39.11394500732422,19.41957664489746,20.409391403198243,-33.840667724609378,-37.037803649902347,58.17399597167969,41.31846618652344,-43.27021026611328,-14.276426315307618,-37.37640380859375,25.835180282592775,-27.404029846191408,59.36077880859375,6.148017883300781,-33.46314239501953,50.70777130126953,68.96055603027344,7.537015914916992,39.123313903808597,25.114774703979493],"legSizes":[0.4858645498752594,0.3197113871574402,0.33179327845573428,0.4435107111930847,0.4696269631385803,0.19392609596252442,0.14359259605407716,0.2086462378501892,0.3466586768627167,0.22255714237689973,0.34618061780929568,0.4821398854255676,0.11500082165002823,0.3971802592277527,0.4562300741672516,0.1595468521118164,0.4190908372402191,0.4652453362941742,0.1245584487915039,0.1108175739645958,0.24076926708221436,0.1989630162715912,0.21791264414787293,0.46635445952415469],"bodySizes":[2.0977070331573488,1.6986769437789918,2.2450928688049318],"springs":[],"dumpers":[],"name":5029,"generation":143,"distance":37.44603729248047,"reward":-38.49268341064453}]}