{"geneDatas":[{"angles":[13.550683975219727,26.172134399414064,-46.501708984375,-33.09288024902344,-40.69291687011719,-52.18504333496094,32.933250427246097,25.421918869018556,16.318700790405275,-41.911354064941409,41.343353271484378,38.93206787109375,-33.44279479980469,36.888084411621097,-55.25817108154297,23.11988067626953,55.265464782714847,-58.58330535888672,30.38190269470215,-23.30870246887207,-12.812841415405274,31.325939178466798,10.523391723632813,-5.607398986816406,42.13335418701172,-50.043479919433597,17.330989837646486,-24.98876953125,-32.491737365722659,-21.71826171875,30.28840446472168,-31.832841873168947,44.722434997558597,-40.107994079589847,-50.364959716796878,58.911964416503909,-33.68303680419922,-33.180870056152347,58.43052673339844,30.600828170776368,23.254562377929689,30.888687133789064,-47.79194641113281,56.387672424316409,-28.439048767089845,-59.53123474121094,44.36323547363281,-49.90013122558594,-53.69391632080078,-30.983118057250978,40.415428161621097,-27.583044052124025,2.865093231201172,-6.544023513793945,47.29712677001953,-52.87108612060547,57.17316436767578,-22.14306640625,52.26569366455078,31.231382369995118,-39.11394500732422,19.41957664489746,20.409391403198243,-13.901315689086914,-37.037803649902347,58.17399597167969,11.064428329467774,6.276275634765625,-14.276426315307618,-37.08319091796875,25.835180282592775,-27.589479446411134,59.36077880859375,35.855712890625,-33.46314239501953,55.333641052246097,68.96055603027344,7.537015914916992,39.479698181152347,37.37345504760742],"legSizes":[0.31596362590789797,0.3726990222930908,0.497774213552475,0.21819698810577393,0.17764511704444886,0.19392609596252442,0.10019250214099884,0.2086462378501892,0.42025190591812136,0.22255714237689973,0.4321816563606262,0.10017728805541992,0.11500082165002823,0.44498953223228457,0.4562300741672516,0.1595468521118164,0.16234979033470155,0.44455304741859438,0.23573115468025208,0.1108175739645958,0.24076926708221436,0.1989630162715912,0.12161922454833985,0.46635445952415469],"bodySizes":[2.0974361896514894,1.6984575986862183,2.2456729412078859],"springs":[],"dumpers":[],"name":5784,"generation":175,"distance":29.272804260253908,"reward":-29.272804260253908},{"angles":[-51.99024963378906,26.172134399414064,-46.501708984375,-33.09288024902344,-1.8798561096191407,30.331634521484376,32.933250427246097,25.421918869018556,16.318700790405275,-41.911354064941409,41.343353271484378,38.93206787109375,-11.672767639160157,36.888084411621097,-55.25817108154297,23.11988067626953,55.265464782714847,49.1287841796875,30.38190269470215,-1.0986824035644532,-12.844528198242188,31.325939178466798,10.523391723632813,-5.607398986816406,-23.325340270996095,-50.043479919433597,17.330989837646486,-24.98876953125,-32.491737365722659,-21.71826171875,30.28840446472168,-31.832841873168947,44.722434997558597,16.783117294311525,-50.364959716796878,58.911964416503909,-33.68303680419922,-33.180870056152347,58.43052673339844,36.353057861328128,23.254562377929689,-37.16668701171875,-47.79194641113281,56.387672424316409,-28.439048767089845,-59.53123474121094,44.36323547363281,-52.902099609375,-53.69391632080078,-30.983118057250978,50.44505310058594,-35.618194580078128,2.865093231201172,-6.544023513793945,47.29712677001953,-52.87108612060547,57.17316436767578,-16.381010055541993,52.26569366455078,31.231382369995118,26.134855270385743,31.121891021728517,-17.507652282714845,-33.840667724609378,-37.037803649902347,58.17399597167969,5.354269027709961,-43.27021026611328,32.27592849731445,-37.37640380859375,25.835180282592775,-25.337968826293947,16.324094772338868,-4.944282531738281,-33.46314239501953,50.70777130126953,-59.159576416015628,33.22627258300781,39.123313903808597,9.676614761352539],"legSizes":[0.31596362590789797,0.4351823925971985,0.497774213552475,0.21819698810577393,0.17764511704444886,0.19392609596252442,0.22059734165668488,0.2086462378501892,0.42025190591812136,0.22255714237689973,0.20482447743415833,0.10017728805541992,0.11500082165002823,0.34419184923171999,0.49301013350486758,0.1595468521118164,0.16234979033470155,0.48823365569114687,0.23573115468025208,0.1108175739645958,0.24076926708221436,0.1989630162715912,0.12161922454833985,0.46635445952415469],"bodySizes":[2.097445249557495,1.6983864307403565,2.2457571029663088],"springs":[],"dumpers":[],"name":5784,"generation":175,"distance":29.272804260253908,"reward":-32.41904830932617},{"angles":[-10.33575439453125,26.172134399414064,-24.6253604888916,-33.09288024902344,-40.69291687011719,-52.18504333496094,32.933250427246097,-39.419647216796878,16.318700790405275,-32.5543212890625,41.343353271484378,-40.59363555908203,-33.44279479980469,52.20811462402344,-11.474153518676758,-2.6475830078125,12.543447494506836,-58.58330535888672,27.354412078857423,-16.772268295288087,-12.812841415405274,26.406597137451173,10.523391723632813,-5.607398986816406,42.13335418701172,-28.30210304260254,17.330989837646486,-18.058067321777345,-10.519102096557618,-21.71826171875,-49.091552734375,-55.22991943359375,44.722434997558597,-40.107994079589847,-50.364959716796878,58.911964416503909,-33.68303680419922,58.233306884765628,58.43052673339844,30.600828170776368,-23.717042922973634,-37.16668701171875,-47.79194641113281,56.387672424316409,-28.439048767089845,-59.29754638671875,44.36323547363281,-38.83843994140625,-47.71333312988281,-30.983118057250978,50.44505310058594,1.6324081420898438,2.865093231201172,-6.544023513793945,47.29712677001953,-52.87108612060547,57.17316436767578,-22.14306640625,41.12750244140625,12.37646484375,-14.932558059692383,19.41957664489746,20.409391403198243,11.765693664550782,-37.037803649902347,58.17399597167969,11.064428329467774,-43.27021026611328,18.93287467956543,-37.37640380859375,-16.84716796875,37.421234130859378,36.18465805053711,6.148017883300781,-33.46314239501953,50.70777130126953,6.739145278930664,7.537015914916992,39.123313903808597,9.676614761352539],"legSizes":[0.31596362590789797,0.3726990222930908,0.497774213552475,0.21819698810577393,0.4696269631385803,0.19392609596252442,0.10019250214099884,0.2086462378501892,0.42025190591812136,0.33718788623809817,0.34618061780929568,0.26653045415878298,0.3324841260910034,0.44498953223228457,0.4445152282714844,0.27201148867607119,0.20555999875068665,0.4652453362941742,0.23573115468025208,0.1108175739645958,0.3287822902202606,0.1989630162715912,0.12161922454833985,0.46635445952415469],"bodySizes":[2.0974271297454836,1.6983752250671387,2.245791435241699],"springs":[],"dumpers":[],"name":5784,"generation":175,"distance":29.272804260253908,"reward":-34.519004821777347}]}