{"geneDatas":[{"angles":[19.327795028686525,-53.17686462402344,45.44738006591797,-55.872406005859378,16.692649841308595,21.714391708374025,8.716156005859375,20.43067741394043,22.183454513549806,0.9863433837890625,34.362186431884769,30.919002532958986,-48.48887634277344,-12.185234069824219,-29.788619995117189,-37.37743377685547,24.889211654663087,21.177892684936525,38.005828857421878,1.5224990844726563,-43.989959716796878,28.692352294921876,11.962486267089844,-23.752748489379884,16.287315368652345,36.739295959472659,28.884944915771486,28.407623291015626,-16.0712890625,39.283531188964847,-42.276695251464847,26.172277450561525,16.982200622558595,14.231765747070313,21.245681762695314,27.689964294433595,-33.68303680419922,-12.745506286621094,1.4250106811523438,-4.297050476074219,40.01786804199219,27.56629753112793,-55.661956787109378,57.7606201171875,11.595832824707032,44.731807708740237,52.676666259765628,58.97184753417969,-26.190641403198243,-5.713554382324219,50.44505310058594,0.9040336608886719,-1.29193115234375,4.1712493896484379,47.59092712402344,-33.043426513671878,57.17316436767578,-18.762651443481447,9.971931457519532,-5.77227783203125,-16.93147087097168,49.148311614990237,-57.774993896484378,36.73054122924805,41.94892120361328,-9.96131706237793,-17.86695098876953,52.76275634765625,54.65373229980469,27.31899070739746,7.243459701538086,-20.3944091796875,-57.98711395263672,-18.70099639892578,34.72184753417969,17.654754638671876,1.5453872680664063,22.556676864624025,58.21552276611328,55.68471908569336],"legSizes":[0.3531526029109955,0.15921278297901154,0.28526008129119875,0.2481115609407425,0.3762817978858948,0.45946091413497927,0.11042008548974991,0.14465156197547913,0.322590708732605,0.25967100262641909,0.3256366550922394,0.16495318710803986,0.2967416048049927,0.16391506791114808,0.47354093194007876,0.40494608879089358,0.14030203223228455,0.3922438621520996,0.3875482678413391,0.16898679733276368,0.21139761805534364,0.3784451484680176,0.292131245136261,0.11223077774047852],"bodySizes":[2.0355594158172609,1.775435209274292,2.213611125946045],"springs":[],"dumpers":[],"name":16222,"generation":464,"distance":37.31207275390625,"reward":-37.31207275390625},{"angles":[-24.589683532714845,-53.17686462402344,-45.019142150878909,52.076255798339847,-4.336174011230469,11.636301040649414,11.120018005371094,20.43067741394043,-2.634349822998047,36.794883728027347,34.362186431884769,30.919002532958986,24.420974731445314,-39.46717071533203,-48.06000518798828,9.233528137207032,30.45647430419922,21.177892684936525,6.275245666503906,1.5224990844726563,-43.989959716796878,28.692352294921876,11.962486267089844,-23.752748489379884,-47.150474548339847,36.739295959472659,28.884944915771486,10.719573974609375,-16.0712890625,22.35683250427246,-42.276695251464847,26.172277450561525,16.982200622558595,14.231765747070313,35.083824157714847,-41.5880126953125,-33.68303680419922,-44.464759826660159,1.4250106811523438,-4.297050476074219,40.01786804199219,27.56629753112793,-55.661956787109378,57.7606201171875,-27.254440307617189,44.731807708740237,52.676666259765628,44.07212829589844,-26.190641403198243,-27.187650680541993,50.44505310058594,0.9040336608886719,-1.29193115234375,4.1712493896484379,47.59092712402344,-43.359901428222659,57.17316436767578,-18.762651443481447,-2.4720611572265627,18.802427291870118,-16.93147087097168,49.148311614990237,-57.774993896484378,36.73054122924805,40.011505126953128,31.87252426147461,38.86480712890625,48.091835021972659,49.63286590576172,27.31899070739746,7.243459701538086,44.49880599975586,-16.1953125,46.1240234375,-38.059959411621097,17.654754638671876,1.5453872680664063,22.556676864624025,58.21552276611328,55.68471908569336],"legSizes":[0.2865188717842102,0.24920561909675599,0.3409665822982788,0.2481115609407425,0.3762817978858948,0.45946091413497927,0.21031907200813294,0.12582024931907655,0.4683249890804291,0.4959489703178406,0.20008203387260438,0.34107911586761477,0.10392989963293076,0.23063810169696809,0.47354093194007876,0.4611452519893646,0.3086063265800476,0.4718523621559143,0.3356267213821411,0.16898679733276368,0.40264201164245608,0.24656307697296143,0.1833478957414627,0.11223077774047852],"bodySizes":[2.029193878173828,1.7376253604888917,2.268873691558838],"springs":[],"dumpers":[],"name":16222,"generation":464,"distance":37.31207275390625,"reward":-40.41450500488281},{"angles":[-27.166391372680665,8.631568908691407,47.40892028808594,-57.32328796386719,16.692649841308595,32.91841125488281,8.716156005859375,-44.850830078125,50.169151306152347,0.9863433837890625,34.362186431884769,30.919002532958986,-48.48887634277344,-12.185234069824219,-29.788619995117189,47.41725158691406,-38.37262725830078,-22.93359375,38.005828857421878,1.5224990844726563,-43.989959716796878,-8.220914840698243,-59.369728088378909,-23.752748489379884,-47.150474548339847,36.739295959472659,28.884944915771486,-4.266693115234375,-16.0712890625,22.35683250427246,-42.276695251464847,26.172277450561525,16.982200622558595,5.470785140991211,38.76475524902344,27.689964294433595,-33.68303680419922,-44.464759826660159,1.4250106811523438,-28.84332275390625,40.01786804199219,27.56629753112793,-57.85841369628906,57.7606201171875,11.595832824707032,-43.48395538330078,52.676666259765628,58.97184753417969,-26.190641403198243,-5.713554382324219,50.44505310058594,0.9040336608886719,-1.29193115234375,4.1712493896484379,47.59092712402344,-33.043426513671878,57.17316436767578,-18.762651443481447,9.971931457519532,-5.77227783203125,-16.93147087097168,49.148311614990237,-57.774993896484378,36.73054122924805,40.011505126953128,27.977554321289064,-17.86695098876953,52.76275634765625,54.65373229980469,-17.24602508544922,7.243459701538086,-20.3944091796875,-57.98711395263672,13.777091979980469,4.612678527832031,22.26081657409668,1.5453872680664063,22.556676864624025,7.962562561035156,55.68471908569336],"legSizes":[0.3531526029109955,0.3508705198764801,0.3409665822982788,0.2481115609407425,0.31312891840934756,0.3720983564853668,0.32363107800483706,0.20948117971420289,0.1391192078590393,0.14498348534107209,0.26363152265548708,0.16495318710803986,0.3557721674442291,0.27337712049484255,0.47354093194007876,0.4461292326450348,0.2887212038040161,0.44248348474502566,0.3875482678413391,0.16898679733276368,0.21139761805534364,0.3784451484680176,0.292131245136261,0.11223077774047852],"bodySizes":[2.075802803039551,1.7298840284347535,2.2278552055358888],"springs":[],"dumpers":[],"name":16222,"generation":464,"distance":37.31207275390625,"reward":-42.80437088012695}]}