{"geneDatas":[{"angles":[59.01357650756836,-14.129585266113282,-43.95482635498047,-9.194976806640625,-10.657503128051758,6.998626708984375,6.045534133911133,57.27818298339844,-59.88240051269531,-29.693946838378908,6.264444351196289,49.852882385253909,-34.370941162109378,44.677574157714847,-32.947265625,-39.95149230957031,42.012733459472659,-41.93122100830078,48.05364227294922,-16.05156135559082,-46.680763244628909,-19.406583786010743,53.055870056152347,-43.85398864746094,33.10322189331055,31.76984214782715,-31.51921844482422,-22.2648868560791,19.680130004882814,17.2303524017334,-45.537384033203128,-22.637022018432618,6.863672256469727,-30.573806762695314,47.779083251953128,-13.269760131835938,15.135869979858399,-54.05402374267578,19.680816650390626,22.05562400817871,52.43207931518555,-42.229713439941409,-38.24944305419922,41.872230529785159,29.686016082763673,-7.1897735595703129,-53.376319885253909,24.417585372924806,-51.92889404296875,46.87618637084961,55.721923828125,-25.727869033813478,-50.29786682128906,-50.76670837402344,-44.91497039794922,-59.09349822998047,19.827360153198243,-45.07288360595703,59.42919921875,-7.724725723266602,-57.673126220703128,47.099891662597659,-6.8963470458984379,4.2518157958984379,45.74748229980469,-40.46045684814453,-48.07788848876953,-34.332305908203128,-54.798362731933597,23.801305770874025,41.367889404296878,-21.7168025970459,47.252811431884769,13.114850997924805,-1.7376632690429688,-40.42523956298828,27.845489501953126,29.161762237548829,46.40943908691406,-9.524368286132813],"legSizes":[0.3278513252735138,0.30491945147514346,0.3913368284702301,0.4235704839229584,0.249417245388031,0.3822103440761566,0.4685770571231842,0.13790884613990785,0.3833288550376892,0.15508899092674256,0.2605554759502411,0.3797757029533386,0.41846388578414919,0.4291671812534332,0.16398319602012635,0.12436018139123917,0.13554102182388307,0.2937711477279663,0.11614523082971573,0.1933203637599945,0.4588155150413513,0.3311690092086792,0.3762655258178711,0.42453712224960329],"bodySizes":[2.2638375759124758,1.7300375699996949,2.0426273345947267],"springs":[],"dumpers":[],"name":24218,"generation":692,"distance":38.34781265258789,"reward":-38.34781265258789},{"angles":[59.01357650756836,-14.129585266113282,-43.95482635498047,-9.194976806640625,1.4319496154785157,6.998626708984375,6.045534133911133,57.27818298339844,-19.8798828125,-29.693946838378908,12.766050338745118,49.852882385253909,-3.6297569274902345,-11.776350021362305,-32.947265625,-39.95149230957031,42.012733459472659,-41.93122100830078,45.86847686767578,-16.05156135559082,-46.680763244628909,-19.406583786010743,53.055870056152347,-44.89039611816406,33.10322189331055,31.76984214782715,-40.545928955078128,14.055427551269532,19.680130004882814,17.2303524017334,-1.1019744873046876,-22.637022018432618,-19.804595947265626,7.789026260375977,47.779083251953128,-55.50917053222656,-31.851669311523439,18.030179977416993,19.680816650390626,-43.63844299316406,52.43207931518555,-12.850622177124024,-42.46397399902344,21.926549911499025,27.75880241394043,18.591955184936525,39.699867248535159,-41.33271026611328,-15.258943557739258,14.214584350585938,50.44505310058594,-27.3823299407959,-50.29786682128906,44.246131896972659,8.196222305297852,-59.09349822998047,-58.75761413574219,-45.07288360595703,10.045730590820313,42.470237731933597,-57.673126220703128,-36.682579040527347,6.814535140991211,4.2518157958984379,45.74748229980469,-20.973535537719728,41.82154846191406,24.923856735229493,-26.684110641479493,4.259498596191406,-19.830673217773439,-40.932456970214847,-50.26258087158203,13.114850997924805,28.781002044677736,48.860206604003909,23.166790008544923,13.034126281738282,46.40943908691406,-30.886388778686525],"legSizes":[0.3278513252735138,0.30491945147514346,0.3913368284702301,0.4235704839229584,0.249417245388031,0.14993438124656678,0.4685770571231842,0.13790884613990785,0.2723831832408905,0.2342894822359085,0.12783947587013246,0.2080700695514679,0.47099024057388308,0.2107081115245819,0.4760165810585022,0.3530285954475403,0.13554102182388307,0.27320390939712527,0.43434539437294009,0.16898679733276368,0.33330875635147097,0.1662101298570633,0.2565917670726776,0.46488770842552187],"bodySizes":[2.34334397315979,1.986180305480957,1.7188395261764527],"springs":[],"dumpers":[],"name":24218,"generation":692,"distance":38.34781265258789,"reward":-46.23777770996094},{"angles":[59.01357650756836,-43.57801818847656,-43.95482635498047,-9.194976806640625,8.91986083984375,6.998626708984375,6.045534133911133,57.27818298339844,-19.8798828125,-29.693946838378908,6.264444351196289,49.852882385253909,-34.370941162109378,-11.776350021362305,-32.947265625,-39.95149230957031,42.012733459472659,-41.93122100830078,48.05364227294922,-16.05156135559082,-46.680763244628909,-19.406583786010743,53.055870056152347,-44.89039611816406,33.10322189331055,31.76984214782715,-31.51921844482422,14.055427551269532,19.680130004882814,17.2303524017334,-45.537384033203128,-22.637022018432618,-17.550521850585939,7.789026260375977,47.779083251953128,-55.50917053222656,-31.851669311523439,-54.05402374267578,19.680816650390626,52.27955627441406,52.43207931518555,-12.850622177124024,-38.24944305419922,41.872230529785159,-30.251585006713868,-7.1897735595703129,-53.376319885253909,24.417585372924806,-25.973976135253908,46.288875579833987,55.721923828125,11.784576416015625,-50.29786682128906,-50.76670837402344,8.196222305297852,-59.09349822998047,-40.282470703125,-45.07288360595703,59.42919921875,7.157098770141602,-57.673126220703128,47.099891662597659,-6.8963470458984379,26.43509292602539,45.74748229980469,26.556028366088868,-7.704612731933594,29.141632080078126,36.09203338623047,4.259498596191406,7.801244735717773,58.38439178466797,55.78295135498047,13.114850997924805,42.190635681152347,42.294647216796878,8.315757751464844,29.161762237548829,46.40943908691406,-9.524368286132813],"legSizes":[0.3278513252735138,0.30491945147514346,0.3913368284702301,0.4235704839229584,0.249417245388031,0.3822103440761566,0.4685770571231842,0.13790884613990785,0.3833288550376892,0.2342894822359085,0.12783947587013246,0.4556770324707031,0.2512008547782898,0.1357097625732422,0.4760165810585022,0.3530285954475403,0.13554102182388307,0.27320390939712527,0.43434539437294009,0.16898679733276368,0.445168673992157,0.3311690092086792,0.24663633108139039,0.3023034334182739],"bodySizes":[2.11087703704834,1.7891449928283692,2.1182708740234377],"springs":[],"dumpers":[],"name":24218,"generation":692,"distance":38.34781265258789,"reward":-47.14737319946289}]}