{"geneDatas":[{"angles":[20.489255905151368,27.985624313354493,-20.925355911254884,1.5764579772949219,-55.29193115234375,41.81121826171875,6.045534133911133,10.450164794921875,29.5653076171875,15.52511215209961,42.45283126831055,-26.150972366333009,21.484535217285158,-1.8073158264160157,0.7769050598144531,59.777923583984378,10.210481643676758,23.434537887573243,14.468801498413086,25.832876205444337,-43.989959716796878,-33.91075897216797,-27.584001541137697,-39.462860107421878,33.10322189331055,3.0809707641601564,22.244482040405275,-5.0595245361328129,15.470966339111329,16.32229232788086,22.371780395507814,58.076904296875,26.919536590576173,-7.885414123535156,12.986234664916993,14.79429817199707,-33.68303680419922,-54.05402374267578,30.53651237487793,8.366952896118164,40.01786804199219,-2.1020164489746095,-54.796173095703128,57.7606201171875,27.75880241394043,6.181562423706055,50.25666809082031,24.417585372924806,-53.28570556640625,-34.088356018066409,50.44505310058594,-8.426576614379883,-1.29193115234375,-19.345930099487306,47.59092712402344,29.322065353393556,57.17316436767578,-50.62745666503906,25.895503997802736,2.2740325927734377,55.91648864746094,16.361143112182618,-6.8963470458984379,57.321937561035159,-17.83971405029297,-35.75593566894531,-7.054658889770508,-58.16096496582031,17.255643844604493,52.30492401123047,41.79462432861328,22.305721282958986,-34.903961181640628,-9.886917114257813,17.845272064208986,43.85497283935547,-7.038795471191406,9.753061294555664,37.38984680175781,54.491485595703128],"legSizes":[0.20858323574066163,0.1858726441860199,0.4856012761592865,0.11728610843420029,0.3202398419380188,0.1783687174320221,0.2043728530406952,0.14465156197547913,0.2766396403312683,0.15508899092674256,0.29388830065727236,0.2038462907075882,0.4308701455593109,0.23474839329719544,0.21981313824653626,0.2961263954639435,0.2381111979484558,0.17039233446121217,0.16883587837219239,0.1363913118839264,0.445168673992157,0.27301037311553957,0.3703666627407074,0.20312698185443879],"bodySizes":[2.031844139099121,1.8457235097885132,2.133206605911255],"springs":[],"dumpers":[],"name":20057,"generation":572,"distance":30.25309181213379,"reward":-30.25309181213379},{"angles":[6.202432632446289,-57.19908905029297,44.30205535888672,-39.90454864501953,-38.53999328613281,21.67015838623047,17.652883529663087,25.224721908569337,29.5653076171875,48.25653076171875,-7.443159103393555,-13.711801528930664,4.907890319824219,54.895660400390628,-29.788619995117189,59.777923583984378,10.210481643676758,23.434537887573243,22.115978240966798,25.832876205444337,-43.989959716796878,-24.384864807128908,18.116039276123048,-39.462860107421878,33.10322189331055,3.0809707641601564,22.244482040405275,30.772445678710939,-14.326021194458008,16.32229232788086,22.371780395507814,58.076904296875,26.919536590576173,-7.885414123535156,12.986234664916993,14.79429817199707,-33.68303680419922,-54.05402374267578,30.53651237487793,8.366952896118164,40.01786804199219,49.18968200683594,-54.796173095703128,57.7606201171875,27.75880241394043,6.181562423706055,50.25666809082031,-39.907005310058597,-22.625564575195314,-27.187650680541993,54.126121520996097,0.9040336608886719,15.029424667358399,2.9591903686523439,47.59092712402344,-33.043426513671878,57.17316436767578,-50.62745666503906,0.6837348937988281,-44.10917663574219,29.266231536865236,-52.64601135253906,-32.357086181640628,26.504371643066408,-32.345123291015628,47.3668212890625,54.96556091308594,-30.482025146484376,30.77047348022461,16.298274993896486,41.79462432861328,48.20392990112305,-34.903961181640628,52.30314636230469,20.755760192871095,43.85497283935547,2.6098175048828127,35.33848190307617,37.38984680175781,-12.522247314453125],"legSizes":[0.2317076027393341,0.14242172241210938,0.4856012761592865,0.2585454285144806,0.3202398419380188,0.14853496849536897,0.2043728530406952,0.14465156197547913,0.1819462776184082,0.11302828788757324,0.3867436945438385,0.2038462907075882,0.4308701455593109,0.23474839329719544,0.21981313824653626,0.15092507004737855,0.2381111979484558,0.17039233446121217,0.16883587837219239,0.16898679733276368,0.4470652639865875,0.27301037311553957,0.2096787691116333,0.20312698185443879],"bodySizes":[2.113584518432617,1.840216875076294,2.056844472885132],"springs":[],"dumpers":[],"name":20057,"generation":572,"distance":30.25309181213379,"reward":-57.291893005371097},{"angles":[34.15012741088867,-37.98686218261719,26.868953704833986,38.0135498046875,-55.29193115234375,-35.134246826171878,6.045534133911133,53.565513610839847,-22.32695770263672,15.52511215209961,42.45283126831055,-26.150972366333009,20.217802047729493,-1.8073158264160157,-29.788619995117189,-23.761001586914064,10.210481643676758,-19.081254959106447,14.468801498413086,25.832876205444337,-43.989959716796878,2.895904541015625,18.116039276123048,36.32057189941406,4.313199996948242,-13.465497970581055,-34.40234375,-56.14796447753906,2.7152328491210939,16.32229232788086,22.371780395507814,-51.18817901611328,26.919536590576173,-7.885414123535156,12.986234664916993,14.79429817199707,-33.68303680419922,-54.05402374267578,30.53651237487793,5.7654266357421879,40.01786804199219,49.18968200683594,-54.796173095703128,57.7606201171875,27.75880241394043,6.181562423706055,50.25666809082031,24.417585372924806,-53.28570556640625,-34.088356018066409,50.44505310058594,-8.426576614379883,-1.29193115234375,-19.345930099487306,47.59092712402344,29.322065353393556,57.17316436767578,-50.62745666503906,-55.89634704589844,2.2740325927734377,-37.371482849121097,7.713111877441406,-6.8963470458984379,57.321937561035159,-17.83971405029297,-35.75593566894531,-7.054658889770508,-0.24144744873046876,58.02171325683594,51.95305633544922,-43.153594970703128,22.305721282958986,-34.903961181640628,-9.886917114257813,17.845272064208986,43.85497283935547,-7.038795471191406,9.753061294555664,37.38984680175781,54.491485595703128],"legSizes":[0.25342366099357607,0.2861679196357727,0.454185426235199,0.33667996525764468,0.3202398419380188,0.45946091413497927,0.2723221182823181,0.14465156197547913,0.1819462776184082,0.11302828788757324,0.3867436945438385,0.2038462907075882,0.4308701455593109,0.23474839329719544,0.21981313824653626,0.12392406910657883,0.2381111979484558,0.17039233446121217,0.43795451521873476,0.38458919525146487,0.445168673992157,0.27301037311553957,0.2715266942977905,0.4789184629917145],"bodySizes":[2.0766704082489015,1.808077096939087,2.130617618560791],"springs":[],"dumpers":[],"name":20057,"generation":572,"distance":30.25309181213379,"reward":-66.11258697509766}]}