{"geneDatas":[{"angles":[-5.094732284545898,-71.58700561523438,16.61175537109375,1.5557594299316407,-44.50899124145508,-6.743925094604492,34.79615783691406,17.48944664001465,4.350791931152344,8.903009414672852,32.10589599609375,6.619096755981445,-35.914833068847659,-14.295982360839844,-17.409360885620118,-31.291624069213868,38.72168731689453,35.93735122680664,-20.49132537841797,2.2258682250976564,5.139076232910156,26.178558349609376,-85.61862182617188,24.6749324798584,-22.60749626159668,38.73414611816406,46.54833984375,57.10045623779297,26.727046966552736,-1.4971237182617188,14.998090744018555,54.776702880859378,-20.756240844726564,53.14850616455078,6.1602630615234379,-61.748016357421878,57.15252685546875,-4.849512100219727,-14.329811096191407,-40.04560852050781,10.97962760925293,-41.216285705566409,-36.94764709472656,42.93681335449219,20.237815856933595,-51.690147399902347,-42.346229553222659,41.83763885498047,-27.816802978515626,-42.011993408203128,45.294288635253909,-45.712867736816409,-51.70378875732422,-31.985923767089845,45.37969970703125,35.07343673706055,56.806312561035159,-59.901466369628909,37.68144226074219,-22.356712341308595,31.538684844970704,-6.162820816040039,16.300878524780275,5.568946838378906,-17.781450271606447,-49.277931213378909,-21.37458038330078,-18.430173873901368,-2.1592483520507814,34.735008239746097,-34.065673828125,-19.3321533203125,-48.645904541015628,-6.577354431152344,-3.984954833984375,-11.881263732910157,23.570280075073243,47.24870300292969,-15.491788864135743,13.48426628112793],"legSizes":[0.4245290160179138,0.11118445545434952,0.45754608511924746,0.270266592502594,0.4817381799221039,0.3179064989089966,0.2861718535423279,0.12697263062000276,0.2703748047351837,0.3235275149345398,0.2876504063606262,0.4929964542388916,0.27817460894584658,0.3346816897392273,0.23936745524406434,0.4464641213417053,0.4378000795841217,0.3099779784679413,0.35394230484962466,0.2781369090080261,0.409050852060318,0.39899784326553347,0.4114789068698883,0.4887663424015045],"bodySizes":[1.8488316535949708,1.7938910722732545,2.41210675239563],"springs":[],"dumpers":[],"name":1960,"generation":58,"distance":74.79400634765625,"reward":-79.89349365234375},{"angles":[-26.720932006835939,-41.28266906738281,-25.350257873535158,1.5557594299316407,-44.50899124145508,9.344953536987305,34.79615783691406,-29.498512268066408,23.97138023376465,26.46051025390625,32.10589599609375,6.619096755981445,19.63728904724121,48.186649322509769,12.357023239135743,-28.187904357910158,12.274909973144532,50.110748291015628,-11.971542358398438,-43.84535217285156,5.139076232910156,-6.628240585327148,-85.61862182617188,38.48252868652344,-7.3641357421875,53.23914337158203,-57.435707092285159,-9.848020553588868,-50.766136169433597,-33.38166809082031,35.74201583862305,41.556846618652347,19.825773239135743,53.14850616455078,-6.433473587036133,-17.889541625976564,57.15252685546875,36.0539665222168,-51.206817626953128,29.871009826660158,19.491619110107423,58.45336151123047,11.774589538574219,39.1531982421875,-35.350440979003909,15.611869812011719,9.968582153320313,51.508094787597659,-27.816802978515626,-42.011993408203128,37.21087646484375,-45.712867736816409,-51.70378875732422,-31.985923767089845,44.97583770751953,-46.032867431640628,56.806312561035159,-33.10448455810547,-28.292617797851564,27.943695068359376,19.59601593017578,-6.162820816040039,-23.05939483642578,42.639198303222659,5.9005889892578129,15.005077362060547,-19.212392807006837,7.46925163269043,-2.1592483520507814,-72.77618408203125,10.104955673217774,-19.3321533203125,55.783138275146487,-17.76288414001465,-3.984954833984375,-30.85471534729004,68.96055603027344,47.24870300292969,-2.8673095703125,-7.135040283203125],"legSizes":[0.21037548780441285,0.11118445545434952,0.45754608511924746,0.25320178270339968,0.4817381799221039,0.11273989826440811,0.35537219047546389,0.15034112334251405,0.2719342112541199,0.37774649262428286,0.18857641518115998,0.46542638540267947,0.40830451250076296,0.46114224195480349,0.29756277799606326,0.25,0.36456218361854555,0.15345320105552674,0.35394230484962466,0.4979380965232849,0.409050852060318,0.32289454340934756,0.19236445426940919,0.3090309500694275],"bodySizes":[1.8542956113815308,1.8485584259033204,2.333876371383667],"springs":[],"dumpers":[],"name":1960,"generation":58,"distance":74.79400634765625,"reward":-82.9260482788086},{"angles":[-5.094732284545898,-71.58700561523438,16.61175537109375,1.5557594299316407,-44.50899124145508,-6.743925094604492,34.79615783691406,17.48944664001465,4.350791931152344,26.46051025390625,32.10589599609375,6.619096755981445,-39.725502014160159,-14.295982360839844,-17.409360885620118,-28.187904357910158,38.72168731689453,-29.73200225830078,-6.421630859375,2.2258682250976564,5.139076232910156,26.178558349609376,-85.61862182617188,51.45348358154297,47.54636764526367,38.73414611816406,46.54833984375,57.10045623779297,-25.10346794128418,-1.4971237182617188,14.998090744018555,54.776702880859378,-20.756240844726564,53.14850616455078,6.1602630615234379,49.12791442871094,57.15252685546875,-4.849512100219727,-14.329811096191407,-42.733726501464847,10.97962760925293,-41.216285705566409,-55.692543029785159,42.93681335449219,20.237815856933595,-41.017974853515628,26.339305877685548,41.83763885498047,-27.816802978515626,-42.011993408203128,45.294288635253909,-45.712867736816409,-51.70378875732422,-31.985923767089845,45.37969970703125,35.07343673706055,56.806312561035159,-33.10448455810547,37.68144226074219,27.943695068359376,40.519622802734378,38.6187744140625,27.593549728393556,42.639198303222659,5.9005889892578129,15.005077362060547,-34.51155090332031,-19.107521057128908,-9.766525268554688,17.339786529541017,10.104955673217774,-19.3321533203125,-48.645904541015628,3.068927764892578,-3.984954833984375,-14.222566604614258,68.96055603027344,-14.213869094848633,-15.831449508666993,8.396163940429688],"legSizes":[0.4245290160179138,0.11118445545434952,0.45754608511924746,0.25320178270339968,0.4817381799221039,0.3179064989089966,0.2861718535423279,0.17658072710037232,0.2703748047351837,0.35208338499069216,0.2876504063606262,0.26473528146743777,0.32896173000335696,0.46114224195480349,0.11459660530090332,0.25,0.36456218361854555,0.15345320105552674,0.35394230484962466,0.12111606448888779,0.409050852060318,0.16639037430286408,0.19236445426940919,0.13708001375198365],"bodySizes":[1.7227407693862916,1.8949750661849976,2.4505667686462404],"springs":[],"dumpers":[],"name":1960,"generation":58,"distance":74.79400634765625,"reward":-91.00809478759766}]}