{"geneDatas":[{"angles":[46.16010284423828,17.875499725341798,-12.916023254394532,19.55437469482422,38.98828887939453,-52.43548583984375,-25.093780517578126,15.526182174682618,48.59162902832031,57.50440216064453,18.11605453491211,26.44881248474121,21.1683349609375,41.19658660888672,-55.397254943847659,-25.312477111816408,-14.885810852050782,59.85430145263672,-19.91850471496582,-24.85341453552246,-33.208152770996097,-5.671957015991211,54.36177062988281,20.773313522338868,32.23614501953125,-39.152923583984378,29.739402770996095,10.820953369140625,20.546077728271486,-35.50390625,0.2303924560546875,-51.93975830078125,59.813072204589847,16.94582176208496,-28.48224639892578,-47.692840576171878,37.588661193847659,-20.06560516357422,-17.79096221923828,-35.35985565185547,22.949581146240236,38.914344787597659,-41.74401092529297,49.86029052734375,20.763442993164064,-52.59886169433594,-54.90922546386719,-58.82347869873047,-33.95753479003906,25.766082763671876,50.44505310058594,-45.41058349609375,-14.302404403686524,-31.26392936706543,25.11963653564453,-14.537481307983399,57.17316436767578,-56.71680450439453,-39.83830261230469,12.37646484375,-39.226341247558597,-11.980812072753907,10.662025451660157,-24.977724075317384,41.093833923339847,33.090248107910159,8.781829833984375,38.546417236328128,5.927873611450195,-16.607473373413087,-55.691253662109378,-37.243080139160159,20.587934494018556,-18.172697067260743,-14.93644905090332,-10.131391525268555,58.27967834472656,45.849281311035159,3.10626220703125,48.40196990966797],"legSizes":[0.4919833540916443,0.3073575794696808,0.46139341592788699,0.45497798919677737,0.4024837613105774,0.26219499111175539,0.1779458075761795,0.21759851276874543,0.30243122577667239,0.4596770405769348,0.18323536217212678,0.15637579560279847,0.49224919080734255,0.42482224106788638,0.34829628467559817,0.39602866768836977,0.29154640436172488,0.35712942481040957,0.3580102324485779,0.2021452784538269,0.19585877656936646,0.4787113070487976,0.37824004888534548,0.20827272534370423],"bodySizes":[2.0148301124572756,1.8350448608398438,2.163738965988159],"springs":[],"dumpers":[],"name":11572,"generation":330,"distance":44.05783462524414,"reward":-44.05783462524414},{"angles":[-2.497394561767578,-46.3375244140625,-12.916023254394532,-29.425443649291993,-37.30821228027344,2.192638397216797,-25.093780517578126,49.95537567138672,48.59162902832031,57.50440216064453,6.666862487792969,47.0089111328125,-3.2339630126953127,41.19658660888672,-55.397254943847659,-25.312477111816408,-14.885810852050782,59.85430145263672,-19.91850471496582,17.31917381286621,-33.208152770996097,47.348541259765628,-52.442405700683597,-4.495704650878906,32.23614501953125,-39.152923583984378,9.389053344726563,-28.193313598632814,-10.795248031616211,14.233396530151368,40.79109191894531,19.891502380371095,59.813072204589847,26.13641357421875,-28.48224639892578,-47.692840576171878,-33.68303680419922,29.036277770996095,-17.79096221923828,-35.35985565185547,41.73930358886719,-10.39801025390625,-56.529632568359378,31.503437042236329,8.491310119628907,2.797130584716797,44.36323547363281,51.014129638671878,-33.95753479003906,-29.86109161376953,8.964323043823243,-58.75910186767578,6.87872314453125,18.261878967285158,25.11963653564453,-47.60737609863281,57.17316436767578,-22.14306640625,41.12750244140625,12.37646484375,-39.226341247558597,-4.950950622558594,55.86174774169922,-52.01225280761719,-4.775169372558594,29.717100143432618,8.781829833984375,-40.323158264160159,5.927873611450195,-16.607473373413087,23.15345573425293,37.421234130859378,-4.648969650268555,-18.172697067260743,-14.93644905090332,45.372100830078128,45.29621505737305,45.849281311035159,3.10626220703125,48.40196990966797],"legSizes":[0.3647361397743225,0.3073575794696808,0.46139341592788699,0.4523794651031494,0.25147730112075808,0.11361493915319443,0.34450167417526247,0.2501867413520813,0.3784483075141907,0.4596770405769348,0.27505797147750857,0.254639208316803,0.3953072130680084,0.44443053007125857,0.4562300741672516,0.1060699000954628,0.4498969614505768,0.3921681046485901,0.20163986086845399,0.16898679733276368,0.16936859488487245,0.1672540307044983,0.37824004888534548,0.20827272534370423],"bodySizes":[2.4941859245300295,1.808770775794983,1.773281216621399],"springs":[],"dumpers":[],"name":11572,"generation":330,"distance":44.05783462524414,"reward":-64.94731903076172},{"angles":[-18.136001586914064,17.875499725341798,-12.916023254394532,19.55437469482422,38.98828887939453,2.192638397216797,-25.093780517578126,15.526182174682618,48.59162902832031,57.50440216064453,18.11605453491211,47.0089111328125,21.1683349609375,41.19658660888672,-55.397254943847659,-25.312477111816408,-14.885810852050782,59.85430145263672,-19.91850471496582,-24.85341453552246,-33.208152770996097,-5.671957015991211,-52.442405700683597,20.773313522338868,32.23614501953125,-39.152923583984378,29.739402770996095,10.820953369140625,6.081338882446289,-35.50390625,0.2303924560546875,-51.93975830078125,59.813072204589847,16.94582176208496,-28.48224639892578,-47.692840576171878,-33.68303680419922,-20.06560516357422,-17.79096221923828,-35.35985565185547,22.949581146240236,38.914344787597659,-41.74401092529297,49.86029052734375,20.763442993164064,-52.59886169433594,-54.90922546386719,-58.82347869873047,-33.95753479003906,25.766082763671876,50.44505310058594,-45.41058349609375,-14.302404403686524,-31.26392936706543,25.11963653564453,-14.537481307983399,57.17316436767578,21.29806900024414,-39.83830261230469,12.37646484375,-39.226341247558597,-11.980812072753907,10.662025451660157,-24.977724075317384,41.093833923339847,-26.109289169311525,8.781829833984375,-39.96913146972656,5.927873611450195,-16.607473373413087,23.15345573425293,37.421234130859378,29.7701416015625,-51.51426696777344,-14.93644905090332,45.372100830078128,-59.99983215332031,45.849281311035159,-0.6069450378417969,48.40196990966797],"legSizes":[0.4919833540916443,0.3073575794696808,0.46139341592788699,0.45497798919677737,0.4024837613105774,0.26219499111175539,0.1779458075761795,0.21759851276874543,0.30243122577667239,0.4596770405769348,0.18323536217212678,0.15637579560279847,0.49224919080734255,0.42482224106788638,0.4562300741672516,0.46996861696243288,0.12609529495239259,0.35712942481040957,0.24637478590011598,0.2021452784538269,0.17470750212669373,0.3425537943840027,0.21160146594047547,0.20827272534370423],"bodySizes":[1.987129807472229,1.8098162412643433,2.2244839668273927],"springs":[],"dumpers":[],"name":11572,"generation":330,"distance":44.05783462524414,"reward":-68.3638916015625}]}