{"geneDatas":[{"angles":[-5.336687088012695,-45.1480827331543,44.35517883300781,32.17477035522461,1.9487075805664063,-58.512264251708987,-20.968460083007814,-0.22702789306640626,87.89161682128906,10.962501525878907,18.463682174682618,-44.30519104003906,-32.34626770019531,-77.95570373535156,-69.24427795410156,-23.808326721191408,-59.2152099609375,-13.757577896118164,58.15016174316406,-21.11524200439453,36.54271697998047,13.107620239257813,54.00977325439453,-41.74657440185547,68.65568542480469,13.700431823730469,52.141685485839847,12.805059432983399,-37.560508728027347,-13.817825317382813,-44.40484619140625,-55.895606994628909,43.0595703125,13.877784729003907,38.60883331298828,5.933326721191406,-59.42802810668945,58.56156921386719,21.8375301361084,24.39240837097168,-8.600265502929688,-12.082695007324219,42.53966522216797,-87.20698547363281,19.7552490234375,58.81330871582031,-44.84004211425781,38.86003112792969,-26.460237503051759,36.03099060058594,45.294288635253909,37.122501373291019,-45.986663818359378,-86.24537658691406,-83.88812255859375,-46.032867431640628,33.75929641723633,-7.126716613769531,-21.078794479370118,-10.460807800292969,43.526458740234378,36.06632614135742,-13.955955505371094,77.72918701171875,17.248991012573243,57.97240447998047,34.54298782348633,48.41557312011719,11.966835021972657,-72.77618408203125,18.778135299682618,-7.189643859863281,52.95277404785156,-7.6612701416015629,23.3078670501709,-51.00129699707031,32.900245666503909,-69.65870666503906,-44.23065948486328,4.901784896850586],"legSizes":[0.24999994039535523,0.44415777921676638,0.25,0.15587878227233888,0.25,0.25,0.3392846882343292,0.28099873661994936,0.3793381154537201,0.25,0.25,0.25,0.44798365235328677,0.24999994039535523,0.49947628378868105,0.25,0.25,0.25,0.24999994039535523,0.16305986046791078,0.33552825450897219,0.32289454340934756,0.25,0.4423612654209137],"bodySizes":[2.0472259521484377,1.719506859779358,2.272585391998291],"springs":[],"dumpers":[],"name":430,"generation":12,"distance":103.81951141357422,"reward":-103.81951141357422},{"angles":[-54.36986541748047,39.48786926269531,-36.584632873535159,-34.38892364501953,59.479888916015628,44.16047668457031,-50.59416198730469,12.44264030456543,-13.532958984375,87.29365539550781,26.392528533935548,-55.71116638183594,19.63728904724121,-50.62825012207031,-69.24427795410156,22.815656661987306,-21.2069091796875,37.51197052001953,67.77017211914063,1.3675918579101563,46.77546691894531,-23.753751754760743,-85.61862182617188,53.831321716308597,17.567855834960939,20.823139190673829,-29.304275512695314,-56.54777526855469,3.298107147216797,-68.03837585449219,25.291227340698243,39.44337463378906,-20.756240844726564,53.14850616455078,-5.040657043457031,-61.748016357421878,57.15252685546875,86.40144348144531,-36.83269500732422,48.469329833984378,-85.26472473144531,-12.082695007324219,-11.795045852661133,30.851837158203126,11.33909797668457,-8.886186599731446,56.25605010986328,30.700748443603517,-18.29185676574707,36.03099060058594,45.294288635253909,37.122501373291019,-45.986663818359378,-86.24537658691406,-83.88812255859375,-46.032867431640628,-55.236122131347659,-64.80424499511719,-21.078794479370118,25.278579711914064,-13.026517868041993,89.29570007324219,24.162038803100587,77.72918701171875,58.36431121826172,51.74176025390625,34.54298782348633,89.41999816894531,-15.650888442993164,-72.77618408203125,18.778135299682618,-53.937652587890628,-35.50464630126953,-21.677947998046876,31.32269287109375,48.833229064941409,68.96055603027344,-86.39140319824219,58.302757263183597,4.901784896850586],"legSizes":[0.24999994039535523,0.3225992023944855,0.25,0.36908403038978579,0.37999024987220766,0.22181838750839234,0.3392846882343292,0.37089571356773379,0.15818901360034944,0.25,0.25,0.40463337302207949,0.24999994039535523,0.24999994039535523,0.38550442457199099,0.25,0.25,0.1857225000858307,0.24999994039535523,0.24999994039535523,0.25,0.32289454340934756,0.25,0.4423612654209137],"bodySizes":[1.9112027883529664,1.8167331218719483,2.3040506839752199],"springs":[],"dumpers":[],"name":430,"generation":12,"distance":103.81951141357422,"reward":-110.10610961914063},{"angles":[2.542255401611328,-24.399641036987306,-25.717529296875,32.17477035522461,-26.462339401245118,74.96710205078125,-50.59416198730469,23.77155113220215,10.526840209960938,43.54679870605469,26.392528533935548,-1.3192100524902344,-56.323638916015628,-77.95570373535156,-69.24427795410156,-23.808326721191408,-12.599967956542969,4.578788757324219,39.002281188964847,68.03717041015625,1.6191444396972657,-47.238563537597659,12.629592895507813,53.831321716308597,17.567855834960939,20.823139190673829,58.391876220703128,-84.13059997558594,20.99072265625,-68.03837585449219,14.998090744018555,31.879634857177736,37.426456451416019,53.14850616455078,-36.520301818847659,-61.748016357421878,45.40642166137695,-26.077917098999025,-56.414405822753909,-10.2320556640625,-85.26472473144531,-12.082695007324219,7.3556671142578129,-87.20698547363281,19.7552490234375,58.81330871582031,51.18327331542969,30.700748443603517,-26.460237503051759,51.827232360839847,-12.007461547851563,37.122501373291019,-31.576139450073243,56.329132080078128,-83.88812255859375,-46.032867431640628,56.09490203857422,-41.428924560546878,-21.078794479370118,-24.545852661132814,-16.448455810546876,89.29570007324219,-13.955955505371094,77.72918701171875,5.9005889892578129,58.742897033691409,34.54298782348633,89.41999816894531,-15.650888442993164,-59.539093017578128,-47.880165100097659,45.67318344116211,-35.50464630126953,-8.187738418579102,-55.90299987792969,-12.441038131713868,32.900245666503909,48.878631591796878,29.047163009643556,-0.3238029479980469],"legSizes":[0.48557519912719729,0.4283331036567688,0.25,0.25,0.19934773445129395,0.11273989826440811,0.22441327571868897,0.24999994039535523,0.29050543904304507,0.25,0.25,0.2956776022911072,0.39789658784866335,0.24999994039535523,0.49947628378868105,0.25,0.25,0.25,0.24999994039535523,0.24999994039535523,0.19714617729187013,0.32289454340934756,0.45327526330947878,0.4423612654209137],"bodySizes":[1.6160004138946534,2.238373041152954,2.2116479873657228],"springs":[],"dumpers":[],"name":430,"generation":12,"distance":103.81951141357422,"reward":-122.58441162109375}]}