{"geneDatas":[{"angles":[19.327795028686525,-53.17686462402344,-54.77379608154297,-55.872406005859378,16.692649841308595,-43.598182678222659,50.13294982910156,20.43067741394043,22.183454513549806,0.9863433837890625,13.027503967285157,30.919002532958986,-48.48887634277344,-12.185234069824219,-29.788619995117189,-37.45087432861328,24.889211654663087,25.643720626831056,38.005828857421878,1.5224990844726563,-43.989959716796878,28.692352294921876,11.962486267089844,-23.752748489379884,-47.150474548339847,36.739295959472659,-16.54949378967285,-4.266693115234375,-16.0712890625,22.35683250427246,-42.276695251464847,26.172277450561525,-25.245744705200197,14.231765747070313,35.083824157714847,27.689964294433595,-54.37104034423828,-44.464759826660159,1.4250106811523438,-4.297050476074219,40.01786804199219,27.56629753112793,-55.661956787109378,57.7606201171875,11.595832824707032,44.731807708740237,52.676666259765628,58.97184753417969,-26.190641403198243,-27.187650680541993,50.44505310058594,0.9040336608886719,-1.29193115234375,4.1712493896484379,47.59092712402344,-33.043426513671878,57.17316436767578,-18.762651443481447,-2.4720611572265627,-39.73969268798828,-6.37153434753418,49.148311614990237,-57.774993896484378,36.73054122924805,40.011505126953128,58.787384033203128,38.86480712890625,48.091835021972659,54.65373229980469,55.35826110839844,7.243459701538086,-20.94622802734375,-16.1953125,44.91541290283203,4.612678527832031,18.186635971069337,29.644603729248048,-10.755765914916993,31.066259384155275,58.19860076904297],"legSizes":[0.3531526029109955,0.3508705198764801,0.3409665822982788,0.2481115609407425,0.3762817978858948,0.3720983564853668,0.30889934301376345,0.14465156197547913,0.1391192078590393,0.14498348534107209,0.26363152265548708,0.16495318710803986,0.10392989963293076,0.27337712049484255,0.47354093194007876,0.40494608879089358,0.2887212038040161,0.3922438621520996,0.45967546105384829,0.16898679733276368,0.4828459620475769,0.4857948422431946,0.4245564341545105,0.10016212612390518],"bodySizes":[2.06854248046875,1.884608507156372,2.0521278381347658],"springs":[],"dumpers":[],"name":16014,"generation":457,"distance":30.470348358154298,"reward":-28.668590545654298},{"angles":[-24.589683532714845,-53.17686462402344,-45.019142150878909,52.076255798339847,-4.336174011230469,11.636301040649414,8.716156005859375,20.43067741394043,-2.634349822998047,-40.70967102050781,34.362186431884769,30.919002532958986,-33.218505859375,-39.46717071533203,-48.06000518798828,9.233528137207032,24.889211654663087,21.177892684936525,38.005828857421878,1.5224990844726563,-43.989959716796878,28.692352294921876,11.962486267089844,-23.752748489379884,-47.150474548339847,36.739295959472659,28.884944915771486,-4.266693115234375,-16.0712890625,22.35683250427246,-42.276695251464847,26.172277450561525,16.982200622558595,14.231765747070313,35.083824157714847,4.4083709716796879,-33.68303680419922,-44.464759826660159,1.4250106811523438,-4.297050476074219,40.01786804199219,27.56629753112793,-55.661956787109378,57.7606201171875,11.595832824707032,44.731807708740237,52.676666259765628,58.97184753417969,-26.190641403198243,-27.187650680541993,50.44505310058594,0.9040336608886719,-1.29193115234375,4.1712493896484379,47.59092712402344,-33.043426513671878,57.17316436767578,-18.762651443481447,-2.4720611572265627,-5.77227783203125,-16.93147087097168,49.148311614990237,-57.774993896484378,36.73054122924805,40.011505126953128,31.87252426147461,38.86480712890625,21.816829681396486,54.65373229980469,27.31899070739746,7.243459701538086,-20.3944091796875,-16.1953125,13.777091979980469,4.612678527832031,17.654754638671876,1.5453872680664063,22.556676864624025,58.21552276611328,55.68471908569336],"legSizes":[0.12773624062538148,0.24920561909675599,0.3409665822982788,0.2481115609407425,0.3762817978858948,0.45946091413497927,0.11042008548974991,0.14465156197547913,0.27693331241607668,0.25967100262641909,0.3256366550922394,0.16495318710803986,0.10392989963293076,0.23063810169696809,0.47354093194007876,0.40494608879089358,0.14030203223228455,0.3922438621520996,0.3356267213821411,0.16898679733276368,0.40264201164245608,0.36169180274009707,0.292131245136261,0.11223077774047852],"bodySizes":[2.024944543838501,1.7401313781738282,2.2703604698181154],"springs":[],"dumpers":[],"name":16014,"generation":457,"distance":30.470348358154298,"reward":-36.37675094604492},{"angles":[19.327795028686525,-53.17686462402344,45.44738006591797,-55.872406005859378,16.692649841308595,-43.598182678222659,8.716156005859375,20.43067741394043,22.183454513549806,0.9863433837890625,34.362186431884769,30.919002532958986,-48.48887634277344,-12.185234069824219,-29.788619995117189,9.233528137207032,24.889211654663087,21.177892684936525,38.005828857421878,1.5224990844726563,-43.989959716796878,28.692352294921876,11.962486267089844,-23.752748489379884,-47.150474548339847,36.739295959472659,28.884944915771486,-4.266693115234375,-16.0712890625,22.35683250427246,-42.276695251464847,26.172277450561525,16.982200622558595,14.231765747070313,35.083824157714847,27.689964294433595,-33.68303680419922,-44.464759826660159,1.4250106811523438,-4.297050476074219,40.01786804199219,27.56629753112793,-55.661956787109378,57.7606201171875,11.595832824707032,44.731807708740237,52.676666259765628,58.97184753417969,-26.190641403198243,-27.187650680541993,50.44505310058594,0.9040336608886719,-1.29193115234375,4.1712493896484379,47.59092712402344,-33.043426513671878,57.17316436767578,-18.762651443481447,-2.4720611572265627,-5.77227783203125,-16.93147087097168,49.148311614990237,-57.774993896484378,36.73054122924805,40.011505126953128,31.87252426147461,38.86480712890625,48.091835021972659,54.65373229980469,27.31899070739746,7.243459701538086,-20.3944091796875,-16.1953125,13.777091979980469,4.612678527832031,17.654754638671876,1.5453872680664063,22.556676864624025,58.21552276611328,55.68471908569336],"legSizes":[0.3531526029109955,0.15921278297901154,0.3409665822982788,0.2481115609407425,0.3762817978858948,0.45946091413497927,0.30889934301376345,0.14465156197547913,0.4629175066947937,0.4959489703178406,0.20008203387260438,0.34107911586761477,0.10392989963293076,0.23063810169696809,0.47354093194007876,0.4611452519893646,0.14030203223228455,0.3922438621520996,0.3356267213821411,0.16898679733276368,0.40264201164245608,0.36169180274009707,0.292131245136261,0.11223077774047852],"bodySizes":[2.024944543838501,1.7401313781738282,2.2703604698181154],"springs":[],"dumpers":[],"name":16014,"generation":457,"distance":30.470348358154298,"reward":-37.68553924560547}]}