{"geneDatas":[{"angles":[-53.04004669189453,26.172134399414064,-25.006362915039064,-33.09288024902344,-40.69291687011719,30.331634521484376,32.933250427246097,-46.59954071044922,16.318700790405275,-41.911354064941409,41.343353271484378,-2.828857421875,58.60362243652344,36.888084411621097,-33.040496826171878,23.11988067626953,-14.630620956420899,49.1287841796875,10.062726974487305,-41.33404541015625,16.671249389648439,31.325939178466798,10.523391723632813,-39.22722625732422,-31.844388961791993,-45.31817626953125,17.330989837646486,50.24113464355469,-32.491737365722659,-21.71826171875,-14.958564758300782,23.29095458984375,44.722434997558597,-40.107994079589847,38.77845001220703,-41.282203674316409,-33.68303680419922,52.83708190917969,-8.639638900756836,45.118858337402347,31.722578048706056,-32.035736083984378,-33.64826202392578,56.387672424316409,-0.9865150451660156,-59.29754638671875,44.36323547363281,-38.83843994140625,-47.71333312988281,-39.02056121826172,50.44505310058594,-45.41058349609375,6.87872314453125,-6.544023513793945,25.11963653564453,-52.07666778564453,57.17316436767578,-22.14306640625,41.12750244140625,12.37646484375,-17.921913146972658,19.41957664489746,20.56264305114746,23.493972778320314,-35.99009704589844,58.17399597167969,-9.96240234375,-41.487335205078128,18.93287467956543,-52.77760314941406,-16.84716796875,37.421234130859378,36.18465805053711,6.148017883300781,36.509925842285159,50.70777130126953,6.739145278930664,7.537015914916992,39.123313903808597,-44.43505859375],"legSizes":[0.28392478823661806,0.3726990222930908,0.497774213552475,0.21819698810577393,0.4696269631385803,0.29366499185562136,0.3747515082359314,0.2086462378501892,0.15309086441993714,0.33718788623809817,0.1905251443386078,0.24106571078300477,0.3324841260910034,0.44498953223228457,0.44015708565711977,0.22883695363998414,0.19401153922080995,0.4652453362941742,0.14749474823474885,0.21126297116279603,0.4855481684207916,0.1989630162715912,0.1384483277797699,0.4099358022212982],"bodySizes":[2.0596277713775636,1.713901162147522,2.2662899494171144],"springs":[],"dumpers":[],"name":7484,"generation":220,"distance":31.007165908813478,"reward":-31.007165908813478},{"angles":[13.550683975219727,9.296430587768555,9.300033569335938,-28.161455154418947,-40.69291687011719,30.331634521484376,30.202144622802736,25.421918869018556,17.791152954101564,-41.911354064941409,-27.51874351501465,-41.82612609863281,-15.688941955566407,-57.03523254394531,-55.25817108154297,-35.58051300048828,55.265464782714847,49.1287841796875,30.38190269470215,-23.30870246887207,1.7563743591308594,-50.683677673339847,10.523391723632813,-41.23747253417969,-23.325340270996095,-50.043479919433597,17.330989837646486,-24.98876953125,-40.72442626953125,-37.82563781738281,30.28840446472168,54.760223388671878,27.79127311706543,-40.107994079589847,-49.08100891113281,44.34996032714844,-33.68303680419922,-15.749879837036133,13.964574813842774,36.353057861328128,23.254562377929689,-37.16668701171875,-56.529632568359378,56.387672424316409,-28.439048767089845,-59.29754638671875,44.36323547363281,-19.61334991455078,-47.71333312988281,-37.045143127441409,50.44505310058594,-45.41058349609375,6.87872314453125,-6.544023513793945,25.11963653564453,53.09808349609375,57.17316436767578,-20.69590187072754,41.12750244140625,52.83891296386719,6.195638656616211,-19.094589233398439,20.409391403198243,11.647018432617188,-42.34843444824219,-38.33769226074219,11.064428329467774,9.140016555786133,-14.985099792480469,-27.68852996826172,-16.84716796875,-25.719100952148439,41.55873107910156,6.148017883300781,36.509925842285159,-38.52674865722656,48.969642639160159,45.849281311035159,-24.932090759277345,-55.98137664794922],"legSizes":[0.2901841402053833,0.4784172475337982,0.2836834192276001,0.21819698810577393,0.4696269631385803,0.29366499185562136,0.3747515082359314,0.2086462378501892,0.15309086441993714,0.4638060927391052,0.1685050129890442,0.15384316444396974,0.3245956599712372,0.2874102294445038,0.4562300741672516,0.17631998658180238,0.23009207844734193,0.3893528878688812,0.30559688806533816,0.1108175739645958,0.24076926708221436,0.1996653974056244,0.4335329532623291,0.3846321702003479],"bodySizes":[2.087059497833252,1.7454696893692017,2.1960530281066896],"springs":[],"dumpers":[],"name":7484,"generation":220,"distance":31.007165908813478,"reward":-35.23441696166992},{"angles":[13.550683975219727,26.172134399414064,9.300033569335938,-28.161455154418947,-40.69291687011719,30.331634521484376,30.202144622802736,25.421918869018556,17.791152954101564,-41.911354064941409,-27.51874351501465,15.546224594116211,-33.44279479980469,36.888084411621097,-55.25817108154297,7.1792144775390629,55.265464782714847,49.1287841796875,30.38190269470215,-23.30870246887207,1.7563743591308594,-50.683677673339847,10.523391723632813,-41.23747253417969,-23.325340270996095,-50.043479919433597,17.330989837646486,-24.98876953125,-40.72442626953125,-58.83821105957031,30.28840446472168,54.760223388671878,27.79127311706543,-40.107994079589847,-50.364959716796878,44.34996032714844,-33.68303680419922,-15.749879837036133,13.964574813842774,36.353057861328128,23.254562377929689,-37.16668701171875,-56.529632568359378,56.387672424316409,-28.439048767089845,-59.29754638671875,44.36323547363281,-19.61334991455078,-47.71333312988281,-39.02056121826172,50.44505310058594,-45.41058349609375,6.87872314453125,-6.544023513793945,25.11963653564453,53.09808349609375,57.17316436767578,-20.69590187072754,41.12750244140625,-3.7853851318359377,6.195638656616211,-19.094589233398439,20.409391403198243,11.647018432617188,-55.16184997558594,-38.33769226074219,11.064428329467774,9.140016555786133,-14.985099792480469,9.816192626953125,-16.84716796875,-25.719100952148439,41.55873107910156,6.148017883300781,36.509925842285159,-38.52674865722656,13.009162902832032,45.849281311035159,39.123313903808597,-55.98137664794922],"legSizes":[0.2901841402053833,0.4784172475337982,0.2836834192276001,0.21819698810577393,0.4696269631385803,0.29366499185562136,0.3747515082359314,0.2086462378501892,0.15309086441993714,0.4638060927391052,0.1685050129890442,0.15384316444396974,0.3245956599712372,0.4828866124153137,0.4562300741672516,0.17631998658180238,0.23009207844734193,0.3893528878688812,0.30559688806533816,0.1108175739645958,0.24076926708221436,0.1996653974056244,0.4335329532623291,0.3846321702003479],"bodySizes":[2.0841033458709719,1.7467073202133179,2.1976101398468019],"springs":[],"dumpers":[],"name":7484,"generation":220,"distance":31.007165908813478,"reward":-52.179874420166019}]}