{"geneDatas":[{"angles":[-5.094732284545898,-8.865745544433594,14.245697021484375,-1.231048583984375,-44.50899124145508,48.378868103027347,34.79615783691406,19.508113861083986,35.84981918334961,8.903009414672852,41.476478576660159,6.619096755981445,16.076515197753908,52.46664047241211,-16.797889709472658,23.11988067626953,2.5970306396484377,-28.46246337890625,46.71373748779297,18.902706146240236,-36.281646728515628,26.178558349609376,-43.88465881347656,24.6749324798584,-22.60749626159668,-16.826326370239259,46.54833984375,57.10045623779297,26.727046966552736,-53.96149444580078,-18.047012329101564,54.776702880859378,19.825773239135743,53.14850616455078,6.1602630615234379,-29.309959411621095,9.6639404296875,-7.538887023925781,-4.096807479858398,-40.04560852050781,10.97962760925293,-25.802513122558595,-36.94764709472656,56.387672424316409,-30.337356567382814,-43.94084930419922,44.36323547363281,28.513023376464845,-27.816802978515626,-42.011993408203128,37.21087646484375,-45.712867736816409,-56.16801452636719,52.188560485839847,44.97583770751953,-46.032867431640628,56.806312561035159,-22.14306640625,-50.910675048828128,27.943695068359376,-27.11199188232422,-6.162820816040039,20.298398971557618,42.639198303222659,34.77820587158203,28.68597412109375,-47.0992431640625,-54.16313934326172,-2.1592483520507814,-72.77618408203125,52.063323974609378,-19.3321533203125,-48.645904541015628,-6.888162612915039,-28.705078125,-30.85471534729004,68.96055603027344,5.805765151977539,44.795753479003909,-7.135040283203125],"legSizes":[0.4245290160179138,0.11118445545434952,0.45754608511924746,0.3200145363807678,0.4817381799221039,0.3179064989089966,0.44376882910728457,0.25820332765579226,0.2703748047351837,0.28186753392219546,0.49926456809043887,0.3084428906440735,0.3658500611782074,0.46114224195480349,0.3870200216770172,0.22160762548446656,0.13624224066734315,0.49639230966567995,0.29893162846565249,0.12111606448888779,0.409050852060318,0.3540523648262024,0.27265313267707827,0.3768872618675232],"bodySizes":[1.9268723726272584,2.1045706272125246,1.9727566242218018],"springs":[],"dumpers":[],"name":2832,"generation":81,"distance":30.31311798095703,"reward":-30.31311798095703},{"angles":[6.013704299926758,-9.667131423950196,23.3957576751709,1.5557594299316407,59.6492919921875,33.33763885498047,31.353477478027345,59.06501770019531,23.97138023376465,-0.567962646484375,32.10589599609375,-47.145538330078128,1.5439453125,49.99493408203125,14.561197280883789,23.060087203979493,12.274909973144532,-13.058601379394532,-30.91569709777832,27.312910079956056,5.139076232910156,22.16119384765625,-29.077713012695314,38.48252868652344,37.70014190673828,53.23914337158203,58.391876220703128,-17.09535026550293,21.283203125,-31.209455490112306,-8.019683837890625,29.13642692565918,-33.589683532714847,-28.759140014648439,6.1602630615234379,-29.309959411621095,12.485681533813477,-4.849512100219727,-4.096807479858398,-8.345039367675782,10.97962760925293,-28.343963623046876,-36.94764709472656,25.111867904663087,20.237815856933595,-6.318449020385742,56.26178741455078,51.508094787597659,-27.816802978515626,31.2239990234375,37.21087646484375,-45.712867736816409,-51.70378875732422,-31.985923767089845,44.97583770751953,-46.032867431640628,56.806312561035159,-1.0425796508789063,-56.943382263183597,-49.23591613769531,40.519622802734378,-6.162820816040039,8.602575302124024,44.44001007080078,10.599411010742188,46.140716552734378,21.519298553466798,-35.31224822998047,33.89324951171875,-72.77618408203125,22.796001434326173,-19.3321533203125,25.706846237182618,-17.76288414001465,-3.984954833984375,13.714935302734375,54.05180358886719,-31.523521423339845,46.0267333984375,-14.802597045898438],"legSizes":[0.4245290160179138,0.11118445545434952,0.497774213552475,0.10808577388525009,0.4817381799221039,0.3179064989089966,0.32919758558273318,0.12697263062000276,0.2703748047351837,0.35208338499069216,0.2876504063606262,0.26473528146743777,0.32896173000335696,0.31799131631851199,0.3870200216770172,0.22160762548446656,0.13624224066734315,0.40296444296836855,0.29893162846565249,0.2667120099067688,0.4045715928077698,0.469822496175766,0.3306191563606262,0.4943056106567383],"bodySizes":[1.861680507659912,1.806357979774475,2.3789265155792238],"springs":[],"dumpers":[],"name":2832,"generation":81,"distance":30.31311798095703,"reward":-61.025142669677737},{"angles":[-5.094732284545898,-8.865745544433594,14.245697021484375,-45.48516082763672,-44.50899124145508,48.378868103027347,34.79615783691406,19.508113861083986,35.84981918334961,8.903009414672852,41.476478576660159,6.619096755981445,-40.080474853515628,52.46664047241211,-16.797889709472658,23.11988067626953,2.5970306396484377,-28.46246337890625,46.71373748779297,18.902706146240236,17.584630966186525,26.178558349609376,-43.88465881347656,6.107519149780273,24.400588989257814,-16.826326370239259,46.54833984375,57.10045623779297,26.727046966552736,-53.96149444580078,-18.047012329101564,54.776702880859378,19.825773239135743,53.14850616455078,6.1602630615234379,-29.309959411621095,9.6639404296875,-7.538887023925781,-4.096807479858398,-40.04560852050781,10.97962760925293,-25.802513122558595,-36.94764709472656,56.387672424316409,-30.337356567382814,-43.94084930419922,44.36323547363281,28.513023376464845,-53.69391632080078,-42.011993408203128,37.21087646484375,-45.712867736816409,-56.16801452636719,52.188560485839847,44.97583770751953,-46.032867431640628,56.806312561035159,-22.14306640625,-50.910675048828128,27.943695068359376,-27.11199188232422,-6.162820816040039,20.298398971557618,42.639198303222659,34.77820587158203,28.68597412109375,-47.0992431640625,-54.16313934326172,-2.1592483520507814,-72.77618408203125,52.063323974609378,-19.3321533203125,-48.645904541015628,-6.888162612915039,37.865684509277347,-30.85471534729004,68.96055603027344,-56.52140808105469,-2.8673095703125,-14.802597045898438],"legSizes":[0.4245290160179138,0.18178048729896546,0.45754608511924746,0.18325811624526978,0.4817381799221039,0.3179064989089966,0.44376882910728457,0.25820332765579226,0.2703748047351837,0.28186753392219546,0.49926456809043887,0.3084428906440735,0.3658500611782074,0.46114224195480349,0.3870200216770172,0.22160762548446656,0.13624224066734315,0.40296444296836855,0.29893162846565249,0.21830245852470399,0.4045715928077698,0.469822496175766,0.4409164786338806,0.4943056106567383],"bodySizes":[1.8215866088867188,1.9895752668380738,2.2073936462402345],"springs":[],"dumpers":[],"name":2832,"generation":81,"distance":30.31311798095703,"reward":-64.97886657714844}]}