{"geneDatas":[{"angles":[-5.814308166503906,2.1276779174804689,16.360044479370118,40.41230773925781,-14.871391296386719,-52.18504333496094,35.728355407714847,29.748615264892579,16.318700790405275,-42.309104919433597,41.343353271484378,38.93206787109375,-33.44279479980469,36.888084411621097,-55.25817108154297,23.11988067626953,55.265464782714847,-58.58330535888672,17.512706756591798,26.849380493164064,-12.812841415405274,31.325939178466798,-42.248626708984378,18.251066207885743,42.13335418701172,-50.043479919433597,17.330989837646486,-10.848762512207032,-32.491737365722659,-21.71826171875,-31.007278442382814,-31.832841873168947,50.53314971923828,-40.107994079589847,-50.364959716796878,58.911964416503909,-48.06525421142578,-33.180870056152347,58.43052673339844,30.600828170776368,23.254562377929689,17.830978393554689,-47.79194641113281,56.387672424316409,-28.439048767089845,-59.53123474121094,44.36323547363281,-49.90013122558594,-53.69391632080078,-30.983118057250978,50.44505310058594,-35.618194580078128,2.865093231201172,-8.45643424987793,47.29712677001953,-52.87108612060547,57.17316436767578,-22.14306640625,52.26569366455078,31.231382369995118,-39.11394500732422,19.41957664489746,20.409391403198243,-33.840667724609378,-37.037803649902347,58.17399597167969,-47.98705291748047,-43.27021026611328,32.27592849731445,-37.37640380859375,25.835180282592775,-17.640472412109376,36.18465805053711,-4.944282531738281,-33.46314239501953,50.70777130126953,6.739145278930664,7.537015914916992,39.123313903808597,37.37345504760742],"legSizes":[0.4858645498752594,0.3197113871574402,0.3369978070259094,0.4435107111930847,0.4696269631385803,0.19392609596252442,0.10019250214099884,0.2086462378501892,0.42025190591812136,0.22255714237689973,0.34618061780929568,0.10017728805541992,0.3324841260910034,0.44498953223228457,0.4562300741672516,0.1595468521118164,0.27396467328071597,0.4652453362941742,0.23573115468025208,0.1108175739645958,0.3287822902202606,0.1989630162715912,0.12161922454833985,0.46635445952415469],"bodySizes":[2.0973756313323976,1.698408603668213,2.245802640914917],"springs":[],"dumpers":[],"name":5722,"generation":163,"distance":22.106563568115236,"reward":-22.106563568115236},{"angles":[13.550683975219727,2.1276779174804689,16.360044479370118,-33.09288024902344,-38.99658966064453,-19.918991088867189,35.728355407714847,43.57141876220703,16.318700790405275,-41.911354064941409,-17.11370086669922,-15.657684326171875,-33.44279479980469,36.888084411621097,-55.25817108154297,23.11988067626953,46.08990478515625,-58.58330535888672,-9.96855354309082,-23.30870246887207,-12.812841415405274,31.325939178466798,-42.248626708984378,20.86334991455078,30.36322021484375,-50.043479919433597,32.851539611816409,-10.848762512207032,-32.491737365722659,-21.71826171875,-58.87461853027344,-15.54119873046875,52.572383880615237,-40.107994079589847,-50.364959716796878,58.911964416503909,-48.06525421142578,-33.180870056152347,-36.807403564453128,30.600828170776368,23.254562377929689,11.416219711303711,-47.79194641113281,56.387672424316409,-28.439048767089845,-59.53123474121094,44.36323547363281,45.444374084472659,-53.69391632080078,-30.983118057250978,50.44505310058594,25.977672576904298,28.582176208496095,-8.45643424987793,47.29712677001953,-52.87108612060547,57.17316436767578,-22.14306640625,6.145669937133789,31.231382369995118,-39.11394500732422,19.41957664489746,-48.052711486816409,-42.36302185058594,-37.037803649902347,-30.13050651550293,11.064428329467774,22.385143280029298,32.27592849731445,-37.37640380859375,25.835180282592775,-17.640472412109376,36.18465805053711,6.148017883300781,-33.46314239501953,50.70777130126953,68.96055603027344,7.537015914916992,39.123313903808597,37.37345504760742],"legSizes":[0.31596362590789797,0.3726990222930908,0.497774213552475,0.21819698810577393,0.11730213463306427,0.19487953186035157,0.44476160407066347,0.2086462378501892,0.45094314217567446,0.22255714237689973,0.34618061780929568,0.10017728805541992,0.11500082165002823,0.44498953223228457,0.4562300741672516,0.1595468521118164,0.21629098057746888,0.4652453362941742,0.23573115468025208,0.1108175739645958,0.10492096096277237,0.1989630162715912,0.12161922454833985,0.46635445952415469],"bodySizes":[2.0974860191345217,1.698498010635376,2.2455661296844484],"springs":[],"dumpers":[],"name":5722,"generation":163,"distance":22.106563568115236,"reward":-32.68048858642578},{"angles":[-5.814308166503906,2.1276779174804689,16.360044479370118,-33.09288024902344,-14.871391296386719,-52.18504333496094,35.728355407714847,29.748615264892579,16.318700790405275,-42.309104919433597,41.343353271484378,38.93206787109375,-33.44279479980469,36.888084411621097,-55.25817108154297,23.11988067626953,55.265464782714847,-58.58330535888672,-12.54400634765625,-23.30870246887207,-12.812841415405274,23.646053314208986,-42.248626708984378,18.251066207885743,42.13335418701172,-50.043479919433597,17.330989837646486,-10.848762512207032,-32.491737365722659,-21.71826171875,-31.007278442382814,-31.832841873168947,52.572383880615237,-40.107994079589847,-50.364959716796878,58.911964416503909,-48.06525421142578,-33.180870056152347,58.43052673339844,30.600828170776368,23.254562377929689,11.416219711303711,-47.79194641113281,56.387672424316409,-28.439048767089845,-59.53123474121094,44.36323547363281,-49.90013122558594,-53.69391632080078,-30.983118057250978,50.44505310058594,-35.618194580078128,2.865093231201172,-8.45643424987793,47.29712677001953,-52.87108612060547,45.54521179199219,-22.14306640625,52.26569366455078,31.231382369995118,-39.11394500732422,19.41957664489746,20.409391403198243,1.3494796752929688,-37.037803649902347,58.17399597167969,11.064428329467774,-43.27021026611328,32.27592849731445,-37.37640380859375,25.835180282592775,-7.188697814941406,52.11484909057617,-29.742216110229493,56.97389221191406,50.70777130126953,18.90131950378418,23.884145736694337,1.3147315979003907,-7.295915603637695],"legSizes":[0.4858645498752594,0.3197113871574402,0.33179327845573428,0.4435107111930847,0.4696269631385803,0.19392609596252442,0.10019250214099884,0.2086462378501892,0.42025190591812136,0.22255714237689973,0.47515541315078738,0.10017728805541992,0.11500082165002823,0.44498953223228457,0.4033386707305908,0.1595468521118164,0.27396467328071597,0.4652453362941742,0.23573115468025208,0.1108175739645958,0.24076926708221436,0.1989630162715912,0.12161922454833985,0.46635445952415469],"bodySizes":[2.0974862575531008,1.6987664699554444,2.245211124420166],"springs":[],"dumpers":[],"name":5722,"generation":163,"distance":22.106563568115236,"reward":-33.60660171508789}]}