{"geneDatas":[{"angles":[-18.053117752075197,-24.01795196533203,-51.86390686035156,17.493764877319337,16.692649841308595,41.81121826171875,6.045534133911133,20.778289794921876,29.5653076171875,-15.886266708374024,30.059906005859376,30.919002532958986,44.690765380859378,27.351119995117189,-29.788619995117189,29.203031539916993,10.210481643676758,16.444072723388673,14.468801498413086,-55.03362274169922,-43.989959716796878,46.208953857421878,18.116039276123048,-55.876983642578128,47.222740173339847,36.739295959472659,58.64539337158203,-11.487958908081055,37.65467834472656,42.26110076904297,-37.894508361816409,58.076904296875,26.919536590576173,3.8536911010742189,12.986234664916993,-13.835212707519532,-33.68303680419922,39.18851852416992,1.4250106811523438,24.6474666595459,43.553321838378909,27.56629753112793,-54.796173095703128,57.7606201171875,27.75880241394043,6.181562423706055,52.676666259765628,-23.330331802368165,-26.190641403198243,-27.187650680541993,50.44505310058594,0.9040336608886719,-1.29193115234375,36.811248779296878,47.59092712402344,-33.043426513671878,57.17316436767578,16.527496337890626,-31.898773193359376,2.2740325927734377,7.418569564819336,14.594429016113282,-14.939208984375,-1.6751518249511719,27.965511322021486,44.762779235839847,-7.054658889770508,-30.482025146484376,-14.608789443969727,-13.45063591003418,22.14784812927246,-5.725730895996094,-16.984811782836915,-52.65459442138672,20.755760192871095,-57.34534454345703,8.312896728515625,33.74430465698242,57.50517272949219,21.29021453857422],"legSizes":[0.3531526029109955,0.2649427056312561,0.4856012761592865,0.4860301911830902,0.2930662930011749,0.45946091413497927,0.2192041575908661,0.14465156197547913,0.20244595408439637,0.40752944350242617,0.34704726934432986,0.2038462907075882,0.10392989963293076,0.30803579092025759,0.446809858083725,0.4611452519893646,0.14030203223228455,0.15246978402137757,0.16883587837219239,0.11400824040174484,0.21139761805534364,0.12120261043310166,0.2785036265850067,0.4417826533317566],"bodySizes":[1.957262635231018,1.7988393306732178,2.2722103595733644],"springs":[],"dumpers":[],"name":17869,"generation":513,"distance":45.85348129272461,"reward":-45.85348129272461},{"angles":[-18.053117752075197,-24.01795196533203,34.20241165161133,17.493764877319337,-16.613008499145509,41.81121826171875,6.045534133911133,9.662612915039063,29.5653076171875,-15.886266708374024,30.059906005859376,30.919002532958986,-10.124267578125,27.351119995117189,-29.788619995117189,29.203031539916993,10.210481643676758,-48.194915771484378,14.468801498413086,-55.03362274169922,-43.989959716796878,46.208953857421878,18.116039276123048,-55.876983642578128,4.313199996948242,36.739295959472659,40.91654968261719,-11.487958908081055,37.65467834472656,42.26110076904297,-37.894508361816409,58.076904296875,26.919536590576173,3.8536911010742189,12.986234664916993,-27.616432189941408,-33.68303680419922,39.18851852416992,1.4250106811523438,24.6474666595459,40.01786804199219,27.56629753112793,-54.796173095703128,57.7606201171875,27.75880241394043,6.181562423706055,50.25666809082031,-23.330331802368165,-26.190641403198243,-27.187650680541993,50.44505310058594,0.9040336608886719,-1.29193115234375,-34.85481262207031,47.59092712402344,-33.043426513671878,57.17316436767578,16.527496337890626,-31.898773193359376,2.2740325927734377,-16.93147087097168,14.594429016113282,-32.357086181640628,-1.6751518249511719,-17.83971405029297,-43.64689636230469,-7.054658889770508,-30.482025146484376,-14.608789443969727,-13.45063591003418,22.14784812927246,22.305721282958986,-34.903961181640628,-52.65459442138672,20.755760192871095,-57.34534454345703,-7.038795471191406,21.01258087158203,58.21552276611328,55.68471908569336],"legSizes":[0.3531526029109955,0.23923155665397645,0.38399559259414675,0.4860301911830902,0.2930662930011749,0.45946091413497927,0.2192041575908661,0.14465156197547913,0.20244595408439637,0.4380408823490143,0.3867436945438385,0.2038462907075882,0.10392989963293076,0.40553006529808047,0.446809858083725,0.4611452519893646,0.14030203223228455,0.15246978402137757,0.16883587837219239,0.11400824040174484,0.18407854437828065,0.12120261043310166,0.38970106840133669,0.4417826533317566],"bodySizes":[1.9640655517578126,1.78691828250885,2.2794461250305177],"springs":[],"dumpers":[],"name":17869,"generation":513,"distance":45.85348129272461,"reward":-51.007225036621097},{"angles":[-18.053117752075197,-24.01795196533203,34.20241165161133,17.493764877319337,16.692649841308595,-33.10887145996094,-50.003257751464847,-28.57227325439453,29.5653076171875,19.05974578857422,55.66366195678711,30.919002532958986,-20.38279151916504,32.91868591308594,-29.788619995117189,29.203031539916993,-42.22589111328125,-1.0558090209960938,8.94257926940918,-13.978981018066407,-43.989959716796878,2.19781494140625,18.116039276123048,-3.1994171142578127,-47.150474548339847,36.739295959472659,2.779491424560547,-51.472320556640628,37.65467834472656,42.26110076904297,-37.894508361816409,26.172277450561525,-26.830665588378908,-15.673662185668946,55.95435333251953,-57.87416076660156,-46.64091491699219,-36.07007598876953,1.4250106811523438,5.6592254638671879,41.88441467285156,0.7517547607421875,-55.661956787109378,49.2091064453125,-24.491737365722658,-54.4320068359375,52.676666259765628,-9.247833251953125,-36.779266357421878,-27.187650680541993,50.44505310058594,-7.71644401550293,-1.29193115234375,4.1712493896484379,47.59092712402344,-33.043426513671878,25.751564025878908,-44.52186584472656,-49.33685302734375,31.358640670776368,2.348621368408203,14.594429016113282,-9.231742858886719,-1.6751518249511719,40.13111114501953,44.762779235839847,-7.054658889770508,-30.482025146484376,-14.608789443969727,-13.45063591003418,22.14784812927246,-5.725730895996094,12.639862060546875,-52.65459442138672,20.755760192871095,-57.34534454345703,8.312896728515625,33.74430465698242,-45.20732116699219,19.184043884277345],"legSizes":[0.3531526029109955,0.23945796489715577,0.4856012761592865,0.22835108637809754,0.3762817978858948,0.45946091413497927,0.461392879486084,0.14465156197547913,0.47002512216567995,0.4044356346130371,0.32241174578666689,0.4505864977836609,0.49822473526000979,0.361804336309433,0.38345032930374148,0.42524781823158266,0.14030203223228455,0.10926814377307892,0.1768149882555008,0.2931410074234009,0.16465488076210023,0.35324040055274966,0.1866605281829834,0.22745415568351746],"bodySizes":[1.9740570783615113,1.7923548221588135,2.2610299587249758],"springs":[],"dumpers":[],"name":17869,"generation":513,"distance":45.85348129272461,"reward":-52.44389343261719}]}