{"geneDatas":[{"angles":[-26.720932006835939,35.39727783203125,-25.940414428710939,1.5557594299316407,17.826704025268556,-50.51663589477539,34.79615783691406,24.84113121032715,14.560897827148438,87.29365539550781,32.10589599609375,-55.71116638183594,19.63728904724121,48.186649322509769,-13.555320739746094,-28.187904357910158,-21.2069091796875,45.14007568359375,-22.85274314880371,-15.961938858032227,46.77546691894531,3.538707733154297,-85.61862182617188,38.48252868652344,47.54636764526367,-6.033332824707031,58.391876220703128,34.03374099731445,50.649330139160159,-68.03837585449219,15.095441818237305,-17.674448013305665,59.269622802734378,53.14850616455078,-36.520301818847659,-61.748016357421878,57.15252685546875,86.40144348144531,-36.83269500732422,40.632164001464847,-32.219970703125,11.195589065551758,1.8211212158203126,-5.903284072875977,19.7552490234375,58.81330871582031,7.275901794433594,-54.21116638183594,38.97187805175781,-30.25684928894043,-47.22468566894531,37.122501373291019,8.50469970703125,-28.809967041015626,-83.88812255859375,11.826202392578125,56.09490203857422,-43.618324279785159,-21.078794479370118,-24.545852661132814,31.538684844970704,89.29570007324219,16.28255271911621,77.72918701171875,5.9005889892578129,44.76556396484375,34.54298782348633,-18.430173873901368,-15.650888442993164,-72.77618408203125,18.778135299682618,14.090002059936524,3.6550369262695314,-15.511957168579102,-3.984954833984375,-13.410980224609375,23.005897521972658,47.24870300292969,-33.32502746582031,4.901784896850586],"legSizes":[0.49748939275741579,0.11118445545434952,0.25,0.4595525860786438,0.4817381799221039,0.39186540246009829,0.40765801072120669,0.28099873661994936,0.379681259393692,0.3626444935798645,0.16137322783470155,0.4929964542388916,0.24999994039535523,0.46114224195480349,0.49947628378868105,0.25,0.13277894258499146,0.15498347580432893,0.18360242247581483,0.12445320934057236,0.409050852060318,0.32289454340934756,0.19236445426940919,0.3916592001914978],"bodySizes":[1.7212077379226685,1.92239511013031,2.41776442527771],"springs":[],"dumpers":[],"name":994,"generation":28,"distance":121.8684310913086,"reward":-121.8684310913086},{"angles":[-40.176170349121097,-71.58700561523438,16.61175537109375,51.789222717285159,18.962743759155275,-5.069223403930664,-53.98924255371094,3.9233131408691408,-17.55590057373047,-9.016792297363282,35.508819580078128,-35.287513732910159,-55.358489990234378,-54.85108947753906,-28.38189697265625,-44.05595397949219,52.05475616455078,9.557912826538086,67.77017211914063,-15.961938858032227,3.5499267578125,-56.016883850097659,-85.61862182617188,53.831321716308597,21.614742279052736,20.823139190673829,58.391876220703128,57.10045623779297,-31.68901824951172,20.256099700927736,14.998090744018555,-17.419660568237306,-20.756240844726564,32.05552673339844,-36.520301818847659,-61.748016357421878,-36.4283447265625,86.40144348144531,27.091970443725587,55.148162841796878,53.761985778808597,21.813968658447267,37.11237335205078,-33.640655517578128,19.7552490234375,2.553485870361328,7.275901794433594,-54.21116638183594,-18.973325729370118,-30.25684928894043,4.293428421020508,37.122501373291019,8.50469970703125,-28.809967041015626,-30.501052856445314,-46.032867431640628,56.09490203857422,-37.78558349609375,-21.078794479370118,-24.545852661132814,31.538684844970704,89.29570007324219,-18.291343688964845,77.72918701171875,5.9005889892578129,58.742897033691409,34.54298782348633,-18.430173873901368,-15.650888442993164,-72.77618408203125,18.778135299682618,14.090002059936524,3.6550369262695314,-15.511957168579102,-34.420265197753909,-13.410980224609375,57.31446838378906,-86.39140319824219,45.24717712402344,4.901784896850586],"legSizes":[0.3220924139022827,0.24999994039535523,0.2304573357105255,0.25,0.4816603660583496,0.11273989826440811,0.11436095088720322,0.22398966550827027,0.3814931809902191,0.415598064661026,0.13374218344688416,0.4929964542388916,0.24999994039535523,0.3471917510032654,0.49947628378868105,0.4585496783256531,0.35207802057266238,0.47633376717567446,0.24999994039535523,0.48214465379714968,0.26224473118782046,0.2514447569847107,0.17870540916919709,0.44598403573036196],"bodySizes":[1.7339930534362794,1.907065510749817,2.419229030609131],"springs":[],"dumpers":[],"name":994,"generation":28,"distance":121.8684310913086,"reward":-124.9566650390625},{"angles":[-26.720932006835939,-71.58700561523438,16.61175537109375,1.5557594299316407,-44.50899124145508,-50.51663589477539,34.79615783691406,6.8851318359375,27.0225887298584,26.46051025390625,32.10589599609375,-55.71116638183594,19.63728904724121,48.186649322509769,-69.24427795410156,-28.187904357910158,-21.2069091796875,45.14007568359375,-22.85274314880371,-15.961938858032227,46.77546691894531,-23.753751754760743,-85.61862182617188,38.48252868652344,44.994476318359378,-6.033332824707031,58.391876220703128,34.03374099731445,-55.553382873535159,-68.03837585449219,15.095441818237305,39.44337463378906,59.269622802734378,55.729095458984378,-36.520301818847659,-61.748016357421878,57.15252685546875,86.40144348144531,-36.83269500732422,-59.501182556152347,-32.219970703125,11.195589065551758,1.8211212158203126,30.851837158203126,45.009727478027347,-44.043846130371097,-30.12742805480957,55.554412841796878,-10.114351272583008,36.03099060058594,45.294288635253909,-45.712867736816409,-45.986663818359378,-12.122589111328125,-48.277862548828128,-55.86083221435547,57.350563049316409,-64.80424499511719,2.662689208984375,-7.100837707519531,-13.026517868041993,15.813474655151368,24.162038803100587,39.779090881347659,58.36431121826172,15.700162887573243,38.884246826171878,-18.430173873901368,-19.69441795349121,-57.66986846923828,-19.34076690673828,2.188201904296875,-46.94945526123047,-15.511957168579102,-5.4816131591796879,55.73551940917969,32.900245666503909,27.346542358398439,8.929374694824219,18.65760040283203],"legSizes":[0.4245290160179138,0.11118445545434952,0.39855068922042849,0.48847514390945437,0.4817381799221039,0.37071824073791506,0.3392846882343292,0.28099873661994936,0.33902862668037417,0.35208338499069216,0.13398399949073792,0.38989725708961489,0.16983065009117127,0.24999994039535523,0.49947628378868105,0.25,0.2458319067955017,0.15498347580432893,0.36343732476234438,0.16305986046791078,0.20804163813591004,0.4365816116333008,0.19236445426940919,0.374844491481781],"bodySizes":[1.7278395891189576,1.8843413591384888,2.4571235179901125],"springs":[],"dumpers":[],"name":994,"generation":28,"distance":121.8684310913086,"reward":-125.26322937011719}]}