{"geneDatas":[{"angles":[-7.624792098999023,50.61913299560547,52.24293518066406,-50.894508361816409,-25.69598388671875,-33.301048278808597,20.19232749938965,-15.30708122253418,41.141693115234378,-47.791053771972659,-54.07403564453125,-24.072555541992189,-56.380531311035159,31.963619232177736,-59.33052062988281,10.859390258789063,9.190887451171875,-30.243728637695314,8.601600646972657,53.93165588378906,-28.561798095703126,45.87763214111328,40.03938293457031,-11.348541259765625,4.540151596069336,-19.60260772705078,-56.71925354003906,45.486083984375,-47.539947509765628,1.7536277770996094,-22.91984748840332,20.67379379272461,49.857887268066409,33.740543365478519,-34.60936737060547,-15.477483749389649,42.453392028808597,-50.14662170410156,31.990882873535158,39.51509094238281,53.73772430419922,40.142555236816409,35.31319046020508,50.19347381591797,-54.72950744628906,-25.971372604370118,11.357452392578125,47.66411209106445,47.31416320800781,-53.365692138671878,-42.81578063964844,-10.092178344726563,12.07002067565918,37.41096496582031,47.224632263183597,-48.463966369628909,-14.777692794799805,-45.87944793701172,-41.6693115234375,42.12519836425781,-44.52996063232422,-58.40486145019531,-43.01374816894531,36.47306442260742,-41.860313415527347,23.024465560913087,-43.203277587890628,-22.324827194213868,-30.79964256286621,52.309181213378909,-8.513883590698243,26.661298751831056,-29.34122657775879,-25.004547119140626,11.295267105102539,-6.269937515258789,-25.636489868164064,50.450164794921878,1.7362060546875,36.91205978393555],"legSizes":[0.17028088867664338,0.1684017777442932,0.3258320689201355,0.32285574078559878,0.31386810541152956,0.11009407043457031,0.4246978163719177,0.29832199215888979,0.19004125893115998,0.409477561712265,0.1833021640777588,0.17487859725952149,0.4952884316444397,0.2209227830171585,0.19752246141433717,0.3413320779800415,0.12608900666236878,0.23160918056964875,0.3210188150405884,0.20426371693611146,0.47528839111328127,0.1311894953250885,0.285580039024353,0.22251951694488526],"bodySizes":[2.2333760261535646,1.9183104038238526,1.8672789335250855],"springs":[],"dumpers":[],"name":11143,"generation":317,"distance":49.47629165649414,"reward":-49.47629165649414},{"angles":[-7.624792098999023,50.61913299560547,-7.633947372436523,-50.894508361816409,45.704010009765628,37.04389572143555,20.19232749938965,-15.30708122253418,41.141693115234378,-47.791053771972659,-54.07403564453125,-35.18255615234375,-56.380531311035159,31.963619232177736,-18.423248291015626,10.859390258789063,9.190887451171875,-30.243728637695314,8.601600646972657,53.93165588378906,-28.561798095703126,-56.260986328125,-4.576757431030273,2.8783111572265627,4.540151596069336,-17.7690486907959,-43.261558532714847,-11.019309997558594,-54.19915008544922,1.7536277770996094,-34.931129455566409,20.67379379272461,49.857887268066409,6.5818634033203129,-18.614450454711915,-15.334846496582032,42.453392028808597,-50.14662170410156,35.082679748535159,8.692481994628907,47.838706970214847,23.704647064208986,43.92291259765625,50.19347381591797,-54.72950744628906,31.755979537963868,30.38666534423828,12.597822189331055,9.010627746582032,-58.98313903808594,36.44230651855469,-7.199226379394531,-8.723152160644532,48.017608642578128,47.224632263183597,-48.463966369628909,-6.828168869018555,-10.537569046020508,37.59758758544922,-6.732610702514648,-44.52996063232422,-21.055376052856447,-43.01374816894531,10.446990966796875,-37.77079772949219,42.80364990234375,-40.958221435546878,53.668800354003909,-53.796531677246097,-19.515432357788087,51.90370178222656,-24.799697875976564,49.233154296875,-14.168922424316407,-7.766241073608398,-18.562036514282228,11.326324462890625,-22.038223266601564,28.73212242126465,-33.37548828125],"legSizes":[0.393119752407074,0.2361055612564087,0.4973604083061218,0.408191978931427,0.31386810541152956,0.1519199013710022,0.339237242937088,0.29832199215888979,0.19004125893115998,0.409477561712265,0.48530712723731997,0.17487859725952149,0.4952884316444397,0.2209227830171585,0.19752246141433717,0.16410952806472779,0.12608900666236878,0.23160918056964875,0.21149694919586183,0.22833970189094544,0.29600790143013,0.2848655879497528,0.48214107751846316,0.41581782698631289],"bodySizes":[1.9667818546295167,2.0558876991271974,1.9784923791885377],"springs":[],"dumpers":[],"name":11143,"generation":317,"distance":49.47629165649414,"reward":-55.690162658691409},{"angles":[-13.756134033203125,-32.67291259765625,-7.633947372436523,-50.894508361816409,-3.826080322265625,20.65277862548828,20.19232749938965,-15.30708122253418,-31.50385284423828,-47.791053771972659,9.43853759765625,-24.072555541992189,21.15407371520996,31.963619232177736,-59.33052062988281,10.859390258789063,9.190887451171875,47.335166931152347,-11.578523635864258,4.022575378417969,-54.662506103515628,45.87763214111328,40.03938293457031,-11.348541259765625,4.540151596069336,-19.60260772705078,-12.270292282104493,45.486083984375,-47.539947509765628,1.7536277770996094,-22.91984748840332,20.67379379272461,49.857887268066409,-57.213775634765628,-34.60936737060547,-15.477483749389649,42.453392028808597,-50.14662170410156,31.990882873535158,39.51509094238281,53.73772430419922,40.142555236816409,35.31319046020508,50.19347381591797,-54.72950744628906,-25.971372604370118,11.357452392578125,47.66411209106445,47.31416320800781,-53.365692138671878,-42.81578063964844,-10.092178344726563,12.07002067565918,37.41096496582031,47.224632263183597,-48.463966369628909,-14.777692794799805,-45.87944793701172,-41.6693115234375,42.12519836425781,-44.52996063232422,-58.40486145019531,-43.01374816894531,36.47306442260742,-41.860313415527347,23.024465560913087,44.75251770019531,-22.324827194213868,-30.79964256286621,52.309181213378909,-8.513883590698243,26.661298751831056,-29.34122657775879,-25.004547119140626,11.295267105102539,-6.269937515258789,-25.636489868164064,50.450164794921878,1.7362060546875,36.91205978393555],"legSizes":[0.15498852729797364,0.2361055612564087,0.49432674050331118,0.3682985305786133,0.31386810541152956,0.11009407043457031,0.339237242937088,0.29400137066841128,0.3650667667388916,0.13375338912010194,0.22059857845306397,0.4838534891605377,0.4952884316444397,0.2209227830171585,0.22634847462177277,0.16987338662147523,0.12608900666236878,0.23160918056964875,0.3210188150405884,0.20426371693611146,0.47528839111328127,0.1311894953250885,0.285580039024353,0.22251951694488526],"bodySizes":[1.6007611751556397,2.8166024684906008,1.7743440866470338],"springs":[],"dumpers":[],"name":11143,"generation":317,"distance":49.47629165649414,"reward":-65.62747955322266}]}