{"geneDatas":[{"angles":[-45.040252685546878,9.903366088867188,27.53436851501465,14.707038879394532,-30.62767791748047,38.62763977050781,-48.81251525878906,-30.91704559326172,-10.11046028137207,35.77009582519531,4.07105827331543,59.725425720214847,-45.06681823730469,-16.26294708251953,-18.289169311523439,26.829727172851564,-57.150482177734378,-41.583641052246097,35.77550506591797,23.615354537963868,40.30474853515625,-56.347686767578128,-8.020042419433594,-4.176115036010742,-54.85774230957031,31.515811920166017,52.7314567565918,-29.271888732910158,-54.10493469238281,54.646942138671878,-59.653358459472659,-36.96826171875,29.527416229248048,-43.76466369628906,-0.060848236083984378,29.151533126831056,32.6634521484375,-50.14662170410156,40.2479248046875,40.33122253417969,-53.594871520996097,-47.386077880859378,22.970436096191408,4.0904541015625,-31.809555053710939,45.391815185546878,-50.37983703613281,-36.023712158203128,-41.326988220214847,-40.27067565917969,7.519376754760742,55.13969421386719,-55.77948760986328,56.908203125,-45.242454528808597,-38.28540802001953,31.312591552734376,-39.36334228515625,-19.23576545715332,56.12025451660156,-33.83843231201172,-9.522735595703125,-10.0120849609375,45.69966125488281,-3.4443626403808595,-57.612449645996097,-18.96746063232422,8.491594314575196,-36.06452178955078,-29.93255615234375,-30.711265563964845,-39.218116760253909,-37.28173065185547,18.535879135131837,-57.67315673828125,34.616485595703128,-23.08437156677246,-25.434328079223634,-25.827104568481447,6.848196029663086],"legSizes":[0.4836184084415436,0.30687829852104189,0.24283531308174134,0.3833371698856354,0.2867308259010315,0.2611376643180847,0.29441049695014956,0.20862314105033875,0.24176061153411866,0.1866995394229889,0.3204953968524933,0.16873712837696076,0.4842516779899597,0.3352658450603485,0.46519017219543459,0.16410952806472779,0.17099642753601075,0.14767152070999146,0.2688637375831604,0.12206339836120606,0.43127569556236269,0.34339863061904909,0.2793436348438263,0.15169748663902284],"bodySizes":[1.9775751829147339,2.3031153678894045,1.756472110748291],"springs":[],"dumpers":[],"name":15060,"generation":429,"distance":62.33573913574219,"reward":-62.33573913574219},{"angles":[-31.102638244628908,-10.521875381469727,-37.46836853027344,-55.016387939453128,-6.266792297363281,38.089630126953128,18.93903923034668,55.55657196044922,41.141693115234378,35.77009582519531,-5.8975067138671879,42.69010925292969,-45.06681823730469,-16.26294708251953,2.6988258361816408,26.829727172851564,-57.150482177734378,-41.583641052246097,35.77550506591797,23.615354537963868,40.30474853515625,-24.254600524902345,-8.020042419433594,42.163856506347659,-54.85774230957031,-48.74571990966797,52.7314567565918,-29.271888732910158,-54.10493469238281,6.602531433105469,-59.78362274169922,-17.649728775024415,-13.921457290649414,-56.18516540527344,29.32698631286621,-3.767303466796875,29.748714447021486,-10.812744140625,-24.24250030517578,40.33122253417969,-39.281341552734378,59.277549743652347,16.4176082611084,59.55366516113281,-31.809555053710939,27.523784637451173,55.29381561279297,45.864715576171878,-7.7722320556640629,52.18257141113281,-12.048059463500977,55.13969421386719,22.823020935058595,-50.13921356201172,48.19190216064453,36.75554656982422,10.893997192382813,-9.476387023925782,-59.845115661621097,-46.29661560058594,-33.83843231201172,37.794273376464847,-12.217117309570313,-55.268829345703128,9.023843765258789,19.56331443786621,-51.017372131347659,8.491594314575196,-37.796112060546878,45.79048538208008,-35.343833923339847,-56.026466369628909,-33.32568359375,-27.48021697998047,58.329689025878909,6.804048538208008,57.005149841308597,-19.153526306152345,-10.167238235473633,-3.681884765625],"legSizes":[0.4836184084415436,0.30687829852104189,0.24283531308174134,0.3833371698856354,0.45267820358276369,0.23567059636116029,0.34297072887420657,0.12992095947265626,0.48529139161109927,0.3157491087913513,0.13478264212608338,0.2959888279438019,0.48286643624305727,0.2771371603012085,0.46519017219543459,0.3187478184700012,0.45633602142333987,0.3408055901527405,0.11324501037597656,0.10039744526147843,0.214377760887146,0.34339863061904909,0.37046685814857485,0.2152683436870575],"bodySizes":[2.0134952068328859,2.3496286869049074,1.6909865140914918],"springs":[],"dumpers":[],"name":15060,"generation":429,"distance":62.33573913574219,"reward":-72.2464828491211},{"angles":[-45.040252685546878,9.903366088867188,27.53436851501465,14.707038879394532,-30.62767791748047,38.62763977050781,-48.81251525878906,-30.91704559326172,-10.11046028137207,35.77009582519531,4.07105827331543,59.725425720214847,-45.06681823730469,-16.26294708251953,-18.289169311523439,26.829727172851564,-57.150482177734378,-41.583641052246097,35.77550506591797,-5.480283737182617,40.30474853515625,19.465110778808595,-8.020042419433594,40.2413330078125,-54.85774230957031,1.4914283752441407,52.7314567565918,-29.271888732910158,-54.10493469238281,6.602531433105469,-59.78362274169922,-17.649728775024415,-31.055418014526368,-43.76466369628906,29.32698631286621,-3.767303466796875,29.748714447021486,-10.812744140625,-24.24250030517578,40.33122253417969,-39.281341552734378,59.277549743652347,-0.4001655578613281,59.55366516113281,-31.809555053710939,27.523784637451173,55.29381561279297,45.864715576171878,-7.7722320556640629,52.18257141113281,-40.80778503417969,55.13969421386719,43.868263244628909,-50.13921356201172,-45.242454528808597,36.75554656982422,10.893997192382813,-9.476387023925782,-19.23576545715332,-41.48381805419922,-33.83843231201172,37.794273376464847,-12.217117309570313,-59.25401306152344,9.023843765258789,19.56331443786621,-17.242019653320314,8.491594314575196,45.07804870605469,45.43708038330078,-35.343833923339847,-56.026466369628909,-33.32568359375,-10.3822021484375,58.329689025878909,6.804048538208008,-35.74456024169922,1.4108772277832032,-41.84938049316406,-3.681884765625],"legSizes":[0.4836184084415436,0.30687829852104189,0.24283531308174134,0.3833371698856354,0.45267820358276369,0.23567059636116029,0.34297072887420657,0.12992095947265626,0.48529139161109927,0.3157491087913513,0.13478264212608338,0.44758081436157229,0.48286643624305727,0.2771371603012085,0.46519017219543459,0.3187478184700012,0.45633602142333987,0.3408055901527405,0.11324501037597656,0.10039744526147843,0.214377760887146,0.34339863061904909,0.37046685814857485,0.2152683436870575],"bodySizes":[1.9652259349822999,2.4038352966308595,1.6934516429901124],"springs":[],"dumpers":[],"name":15060,"generation":429,"distance":62.33573913574219,"reward":-85.44245147705078}]}