{"geneDatas":[{"angles":[14.091287612915039,-18.601964950561525,-7.633947372436523,-34.02770233154297,-12.488731384277344,-25.31395149230957,-56.788055419921878,17.77606201171875,16.591354370117189,-0.1100006103515625,26.66450309753418,36.79270935058594,-53.51847839355469,-4.436882019042969,-59.33052062988281,42.97815704345703,27.373279571533204,41.76338195800781,-4.766412734985352,23.260831832885743,-25.855758666992189,10.828592300415039,42.91657257080078,-33.44061279296875,4.540151596069336,3.1478919982910158,-50.8602294921875,-59.83666229248047,-47.539947509765628,13.864883422851563,-6.714197158813477,56.974281311035159,11.923248291015625,-33.94654083251953,-14.016775131225586,-28.56859588623047,42.453392028808597,-50.14662170410156,-41.594757080078128,26.038570404052736,-26.549171447753908,-55.002838134765628,-17.894073486328126,20.185630798339845,-54.88457489013672,-33.846275329589847,-20.955368041992189,9.412872314453125,26.800832748413087,55.015724182128909,16.891765594482423,-6.402105331420898,-34.17527770996094,57.19734191894531,-37.50078582763672,-48.463966369628909,47.96580505371094,28.117630004882814,8.648391723632813,-2.571624755859375,59.17164611816406,-58.40486145019531,-14.956132888793946,-28.5582218170166,48.015045166015628,-21.635549545288087,42.38422393798828,21.075408935546876,-53.796531677246097,43.673927307128909,-28.52075958251953,31.933635711669923,-12.043098449707032,-46.796424865722659,-33.87049102783203,-46.84331512451172,13.73503303527832,-0.14139938354492188,-31.529014587402345,55.74577331542969],"legSizes":[0.39400944113731387,0.28042274713516238,0.494659423828125,0.24561965465545655,0.3537963330745697,0.39816492795944216,0.46186739206314089,0.32605797052383425,0.20811918377876283,0.2868853211402893,0.44349318742752077,0.18856611847877503,0.4952884316444397,0.3650274872779846,0.10318761318922043,0.12453832477331162,0.3073413670063019,0.11736565083265305,0.23145067691802979,0.22833970189094544,0.37172573804855349,0.37027615308761599,0.4295527935028076,0.12338095158338547],"bodySizes":[1.7176897525787354,1.7741968631744385,2.6250853538513185],"springs":[],"dumpers":[],"name":8139,"generation":232,"distance":49.383460998535159,"reward":-49.383460998535159},{"angles":[-12.15492057800293,-18.601964950561525,-7.633947372436523,-55.44725036621094,-12.488731384277344,17.50519561767578,4.358001708984375,30.045303344726564,41.141693115234378,-56.52436065673828,-43.830345153808597,-57.0689697265625,-53.51847839355469,-4.436882019042969,-59.33052062988281,42.97815704345703,29.12844467163086,-49.50970458984375,-4.766412734985352,23.260831832885743,-0.3873023986816406,31.021411895751954,42.91657257080078,-33.44061279296875,4.540151596069336,-25.520004272460939,-54.23970031738281,-59.83666229248047,-47.539947509765628,23.27351951599121,-6.714197158813477,56.974281311035159,25.42188835144043,-33.94654083251953,-14.016775131225586,25.538360595703126,32.724334716796878,-50.14662170410156,-41.594757080078128,26.038570404052736,-26.549171447753908,-55.002838134765628,-17.894073486328126,20.185630798339845,-54.72950744628906,-27.10419464111328,-21.43212890625,-11.585220336914063,-23.073728561401368,55.015724182128909,16.891765594482423,-6.402105331420898,-20.026580810546876,52.14112854003906,-28.471961975097658,-48.463966369628909,47.96580505371094,28.117630004882814,-23.0936279296875,16.608366012573243,59.17164611816406,-58.40486145019531,-59.72504425048828,30.230880737304689,48.015045166015628,-56.405723571777347,-49.13921356201172,21.075408935546876,-53.796531677246097,-11.9072265625,-54.500755310058597,-23.970016479492189,-36.436683654785159,-33.32316589355469,-56.47654724121094,18.097028732299806,-21.70677375793457,-0.14139938354492188,-56.56037902832031,12.365104675292969],"legSizes":[0.26340240240097048,0.209609717130661,0.2740320563316345,0.46054697036743166,0.16234154999256135,0.49811166524887087,0.3836337625980377,0.30109065771102908,0.36621585488319399,0.37286677956581118,0.3240186870098114,0.4882827401161194,0.4952884316444397,0.27757665514945986,0.10318761318922043,0.1817651391029358,0.3073413670063019,0.11736565083265305,0.2599406838417053,0.22833970189094544,0.29600790143013,0.37027615308761599,0.4295527935028076,0.12338095158338547],"bodySizes":[1.6979968547821046,2.3620717525482179,1.994619369506836],"springs":[],"dumpers":[],"name":8139,"generation":232,"distance":49.383460998535159,"reward":-50.465660095214847},{"angles":[14.091287612915039,-18.601964950561525,-7.633947372436523,-34.02770233154297,-12.488731384277344,-25.31395149230957,-56.788055419921878,17.77606201171875,16.591354370117189,-0.1100006103515625,26.66450309753418,36.79270935058594,-53.51847839355469,-4.436882019042969,-59.33052062988281,42.97815704345703,27.373279571533204,41.76338195800781,-24.869077682495118,23.260831832885743,-25.855758666992189,10.828592300415039,42.91657257080078,-33.44061279296875,4.540151596069336,3.1478919982910158,-50.8602294921875,-59.83666229248047,-47.539947509765628,49.02149963378906,-6.714197158813477,56.974281311035159,25.42188835144043,-33.94654083251953,-14.016775131225586,-28.56859588623047,-42.27391815185547,-50.14662170410156,-41.225677490234378,26.038570404052736,-26.549171447753908,-55.002838134765628,-17.894073486328126,59.72888946533203,-57.29155731201172,48.95112609863281,-20.955368041992189,-11.585220336914063,26.800832748413087,55.015724182128909,16.891765594482423,20.371353149414064,56.60614013671875,50.70679473876953,-55.64250183105469,22.61615562438965,47.96580505371094,-44.29339599609375,-42.81426239013672,34.67903137207031,59.17164611816406,-34.707069396972659,-59.72504425048828,30.230880737304689,17.943220138549806,1.2151679992675782,37.99009323120117,-10.886886596679688,-38.594970703125,-19.053892135620118,-11.811355590820313,-23.970016479492189,-12.043098449707032,22.087295532226564,51.28545379638672,-54.785743713378909,-7.239166259765625,-0.14139938354492188,18.864309310913087,12.365104675292969],"legSizes":[0.39400944113731387,0.28042274713516238,0.494659423828125,0.29823458194732668,0.44634661078453066,0.39816492795944216,0.46186739206314089,0.32605797052383425,0.20811918377876283,0.3377617597579956,0.44349318742752077,0.29077833890914919,0.300881028175354,0.27757665514945986,0.10318761318922043,0.12453832477331162,0.3073413670063019,0.11736565083265305,0.2599406838417053,0.22833970189094544,0.29600790143013,0.37027615308761599,0.2214450240135193,0.12338095158338547],"bodySizes":[1.7871264219284058,2.2358832359313967,2.0020992755889894],"springs":[],"dumpers":[],"name":8139,"generation":232,"distance":49.383460998535159,"reward":-54.354061126708987}]}