{"geneDatas":[{"angles":[-37.993743896484378,-18.601964950561525,7.87016487121582,56.51262664794922,-28.93360137939453,14.20777702331543,-44.71404266357422,4.698537826538086,-3.9696197509765627,-56.52436065673828,6.29412841796875,33.75281524658203,-40.285430908203128,12.215400695800782,-59.33052062988281,-31.19145965576172,29.12844467163086,-52.57136535644531,58.356468200683597,-35.51909637451172,-49.69293212890625,46.72209167480469,40.03938293457031,2.8783111572265627,4.540151596069336,-17.7690486907959,-53.31510925292969,-37.2802734375,-47.539947509765628,1.7536277770996094,-6.714197158813477,20.67379379272461,49.857887268066409,6.5818634033203129,-34.60936737060547,-15.477483749389649,42.453392028808597,-50.14662170410156,-41.594757080078128,39.51509094238281,47.838706970214847,6.40715217590332,43.92291259765625,42.288352966308597,-54.72950744628906,31.755979537963868,7.788671493530273,-12.642683029174805,47.31416320800781,-53.365692138671878,-42.81578063964844,-7.199226379394531,-8.723152160644532,48.017608642578128,47.224632263183597,-48.463966369628909,-18.610673904418947,-45.87944793701172,-19.469284057617189,-47.131446838378909,56.711341857910159,-58.40486145019531,-43.01374816894531,10.446990966796875,-37.77079772949219,42.80364990234375,-40.958221435546878,-22.324827194213868,-53.796531677246097,-19.515432357788087,-30.299346923828126,-24.799697875976564,49.233154296875,-14.168922424316407,-57.67315673828125,-46.84331512451172,41.71763610839844,41.23523712158203,9.196393966674805,-33.37548828125],"legSizes":[0.17028088867664338,0.17559608817100526,0.36965852975845339,0.4418022036552429,0.31386810541152956,0.11009407043457031,0.1615714132785797,0.23378518223762513,0.20811918377876283,0.23166459798812867,0.17355656623840333,0.3098694980144501,0.4952884316444397,0.2209227830171585,0.10318761318922043,0.16410952806472779,0.1893296241760254,0.23160918056964875,0.33955568075180056,0.22833970189094544,0.29600790143013,0.2848655879497528,0.48214107751846316,0.41581782698631289],"bodySizes":[1.9104400873184205,2.0593440532684328,2.0334227085113527],"springs":[],"dumpers":[],"name":10274,"generation":297,"distance":31.138748168945314,"reward":-31.138748168945314},{"angles":[-7.624792098999023,1.6149253845214844,-7.633947372436523,55.590492248535159,-12.488731384277344,45.02968215942383,20.19232749938965,37.50196075439453,41.141693115234378,-48.57737731933594,-54.07403564453125,-24.072555541992189,-56.380531311035159,37.35514450073242,-59.33052062988281,57.168663024902347,29.12844467163086,56.1811637878418,58.356468200683597,-39.78076171875,-43.713409423828128,7.5294342041015629,-34.840179443359378,-32.552093505859378,21.389175415039064,-17.7690486907959,-53.31510925292969,-5.03303337097168,-15.446754455566407,29.39394760131836,-6.714197158813477,-50.61260986328125,49.857887268066409,42.44355773925781,-14.016775131225586,19.143375396728517,42.453392028808597,-30.381790161132814,-41.594757080078128,-34.93891143798828,47.838706970214847,6.40715217590332,43.92291259765625,42.288352966308597,-54.72950744628906,-11.370841979980469,7.788671493530273,-38.66144561767578,47.31416320800781,-53.365692138671878,-42.81578063964844,-7.199226379394531,-5.219598770141602,53.85240173339844,47.224632263183597,-48.463966369628909,-18.610673904418947,-10.537569046020508,-42.836463928222659,-12.326925277709961,-56.57813262939453,-58.40486145019531,-43.01374816894531,23.57037925720215,1.5578193664550782,15.253570556640625,-40.958221435546878,-3.8296279907226564,-36.22306823730469,52.309181213378909,-19.76136589050293,7.7317352294921879,46.99531936645508,25.936460494995118,42.12787628173828,-46.84331512451172,41.71763610839844,41.33016586303711,-56.56037902832031,-24.533536911010743],"legSizes":[0.4133908748626709,0.45506253838539126,0.39439669251441958,0.14582505822181703,0.4940081238746643,0.335737019777298,0.23705008625984193,0.19754567742347718,0.33284738659858706,0.16896182298660279,0.17355656623840333,0.4894774556159973,0.4952884316444397,0.11042790859937668,0.4373970031738281,0.14969664812088014,0.44312039017677309,0.23160918056964875,0.3037395775318146,0.17758598923683167,0.47528839111328127,0.2515942454338074,0.14625830948352815,0.27810147404670718],"bodySizes":[2.0891544818878176,2.1549863815307619,1.7769485712051392],"springs":[],"dumpers":[],"name":10274,"generation":297,"distance":31.138748168945314,"reward":-62.99956130981445},{"angles":[-7.624792098999023,1.6149253845214844,-7.633947372436523,55.590492248535159,45.704010009765628,37.04389572143555,20.19232749938965,37.50196075439453,41.141693115234378,-48.57737731933594,-54.07403564453125,-24.072555541992189,-56.380531311035159,37.35514450073242,-59.33052062988281,10.859390258789063,36.4204216003418,56.1811637878418,-11.048074722290039,-6.312982559204102,-54.662506103515628,46.72209167480469,40.03938293457031,2.8783111572265627,4.540151596069336,-17.7690486907959,-53.31510925292969,-38.61682891845703,-47.539947509765628,1.7536277770996094,-6.714197158813477,20.67379379272461,49.857887268066409,6.5818634033203129,-34.60936737060547,-15.477483749389649,42.453392028808597,-50.14662170410156,-41.594757080078128,39.51509094238281,47.838706970214847,6.40715217590332,43.92291259765625,42.288352966308597,-54.72950744628906,31.755979537963868,-11.647603988647461,-12.642683029174805,47.31416320800781,-53.365692138671878,-42.81578063964844,54.3116455078125,-8.723152160644532,48.017608642578128,20.104248046875,-48.463966369628909,-18.610673904418947,54.19310760498047,-19.469284057617189,-47.131446838378909,56.711341857910159,-58.40486145019531,-43.01374816894531,10.446990966796875,-37.77079772949219,42.80364990234375,-40.958221435546878,-22.324827194213868,26.241071701049806,-0.9467926025390625,-30.299346923828126,-58.33079528808594,4.988960266113281,-14.168922424316407,-57.67315673828125,-46.84331512451172,41.71763610839844,41.23523712158203,-20.89537239074707,-33.37548828125],"legSizes":[0.4133908748626709,0.45506253838539126,0.39439669251441958,0.2646864056587219,0.4940081238746643,0.11009407043457031,0.339237242937088,0.29832199215888979,0.19004125893115998,0.13375338912010194,0.17355656623840333,0.333257794380188,0.4952884316444397,0.17210236191749574,0.11610513180494309,0.14969664812088014,0.44312039017677309,0.14465394616127015,0.3037395775318146,0.17758598923683167,0.47528839111328127,0.2515942454338074,0.48214107751846316,0.41581782698631289],"bodySizes":[1.9104400873184205,2.0593440532684328,2.0334227085113527],"springs":[],"dumpers":[],"name":10274,"generation":297,"distance":31.138748168945314,"reward":-64.5009536743164}]}