{"geneDatas":[{"angles":[14.091287612915039,-18.601964950561525,-7.633947372436523,-34.02770233154297,-12.488731384277344,17.50519561767578,58.83935546875,-56.77265167236328,16.591354370117189,29.49034881591797,26.66450309753418,36.79270935058594,-53.51847839355469,-4.436882019042969,-52.85343933105469,48.48155212402344,29.12844467163086,55.29637908935547,13.503721237182618,11.229005813598633,-20.341222763061525,-40.58509826660156,-51.76451873779297,-44.58348083496094,39.82416534423828,-32.06062316894531,-35.74772644042969,-42.315887451171878,11.841751098632813,25.61697006225586,3.2686386108398439,56.974281311035159,58.70484161376953,26.320951461791993,1.7800483703613282,-13.90349006652832,38.722389221191409,-50.14662170410156,-35.582916259765628,13.106681823730469,-0.9088249206542969,-4.642789840698242,57.745697021484378,48.53483581542969,-20.200830459594728,11.688545227050782,24.034481048583986,-11.585220336914063,2.8540916442871095,35.40176773071289,16.891765594482423,-6.402105331420898,-8.165765762329102,41.87885284423828,-55.64250183105469,6.012002944946289,47.96580505371094,-44.29339599609375,7.48797607421875,0.9068222045898438,59.17164611816406,-58.40486145019531,-59.72504425048828,30.230880737304689,48.015045166015628,-58.96653747558594,-49.13921356201172,21.075408935546876,-53.796531677246097,43.673927307128909,33.63457107543945,37.601463317871097,53.469329833984378,-44.903526306152347,-10.260122299194336,-46.84331512451172,41.71763610839844,-0.14139938354492188,-54.55491638183594,12.365104675292969],"legSizes":[0.10366320610046387,0.20969927310943604,0.23142416775226594,0.35026001930236819,0.200872540473938,0.49811166524887087,0.3836337625980377,0.42280882596969607,0.22504308819770814,0.37286677956581118,0.3240186870098114,0.3093266785144806,0.4952884316444397,0.19767498970031739,0.19966134428977967,0.25470712780952456,0.4022214412689209,0.11736565083265305,0.4670235514640808,0.22833970189094544,0.3936038017272949,0.17302551865577699,0.45357584953308108,0.12338095158338547],"bodySizes":[1.748083472251892,2.0400168895721437,2.2433347702026369],"springs":[],"dumpers":[],"name":7263,"generation":208,"distance":45.224632263183597,"reward":-45.224632263183597},{"angles":[52.13810729980469,51.06919860839844,-56.18097686767578,-41.367958068847659,-32.672523498535159,-14.364715576171875,-29.44770050048828,36.86350631713867,15.603315353393555,29.49034881591797,44.549259185791019,58.04994201660156,-53.51847839355469,-11.638404846191407,-59.33052062988281,26.770231246948243,29.12844467163086,-15.542671203613282,13.503721237182618,11.229005813598633,-20.341222763061525,-40.58509826660156,-51.76451873779297,-44.58348083496094,39.82416534423828,-32.06062316894531,-35.74772644042969,-42.315887451171878,11.841751098632813,25.61697006225586,3.2686386108398439,56.974281311035159,58.70484161376953,26.320951461791993,1.7800483703613282,-13.90349006652832,38.722389221191409,-50.14662170410156,-35.582916259765628,13.106681823730469,-45.73552703857422,-22.525026321411134,-42.03300476074219,48.53483581542969,-20.200830459594728,11.688545227050782,24.034481048583986,-11.585220336914063,2.8540916442871095,35.40176773071289,16.891765594482423,-6.402105331420898,-8.165765762329102,41.87885284423828,-17.89058494567871,6.012002944946289,47.96580505371094,-44.29339599609375,56.12604522705078,-52.738037109375,59.17164611816406,-58.40486145019531,-59.72504425048828,30.230880737304689,48.015045166015628,-58.96653747558594,-49.13921356201172,21.075408935546876,-53.796531677246097,43.673927307128909,-19.76136589050293,37.601463317871097,53.469329833984378,-44.903526306152347,-10.260122299194336,-46.84331512451172,41.71763610839844,-0.14139938354492188,-54.55491638183594,12.365104675292969],"legSizes":[0.20893451571464539,0.19557566940784455,0.16912952065467835,0.18083247542381288,0.2749117612838745,0.25014951825141909,0.3836337625980377,0.32605797052383425,0.22504308819770814,0.37286677956581118,0.3240186870098114,0.3093266785144806,0.4952884316444397,0.27757665514945986,0.19966134428977967,0.25470712780952456,0.3073413670063019,0.11736565083265305,0.4670235514640808,0.22833970189094544,0.3936038017272949,0.17302551865577699,0.45357584953308108,0.12338095158338547],"bodySizes":[1.7480833530426026,2.0400166511535646,2.2433345317840578],"springs":[],"dumpers":[],"name":7263,"generation":208,"distance":45.224632263183597,"reward":-49.463165283203128},{"angles":[14.091287612915039,51.06919860839844,58.48138427734375,-46.79876708984375,-32.672523498535159,-14.364715576171875,-33.633399963378909,36.86350631713867,15.603315353393555,29.49034881591797,44.549259185791019,-37.431419372558597,-30.908960342407228,-51.37461853027344,-59.33052062988281,30.38559341430664,-12.767364501953125,-37.973968505859378,13.503721237182618,-20.543123245239259,23.869657516479493,32.9246940612793,-20.6397705078125,57.44306182861328,29.93057632446289,35.03569793701172,-50.8602294921875,-25.480192184448243,11.841751098632813,-17.26460838317871,3.2686386108398439,56.974281311035159,58.70484161376953,46.93194580078125,1.7800483703613282,-10.457788467407227,20.73629379272461,-50.14662170410156,-40.21482849121094,13.106681823730469,57.070411682128909,-8.33192253112793,57.745697021484378,48.257102966308597,-54.72950744628906,52.29521942138672,27.942594528198243,-11.585220336914063,22.605512619018556,-8.434646606445313,34.11417770385742,52.690460205078128,-28.78168487548828,41.87885284423828,15.00484848022461,6.012002944946289,47.96580505371094,-44.29339599609375,-33.49974822998047,36.42278289794922,59.17164611816406,-58.40486145019531,-45.298622131347659,-1.8783683776855469,34.05958938598633,-58.96653747558594,-47.67350769042969,21.075408935546876,-53.796531677246097,43.673927307128909,-19.771535873413087,55.932884216308597,57.20783996582031,-58.960548400878909,45.19333267211914,31.24385643005371,46.27595520019531,37.04306411743164,28.07973861694336,12.365104675292969],"legSizes":[0.31182268261909487,0.3213191330432892,0.14014053344726563,0.27157121896743777,0.2749117612838745,0.2985277473926544,0.27048322558403017,0.1484971046447754,0.44801226258277895,0.35506805777549746,0.44349318742752077,0.3093266785144806,0.4952884316444397,0.22245004773139954,0.36499038338661196,0.25223952531814577,0.4022214412689209,0.10782637447118759,0.14159512519836427,0.22833970189094544,0.3085612654685974,0.26302605867385867,0.19232922792434693,0.12338095158338547],"bodySizes":[1.7210009098052979,2.057011842727661,2.2598109245300295],"springs":[],"dumpers":[],"name":7263,"generation":208,"distance":45.224632263183597,"reward":-55.10399627685547}]}