{"geneDatas":[{"angles":[42.98692321777344,9.903366088867188,27.53436851501465,14.707038879394532,-30.62767791748047,38.62763977050781,-48.81251525878906,-30.91704559326172,-10.11046028137207,47.1156120300293,4.07105827331543,18.540512084960939,-45.06681823730469,-11.049894332885743,-26.532960891723634,26.829727172851564,-57.150482177734378,-41.583641052246097,35.77550506591797,23.615354537963868,40.30474853515625,-45.67852020263672,-8.020042419433594,42.163856506347659,-54.85774230957031,-8.723093032836914,21.39693260192871,-29.271888732910158,-54.10493469238281,6.602531433105469,-59.78362274169922,-17.649728775024415,-31.055418014526368,-37.23413848876953,29.32698631286621,9.524751663208008,29.748714447021486,-10.812744140625,28.549789428710939,40.33122253417969,-14.604598999023438,59.277549743652347,-0.4001655578613281,59.55366516113281,-31.809555053710939,-51.06536865234375,-48.230735778808597,-16.71415901184082,53.77229309082031,-57.682769775390628,13.691991806030274,-39.81501007080078,-2.6610031127929689,51.64860534667969,-45.242454528808597,15.521591186523438,-47.218780517578128,-9.476387023925782,-19.23576545715332,-41.48381805419922,-33.83843231201172,5.152322769165039,9.404561996459961,-43.77147674560547,-3.4443626403808595,-1.060272216796875,-51.017372131347659,24.723928451538087,20.475826263427736,45.43708038330078,-13.590253829956055,-48.220680236816409,-33.32568359375,28.96688461303711,-57.67315673828125,7.815019607543945,-23.26520347595215,-49.679832458496097,-41.84938049316406,15.523609161376954],"legSizes":[0.4836184084415436,0.1389157772064209,0.24283531308174134,0.42046108841896059,0.45267820358276369,0.18735066056251527,0.28298190236091616,0.12992095947265626,0.48529139161109927,0.47759610414505007,0.4546573758125305,0.44758081436157229,0.48286643624305727,0.3797101378440857,0.2949332892894745,0.3187478184700012,0.1234399825334549,0.3045503497123718,0.2688637375831604,0.10039744526147843,0.23503559827804566,0.27979576587677,0.42906826734542849,0.301971971988678],"bodySizes":[1.9232133626937867,2.9953041076660158,1.3887420892715455],"springs":[],"dumpers":[],"name":15667,"generation":456,"distance":60.195167541503909,"reward":-60.195167541503909},{"angles":[42.98692321777344,9.903366088867188,27.53436851501465,14.707038879394532,-30.62767791748047,-41.781463623046878,-48.81251525878906,-30.91704559326172,-10.11046028137207,47.1156120300293,31.168025970458986,18.540512084960939,-45.06681823730469,-11.049894332885743,-26.532960891723634,26.829727172851564,-57.150482177734378,-41.583641052246097,35.77550506591797,23.417844772338868,40.30474853515625,-45.67852020263672,-8.020042419433594,42.163856506347659,-54.85774230957031,-8.723093032836914,21.39693260192871,-29.271888732910158,-54.10493469238281,6.602531433105469,-59.78362274169922,-17.649728775024415,-31.055418014526368,-37.23413848876953,29.32698631286621,9.524751663208008,29.748714447021486,-10.812744140625,28.549789428710939,46.882164001464847,-50.11150360107422,59.277549743652347,22.970436096191408,-52.030792236328128,34.653953552246097,45.391815185546878,-50.37983703613281,29.46131134033203,46.62351608276367,52.18257141113281,-21.726516723632814,55.13969421386719,-51.69087219238281,2.829986572265625,-45.242454528808597,-54.77183532714844,-54.26606750488281,30.84035301208496,-2.3666038513183595,12.437644958496094,-49.37042999267578,26.122655868530275,-50.389739990234378,24.341154098510743,-3.4443626403808595,-16.766931533813478,-12.62116813659668,-47.16294860839844,17.401540756225587,34.433380126953128,-13.590253829956055,55.480499267578128,-33.32568359375,28.96688461303711,-57.67315673828125,49.638648986816409,-9.755409240722657,1.4108772277832032,-41.84938049316406,15.523609161376954],"legSizes":[0.4836184084415436,0.10183601826429367,0.24283531308174134,0.42046108841896059,0.45267820358276369,0.18735066056251527,0.28298190236091616,0.12992095947265626,0.48529139161109927,0.47759610414505007,0.4546573758125305,0.44758081436157229,0.48286643624305727,0.14411193132400514,0.3809129297733307,0.3187478184700012,0.1234399825334549,0.3045503497123718,0.2688637375831604,0.10039744526147843,0.24277880787849427,0.34339863061904909,0.42906826734542849,0.1667783260345459],"bodySizes":[1.5826998949050904,2.89219331741333,1.7476887702941895],"springs":[],"dumpers":[],"name":15667,"generation":456,"distance":60.195167541503909,"reward":-65.60507202148438},{"angles":[-45.040252685546878,9.903366088867188,-43.68866729736328,14.707038879394532,-30.62767791748047,38.62763977050781,-3.420501708984375,21.531354904174806,4.788215637207031,47.1156120300293,4.07105827331543,59.725425720214847,-33.46806335449219,-16.26294708251953,-18.289169311523439,12.760528564453125,-57.150482177734378,28.69146728515625,35.77550506591797,-39.730751037597659,40.30474853515625,-59.31494140625,-8.020042419433594,40.2413330078125,-54.85774230957031,-5.982879638671875,52.7314567565918,-29.271888732910158,-54.10493469238281,47.804874420166019,-59.78362274169922,-17.649728775024415,-31.055418014526368,-21.259267807006837,29.32698631286621,3.5985031127929689,29.748714447021486,-40.946258544921878,-24.24250030517578,40.33122253417969,-39.281341552734378,59.277549743652347,-0.4001655578613281,59.55366516113281,-31.809555053710939,27.523784637451173,55.29381561279297,31.460979461669923,-7.7722320556640629,41.784393310546878,-40.80778503417969,55.13969421386719,43.868263244628909,-50.13921356201172,-45.242454528808597,36.75554656982422,10.893997192382813,-9.476387023925782,45.32252502441406,-7.079050064086914,-33.83843231201172,37.794273376464847,-30.138572692871095,-36.885353088378909,9.023843765258789,19.56331443786621,-17.242019653320314,8.491594314575196,45.07804870605469,45.43708038330078,-35.343833923339847,-56.026466369628909,-33.32568359375,-53.15214538574219,58.329689025878909,0.9645729064941406,-35.74456024169922,1.4108772277832032,44.2666015625,15.523609161376954],"legSizes":[0.4836184084415436,0.1389157772064209,0.4751780033111572,0.1385827660560608,0.2681177258491516,0.18735066056251527,0.3441212475299835,0.12992095947265626,0.4376452565193176,0.3157491087913513,0.1441461145877838,0.3956299424171448,0.1105746254324913,0.2771371603012085,0.3809129297733307,0.3187478184700012,0.1363111436367035,0.3045503497123718,0.2500932812690735,0.10039744526147843,0.23503559827804566,0.27979576587677,0.14007502794265748,0.301971971988678],"bodySizes":[1.9688911437988282,2.960355043411255,1.3725383281707764],"springs":[],"dumpers":[],"name":15667,"generation":456,"distance":60.195167541503909,"reward":-68.42645263671875}]}