{"geneDatas":[{"angles":[-7.624792098999023,50.61913299560547,6.3723907470703129,-50.894508361816409,45.704010009765628,37.04389572143555,20.19232749938965,-15.30708122253418,41.141693115234378,-47.791053771972659,-54.07403564453125,-35.909629821777347,-56.380531311035159,31.963619232177736,-18.423248291015626,10.859390258789063,9.190887451171875,-30.243728637695314,18.10772705078125,53.93165588378906,-28.561798095703126,-56.260986328125,-4.576757431030273,52.294166564941409,4.540151596069336,-20.459396362304689,-56.71925354003906,45.486083984375,-47.539947509765628,1.7536277770996094,-5.347145080566406,20.67379379272461,49.857887268066409,-1.0577430725097657,-34.60936737060547,-44.29547119140625,42.453392028808597,-50.14662170410156,35.082679748535159,-27.458417892456056,19.088455200195314,6.40715217590332,43.92291259765625,50.19347381591797,-54.72950744628906,31.755979537963868,0.8287887573242188,4.062589645385742,9.010627746582032,-58.98313903808594,17.826833724975587,37.06317901611328,-8.723152160644532,39.04490661621094,49.596763610839847,-3.045379638671875,-9.09514045715332,52.09332275390625,2.444263458251953,-6.732610702514648,-44.52996063232422,-58.40486145019531,-43.01374816894531,-1.4624748229980469,-37.77079772949219,42.80364990234375,55.085975646972659,-1.5376205444335938,-53.796531677246097,-19.515432357788087,28.678434371948243,29.557384490966798,57.348793029785159,-34.34288787841797,-57.67315673828125,-0.82958984375,-25.636489868164064,34.58879089355469,-52.580406188964847,0.6558113098144531],"legSizes":[0.393119752407074,0.2361055612564087,0.4973604083061218,0.408191978931427,0.31386810541152956,0.37089458107948305,0.339237242937088,0.29832199215888979,0.19004125893115998,0.409477561712265,0.48530712723731997,0.4547727704048157,0.4952884316444397,0.30451205372810366,0.19752246141433717,0.16410952806472779,0.12608900666236878,0.23160918056964875,0.3210188150405884,0.11767158657312393,0.47528839111328127,0.2515942454338074,0.1720414161682129,0.20723912119865418],"bodySizes":[2.0469820499420168,1.8560333251953126,2.1056694984436037],"springs":[],"dumpers":[],"name":11443,"generation":330,"distance":64.78199768066406,"reward":-64.78199768066406},{"angles":[-7.624792098999023,50.61913299560547,-7.633947372436523,-50.894508361816409,4.267908096313477,37.04389572143555,20.19232749938965,4.0977630615234379,21.912702560424806,-47.791053771972659,-54.07403564453125,-35.18255615234375,-56.380531311035159,31.963619232177736,-18.423248291015626,33.45754623413086,9.190887451171875,-30.243728637695314,46.34426498413086,19.69001579284668,-28.561798095703126,-56.260986328125,-4.576757431030273,35.99866485595703,4.540151596069336,-30.843599319458009,-43.261558532714847,-11.019309997558594,-57.465049743652347,1.7536277770996094,-34.931129455566409,-13.990480422973633,49.857887268066409,6.5818634033203129,19.09058952331543,-15.334846496582032,32.6634521484375,-50.14662170410156,-45.51893615722656,8.692481994628907,47.838706970214847,23.704647064208986,43.92291259765625,50.19347381591797,-54.72950744628906,27.523784637451173,30.38666534423828,39.073822021484378,9.010627746582032,-58.98313903808594,36.44230651855469,-7.199226379394531,-8.723152160644532,48.017608642578128,47.224632263183597,36.75554656982422,-14.777692794799805,22.843406677246095,-21.020973205566408,42.12519836425781,-44.52996063232422,2.790149688720703,-35.673583984375,19.656843185424806,-37.77079772949219,-15.913017272949219,34.75701904296875,-16.543657302856447,-30.79964256286621,23.48068618774414,-8.513883590698243,26.661298751831056,-6.604448318481445,25.936460494995118,-57.67315673828125,3.3430824279785158,41.71763610839844,43.27931213378906,43.120452880859378,35.82818603515625],"legSizes":[0.393119752407074,0.2361055612564087,0.31238216161727908,0.1060754805803299,0.19561667740345,0.1519199013710022,0.339237242937088,0.21579188108444215,0.19004125893115998,0.14616699516773225,0.4123987555503845,0.4313895106315613,0.4952884316444397,0.2209227830171585,0.10318761318922043,0.44613662362098696,0.4273800849914551,0.3426067531108856,0.4870186746120453,0.22833970189094544,0.4600018858909607,0.4127322733402252,0.48214107751846316,0.49525195360183718],"bodySizes":[2.2286665439605715,1.9313231706619263,1.8586170673370362],"springs":[],"dumpers":[],"name":11443,"generation":330,"distance":64.78199768066406,"reward":-66.79183197021485},{"angles":[-7.624792098999023,50.61913299560547,26.14395523071289,-50.894508361816409,-3.826080322265625,37.04389572143555,35.151885986328128,-46.25434112548828,41.141693115234378,-47.791053771972659,-52.92889404296875,-58.47288513183594,-28.454139709472658,43.41424560546875,-59.33052062988281,10.859390258789063,9.190887451171875,23.479040145874025,46.34426498413086,19.69001579284668,-10.959268569946289,-56.260986328125,-4.576757431030273,-17.071861267089845,4.540151596069336,-17.7690486907959,-43.261558532714847,-46.552093505859378,-54.19915008544922,-44.32041931152344,-34.931129455566409,55.682403564453128,49.857887268066409,49.76116943359375,-18.614450454711915,-15.334846496582032,42.453392028808597,-50.14662170410156,35.082679748535159,8.692481994628907,53.3834228515625,23.704647064208986,43.92291259765625,50.19347381591797,-54.47028350830078,31.755979537963868,30.38666534423828,20.400894165039064,47.31416320800781,-53.365692138671878,-13.497770309448243,-37.930511474609378,12.07002067565918,20.348220825195314,4.794708251953125,32.96876525878906,-55.87584686279297,-33.41099548339844,-21.020973205566408,42.12519836425781,-44.52996063232422,2.790149688720703,-43.01374816894531,36.47306442260742,19.009380340576173,42.80364990234375,14.424627304077149,23.146162033081056,-30.79964256286621,54.40985870361328,50.157020568847659,26.661298751831056,-29.34122657775879,25.936460494995118,11.295267105102539,-6.269937515258789,24.208173751831056,-54.03180694580078,1.7362060546875,36.91205978393555],"legSizes":[0.45124363899230959,0.2361055612564087,0.4973604083061218,0.408191978931427,0.31386810541152956,0.11009407043457031,0.4246978163719177,0.29832199215888979,0.19004125893115998,0.35410261154174807,0.14116640388965608,0.17487859725952149,0.4952884316444397,0.32498782873153689,0.19752246141433717,0.28373682498931887,0.12608900666236878,0.23160918056964875,0.1972551941871643,0.20426371693611146,0.47528839111328127,0.2515942454338074,0.484039843082428,0.310663104057312],"bodySizes":[2.0006000995635988,2.1065738201141359,1.8982479572296143],"springs":[],"dumpers":[],"name":11443,"generation":330,"distance":64.78199768066406,"reward":-70.27958679199219}]}