{"geneDatas":[{"angles":[0.34055328369140627,50.61913299560547,-43.14170837402344,-50.894508361816409,-25.69598388671875,-33.301048278808597,40.661170959472659,18.59401512145996,41.141693115234378,-19.647851943969728,-57.88140106201172,-24.072555541992189,-56.380531311035159,-37.34501647949219,-47.17890930175781,10.859390258789063,54.648468017578128,47.335166931152347,48.42982482910156,14.86146354675293,-14.766403198242188,45.87763214111328,-8.020042419433594,-4.176115036010742,-37.312477111816409,17.811124801635743,43.42131805419922,-42.32585906982422,-47.539947509765628,-30.670265197753908,-6.714197158813477,1.2919464111328126,52.7987060546875,-57.213775634765628,-34.60936737060547,-15.477483749389649,42.453392028808597,-50.14662170410156,-34.35176086425781,-5.378501892089844,47.838706970214847,29.080307006835939,4.227210998535156,42.288352966308597,-1.6017227172851563,58.85691833496094,54.91856384277344,-59.91936492919922,47.31416320800781,-53.365692138671878,-13.497770309448243,11.653112411499024,12.07002067565918,20.348220825195314,4.794708251953125,32.96876525878906,-14.777692794799805,-33.41099548339844,-21.020973205566408,42.12519836425781,-44.52996063232422,2.790149688720703,-35.673583984375,37.70262908935547,-37.77079772949219,-15.913017272949219,8.523094177246094,28.999168395996095,-30.79964256286621,23.48068618774414,27.03423309326172,26.661298751831056,52.196319580078128,25.936460494995118,-57.67315673828125,3.3430824279785158,25.55396842956543,-16.935461044311525,43.120452880859378,35.82818603515625],"legSizes":[0.17028088867664338,0.2361055612564087,0.2384631335735321,0.408191978931427,0.2330828458070755,0.1519199013710022,0.339237242937088,0.29832199215888979,0.19004125893115998,0.409477561712265,0.48530712723731997,0.30692899227142336,0.4952884316444397,0.4176448881626129,0.19752246141433717,0.3252052962779999,0.2975321114063263,0.23160918056964875,0.4870186746120453,0.22833970189094544,0.29485729336738589,0.4127322733402252,0.43510618805885317,0.49525195360183718],"bodySizes":[2.104546546936035,1.9082280397415162,1.9920542240142823],"springs":[],"dumpers":[],"name":11756,"generation":338,"distance":80.16543579101563,"reward":-80.76602172851563},{"angles":[-22.434019088745118,50.61913299560547,-7.633947372436523,-50.894508361816409,-59.666847229003909,-33.301048278808597,20.19232749938965,-15.030721664428711,1.55810546875,-45.91120910644531,-54.07403564453125,-35.18255615234375,-56.380531311035159,-1.6766242980957032,-18.081527709960939,33.45754623413086,47.832122802734378,-30.243728637695314,46.34426498413086,19.69001579284668,-28.561798095703126,-56.260986328125,-4.576757431030273,35.99866485595703,4.540151596069336,-30.843599319458009,-43.261558532714847,-11.019309997558594,-54.8817138671875,1.7536277770996094,-34.931129455566409,-13.990480422973633,49.857887268066409,6.5818634033203129,-37.587493896484378,-15.334846496582032,32.6634521484375,-50.14662170410156,-45.51893615722656,25.399259567260743,47.838706970214847,23.704647064208986,43.92291259765625,50.19347381591797,-29.024900436401368,27.523784637451173,-42.247467041015628,39.073822021484378,9.010627746582032,-58.98313903808594,53.42121887207031,21.551097869873048,13.843866348266602,48.017608642578128,49.413902282714847,-44.78327941894531,-6.447822570800781,22.843406677246095,-21.020973205566408,42.12519836425781,-44.52996063232422,2.790149688720703,-35.673583984375,19.656843185424806,-37.77079772949219,15.74409294128418,34.75701904296875,-16.543657302856447,-30.79964256286621,23.48068618774414,-8.513883590698243,26.661298751831056,29.45486068725586,25.936460494995118,-57.67315673828125,-41.2374267578125,11.898027420043946,-54.03180694580078,-56.239784240722659,-57.7958984375],"legSizes":[0.17028088867664338,0.2361055612564087,0.33641403913497927,0.32285574078559878,0.31386810541152956,0.11009407043457031,0.4246978163719177,0.10743260383605957,0.49179214239120486,0.35410261154174807,0.3917182385921478,0.3529845178127289,0.4952884316444397,0.32498782873153689,0.46519017219543459,0.16410952806472779,0.12608900666236878,0.23160918056964875,0.32020214200019839,0.20426371693611146,0.47528839111328127,0.2109663188457489,0.484039843082428,0.2150399386882782],"bodySizes":[2.0140392780303957,2.1052863597869875,1.8867346048355103],"springs":[],"dumpers":[],"name":11756,"generation":338,"distance":80.16543579101563,"reward":-102.69186401367188},{"angles":[16.85933494567871,50.61913299560547,-7.633947372436523,-50.894508361816409,42.11273956298828,16.034658432006837,-8.70454216003418,-15.030721664428711,1.55810546875,-45.91120910644531,-57.88140106201172,-24.072555541992189,-59.842140197753909,37.78484344482422,-47.17890930175781,10.859390258789063,54.648468017578128,-4.218841552734375,-4.11517333984375,37.31855392456055,36.187721252441409,45.87763214111328,-4.576757431030273,-17.071861267089845,4.540151596069336,42.25348663330078,-43.261558532714847,-46.552093505859378,56.041717529296878,-44.32041931152344,-34.931129455566409,-12.099372863769532,49.857887268066409,-27.49188995361328,-18.614450454711915,-15.334846496582032,42.453392028808597,-50.14662170410156,39.91876220703125,54.96006774902344,53.3834228515625,23.704647064208986,43.92291259765625,-50.56614685058594,-54.47028350830078,31.755979537963868,30.38666534423828,20.400894165039064,47.31416320800781,-53.365692138671878,-13.497770309448243,-37.930511474609378,50.41046905517578,-20.703399658203126,4.794708251953125,-10.145782470703125,-55.87584686279297,-33.41099548339844,-21.020973205566408,42.12519836425781,-44.52996063232422,2.790149688720703,30.92589569091797,-36.98796081542969,19.009380340576173,33.36949920654297,14.424627304077149,23.146162033081056,-30.79964256286621,54.40985870361328,50.157020568847659,26.661298751831056,-29.34122657775879,25.936460494995118,11.295267105102539,1.9936676025390626,-25.636489868164064,-54.03180694580078,42.50904846191406,-45.30413818359375],"legSizes":[0.17028088867664338,0.368730366230011,0.20931866765022279,0.408191978931427,0.28453513979911806,0.1519199013710022,0.22711652517318726,0.29832199215888979,0.19004125893115998,0.409477561712265,0.1833021640777588,0.2517070174217224,0.48920145630836489,0.2209227830171585,0.46519017219543459,0.16410952806472779,0.20858386158943177,0.15754657983779908,0.3210188150405884,0.20426371693611146,0.480996310710907,0.46171826124191286,0.484039843082428,0.20801027119159699],"bodySizes":[1.982277512550354,2.1162872314453127,1.9070007801055909],"springs":[],"dumpers":[],"name":11756,"generation":338,"distance":80.16543579101563,"reward":-111.06298828125}]}