{"geneDatas":[{"angles":[-20.15306854248047,1.6149253845214844,-7.633947372436523,55.590492248535159,-12.488731384277344,45.02968215942383,20.19232749938965,37.50196075439453,41.141693115234378,-48.57737731933594,-54.07403564453125,-24.072555541992189,-56.380531311035159,37.35514450073242,-59.33052062988281,10.859390258789063,29.12844467163086,56.1811637878418,58.356468200683597,-39.78076171875,-43.713409423828128,7.5294342041015629,-34.840179443359378,-32.552093505859378,21.389175415039064,-17.7690486907959,-53.31510925292969,-35.73181915283203,-47.539947509765628,13.864883422851563,-6.714197158813477,20.67379379272461,49.857887268066409,-36.398193359375,-34.60936737060547,-28.90096092224121,42.453392028808597,-50.14662170410156,-41.594757080078128,39.51509094238281,47.838706970214847,6.40715217590332,43.92291259765625,42.288352966308597,-54.72950744628906,-11.370841979980469,7.788671493530273,-39.776100158691409,47.31416320800781,-53.365692138671878,-42.81578063964844,-7.199226379394531,-8.723152160644532,48.017608642578128,47.224632263183597,-48.463966369628909,-18.610673904418947,-45.87944793701172,-42.836463928222659,-8.247106552124024,56.711341857910159,-58.40486145019531,-43.01374816894531,3.85565185546875,36.81891632080078,15.253570556640625,-40.958221435546878,-3.8296279907226564,-53.796531677246097,52.309181213378909,-19.76136589050293,-24.799697875976564,-36.93928527832031,25.936460494995118,-57.67315673828125,-46.84331512451172,41.71763610839844,41.33016586303711,-56.56037902832031,-24.533536911010743],"legSizes":[0.4133908748626709,0.45506253838539126,0.39439669251441958,0.10578785091638565,0.4940081238746643,0.35781893134117129,0.23705008625984193,0.19754567742347718,0.10060038417577744,0.16896182298660279,0.2433629333972931,0.3098694980144501,0.4952884316444397,0.41153550148010256,0.10318761318922043,0.14969664812088014,0.1893296241760254,0.23160918056964875,0.33955568075180056,0.22833970189094544,0.29600790143013,0.2848655879497528,0.14625830948352815,0.27810147404670718],"bodySizes":[2.225635051727295,2.2957677841186525,1.5656981468200684],"springs":[],"dumpers":[],"name":9910,"generation":284,"distance":31.32017707824707,"reward":-41.52281188964844},{"angles":[-37.993743896484378,-18.601964950561525,7.87016487121582,41.49650573730469,-28.93360137939453,14.20777702331543,20.19232749938965,4.698537826538086,41.141693115234378,36.57392883300781,-55.43629455566406,-39.44312286376953,-54.910484313964847,-16.267610549926759,-59.33052062988281,10.859390258789063,29.12844467163086,56.1811637878418,58.356468200683597,-32.61536407470703,-19.276506423950197,46.72209167480469,-34.840179443359378,-32.552093505859378,20.43416976928711,-17.7690486907959,-53.31510925292969,-5.03303337097168,-47.539947509765628,13.864883422851563,-6.714197158813477,18.80769157409668,49.857887268066409,57.244476318359378,-14.016775131225586,19.143375396728517,42.453392028808597,-30.381790161132814,-41.594757080078128,1.4859085083007813,47.838706970214847,34.52831268310547,43.92291259765625,-1.7026176452636719,-54.72950744628906,58.075618743896487,53.819061279296878,-53.970497131347659,47.31416320800781,-48.93052673339844,-46.619293212890628,-58.58110046386719,-41.37748718261719,28.061996459960939,-45.603172302246097,-48.463966369628909,35.39936447143555,-41.828758239746097,-42.836463928222659,-8.247106552124024,56.711341857910159,-2.5292816162109377,-33.70695495605469,23.57037925720215,36.81891632080078,15.253570556640625,-40.958221435546878,-3.8296279907226564,-53.796531677246097,52.309181213378909,-19.76136589050293,-24.799697875976564,-37.75834655761719,25.936460494995118,-57.67315673828125,-46.84331512451172,41.71763610839844,41.33016586303711,-56.56037902832031,-24.533536911010743],"legSizes":[0.33437639474868777,0.3096551299095154,0.36965852975845339,0.4418022036552429,0.31386810541152956,0.35207945108413699,0.3848518431186676,0.29832199215888979,0.23413556814193726,0.13375338912010194,0.17355656623840333,0.19949349761009217,0.4952884316444397,0.17210236191749574,0.10318761318922043,0.14969664812088014,0.1893296241760254,0.23160918056964875,0.14817100763320924,0.22833970189094544,0.47528839111328127,0.2848655879497528,0.14625830948352815,0.27810147404670718],"bodySizes":[1.8681024312973023,2.0825493335723879,2.056335687637329],"springs":[],"dumpers":[],"name":9910,"generation":284,"distance":31.32017707824707,"reward":-56.42402267456055},{"angles":[-37.993743896484378,-18.601964950561525,7.87016487121582,41.49650573730469,-28.93360137939453,14.20777702331543,-44.34700012207031,4.698537826538086,41.141693115234378,-56.52436065673828,6.29412841796875,33.75281524658203,-53.51847839355469,12.215400695800782,-59.33052062988281,10.859390258789063,29.12844467163086,-52.57136535644531,58.356468200683597,-35.51909637451172,-49.69293212890625,46.72209167480469,40.03938293457031,2.8783111572265627,4.540151596069336,-17.7690486907959,-53.31510925292969,-37.2802734375,-47.539947509765628,3.156688690185547,-6.714197158813477,40.85784149169922,49.857887268066409,-36.398193359375,-17.429000854492189,-41.85865783691406,42.453392028808597,-50.14662170410156,57.27532196044922,12.551445007324219,-17.909652709960939,6.40715217590332,26.56245231628418,30.03119659423828,-54.72950744628906,-52.663108825683597,-21.43212890625,9.029983520507813,47.31416320800781,-53.365692138671878,-50.04988098144531,-50.910072326660159,-18.894760131835939,28.061996459960939,-45.603172302246097,-48.463966369628909,35.39936447143555,-41.828758239746097,-42.836463928222659,-8.247106552124024,56.711341857910159,41.66433334350586,-33.70695495605469,23.57037925720215,36.81891632080078,15.253570556640625,15.436874389648438,-3.8296279907226564,-53.796531677246097,52.309181213378909,-8.253072738647461,-24.799697875976564,-37.75834655761719,25.936460494995118,-57.67315673828125,-46.84331512451172,-46.64997863769531,41.33016586303711,-56.56037902832031,-24.533536911010743],"legSizes":[0.265771746635437,0.17559608817100526,0.36965852975845339,0.4418022036552429,0.31386810541152956,0.11009407043457031,0.3848518431186676,0.4022281765937805,0.20811918377876283,0.38486456871032717,0.44899898767471316,0.19949349761009217,0.4952884316444397,0.3074243664741516,0.4088817238807678,0.2008337676525116,0.37077826261520388,0.39099615812301638,0.2506096065044403,0.13317140936851502,0.344692587852478,0.40203991532325747,0.14625830948352815,0.26151835918426516],"bodySizes":[1.8312348127365113,2.1157093048095705,2.06485652923584],"springs":[],"dumpers":[],"name":9910,"generation":284,"distance":31.32017707824707,"reward":-67.83820343017578}]}