{"geneDatas":[{"angles":[40.96348571777344,50.61913299560547,-7.633947372436523,-50.894508361816409,45.704010009765628,-6.92466926574707,36.6475830078125,-28.477798461914064,37.463191986083987,-26.71623992919922,-54.07403564453125,-15.784141540527344,-46.69462585449219,-37.34501647949219,-47.17890930175781,10.859390258789063,54.648468017578128,-15.669187545776368,48.42982482910156,14.86146354675293,48.142147064208987,-9.191373825073243,-8.020042419433594,-4.176115036010742,-37.312477111816409,17.811124801635743,24.28260040283203,-42.32585906982422,-43.14442443847656,-0.9476356506347656,-6.714197158813477,1.2919464111328126,52.7987060546875,-57.213775634765628,-34.60936737060547,-41.445953369140628,42.453392028808597,-50.14662170410156,-34.35176086425781,11.924551010131836,47.838706970214847,-43.76598358154297,43.92291259765625,50.19347381591797,-29.024900436401368,27.523784637451173,30.38666534423828,39.073822021484378,-47.65065002441406,12.930702209472657,35.750770568847659,21.551097869873048,4.7441558837890629,48.017608642578128,49.413902282714847,36.75554656982422,-34.70951843261719,22.843406677246095,-21.020973205566408,37.498870849609378,-22.97333526611328,2.790149688720703,-35.673583984375,44.75553894042969,-45.94158935546875,15.74409294128418,28.55855941772461,-16.543657302856447,-26.795059204101564,23.48068618774414,-8.513883590698243,3.212322235107422,-14.555219650268555,-57.03032684326172,-57.67315673828125,3.3430824279785158,11.898027420043946,-54.03180694580078,-56.239784240722659,-57.7958984375],"legSizes":[0.16991457343101502,0.35353484749794009,0.31238216161727908,0.1060754805803299,0.19561667740345,0.11009407043457031,0.39466923475265505,0.10743260383605957,0.49179214239120486,0.32707521319389346,0.3938156068325043,0.4351593554019928,0.4842516779899597,0.22176998853683473,0.46519017219543459,0.16410952806472779,0.12608900666236878,0.1984720230102539,0.32020214200019839,0.20426371693611146,0.47528839111328127,0.2109663188457489,0.484039843082428,0.2150399386882782],"bodySizes":[2.000168800354004,2.481688976287842,1.6116694211959839],"springs":[],"dumpers":[],"name":12073,"generation":347,"distance":43.017333984375,"reward":-43.017333984375},{"angles":[-44.22639465332031,50.61913299560547,-7.633947372436523,-50.894508361816409,45.704010009765628,-6.92466926574707,36.6475830078125,-28.477798461914064,1.55810546875,47.1416015625,-54.07403564453125,-44.019996643066409,36.505035400390628,-37.34501647949219,-27.790311813354493,0.4894981384277344,54.648468017578128,47.335166931152347,32.31309509277344,14.86146354675293,-25.692909240722658,-9.191373825073243,-8.020042419433594,-43.81146240234375,4.540151596069336,-9.168054580688477,-43.261558532714847,-11.019309997558594,-57.465049743652347,1.7536277770996094,-34.931129455566409,41.29985046386719,49.857887268066409,6.5818634033203129,9.647676467895508,-15.334846496582032,32.6634521484375,-50.14662170410156,-45.51893615722656,25.399259567260743,47.838706970214847,23.704647064208986,-38.4725341796875,50.19347381591797,-29.024900436401368,31.755979537963868,-44.792076110839847,20.400894165039064,47.31416320800781,-53.365692138671878,-13.497770309448243,-37.930511474609378,50.41046905517578,-20.703399658203126,4.794708251953125,36.75554656982422,-14.777692794799805,22.843406677246095,-21.020973205566408,11.221412658691407,-56.76898956298828,40.822593688964847,-39.672760009765628,19.656843185424806,-26.40706443786621,15.74409294128418,34.75701904296875,-16.543657302856447,-30.79964256286621,23.48068618774414,-8.513883590698243,-11.17738151550293,-6.604448318481445,25.936460494995118,-57.67315673828125,3.3430824279785158,11.898027420043946,-54.03180694580078,-56.239784240722659,52.864410400390628],"legSizes":[0.16991457343101502,0.35353484749794009,0.4788459241390228,0.1060754805803299,0.19561667740345,0.11009407043457031,0.4246978163719177,0.10743260383605957,0.49179214239120486,0.35410261154174807,0.14116640388965608,0.369537353515625,0.40274009108543398,0.32498782873153689,0.46519017219543459,0.16410952806472779,0.28602340817451479,0.15754657983779908,0.32020214200019839,0.12232785671949387,0.47528839111328127,0.2109663188457489,0.484039843082428,0.3184153735637665],"bodySizes":[2.186610460281372,2.020502805709839,1.810752511024475],"springs":[],"dumpers":[],"name":12073,"generation":347,"distance":43.017333984375,"reward":-58.329994201660159},{"angles":[-26.047475814819337,50.61913299560547,30.832656860351564,-8.000015258789063,45.704010009765628,-6.92466926574707,-32.67543029785156,-23.63853645324707,1.55810546875,-45.91120910644531,-54.07403564453125,58.106773376464847,-56.380531311035159,-25.159629821777345,14.459318161010743,33.45754623413086,-19.83135986328125,-30.243728637695314,14.872346878051758,19.69001579284668,-28.561798095703126,-56.260986328125,-33.602455139160159,35.99866485595703,4.540151596069336,41.11358642578125,-39.91535949707031,-11.019309997558594,-57.465049743652347,-13.39537239074707,-34.931129455566409,41.29985046386719,20.802467346191408,6.5818634033203129,9.647676467895508,-15.334846496582032,32.6634521484375,-43.76385498046875,-45.51893615722656,25.399259567260743,47.838706970214847,23.704647064208986,43.92291259765625,50.19347381591797,-29.024900436401368,31.755979537963868,-44.792076110839847,31.917739868164064,47.31416320800781,-53.365692138671878,-13.497770309448243,-31.708160400390626,50.41046905517578,-20.703399658203126,4.794708251953125,36.75554656982422,-14.777692794799805,22.843406677246095,-21.020973205566408,11.221412658691407,-56.76898956298828,40.822593688964847,-35.673583984375,19.656843185424806,-26.40706443786621,15.74409294128418,34.75701904296875,-16.543657302856447,-30.79964256286621,36.806556701660159,0.14211273193359376,-11.17738151550293,-6.604448318481445,25.936460494995118,-57.67315673828125,3.3430824279785158,0.06657028198242188,-54.03180694580078,-56.239784240722659,52.864410400390628],"legSizes":[0.27481764554977419,0.4089168906211853,0.2384631335735321,0.1060754805803299,0.19561667740345,0.11009407043457031,0.39466923475265505,0.10743260383605957,0.49179214239120486,0.32707521319389346,0.3938156068325043,0.4351593554019928,0.4842516779899597,0.32498782873153689,0.46519017219543459,0.16410952806472779,0.13122472167015077,0.15754657983779908,0.3178099989891052,0.12232785671949387,0.47528839111328127,0.2109663188457489,0.484039843082428,0.429440438747406],"bodySizes":[2.146881580352783,2.0391123294830324,1.8274301290512086],"springs":[],"dumpers":[],"name":12073,"generation":347,"distance":43.017333984375,"reward":-60.03568649291992}]}