{"geneDatas":[{"angles":[58.42005920410156,58.876258850097659,-10.132034301757813,29.014232635498048,42.295875549316409,-13.888715744018555,22.647754669189454,53.94300079345703,-31.333765029907228,46.3011474609375,-27.772459030151368,38.62958908081055,-43.235809326171878,-16.599388122558595,-28.5615291595459,35.38732147216797,-7.127372741699219,42.089324951171878,69.7122802734375,13.860231399536133,50.712074279785159,10.629493713378907,2.998302459716797,-7.513681411743164,-48.502967834472659,74.95687866210938,20.21057891845703,-50.33374786376953,36.27832794189453,56.762779235839847,27.875089645385743,45.894126892089847,-48.49140930175781,-54.21158218383789,-26.839563369750978,-55.70704650878906,-14.507623672485352,-77.80598449707031,-29.782041549682618,13.106681823730469,-43.99098205566406,-3.4000473022460939,71.35853576660156,54.225341796875,-24.794004440307618,49.910457611083987,19.765119552612306,-16.76329803466797,35.410823822021487,58.69105529785156,-28.89874267578125,-74.78578186035156,-27.85359764099121,-11.57098388671875,29.03258514404297,30.38351821899414,-44.20250701904297,-43.75054931640625,-5.630615234375,11.817590713500977,21.324033737182618,-16.87445068359375,3.2355804443359377,30.230880737304689,45.20391845703125,15.450994491577149,17.831296920776368,5.686506271362305,79.20248413085938,10.650178909301758,-1.4865951538085938,31.93310546875,47.42341613769531,14.542098999023438,-38.29718017578125,55.77056121826172,-11.953977584838868,-4.019086837768555,34.62220764160156,-39.65068817138672],"legSizes":[0.2261141538619995,0.3847481608390808,0.37829047441482546,0.48933154344558718,0.30391818284988406,0.3410571813583374,0.3280845284461975,0.23215186595916749,0.4922812879085541,0.12006144970655441,0.43758171796798708,0.304409921169281,0.47136712074279787,0.252629816532135,0.42318448424339297,0.4127163290977478,0.22945955395698548,0.2410690188407898,0.19021758437156678,0.19432806968688966,0.3607562482357025,0.25,0.3664039075374603,0.21399185061454774],"bodySizes":[1.9206187725067139,2.032783269882202,2.049074411392212],"springs":[],"dumpers":[],"name":2279,"generation":64,"distance":59.92393493652344,"reward":-59.92393493652344},{"angles":[58.42005920410156,58.876258850097659,-10.132034301757813,18.072322845458986,42.295875549316409,-55.93281555175781,-30.465715408325197,-74.90927124023438,-31.333765029907228,-13.771011352539063,-27.772459030151368,38.62958908081055,-53.51847839355469,-43.55810546875,-28.5615291595459,-30.791074752807618,-7.127372741699219,-16.902572631835939,17.012714385986329,13.860231399536133,6.219154357910156,2.6302757263183595,59.62957000732422,-19.033592224121095,-57.101966857910159,-14.980209350585938,29.143165588378908,5.447410583496094,36.27832794189453,44.153709411621097,27.875089645385743,-46.501922607421878,35.93956756591797,-45.382789611816409,-19.79460906982422,-29.177993774414064,-14.507623672485352,31.12936019897461,-29.782041549682618,-6.803220748901367,-41.50788116455078,-13.898683547973633,71.35853576660156,-7.911809921264648,32.94786834716797,-12.64647102355957,-44.347503662109378,-39.19501495361328,42.57269287109375,44.205657958984378,-16.80310821533203,-74.78578186035156,-16.95148277282715,50.584930419921878,23.646968841552736,17.806547164916993,-44.20250701904297,21.44768524169922,-5.630615234375,11.817590713500977,21.324033737182618,40.89494323730469,3.2355804443359377,30.230880737304689,45.20391845703125,15.450994491577149,17.831296920776368,-56.403953552246097,79.20248413085938,10.650178909301758,-1.4865951538085938,31.93310546875,47.42341613769531,14.542098999023438,-31.478919982910158,55.77056121826172,42.711570739746097,-57.07691955566406,-13.861076354980469,-39.65068817138672],"legSizes":[0.2261141538619995,0.3847481608390808,0.37829047441482546,0.3570052981376648,0.30391818284988406,0.23881328105926515,0.45652762055397036,0.24999994039535523,0.4922812879085541,0.33836406469345095,0.28665846586227419,0.33853232860565188,0.4952884316444397,0.40254777669906618,0.47599005699157717,0.13212919235229493,0.3447847068309784,0.2268466353416443,0.33129042387008669,0.22833970189094544,0.23768284916877747,0.2546149492263794,0.47191673517227175,0.3107798397541046],"bodySizes":[1.9613335132598878,1.9816699028015137,2.058293104171753],"springs":[],"dumpers":[],"name":2279,"generation":64,"distance":59.92393493652344,"reward":-65.28327941894531},{"angles":[58.42005920410156,-43.68603515625,-10.132034301757813,-16.234695434570314,42.295875549316409,34.6096076965332,22.647754669189454,-74.90927124023438,-31.333765029907228,-13.771011352539063,44.549259185791019,38.62958908081055,-53.51847839355469,-16.599388122558595,-57.04417419433594,-26.39691925048828,-29.35431671142578,41.6612548828125,69.7122802734375,48.27301025390625,-23.611343383789064,2.6302757263183595,59.62957000732422,-13.820737838745118,-57.101966857910159,-14.980209350585938,29.143165588378908,5.447410583496094,36.27832794189453,44.153709411621097,27.875089645385743,-46.501922607421878,35.93956756591797,-45.382789611816409,-19.79460906982422,-17.62980079650879,-14.507623672485352,31.12936019897461,-29.782041549682618,-6.803220748901367,-41.50788116455078,-13.898683547973633,71.35853576660156,-7.911809921264648,32.94786834716797,-12.64647102355957,-44.347503662109378,-39.19501495361328,42.57269287109375,44.205657958984378,-16.80310821533203,-74.78578186035156,-16.95148277282715,50.584930419921878,23.646968841552736,17.806547164916993,-44.20250701904297,-43.75054931640625,-5.630615234375,11.817590713500977,21.324033737182618,40.89494323730469,3.2355804443359377,30.230880737304689,45.20391845703125,15.450994491577149,-16.185401916503908,-56.403953552246097,79.20248413085938,10.650178909301758,-1.4865951538085938,31.93310546875,47.42341613769531,25.63429069519043,-4.02154541015625,55.77056121826172,42.711570739746097,13.615745544433594,33.693851470947269,-47.83538818359375],"legSizes":[0.19158416986465455,0.3847481608390808,0.3800014853477478,0.22346094250679017,0.30391818284988406,0.3410571813583374,0.3280845284461975,0.24999994039535523,0.4922812879085541,0.10809717327356339,0.43758171796798708,0.33853232860565188,0.4952884316444397,0.40254777669906618,0.47599005699157717,0.11937260627746582,0.3447847068309784,0.2268466353416443,0.3377581238746643,0.22833970189094544,0.3607562482357025,0.25,0.33492863178253176,0.21399185061454774],"bodySizes":[1.9526091814041138,2.0160624980926515,2.032219648361206],"springs":[],"dumpers":[],"name":2279,"generation":64,"distance":59.92393493652344,"reward":-74.50628662109375}]}