{"geneDatas":[{"angles":[-19.137990951538087,-30.208824157714845,15.09572982788086,56.066551208496097,-48.339942932128909,38.72015380859375,-26.058074951171876,-59.74834442138672,46.17481994628906,-20.407211303710939,-11.033056259155274,-0.5393257141113281,27.603118896484376,-38.74176788330078,14.5423583984375,10.859390258789063,54.648468017578128,-27.61939239501953,-27.038619995117189,53.58039093017578,-46.85801696777344,-52.145164489746097,25.17665672302246,-4.176115036010742,-50.51072692871094,29.810070037841798,54.909812927246097,-31.156097412109376,-54.579803466796878,59.147483825683597,-46.12462615966797,48.850006103515628,56.254302978515628,45.89752960205078,-3.7198219299316408,-44.388214111328128,50.89141845703125,-50.1329345703125,-34.453697204589847,-20.7774715423584,19.264480590820314,-57.810333251953128,-59.9029541015625,-15.915807723999024,-21.78820037841797,39.836326599121097,58.24736785888672,24.37604331970215,2.9486923217773439,-42.850860595703128,7.519376754760742,55.13969421386719,-40.048301696777347,2.26812744140625,-33.43744659423828,36.75554656982422,34.6754264831543,-44.71698760986328,-19.23576545715332,-41.48381805419922,52.381954193115237,37.794273376464847,-42.75731658935547,24.068655014038087,-3.4443626403808595,21.2667236328125,41.205108642578128,56.18767547607422,-24.68302345275879,-50.14813995361328,-56.02410888671875,16.94842529296875,-33.32568359375,28.96688461303711,-57.67315673828125,-25.74708366394043,-57.246925354003909,-4.539922714233398,-41.84938049316406,-21.288793563842775],"legSizes":[0.1811903417110443,0.18241186439990998,0.3237500488758087,0.49973535537719729,0.34963205456733706,0.44208088517189028,0.2041887640953064,0.3153384029865265,0.49179214239120486,0.4616113603115082,0.1103098914027214,0.14839640259742738,0.38091158866882326,0.4486061632633209,0.46519017219543459,0.16410952806472779,0.42142239212989809,0.3408055901527405,0.38130053877830508,0.10039744526147843,0.214377760887146,0.34339863061904909,0.4671480059623718,0.48554176092147829],"bodySizes":[1.798022985458374,2.409668445587158,1.846449851989746],"springs":[],"dumpers":[],"name":14068,"generation":401,"distance":23.912525177001954,"reward":-23.912525177001954},{"angles":[47.92118835449219,9.903366088867188,15.09572982788086,56.066551208496097,-48.339942932128909,38.72015380859375,-26.058074951171876,-21.615766525268556,41.141693115234378,-14.398406982421875,-11.033056259155274,26.583951950073243,27.603118896484376,9.994161605834961,-58.46106719970703,10.859390258789063,54.648468017578128,-27.61939239501953,-27.038619995117189,50.39019775390625,-46.85801696777344,-36.5203857421875,25.17665672302246,44.026939392089847,-21.9163875579834,29.810070037841798,35.702674865722659,-31.156097412109376,32.11212158203125,3.572124481201172,-54.84857177734375,48.850006103515628,56.254302978515628,45.89752960205078,-3.7198219299316408,-44.388214111328128,50.89141845703125,-50.1329345703125,-34.453697204589847,-20.7774715423584,19.264480590820314,36.266868591308597,-59.9029541015625,-15.915807723999024,-43.72020721435547,39.836326599121097,58.24736785888672,40.621063232421878,2.9486923217773439,-42.850860595703128,7.519376754760742,55.13969421386719,-40.048301696777347,-55.620849609375,-45.242454528808597,36.75554656982422,-29.234413146972658,-44.71698760986328,-19.23576545715332,37.498870849609378,-33.83843231201172,34.54669189453125,-42.75731658935547,-43.77147674560547,40.88841247558594,-9.433084487915039,-51.017372131347659,57.672088623046878,-36.075927734375,-50.14813995361328,7.1677703857421879,58.020660400390628,-33.32568359375,46.59208679199219,-27.30834197998047,42.869140625,-57.246925354003909,-25.434328079223634,-41.84938049316406,-21.288793563842775],"legSizes":[0.1811903417110443,0.18109217286109925,0.3237500488758087,0.3014184236526489,0.43432679772377016,0.1804616004228592,0.47167474031448367,0.3153384029865265,0.35966140031814577,0.21611125767230988,0.13759049773216248,0.28492486476898196,0.17714649438858033,0.11905532330274582,0.27409979701042178,0.16410952806472779,0.4847080707550049,0.350201278924942,0.26800867915153506,0.1609618216753006,0.17673474550247193,0.34339863061904909,0.37046685814857485,0.2152683436870575],"bodySizes":[2.039788246154785,2.1583309173583986,1.817133903503418],"springs":[],"dumpers":[],"name":14068,"generation":401,"distance":23.912525177001954,"reward":-37.62372970581055},{"angles":[-19.137990951538087,-35.82501220703125,15.09572982788086,56.066551208496097,-48.339942932128909,38.72015380859375,-26.058074951171876,-59.74834442138672,46.17481994628906,-14.398406982421875,-11.033056259155274,-0.5393257141113281,27.603118896484376,-38.74176788330078,14.5423583984375,10.859390258789063,54.648468017578128,-27.61939239501953,-27.038619995117189,53.58039093017578,-46.85801696777344,-52.145164489746097,25.17665672302246,-4.176115036010742,-50.51072692871094,29.810070037841798,35.702674865722659,-31.156097412109376,-54.579803466796878,34.428977966308597,-46.12462615966797,48.850006103515628,56.254302978515628,45.89752960205078,-3.7198219299316408,-44.388214111328128,50.89141845703125,-50.1329345703125,-34.453697204589847,-20.7774715423584,19.264480590820314,-57.810333251953128,-59.9029541015625,-15.915807723999024,-21.78820037841797,39.836326599121097,58.24736785888672,24.37604331970215,2.9486923217773439,-42.850860595703128,7.519376754760742,55.13969421386719,-40.048301696777347,2.26812744140625,-33.43744659423828,36.75554656982422,-29.234413146972658,-44.71698760986328,-19.23576545715332,-41.48381805419922,52.381954193115237,37.794273376464847,-42.75731658935547,24.068655014038087,-3.4443626403808595,-9.433084487915039,-38.66761016845703,8.491594314575196,-36.075927734375,-50.14813995361328,-13.590253829956055,58.020660400390628,-33.32568359375,-49.09098815917969,-57.67315673828125,13.220952987670899,-42.172706604003909,-4.539922714233398,-41.84938049316406,-21.288793563842775],"legSizes":[0.1811903417110443,0.2967384159564972,0.3237500488758087,0.49973535537719729,0.34963205456733706,0.44208088517189028,0.2041887640953064,0.3153384029865265,0.49179214239120486,0.4616113603115082,0.1808321475982666,0.43653780221939089,0.4842516779899597,0.4633882939815521,0.38657450675964358,0.16410952806472779,0.4847080707550049,0.3408055901527405,0.122716523706913,0.10039744526147843,0.3986662030220032,0.34339863061904909,0.4671480059623718,0.2152683436870575],"bodySizes":[1.806244969367981,2.420687198638916,1.8296778202056885],"springs":[],"dumpers":[],"name":14068,"generation":401,"distance":23.912525177001954,"reward":-63.86609649658203}]}