{"geneDatas":[{"angles":[58.42005920410156,-42.65092468261719,-10.132034301757813,70.43698120117188,42.295875549316409,-1.0495033264160157,22.647754669189454,-74.90927124023438,13.44586181640625,39.05759811401367,44.549259185791019,38.62958908081055,-53.51847839355469,-16.599388122558595,-28.5615291595459,-39.884735107421878,-7.127372741699219,-12.078330993652344,69.7122802734375,38.385372161865237,6.219154357910156,10.629493713378907,-76.58061218261719,-34.75579833984375,-57.101966857910159,74.95687866210938,78.72592163085938,-50.33374786376953,36.27832794189453,44.153709411621097,27.875089645385743,45.894126892089847,-48.49140930175781,-54.21158218383789,8.367998123168946,23.0148983001709,-14.507623672485352,-77.80598449707031,-29.782041549682618,13.106681823730469,-43.99098205566406,-75.05900573730469,71.35853576660156,54.225341796875,-18.34392738342285,49.910457611083987,19.765119552612306,-83.9097900390625,35.410823822021487,44.205657958984378,-16.80310821533203,-74.78578186035156,-27.85359764099121,50.584930419921878,29.03258514404297,-13.921445846557618,53.74199676513672,-20.01720428466797,29.61750602722168,13.967376708984375,-59.01670837402344,-44.99220275878906,3.2355804443359377,-14.461204528808594,-25.286714553833009,-6.445549011230469,17.831296920776368,5.686506271362305,79.20248413085938,47.356910705566409,-1.4865951538085938,31.93310546875,11.161529541015625,-10.33721923828125,27.101537704467775,-12.067474365234375,10.339471817016602,57.10865020751953,-3.9547576904296877,42.54130554199219],"legSizes":[0.32912275195121767,0.3847481608390808,0.19540591537952424,0.3570052981376648,0.30391818284988406,0.23881328105926515,0.3280845284461975,0.24999994039535523,0.3792528510093689,0.38658204674720766,0.43758171796798708,0.25,0.4952884316444397,0.40254777669906618,0.47599005699157717,0.15599770843982697,0.22945955395698548,0.1876409649848938,0.314780592918396,0.22833970189094544,0.3607562482357025,0.25,0.46040159463882449,0.21399185061454774],"bodySizes":[1.9726704359054566,2.0138065814971926,2.0138065814971926],"springs":[],"dumpers":[],"name":940,"generation":33,"distance":58.30400085449219,"reward":-58.30400085449219},{"angles":[-35.35490417480469,56.98527145385742,-10.132034301757813,-9.670166015625,39.616973876953128,34.40176773071289,50.77519226074219,-74.90927124023438,13.44586181640625,39.05759811401367,44.549259185791019,-42.88756561279297,10.895256042480469,-16.599388122558595,-28.5615291595459,32.12911605834961,-10.284883499145508,-50.53789520263672,-23.37459373474121,-19.267250061035158,-70.45259094238281,-13.803199768066407,-54.173828125,12.71821403503418,29.273656845092775,74.95687866210938,-32.43756103515625,-1.4805221557617188,85.61392211914063,36.07848358154297,-26.074167251586915,45.894126892089847,27.29762077331543,11.804916381835938,-22.92870330810547,-0.110198974609375,-14.507623672485352,-77.80598449707031,83.31349182128906,13.106681823730469,-43.99098205566406,-75.05900573730469,71.35853576660156,-7.509878158569336,-18.34392738342285,-5.059410095214844,-65.12725830078125,-83.9097900390625,54.86164855957031,44.205657958984378,48.788692474365237,-32.24407196044922,-27.85359764099121,-21.03858184814453,-17.44474983215332,-13.921445846557618,10.05145263671875,-57.10083770751953,-3.9944801330566408,45.365203857421878,-42.532752990722659,-51.350181579589847,8.163793563842774,14.446943283081055,-25.286714553833009,-16.201120376586915,-17.4901123046875,19.73999786376953,10.101119995117188,55.48582077026367,24.2362117767334,-35.563270568847659,11.161529541015625,-10.33721923828125,-22.525484085083009,42.767669677734378,-16.446739196777345,57.10865020751953,33.693851470947269,39.59093475341797],"legSizes":[0.45464888215065,0.24999994039535523,0.27882954478263857,0.23770517110824586,0.17255540192127229,0.380105197429657,0.24999994039535523,0.2821323275566101,0.48456424474716189,0.38658204674720766,0.490588903427124,0.25,0.1791640818119049,0.3684052526950836,0.47599005699157717,0.42669010162353518,0.12681683897972108,0.4341868460178375,0.17091035842895509,0.24999994039535523,0.24733121693134309,0.18503952026367188,0.33955711126327517,0.21399185061454774],"bodySizes":[1.9549907445907593,2.002124309539795,2.043874502182007],"springs":[],"dumpers":[],"name":940,"generation":33,"distance":58.30400085449219,"reward":-62.759830474853519},{"angles":[58.42005920410156,-42.65092468261719,-10.132034301757813,70.43698120117188,42.295875549316409,-1.0495033264160157,22.647754669189454,-74.90927124023438,13.44586181640625,39.05759811401367,44.549259185791019,50.43504333496094,-53.51847839355469,-16.599388122558595,-28.5615291595459,-39.884735107421878,-7.127372741699219,-12.078330993652344,69.7122802734375,38.385372161865237,6.219154357910156,10.629493713378907,-76.58061218261719,-34.75579833984375,-57.101966857910159,-12.095809936523438,78.72592163085938,-50.33374786376953,36.27832794189453,44.153709411621097,27.875089645385743,45.894126892089847,-48.49140930175781,-54.21158218383789,8.367998123168946,44.850868225097659,-14.507623672485352,-59.349647521972659,-29.782041549682618,13.106681823730469,-43.99098205566406,-75.05900573730469,71.35853576660156,-12.387763977050782,-18.34392738342285,49.910457611083987,19.765119552612306,-83.9097900390625,-7.8189544677734379,44.205657958984378,-16.80310821533203,-74.78578186035156,-27.85359764099121,50.584930419921878,29.03258514404297,-13.921445846557618,53.74199676513672,14.498611450195313,29.61750602722168,13.967376708984375,-59.01670837402344,-44.99220275878906,3.2355804443359377,-14.461204528808594,-25.286714553833009,-6.445549011230469,17.831296920776368,5.686506271362305,79.20248413085938,47.356910705566409,-1.4865951538085938,31.93310546875,11.161529541015625,-10.33721923828125,27.101537704467775,40.95276641845703,42.711570739746097,-59.060829162597659,33.693851470947269,-39.65068817138672],"legSizes":[0.32912275195121767,0.3847481608390808,0.19540591537952424,0.3570052981376648,0.30391818284988406,0.23881328105926515,0.3280845284461975,0.24999994039535523,0.3792528510093689,0.38658204674720766,0.43758171796798708,0.25,0.4952884316444397,0.40254777669906618,0.47599005699157717,0.15599770843982697,0.22945955395698548,0.1876409649848938,0.314780592918396,0.22833970189094544,0.3607562482357025,0.25,0.46040159463882449,0.21399185061454774],"bodySizes":[1.967358112335205,1.9785431623458863,2.0552327632904054],"springs":[],"dumpers":[],"name":940,"generation":33,"distance":58.30400085449219,"reward":-83.24317932128906}]}