{"geneDatas":[{"angles":[-23.19988441467285,9.903366088867188,27.53436851501465,14.707038879394532,-30.62767791748047,38.62763977050781,-48.81251525878906,-30.91704559326172,-10.11046028137207,35.77009582519531,4.07105827331543,59.725425720214847,-45.06681823730469,-16.26294708251953,-18.289169311523439,26.829727172851564,-57.150482177734378,-41.583641052246097,35.77550506591797,-5.480283737182617,40.30474853515625,19.465110778808595,-8.020042419433594,40.2413330078125,-54.85774230957031,1.4914283752441407,52.7314567565918,-29.271888732910158,-54.10493469238281,2.9310951232910158,-59.78362274169922,-17.649728775024415,-31.055418014526368,-43.76466369628906,29.32698631286621,3.5985031127929689,29.748714447021486,-10.812744140625,-24.24250030517578,40.33122253417969,-39.281341552734378,59.277549743652347,-0.4001655578613281,59.55366516113281,-31.809555053710939,27.523784637451173,55.29381561279297,31.460979461669923,-7.7722320556640629,52.18257141113281,-40.80778503417969,55.13969421386719,43.868263244628909,-50.13921356201172,-45.242454528808597,36.75554656982422,10.893997192382813,-9.476387023925782,-19.23576545715332,24.96216583251953,-33.83843231201172,37.794273376464847,-12.217117309570313,-59.25401306152344,9.023843765258789,19.56331443786621,-17.242019653320314,8.491594314575196,45.07804870605469,45.43708038330078,-35.343833923339847,-56.026466369628909,-33.32568359375,-53.15214538574219,58.329689025878909,6.804048538208008,-35.74456024169922,1.4108772277832032,-41.84938049316406,15.523609161376954],"legSizes":[0.4836184084415436,0.30687829852104189,0.24283531308174134,0.3833371698856354,0.45267820358276369,0.23567059636116029,0.34297072887420657,0.12992095947265626,0.48529139161109927,0.3157491087913513,0.13478264212608338,0.44758081436157229,0.48286643624305727,0.2771371603012085,0.28329604864120486,0.4834635853767395,0.45633602142333987,0.3408055901527405,0.11324501037597656,0.10039744526147843,0.2730652689933777,0.34339863061904909,0.42906826734542849,0.2152683436870575],"bodySizes":[1.9279910326004029,2.4485855102539064,1.6946096420288087],"springs":[],"dumpers":[],"name":15494,"generation":449,"distance":71.90142059326172,"reward":-71.90142059326172},{"angles":[42.98692321777344,27.007225036621095,27.53436851501465,14.707038879394532,-30.62767791748047,38.62763977050781,-48.81251525878906,-30.91704559326172,-10.11046028137207,47.1156120300293,4.07105827331543,18.540512084960939,-45.06681823730469,-16.26294708251953,-18.289169311523439,26.829727172851564,-57.150482177734378,-41.583641052246097,35.77550506591797,23.615354537963868,40.30474853515625,-45.67852020263672,-8.020042419433594,42.163856506347659,-54.85774230957031,-8.723093032836914,21.39693260192871,-29.271888732910158,-54.10493469238281,6.602531433105469,-59.78362274169922,-17.649728775024415,-31.055418014526368,-37.23413848876953,29.32698631286621,9.524751663208008,29.748714447021486,-10.812744140625,28.549789428710939,40.33122253417969,-50.11150360107422,59.277549743652347,-9.114927291870118,59.55366516113281,-31.809555053710939,-51.06536865234375,55.29381561279297,-16.71415901184082,53.77229309082031,-57.682769775390628,13.691991806030274,-39.81501007080078,-2.6610031127929689,51.64860534667969,-45.242454528808597,15.521591186523438,-47.218780517578128,-9.476387023925782,-19.23576545715332,-41.48381805419922,-33.83843231201172,5.152322769165039,9.404561996459961,-43.77147674560547,-3.4443626403808595,-1.060272216796875,-51.017372131347659,24.723928451538087,20.475826263427736,42.931495666503909,-13.590253829956055,58.020660400390628,-33.32568359375,28.96688461303711,-57.67315673828125,7.815019607543945,-23.26520347595215,-49.679832458496097,-49.135520935058597,15.523609161376954],"legSizes":[0.4836184084415436,0.1389157772064209,0.24283531308174134,0.42046108841896059,0.45267820358276369,0.18735066056251527,0.28298190236091616,0.12992095947265626,0.48529139161109927,0.47759610414505007,0.4546573758125305,0.44758081436157229,0.48286643624305727,0.34533220529556277,0.2949332892894745,0.3187478184700012,0.1234399825334549,0.3045503497123718,0.2688637375831604,0.10039744526147843,0.23503559827804566,0.27979576587677,0.42906826734542849,0.301971971988678],"bodySizes":[1.9232133626937867,2.9953041076660158,1.3887420892715455],"springs":[],"dumpers":[],"name":15494,"generation":449,"distance":71.90142059326172,"reward":-76.93233489990235},{"angles":[42.98692321777344,9.903366088867188,27.53436851501465,14.707038879394532,-30.62767791748047,38.62763977050781,-48.81251525878906,-30.91704559326172,-10.11046028137207,47.1156120300293,4.07105827331543,18.540512084960939,-45.06681823730469,-11.049894332885743,-26.532960891723634,26.829727172851564,-57.150482177734378,-41.583641052246097,35.77550506591797,23.615354537963868,40.30474853515625,-45.67852020263672,-8.020042419433594,42.163856506347659,-54.85774230957031,-8.723093032836914,21.39693260192871,-29.271888732910158,-54.10493469238281,6.602531433105469,-59.78362274169922,-17.649728775024415,-31.055418014526368,-37.23413848876953,29.32698631286621,9.524751663208008,29.748714447021486,-10.812744140625,28.549789428710939,40.33122253417969,-14.604598999023438,59.277549743652347,-0.4001655578613281,59.55366516113281,-31.809555053710939,-51.06536865234375,-48.230735778808597,-16.71415901184082,53.77229309082031,-57.682769775390628,13.691991806030274,-39.81501007080078,-2.6610031127929689,51.64860534667969,-45.242454528808597,15.521591186523438,-47.218780517578128,-9.476387023925782,-19.23576545715332,-41.48381805419922,-33.83843231201172,5.152322769165039,9.404561996459961,-43.77147674560547,-3.4443626403808595,-1.060272216796875,-51.017372131347659,24.723928451538087,20.475826263427736,45.43708038330078,-13.590253829956055,-48.220680236816409,-33.32568359375,28.96688461303711,-57.67315673828125,7.815019607543945,-23.26520347595215,-49.679832458496097,-41.84938049316406,15.523609161376954],"legSizes":[0.4836184084415436,0.1389157772064209,0.24283531308174134,0.42046108841896059,0.45267820358276369,0.18735066056251527,0.28298190236091616,0.12992095947265626,0.48529139161109927,0.47759610414505007,0.4546573758125305,0.44758081436157229,0.48286643624305727,0.3797101378440857,0.2949332892894745,0.3187478184700012,0.1234399825334549,0.3045503497123718,0.2688637375831604,0.10039744526147843,0.23503559827804566,0.27979576587677,0.42906826734542849,0.301971971988678],"bodySizes":[1.9232133626937867,2.9953041076660158,1.3887420892715455],"springs":[],"dumpers":[],"name":15494,"generation":449,"distance":71.90142059326172,"reward":-80.49864959716797}]}