{"geneDatas":[{"angles":[-23.19988441467285,9.903366088867188,27.53436851501465,14.707038879394532,-30.62767791748047,22.13319969177246,-48.81251525878906,-30.91704559326172,-10.11046028137207,35.77009582519531,4.07105827331543,44.61405944824219,-45.06681823730469,8.103096008300782,-18.289169311523439,26.829727172851564,-57.150482177734378,-41.583641052246097,-30.735198974609376,-5.480283737182617,40.30474853515625,19.465110778808595,-8.020042419433594,8.822929382324219,-54.85774230957031,1.4914283752441407,52.7314567565918,-29.271888732910158,-54.10493469238281,2.9310951232910158,-59.78362274169922,-17.649728775024415,-31.055418014526368,-43.76466369628906,29.32698631286621,3.5985031127929689,29.748714447021486,-38.00028991699219,-24.24250030517578,40.33122253417969,-42.448280334472659,59.277549743652347,-0.4001655578613281,59.55366516113281,-31.809555053710939,27.523784637451173,55.29381561279297,31.460979461669923,-7.7722320556640629,52.18257141113281,-40.80778503417969,55.13969421386719,43.868263244628909,-50.13921356201172,-45.242454528808597,36.75554656982422,10.893997192382813,-9.476387023925782,-19.23576545715332,24.96216583251953,-33.83843231201172,47.78089904785156,-12.217117309570313,-43.77147674560547,2.8612594604492189,-1.060272216796875,-51.017372131347659,24.723928451538087,20.475826263427736,54.58411407470703,-13.590253829956055,-48.220680236816409,-33.32568359375,28.96688461303711,26.90108299255371,7.815019607543945,-23.26520347595215,-49.679832458496097,-41.84938049316406,15.523609161376954],"legSizes":[0.4836184084415436,0.30687829852104189,0.24283531308174134,0.3833371698856354,0.45267820358276369,0.23567059636116029,0.34297072887420657,0.12992095947265626,0.48529139161109927,0.28985559940338137,0.33936598896980288,0.3956299424171448,0.4027242064476013,0.2771371603012085,0.12637896835803986,0.13185334205627442,0.4518357813358307,0.38727664947509768,0.17039233446121217,0.10039744526147843,0.23503559827804566,0.27979576587677,0.42906826734542849,0.301971971988678],"bodySizes":[1.9263970851898194,2.992827892303467,1.3875939846038819],"springs":[],"dumpers":[],"name":15745,"generation":450,"distance":61.073951721191409,"reward":-61.073951721191409},{"angles":[42.98692321777344,9.903366088867188,27.53436851501465,14.707038879394532,-30.62767791748047,38.62763977050781,-48.81251525878906,-30.91704559326172,-10.11046028137207,47.1156120300293,4.07105827331543,18.540512084960939,-45.06681823730469,-11.049894332885743,-26.532960891723634,26.829727172851564,-57.150482177734378,-41.583641052246097,35.77550506591797,23.615354537963868,40.30474853515625,-45.67852020263672,-8.020042419433594,42.163856506347659,-54.85774230957031,-8.723093032836914,21.39693260192871,-29.271888732910158,-54.10493469238281,6.602531433105469,-59.78362274169922,-17.649728775024415,-31.055418014526368,-37.23413848876953,29.32698631286621,9.524751663208008,29.748714447021486,-10.812744140625,28.549789428710939,40.33122253417969,-14.604598999023438,59.277549743652347,-0.4001655578613281,59.55366516113281,-31.809555053710939,-51.06536865234375,-48.230735778808597,-16.71415901184082,53.77229309082031,-57.682769775390628,13.691991806030274,-39.81501007080078,-2.6610031127929689,51.64860534667969,-45.242454528808597,15.521591186523438,-47.218780517578128,-9.476387023925782,-19.23576545715332,-41.48381805419922,-33.83843231201172,5.152322769165039,9.404561996459961,-43.77147674560547,-3.4443626403808595,-1.060272216796875,-51.017372131347659,24.723928451538087,20.475826263427736,45.43708038330078,-13.590253829956055,-48.220680236816409,-33.32568359375,28.96688461303711,-57.67315673828125,7.815019607543945,-23.26520347595215,-49.679832458496097,-41.84938049316406,15.523609161376954],"legSizes":[0.4836184084415436,0.1389157772064209,0.24283531308174134,0.42046108841896059,0.45267820358276369,0.18735066056251527,0.28298190236091616,0.12992095947265626,0.48529139161109927,0.47759610414505007,0.4546573758125305,0.44758081436157229,0.48286643624305727,0.3797101378440857,0.2949332892894745,0.3187478184700012,0.1234399825334549,0.3045503497123718,0.2688637375831604,0.10039744526147843,0.23503559827804566,0.27979576587677,0.42906826734542849,0.301971971988678],"bodySizes":[1.9232133626937867,2.9953041076660158,1.3887420892715455],"springs":[],"dumpers":[],"name":15745,"generation":450,"distance":61.073951721191409,"reward":-76.06559753417969},{"angles":[-23.19988441467285,9.903366088867188,27.53436851501465,14.707038879394532,-30.62767791748047,3.9501495361328127,-48.81251525878906,-30.91704559326172,-10.11046028137207,35.77009582519531,-44.70381164550781,59.725425720214847,-33.46806335449219,-16.26294708251953,-18.289169311523439,26.829727172851564,-57.150482177734378,-41.583641052246097,50.54804992675781,23.615354537963868,40.30474853515625,-45.67852020263672,-8.020042419433594,42.163856506347659,-54.85774230957031,19.68439292907715,52.7314567565918,-55.32227325439453,-54.10493469238281,6.602531433105469,-16.099699020385743,-17.649728775024415,0.9255905151367188,-37.23413848876953,11.383016586303711,31.4130859375,4.585596084594727,-10.812744140625,28.549789428710939,40.33122253417969,-39.281341552734378,59.277549743652347,-46.91582489013672,-4.445823669433594,-31.809555053710939,27.523784637451173,55.29381561279297,31.460979461669923,-7.7722320556640629,52.18257141113281,-40.80778503417969,55.13969421386719,43.318504333496097,41.33900451660156,-48.23174285888672,25.86879539489746,27.19947052001953,-9.476387023925782,-19.23576545715332,36.46641159057617,-33.83843231201172,37.794273376464847,-12.217117309570313,16.53809928894043,-59.087890625,10.391500473022461,-44.75555419921875,8.491594314575196,20.475826263427736,-27.416444778442384,-13.590253829956055,50.647499084472659,-33.32568359375,48.808921813964847,19.530614852905275,5.361122131347656,-12.244354248046875,1.4108772277832032,35.584617614746097,-21.288793563842775],"legSizes":[0.4836184084415436,0.30687829852104189,0.3832945227622986,0.37532907724380495,0.31214162707328799,0.3695443570613861,0.3928825855255127,0.12992095947265626,0.48529139161109927,0.3157491087913513,0.1441461145877838,0.3956299424171448,0.48286643624305727,0.2771371603012085,0.41235461831092837,0.3386560082435608,0.1367051601409912,0.43095284700393679,0.2688637375831604,0.23501884937286378,0.23503559827804566,0.3232714533805847,0.37046685814857485,0.2152683436870575],"bodySizes":[1.8216533660888672,2.735186815261841,1.6055996417999268],"springs":[],"dumpers":[],"name":15745,"generation":450,"distance":61.073951721191409,"reward":-83.0668716430664}]}