{"geneDatas":[{"angles":[0.34055328369140627,9.903366088867188,4.587213516235352,-12.812753677368164,-48.339942932128909,56.77967834472656,-26.058074951171876,38.84532165527344,41.141693115234378,-19.647851943969728,-11.033056259155274,-0.5393257141113281,-46.69462585449219,27.619428634643556,-47.17890930175781,10.859390258789063,-40.396087646484378,-15.669187545776368,48.42982482910156,14.86146354675293,-50.353431701660159,-56.347686767578128,-8.020042419433594,-4.176115036010742,-5.356698989868164,-17.2620906829834,19.680561065673829,33.20091247558594,-47.539947509765628,56.301368713378909,-34.0345458984375,15.299419403076172,55.67869567871094,-57.213775634765628,-3.7198219299316408,-3.243663787841797,32.6634521484375,-50.14662170410156,-21.65966796875,40.33122253417969,38.695823669433597,-47.386077880859378,-16.899513244628908,38.291015625,-31.809555053710939,27.523784637451173,15.797452926635743,-15.047470092773438,20.217031478881837,18.1142635345459,22.920454025268556,-40.610435485839847,-40.048301696777347,2.26812744140625,2.0387001037597658,36.75554656982422,31.74676513671875,22.843406677246095,-12.678573608398438,37.498870849609378,-44.52996063232422,38.398345947265628,54.316932678222659,-2.020233154296875,-37.77079772949219,55.563812255859378,40.12620544433594,-21.527189254760743,-54.55079650878906,-50.14813995361328,-13.590253829956055,58.020660400390628,-6.604448318481445,54.971397399902347,-57.67315673828125,-25.74708366394043,-57.246925354003909,-24.243200302124025,-56.239784240722659,-57.7958984375],"legSizes":[0.16991457343101502,0.35009893774986269,0.25664985179901125,0.408191978931427,0.1524488925933838,0.149926096200943,0.10125904530286789,0.21105340123176576,0.4779909551143646,0.21611125767230988,0.1103098914027214,0.4351593554019928,0.4842516779899597,0.30804407596588137,0.46519017219543459,0.16410952806472779,0.4847080707550049,0.3408055901527405,0.3720880150794983,0.20426371693611146,0.17282290756702424,0.3055475950241089,0.4671480059623718,0.25974786281585696],"bodySizes":[1.9861257076263428,2.0773894786834719,1.9389443397521973],"springs":[],"dumpers":[],"name":13104,"generation":374,"distance":34.27034378051758,"reward":-34.27034378051758},{"angles":[40.96348571777344,54.87556457519531,-7.633947372436523,-50.894508361816409,33.47093200683594,-57.05529022216797,36.6475830078125,-2.175384521484375,37.463191986083987,26.11754608154297,-11.033056259155274,-0.5393257141113281,-46.69462585449219,27.619428634643556,-47.17890930175781,10.859390258789063,54.648468017578128,-15.669187545776368,48.42982482910156,14.86146354675293,48.142147064208987,-56.347686767578128,-8.020042419433594,0.5237884521484375,-32.84226989746094,39.92640686035156,-46.394874572753909,-38.7288818359375,-47.539947509765628,1.9869728088378907,-34.0345458984375,15.299419403076172,55.67869567871094,-57.213775634765628,-3.7198219299316408,-16.04279327392578,32.6634521484375,-50.14662170410156,0.7584648132324219,40.33122253417969,55.84470748901367,-45.290611267089847,-16.899513244628908,38.291015625,-31.809555053710939,27.523784637451173,43.07240295410156,16.78999900817871,24.067983627319337,-36.671836853027347,-23.465301513671876,-40.610435485839847,50.66438293457031,14.724020004272461,2.0387001037597658,36.75554656982422,-15.706850051879883,-53.17578887939453,-17.235824584960939,37.498870849609378,-44.52996063232422,33.461978912353519,54.316932678222659,-28.0513916015625,-37.77079772949219,-9.433084487915039,40.12620544433594,-21.527189254760743,-54.55079650878906,-50.14813995361328,-13.590253829956055,58.020660400390628,-22.641555786132814,-50.37378692626953,-57.67315673828125,-8.149946212768555,-57.246925354003909,-17.96698760986328,-56.239784240722659,-57.7958984375],"legSizes":[0.16991457343101502,0.18109217286109925,0.3035697340965271,0.408191978931427,0.1524488925933838,0.11009407043457031,0.29441049695014956,0.14091292023658753,0.49179214239120486,0.2110791951417923,0.3938156068325043,0.4351593554019928,0.4842516779899597,0.30804407596588137,0.3983115553855896,0.22775787115097047,0.4847080707550049,0.3408055901527405,0.24725478887557984,0.20426371693611146,0.480996310710907,0.18156400322914124,0.4127592146396637,0.2150399386882782],"bodySizes":[1.9480184316635132,2.058725357055664,1.9947960376739503],"springs":[],"dumpers":[],"name":13104,"generation":374,"distance":34.27034378051758,"reward":-57.85400390625},{"angles":[49.20591735839844,31.12364959716797,-17.558935165405275,-35.79685974121094,-0.6993141174316406,-52.94476318359375,58.62445068359375,10.041555404663086,41.141693115234378,-19.647851943969728,-6.815336227416992,28.183879852294923,-59.29106903076172,-37.34501647949219,-9.250638961791993,22.684965133666993,54.648468017578128,-15.669187545776368,-36.959739685058597,14.86146354675293,-46.85801696777344,-56.347686767578128,25.17665672302246,-4.176115036010742,-21.9163875579834,17.811124801635743,-3.7706069946289064,-31.156097412109376,-47.539947509765628,1.9869728088378907,-46.12462615966797,15.299419403076172,56.254302978515628,-57.213775634765628,-3.7198219299316408,-15.571138381958008,50.89141845703125,-50.1329345703125,-13.586259841918946,40.33122253417969,12.458318710327149,-45.290611267089847,44.68238067626953,38.291015625,-31.809555053710939,27.523784637451173,43.07240295410156,16.78999900817871,7.875602722167969,-43.96247863769531,35.750770568847659,-59.700523376464847,-40.048301696777347,2.26812744140625,33.37937927246094,-55.668067932128909,31.74676513671875,22.843406677246095,-35.371315002441409,-33.508644104003909,-44.52996063232422,38.398345947265628,54.316932678222659,-43.77147674560547,-37.77079772949219,-9.433084487915039,40.12620544433594,-21.527189254760743,-54.55079650878906,-50.14813995361328,-13.590253829956055,58.020660400390628,-6.604448318481445,5.30010986328125,-57.67315673828125,-25.74708366394043,-57.246925354003909,-24.243200302124025,-56.239784240722659,-57.7958984375],"legSizes":[0.47154268622398379,0.3426898121833801,0.31238216161727908,0.49973535537719729,0.43432679772377016,0.11009407043457031,0.29441049695014956,0.10743260383605957,0.25649964809417727,0.4914327561855316,0.41598114371299746,0.157179594039917,0.1322486400604248,0.30804407596588137,0.46950626373291018,0.16410952806472779,0.4847080707550049,0.3408055901527405,0.3720880150794983,0.20426371693611146,0.17282290756702424,0.432502806186676,0.44813257455825808,0.25974786281585696],"bodySizes":[2.295949935913086,2.5342018604278566,1.374948501586914],"springs":[],"dumpers":[],"name":13104,"generation":374,"distance":34.27034378051758,"reward":-67.56768035888672}]}