{"geneDatas":[{"angles":[14.091287612915039,-18.601964950561525,-7.633947372436523,50.02760314941406,6.214805603027344,13.530014038085938,58.83935546875,-56.77265167236328,24.049842834472658,-0.1100006103515625,52.932342529296878,-7.440984725952148,-53.51847839355469,-4.436882019042969,-59.33052062988281,42.97815704345703,29.12844467163086,-35.0325927734375,-4.766412734985352,-9.110719680786133,-45.50816345214844,10.828592300415039,38.4658203125,28.021156311035158,3.795612335205078,-15.341684341430664,38.77588653564453,-59.83666229248047,-4.044763565063477,23.27351951599121,-6.714197158813477,8.645774841308594,58.70484161376953,-23.76569366455078,1.7800483703613282,27.229469299316408,-14.006616592407227,-50.14662170410156,21.73607635498047,58.40948486328125,57.070411682128909,-55.002838134765628,31.5902099609375,-3.3387222290039064,-54.72950744628906,-27.10419464111328,-21.43212890625,-11.585220336914063,-12.863122940063477,35.40176773071289,16.891765594482423,-31.870695114135743,-2.1879615783691408,50.70679473876953,-55.64250183105469,22.61615562438965,47.96580505371094,-44.29339599609375,-37.96687316894531,-59.46654510498047,59.17164611816406,-58.40486145019531,-59.72504425048828,30.230880737304689,48.015045166015628,-56.405723571777347,-49.13921356201172,21.075408935546876,-53.796531677246097,25.405254364013673,-11.811355590820313,-23.970016479492189,-12.043098449707032,-33.32316589355469,-10.260122299194336,-46.84331512451172,-7.239166259765625,-0.14139938354492188,-56.56037902832031,12.365104675292969],"legSizes":[0.4655647277832031,0.28042274713516238,0.2740320563316345,0.18669290840625764,0.15075355768203736,0.4112197458744049,0.336640864610672,0.29832199215888979,0.22504308819770814,0.37286677956581118,0.3240186870098114,0.3093266785144806,0.4952884316444397,0.27757665514945986,0.4327450394630432,0.4176389276981354,0.3073413670063019,0.11736565083265305,0.2599406838417053,0.23137152194976808,0.29600790143013,0.37027615308761599,0.4295527935028076,0.12338095158338547],"bodySizes":[1.6794674396514893,2.3362956047058107,2.038874626159668],"springs":[],"dumpers":[],"name":7876,"generation":235,"distance":36.21404266357422,"reward":-36.21404266357422},{"angles":[14.091287612915039,-18.601964950561525,-7.633947372436523,50.02760314941406,-12.488731384277344,-13.554473876953125,6.758687973022461,17.77606201171875,16.591354370117189,-0.1100006103515625,-37.45964813232422,0.14810943603515626,-53.51847839355469,-4.436882019042969,-59.33052062988281,42.97815704345703,29.12844467163086,-24.80961036682129,-4.766412734985352,23.260831832885743,-25.855758666992189,10.828592300415039,-26.70280647277832,-33.44061279296875,4.540151596069336,53.196617126464847,-50.8602294921875,-59.83666229248047,-47.539947509765628,49.02149963378906,-6.714197158813477,56.974281311035159,25.42188835144043,-33.94654083251953,-14.016775131225586,-28.56859588623047,32.724334716796878,-50.14662170410156,-41.594757080078128,26.038570404052736,-26.549171447753908,-55.002838134765628,5.725914001464844,20.185630798339845,-57.29155731201172,29.69964599609375,-38.600677490234378,-11.585220336914063,43.98631286621094,41.757415771484378,16.891765594482423,-6.402105331420898,-36.254150390625,52.14112854003906,-28.471961975097658,-38.436973571777347,47.96580505371094,28.117630004882814,-23.0936279296875,16.608366012573243,59.17164611816406,-58.40486145019531,-59.72504425048828,30.230880737304689,48.015045166015628,-56.405723571777347,26.803863525390626,24.035207748413087,-5.420158386230469,-11.9072265625,-54.500755310058597,-23.970016479492189,-36.436683654785159,-33.32316589355469,-56.47654724121094,18.097028732299806,-21.70677375793457,-0.14139938354492188,-56.56037902832031,12.365104675292969],"legSizes":[0.4655647277832031,0.28042274713516238,0.2740320563316345,0.18669290840625764,0.15075355768203736,0.4112197458744049,0.336640864610672,0.29832199215888979,0.20811918377876283,0.2868853211402893,0.44349318742752077,0.18856611847877503,0.4052203595638275,0.15578627586364747,0.10318761318922043,0.1817651391029358,0.49755463004112246,0.11736565083265305,0.2599406838417053,0.22833970189094544,0.10376658290624619,0.37027615308761599,0.4295527935028076,0.23943784832954408],"bodySizes":[1.6808876991271973,2.3740625381469728,2.0047447681427],"springs":[],"dumpers":[],"name":7876,"generation":235,"distance":36.21404266357422,"reward":-48.70332717895508},{"angles":[14.091287612915039,-18.601964950561525,-7.633947372436523,-34.02770233154297,-12.488731384277344,-25.31395149230957,-56.788055419921878,17.77606201171875,41.141693115234378,-56.52436065673828,-43.830345153808597,-57.0689697265625,-53.51847839355469,-4.436882019042969,-59.33052062988281,42.97815704345703,44.09635925292969,-49.50970458984375,-13.060546875,23.260831832885743,-0.3873023986816406,31.021411895751954,42.91657257080078,-33.44061279296875,4.540151596069336,-25.520004272460939,-54.23970031738281,-59.83666229248047,-47.539947509765628,23.27351951599121,-6.714197158813477,56.974281311035159,25.42188835144043,-33.94654083251953,-14.016775131225586,25.538360595703126,32.724334716796878,-50.14662170410156,-41.594757080078128,26.038570404052736,-26.549171447753908,-55.002838134765628,-17.894073486328126,20.185630798339845,59.354896545410159,-27.10419464111328,14.620964050292969,46.89960479736328,-23.073728561401368,55.015724182128909,16.891765594482423,-7.741521835327148,-36.254150390625,52.14112854003906,-28.471961975097658,-38.436973571777347,47.96580505371094,28.117630004882814,-23.0936279296875,16.608366012573243,59.17164611816406,-58.40486145019531,-59.72504425048828,30.230880737304689,35.448787689208987,-56.405723571777347,-49.13921356201172,24.035207748413087,-53.796531677246097,-11.9072265625,1.9600944519042969,-23.970016479492189,-36.436683654785159,-33.32316589355469,-56.47654724121094,18.097028732299806,-21.70677375793457,57.165252685546878,32.819610595703128,12.365104675292969],"legSizes":[0.39400944113731387,0.28042274713516238,0.494659423828125,0.24561965465545655,0.3537963330745697,0.11009407043457031,0.46186739206314089,0.32605797052383425,0.20811918377876283,0.2868853211402893,0.44349318742752077,0.49740976095199587,0.4952884316444397,0.3650274872779846,0.10318761318922043,0.12453832477331162,0.3073413670063019,0.11736565083265305,0.30571871995925906,0.22833970189094544,0.37172573804855349,0.37027615308761599,0.4295527935028076,0.12338095158338547],"bodySizes":[1.7111002206802369,2.3530101776123049,1.9869674444198609],"springs":[],"dumpers":[],"name":7876,"generation":235,"distance":36.21404266357422,"reward":-50.25574493408203}]}