{"geneDatas":[{"angles":[49.20591735839844,-35.82501220703125,-25.40692138671875,-2.4644203186035158,-48.339942932128909,38.72015380859375,-26.058074951171876,-30.91704559326172,41.141693115234378,-14.398406982421875,-11.033056259155274,-0.5393257141113281,-46.69462585449219,-38.74176788330078,-47.17890930175781,10.859390258789063,25.450658798217775,-29.419034957885743,49.965545654296878,24.830259323120118,40.30474853515625,-56.347686767578128,-8.020042419433594,-4.176115036010742,-54.85774230957031,-17.2620906829834,46.52435302734375,6.538545608520508,-54.10493469238281,6.602531433105469,-34.0345458984375,15.299419403076172,-0.9112701416015625,-43.76466369628906,-4.473747253417969,4.478925704956055,32.6634521484375,-50.14662170410156,-24.24250030517578,40.33122253417969,-33.71282196044922,-47.386077880859378,-16.899513244628908,4.0904541015625,-31.809555053710939,27.523784637451173,53.44807434082031,-15.047470092773438,20.217031478881837,18.1142635345459,22.920454025268556,20.011653900146486,-40.048301696777347,2.26812744140625,2.0387001037597658,36.75554656982422,31.74676513671875,22.843406677246095,-12.678573608398438,28.47896385192871,-44.52996063232422,38.398345947265628,54.316932678222659,-2.020233154296875,34.29200744628906,55.563812255859378,40.12620544433594,-21.527189254760743,-54.55079650878906,-50.14813995361328,-13.590253829956055,43.364784240722659,-33.32568359375,28.96688461303711,-57.67315673828125,-25.74708366394043,-57.246925354003909,-24.243200302124025,-41.84938049316406,-35.01012420654297],"legSizes":[0.3793034553527832,0.3426898121833801,0.31238216161727908,0.49973535537719729,0.43432679772377016,0.13875475525856019,0.29441049695014956,0.3153384029865265,0.49179214239120486,0.21611125767230988,0.1103098914027214,0.4351593554019928,0.4842516779899597,0.30804407596588137,0.46519017219543459,0.16410952806472779,0.4847080707550049,0.3408055901527405,0.1833232045173645,0.20426371693611146,0.16451722383499146,0.34339863061904909,0.28239110112190249,0.2152683436870575],"bodySizes":[2.0500948429107668,2.262834072113037,1.724500298500061],"springs":[],"dumpers":[],"name":13509,"generation":385,"distance":58.49033737182617,"reward":-58.49033737182617},{"angles":[-33.37061309814453,41.355560302734378,-5.831886291503906,-49.30994415283203,0.00160980224609375,56.39007568359375,58.24803924560547,-17.324501037597658,41.141693115234378,-19.647851943969728,59.79632568359375,13.669044494628907,-56.380531311035159,-37.34501647949219,-47.17890930175781,10.859390258789063,54.648468017578128,26.96588134765625,-36.959739685058597,40.77549743652344,-46.85801696777344,-56.347686767578128,25.17665672302246,-4.176115036010742,-21.9163875579834,29.810070037841798,-17.174325942993165,-31.156097412109376,-47.539947509765628,1.9869728088378907,-46.12462615966797,15.299419403076172,56.254302978515628,45.89752960205078,-3.7198219299316408,-15.571138381958008,50.89141845703125,-50.1329345703125,-13.586259841918946,40.33122253417969,12.458318710327149,49.478546142578128,14.897712707519532,-15.915807723999024,-31.809555053710939,27.523784637451173,-12.677587509155274,-50.86859893798828,-26.871047973632814,28.997282028198243,35.750770568847659,-40.610435485839847,-40.048301696777347,23.223379135131837,-20.61017417907715,-49.41686248779297,31.74676513671875,22.843406677246095,-9.115854263305664,37.498870849609378,-33.83843231201172,-19.964384078979493,-42.75731658935547,-43.77147674560547,-2.5754013061523439,-9.433084487915039,-51.017372131347659,38.062904357910159,-36.075927734375,-50.14813995361328,-13.590253829956055,58.020660400390628,-33.32568359375,28.96688461303711,-57.67315673828125,-25.74708366394043,-57.246925354003909,-24.243200302124025,-41.84938049316406,-35.01012420654297],"legSizes":[0.4603756070137024,0.22135718166828156,0.3631936013698578,0.1060754805803299,0.1524488925933838,0.13462167978286744,0.39466923475265505,0.10743260383605957,0.25649964809417727,0.3242586851119995,0.41598114371299746,0.2596514821052551,0.4842516779899597,0.43989530205726626,0.46519017219543459,0.16410952806472779,0.4691031873226166,0.23613449931144715,0.24725478887557984,0.20426371693611146,0.16451722383499146,0.34339863061904909,0.4671480059623718,0.2152683436870575],"bodySizes":[2.0500950813293459,2.262834310531616,1.7245004177093506],"springs":[],"dumpers":[],"name":13509,"generation":385,"distance":58.49033737182617,"reward":-66.92327880859375},{"angles":[29.26421356201172,-10.723892211914063,-52.828590393066409,52.033538818359378,-48.339942932128909,-52.48957061767578,-26.058074951171876,-53.33435821533203,39.23814392089844,-19.647851943969728,11.081993103027344,-0.5393257141113281,-46.69462585449219,-57.61357879638672,-47.17890930175781,10.859390258789063,25.450658798217775,-29.419034957885743,35.71052932739258,24.830259323120118,-57.49806213378906,-56.347686767578128,-50.376319885253909,-4.176115036010742,-5.281255722045898,-17.2620906829834,15.73751449584961,6.538545608520508,-54.10493469238281,6.602531433105469,-34.0345458984375,15.299419403076172,55.67869567871094,-43.76466369628906,-4.473747253417969,4.478925704956055,32.6634521484375,-50.14662170410156,19.277542114257814,-18.80322265625,27.715686798095704,-36.3125,-16.899513244628908,-51.520912170410159,-31.809555053710939,27.523784637451173,53.44807434082031,-15.047470092773438,20.217031478881837,27.574352264404298,22.920454025268556,-40.610435485839847,51.81536865234375,2.26812744140625,2.0387001037597658,-5.150262832641602,31.74676513671875,22.843406677246095,18.394729614257814,28.47896385192871,-44.52996063232422,18.17091178894043,54.316932678222659,53.05482482910156,34.29200744628906,55.563812255859378,40.12620544433594,-21.527189254760743,-54.55079650878906,-50.14813995361328,-41.268585205078128,58.020660400390628,-6.604448318481445,-30.150802612304689,-41.609230041503909,-25.74708366394043,-2.5564308166503908,11.000038146972657,17.88057518005371,8.589683532714844],"legSizes":[0.4015776216983795,0.18109217286109925,0.11330437660217285,0.408191978931427,0.22895905375480653,0.4302443861961365,0.3042202591896057,0.10743260383605957,0.42286625504493716,0.4914327561855316,0.46353068947792055,0.2859295606613159,0.4842516779899597,0.11281027644872666,0.3983115553855896,0.22775787115097047,0.4847080707550049,0.3408055901527405,0.1833232045173645,0.20426371693611146,0.3691636919975281,0.4302179217338562,0.4994874596595764,0.25974786281585696],"bodySizes":[1.8968238830566407,2.2856485843658449,1.8452428579330445],"springs":[],"dumpers":[],"name":13509,"generation":385,"distance":58.49033737182617,"reward":-67.8301773071289}]}