{"geneDatas":[{"angles":[14.091287612915039,-18.601964950561525,42.435997009277347,-34.02770233154297,-12.488731384277344,-25.31395149230957,-56.788055419921878,42.46562194824219,-14.712173461914063,-56.52436065673828,-43.830345153808597,-57.0689697265625,-43.01655578613281,-4.436882019042969,-59.33052062988281,-30.259864807128908,29.12844467163086,41.76338195800781,-4.766412734985352,23.260831832885743,33.64965057373047,10.828592300415039,-26.70280647277832,-33.44061279296875,42.869140625,-23.032058715820314,-21.108375549316408,-59.83666229248047,-49.9346923828125,49.02149963378906,-6.714197158813477,56.974281311035159,0.3624267578125,-19.380964279174806,-14.016775131225586,-28.56859588623047,13.505781173706055,-50.14662170410156,-41.225677490234378,26.038570404052736,-26.549171447753908,-55.002838134765628,47.65061950683594,12.073808670043946,-45.590545654296878,48.95112609863281,-20.955368041992189,-9.426963806152344,-23.073728561401368,-3.3071365356445314,-8.631196975708008,-31.870695114135743,-2.1879615783691408,50.70679473876953,-42.472503662109378,22.61615562438965,47.96580505371094,-44.29339599609375,-42.81426239013672,-59.46654510498047,59.17164611816406,-34.707069396972659,-59.72504425048828,-59.46551513671875,48.015045166015628,1.2151679992675782,37.99009323120117,-10.886886596679688,-53.796531677246097,-11.9072265625,-54.500755310058597,-23.970016479492189,-36.436683654785159,-43.59821319580078,-56.47654724121094,46.769813537597659,49.866729736328128,-0.14139938354492188,-56.56037902832031,12.365104675292969],"legSizes":[0.1167261153459549,0.22181245684623719,0.494659423828125,0.24561965465545655,0.3537963330745697,0.11009407043457031,0.3848518431186676,0.29832199215888979,0.35637813806533816,0.22052276134490968,0.44349318742752077,0.18856611847877503,0.4952884316444397,0.15578627586364747,0.10318761318922043,0.46855655312538149,0.3073413670063019,0.11736565083265305,0.2599406838417053,0.22833970189094544,0.29600790143013,0.35239920020103457,0.2214450240135193,0.12338095158338547],"bodySizes":[1.8157302141189576,2.1340086460113527,2.0646307468414308],"springs":[],"dumpers":[],"name":8506,"generation":244,"distance":33.67782974243164,"reward":-33.67782974243164},{"angles":[14.091287612915039,-51.948097229003909,42.435997009277347,-34.02770233154297,35.97734832763672,51.52456283569336,-56.788055419921878,17.77606201171875,-14.712173461914063,-56.52436065673828,-23.59916877746582,-57.0689697265625,-43.01655578613281,-4.436882019042969,-59.33052062988281,-30.259864807128908,34.31504821777344,41.76338195800781,-4.766412734985352,23.260831832885743,-25.855758666992189,10.828592300415039,-26.70280647277832,-33.44061279296875,42.869140625,18.849332809448243,-21.108375549316408,-59.83666229248047,-47.539947509765628,-36.895538330078128,-6.714197158813477,56.974281311035159,11.923248291015625,55.517723083496097,-14.016775131225586,-28.56859588623047,42.453392028808597,-50.14662170410156,-41.594757080078128,-34.93891143798828,-18.461959838867189,53.48783874511719,-17.894073486328126,-10.710075378417969,-54.72950744628906,-27.268043518066408,-21.43212890625,-23.26317024230957,-34.419639587402347,-36.9261474609375,36.03594207763672,51.822593688964847,0.3178672790527344,28.061996459960939,47.224632263183597,-48.463966369628909,47.96580505371094,-43.425018310546878,7.48797607421875,0.9068222045898438,59.17164611816406,-58.40486145019531,-43.01374816894531,30.230880737304689,36.81891632080078,15.253570556640625,-49.13921356201172,-7.5312347412109379,-53.796531677246097,43.673927307128909,-19.76136589050293,20.549795150756837,53.469329833984378,-44.903526306152347,-48.39781188964844,-33.979827880859378,41.71763610839844,41.33016586303711,8.240211486816407,-2.3459320068359377],"legSizes":[0.1167261153459549,0.3696959912776947,0.494659423828125,0.24561965465545655,0.3537963330745697,0.11009407043457031,0.3848518431186676,0.29832199215888979,0.20811918377876283,0.12181883305311203,0.44349318742752077,0.34555724263191225,0.4952884316444397,0.3650274872779846,0.10318761318922043,0.12453832477331162,0.3073413670063019,0.3462879955768585,0.4670235514640808,0.1288863718509674,0.15465879440307618,0.22962148487567902,0.32359597086906435,0.24630367755889893],"bodySizes":[1.763649582862854,2.1786088943481447,2.0820844173431398],"springs":[],"dumpers":[],"name":8506,"generation":244,"distance":33.67782974243164,"reward":-67.08747100830078},{"angles":[-36.771995544433597,59.15950012207031,-7.633947372436523,-34.02770233154297,-5.926958084106445,-25.31395149230957,16.40035629272461,17.77606201171875,-3.9335708618164064,-0.1100006103515625,26.66450309753418,-29.570884704589845,-53.51847839355469,-4.436882019042969,-59.33052062988281,42.97815704345703,27.373279571533204,41.76338195800781,-4.766412734985352,23.260831832885743,-25.855758666992189,-58.690940856933597,42.91657257080078,-33.44061279296875,-15.932243347167969,11.044097900390625,-50.8602294921875,-59.83666229248047,-47.539947509765628,13.864883422851563,-6.714197158813477,56.974281311035159,11.923248291015625,55.517723083496097,-14.016775131225586,-28.56859588623047,42.453392028808597,-50.14662170410156,-41.594757080078128,-34.93891143798828,-18.461959838867189,-55.002838134765628,-17.894073486328126,-13.040021896362305,-54.72950744628906,-27.268043518066408,-21.43212890625,-23.26317024230957,47.31416320800781,-36.9261474609375,-4.225194931030273,42.57252502441406,0.3178672790527344,28.061996459960939,47.224632263183597,-48.463966369628909,47.96580505371094,-44.29339599609375,7.48797607421875,0.9068222045898438,59.17164611816406,-58.40486145019531,-43.01374816894531,30.230880737304689,36.81891632080078,15.253570556640625,-49.13921356201172,21.075408935546876,-53.796531677246097,43.673927307128909,-19.76136589050293,20.549795150756837,53.469329833984378,-44.903526306152347,-48.39781188964844,-46.84331512451172,41.71763610839844,41.33016586303711,-56.56037902832031,-2.3459320068359377],"legSizes":[0.4655647277832031,0.2401382327079773,0.494659423828125,0.16752099990844727,0.37165307998657229,0.41975054144859316,0.46186739206314089,0.32605797052383425,0.20811918377876283,0.2868853211402893,0.44349318742752077,0.34555724263191225,0.4952884316444397,0.3650274872779846,0.10318761318922043,0.12453832477331162,0.3073413670063019,0.11736565083265305,0.4670235514640808,0.1288863718509674,0.15465879440307618,0.22962148487567902,0.32359597086906435,0.12338095158338547],"bodySizes":[1.7335450649261475,2.1688473224639894,2.1277759075164797],"springs":[],"dumpers":[],"name":8506,"generation":244,"distance":33.67782974243164,"reward":-72.56106567382813}]}