{"geneDatas":[{"angles":[-7.624792098999023,50.61913299560547,-7.633947372436523,-50.894508361816409,37.58233642578125,37.04389572143555,20.19232749938965,-15.30708122253418,47.72578430175781,-47.791053771972659,-54.07403564453125,-22.52967643737793,-56.380531311035159,-2.66473388671875,-59.33052062988281,33.45754623413086,9.190887451171875,-30.243728637695314,46.34426498413086,19.69001579284668,-28.561798095703126,-56.260986328125,-4.576757431030273,2.8783111572265627,4.540151596069336,-17.7690486907959,-43.261558532714847,-11.019309997558594,-57.465049743652347,1.7536277770996094,-34.931129455566409,20.67379379272461,49.857887268066409,6.5818634033203129,19.09058952331543,-15.334846496582032,42.453392028808597,-50.14662170410156,35.082679748535159,8.692481994628907,47.838706970214847,23.704647064208986,43.92291259765625,50.19347381591797,-54.72950744628906,31.755979537963868,30.38666534423828,20.400894165039064,9.010627746582032,-58.98313903808594,36.44230651855469,-7.199226379394531,-8.723152160644532,48.017608642578128,47.224632263183597,36.75554656982422,-14.777692794799805,-33.41099548339844,-21.020973205566408,42.12519836425781,-44.52996063232422,2.790149688720703,-36.0445556640625,36.47306442260742,-37.77079772949219,42.80364990234375,-0.7384223937988281,-16.543657302856447,-30.79964256286621,23.48068618774414,-8.513883590698243,26.661298751831056,-6.604448318481445,25.936460494995118,11.295267105102539,-6.269937515258789,24.208173751831056,-54.03180694580078,1.7362060546875,36.91205978393555],"legSizes":[0.17028088867664338,0.2361055612564087,0.15974220633506776,0.3682985305786133,0.31386810541152956,0.11009407043457031,0.339237242937088,0.29832199215888979,0.19004125893115998,0.14616699516773225,0.4123987555503845,0.4313895106315613,0.4952884316444397,0.2209227830171585,0.10318761318922043,0.44613662362098696,0.12608900666236878,0.23160918056964875,0.3210188150405884,0.20426371693611146,0.47528839111328127,0.21226686239242555,0.48277735710144045,0.22251951694488526],"bodySizes":[2.372408866882324,1.7812000513076783,1.8931621313095093],"springs":[],"dumpers":[],"name":11324,"generation":323,"distance":62.85636520385742,"reward":-70.65666198730469},{"angles":[0.34055328369140627,50.61913299560547,52.24293518066406,-50.894508361816409,-25.69598388671875,-33.301048278808597,20.19232749938965,-15.030721664428711,41.141693115234378,40.97657012939453,-57.88140106201172,-24.072555541992189,-56.380531311035159,31.963619232177736,-59.33052062988281,-51.51701354980469,9.190887451171875,-30.243728637695314,8.601600646972657,53.93165588378906,-28.561798095703126,-56.260986328125,-4.576757431030273,2.8783111572265627,4.540151596069336,-17.7690486907959,-43.261558532714847,-11.019309997558594,-54.19915008544922,1.7536277770996094,-34.931129455566409,20.67379379272461,49.857887268066409,6.5818634033203129,-5.284387588500977,-15.334846496582032,42.453392028808597,-50.14662170410156,35.082679748535159,13.780036926269532,51.157936096191409,23.704647064208986,43.92291259765625,50.19347381591797,-54.72950744628906,31.755979537963868,-28.052696228027345,12.597822189331055,9.010627746582032,-58.98313903808594,37.84440612792969,-7.199226379394531,-8.723152160644532,48.017608642578128,-1.3888626098632813,-48.463966369628909,-6.828168869018555,-10.537569046020508,-37.99036407470703,-6.732610702514648,-44.52996063232422,-58.40486145019531,-43.01374816894531,-1.4624748229980469,56.76838684082031,42.80364990234375,-40.958221435546878,-22.324827194213868,-53.796531677246097,54.95148468017578,51.90370178222656,-24.799697875976564,-29.42339515686035,-14.168922424316407,-57.67315673828125,3.3430824279785158,41.71763610839844,41.23523712158203,43.120452880859378,2.0743789672851564],"legSizes":[0.17028088867664338,0.1684017777442932,0.3258320689201355,0.32285574078559878,0.31386810541152956,0.11009407043457031,0.4246978163719177,0.15819039940834046,0.19004125893115998,0.35410261154174807,0.14116640388965608,0.17487859725952149,0.4952884316444397,0.4574221968650818,0.25188496708869936,0.26128700375556948,0.1893296241760254,0.11513634026050568,0.4870186746120453,0.22833970189094544,0.4653298258781433,0.4127322733402252,0.48214107751846316,0.1699579358100891],"bodySizes":[2.0690884590148927,2.0044164657592775,1.9289588928222657],"springs":[],"dumpers":[],"name":11324,"generation":323,"distance":62.85636520385742,"reward":-79.56484985351563},{"angles":[0.34055328369140627,50.61913299560547,52.24293518066406,-50.894508361816409,-25.69598388671875,-33.301048278808597,20.19232749938965,-15.030721664428711,41.141693115234378,-19.647851943969728,-57.88140106201172,-24.072555541992189,-56.380531311035159,31.963619232177736,-59.33052062988281,10.859390258789063,9.190887451171875,-30.243728637695314,8.601600646972657,53.93165588378906,-28.561798095703126,24.877349853515626,40.03938293457031,-11.348541259765625,4.540151596069336,-19.60260772705078,-56.71925354003906,45.486083984375,-47.539947509765628,1.7536277770996094,-5.347145080566406,20.67379379272461,49.857887268066409,-57.213775634765628,-34.60936737060547,-15.477483749389649,42.453392028808597,-50.14662170410156,-41.594757080078128,39.51509094238281,47.838706970214847,-21.649412155151368,-32.98329162597656,40.63984680175781,-54.72950744628906,-11.370841979980469,0.9156646728515625,47.66411209106445,47.31416320800781,-31.880537033081056,-42.81578063964844,17.836929321289064,12.07002067565918,20.348220825195314,47.224632263183597,-48.463966369628909,-54.946014404296878,26.47498893737793,-21.020973205566408,42.12519836425781,-44.52996063232422,-58.40486145019531,-43.01374816894531,36.47306442260742,-57.31797790527344,22.49481964111328,44.75251770019531,-22.324827194213868,-30.79964256286621,52.309181213378909,-8.513883590698243,26.661298751831056,-29.34122657775879,25.936460494995118,11.295267105102539,-6.269937515258789,-25.636489868164064,-54.03180694580078,1.7362060546875,-53.05230712890625],"legSizes":[0.17028088867664338,0.1684017777442932,0.3258320689201355,0.32285574078559878,0.31386810541152956,0.11009407043457031,0.4246978163719177,0.29832199215888979,0.19004125893115998,0.35410261154174807,0.14116640388965608,0.17487859725952149,0.4952884316444397,0.32498782873153689,0.19752246141433717,0.3754023611545563,0.21088173985481263,0.23160918056964875,0.3210188150405884,0.2694712281227112,0.47528839111328127,0.2515942454338074,0.484039843082428,0.22251951694488526],"bodySizes":[2.2027199268341066,1.8492214679718018,1.9640012979507447],"springs":[],"dumpers":[],"name":11324,"generation":323,"distance":62.85636520385742,"reward":-81.30860900878906}]}