{"geneDatas":[{"angles":[-47.245948791503909,-57.984169006347659,-10.132034301757813,4.754270553588867,-8.818824768066407,-23.158370971679689,-28.405532836914064,-1.464752197265625,-45.69287109375,25.1881160736084,44.549259185791019,-13.62158203125,-53.51847839355469,-16.599388122558595,-57.04417419433594,-26.39691925048828,-46.53074645996094,41.6612548828125,54.800880432128909,-7.514814376831055,-23.611343383789064,2.6302757263183595,59.62957000732422,51.613853454589847,36.106781005859378,-6.282371520996094,-2.784870147705078,-55.12694549560547,0.2814445495605469,44.153709411621097,36.60321044921875,-46.501922607421878,35.93956756591797,-54.21158218383789,-19.79460906982422,23.0148983001709,-14.507623672485352,54.73802185058594,-12.190841674804688,-40.56199645996094,-43.99098205566406,-57.9249267578125,71.35853576660156,54.225341796875,-54.72950744628906,49.910457611083987,-10.820795059204102,-5.496131896972656,35.410823822021487,44.205657958984378,-40.60942077636719,-74.78578186035156,-27.85359764099121,-37.52900695800781,-12.839920043945313,24.196170806884767,53.47383117675781,-8.726669311523438,8.027280807495118,-9.585966110229493,0.07821273803710938,-54.503761291503909,-15.496366500854493,11.084281921386719,-54.661903381347659,33.677330017089847,17.831296920776368,-31.93439483642578,25.048124313354493,10.650178909301758,32.399383544921878,43.76969909667969,37.25422286987305,0.4816741943359375,48.20207214355469,19.077199935913087,-27.92595100402832,3.8306007385253908,28.502483367919923,-16.659713745117189],"legSizes":[0.19158416986465455,0.3847481608390808,0.4179544448852539,0.17529845237731934,0.2679203152656555,0.23881328105926515,0.4388144612312317,0.24792730808258058,0.447424978017807,0.10809717327356339,0.492473840713501,0.25,0.4952884316444397,0.40254777669906618,0.47599005699157717,0.14664021134376527,0.4763222634792328,0.2505895495414734,0.19021758437156678,0.22833970189094544,0.3607562482357025,0.2154342532157898,0.44935378432273867,0.17812076210975648],"bodySizes":[1.9362987279891968,1.955300211906433,2.113022565841675],"springs":[],"dumpers":[],"name":3141,"generation":90,"distance":30.934720993041993,"reward":-30.934720993041993},{"angles":[-18.54100799560547,42.51246643066406,12.888971328735352,-55.41291046142578,42.295875549316409,-29.737594604492189,-49.972442626953128,-21.495758056640626,13.44586181640625,2.8045120239257814,44.549259185791019,-11.727052688598633,-29.624313354492189,57.178504943847659,-53.02429962158203,-14.970680236816407,-22.324270248413087,27.469093322753908,2.45257568359375,-19.52402687072754,-36.818817138671878,43.88075256347656,-47.24079895019531,-6.3220367431640629,-2.5741119384765627,33.98796463012695,-50.45903015136719,-44.776512145996097,36.27832794189453,44.153709411621097,-40.377845764160159,-46.501922607421878,35.93956756591797,-57.694732666015628,-20.13531494140625,-29.177993774414064,-14.507623672485352,-77.80598449707031,-11.420524597167969,-42.9169921875,-4.915473937988281,-57.9249267578125,71.35853576660156,54.225341796875,-54.72950744628906,49.910457611083987,19.765119552612306,-5.496131896972656,57.7796745300293,48.608123779296878,15.539745330810547,-74.78578186035156,-27.85359764099121,24.504003524780275,56.72777557373047,37.883544921875,-0.505035400390625,-18.08847999572754,-5.630615234375,-18.968101501464845,20.21436882019043,-44.99220275878906,-49.89347839355469,30.230880737304689,-12.136510848999024,15.450994491577149,-47.67350769042969,43.49150848388672,-48.71913146972656,10.650178909301758,-1.4865951538085938,31.93310546875,-36.70964050292969,-30.750144958496095,10.914596557617188,12.61924934387207,42.711570739746097,-18.603721618652345,-36.994384765625,-39.65068817138672],"legSizes":[0.492413192987442,0.373142808675766,0.34776031970977785,0.10706057399511337,0.10778374969959259,0.23881328105926515,0.3280845284461975,0.24999994039535523,0.44096413254737856,0.10809717327356339,0.3219584822654724,0.44411739706993105,0.4046655595302582,0.3189583122730255,0.47599005699157717,0.14664021134376527,0.4763222634792328,0.4394330382347107,0.273737370967865,0.22833970189094544,0.3607562482357025,0.12088265269994736,0.3453957438468933,0.25243040919303896],"bodySizes":[2.1715993881225588,1.786628007888794,2.0619404315948488],"springs":[],"dumpers":[],"name":3141,"generation":90,"distance":30.934720993041993,"reward":-42.265384674072269},{"angles":[58.42005920410156,-57.984169006347659,-10.132034301757813,4.754270553588867,-8.818824768066407,-23.158370971679689,-28.405532836914064,-4.0344085693359379,-45.69287109375,-26.590438842773439,44.549259185791019,-13.62158203125,-53.51847839355469,-9.888473510742188,-57.04417419433594,-26.39691925048828,-46.53074645996094,41.6612548828125,54.800880432128909,-7.514814376831055,-23.611343383789064,2.6302757263183595,59.62957000732422,51.613853454589847,36.106781005859378,-6.282371520996094,-2.784870147705078,-55.12694549560547,0.2814445495605469,44.153709411621097,36.60321044921875,-46.501922607421878,35.93956756591797,-54.21158218383789,-19.79460906982422,23.0148983001709,-14.507623672485352,54.73802185058594,-12.190841674804688,-40.56199645996094,-43.99098205566406,-57.9249267578125,71.35853576660156,54.225341796875,-54.72950744628906,49.910457611083987,-10.820795059204102,-5.496131896972656,35.410823822021487,44.205657958984378,-40.60942077636719,-74.78578186035156,-27.85359764099121,-37.52900695800781,-26.34470558166504,24.196170806884767,53.47383117675781,-2.9647560119628908,8.027280807495118,-9.585966110229493,0.07821273803710938,-54.503761291503909,-15.496366500854493,11.084281921386719,-54.661903381347659,33.677330017089847,17.831296920776368,-31.93439483642578,37.48307800292969,10.650178909301758,32.399383544921878,43.76969909667969,37.25422286987305,0.4816741943359375,48.20207214355469,19.077199935913087,-27.92595100402832,3.8306007385253908,28.502483367919923,-16.659713745117189],"legSizes":[0.19158416986465455,0.3847481608390808,0.4179544448852539,0.17529845237731934,0.45163244009017947,0.388267457485199,0.405622661113739,0.23215186595916749,0.2749394178390503,0.10809717327356339,0.43758171796798708,0.25,0.4952884316444397,0.3661351799964905,0.20150721073150636,0.13212919235229493,0.22930356860160829,0.2268466353416443,0.1111796423792839,0.22833970189094544,0.3607562482357025,0.2154342532157898,0.44935378432273867,0.17812076210975648],"bodySizes":[1.9362987279891968,1.955300211906433,2.113022565841675],"springs":[],"dumpers":[],"name":3141,"generation":90,"distance":30.934720993041993,"reward":-69.86438751220703}]}