{"geneDatas":[{"angles":[36.24237823486328,-18.601964950561525,-8.816421508789063,-7.014892578125,9.681922912597657,-18.08101463317871,15.476142883300782,-5.045936584472656,15.603315353393555,15.207723617553711,48.73961639404297,-37.431419372558597,18.685955047607423,34.02757263183594,-57.04417419433594,15.201169967651368,27.720420837402345,43.51032257080078,-15.087495803833008,-12.553888320922852,20.418746948242189,-55.321998596191409,-45.38025665283203,-15.767160415649414,-59.872413635253909,1.9743003845214844,53.479026794433597,-3.9454727172851564,-45.32405090332031,44.50000762939453,46.027549743652347,56.974281311035159,58.70484161376953,46.93194580078125,1.7800483703613282,15.703193664550782,38.722389221191409,-50.14662170410156,33.88840103149414,13.106681823730469,26.86539077758789,21.87642478942871,57.745697021484378,40.17924499511719,-54.72950744628906,-39.027687072753909,24.139564514160158,2.049243927001953,-51.06981658935547,56.62693786621094,15.539745330810547,52.690460205078128,55.456382751464847,-0.20022201538085938,-55.64250183105469,11.516611099243164,47.96580505371094,10.820724487304688,7.48797607421875,32.57414627075195,35.381996154785159,-58.40486145019531,-59.72504425048828,30.230880737304689,-12.136510848999024,15.450994491577149,-47.67350769042969,-6.350248336791992,-48.71913146972656,43.673927307128909,-32.84175109863281,55.40619659423828,-35.83854675292969,-57.8746337890625,16.20381736755371,36.34996795654297,54.82635498046875,-0.14139938354492188,-32.67847442626953,31.753461837768556],"legSizes":[0.4165746569633484,0.25768426060676577,0.30106133222579958,0.4213353097438812,0.20781487226486207,0.46457043290138247,0.43936148285865786,0.2644292712211609,0.1631155014038086,0.40034112334251406,0.17831355333328248,0.42631417512893679,0.4952884316444397,0.44859376549720766,0.3055330514907837,0.2457558512687683,0.3119676411151886,0.449012815952301,0.1111796423792839,0.22833970189094544,0.49009475111961367,0.26302605867385867,0.45357584953308108,0.25243040919303896],"bodySizes":[1.703324794769287,2.3031742572784426,2.0392274856567385],"springs":[],"dumpers":[],"name":5855,"generation":167,"distance":56.82135772705078,"reward":-56.82135772705078},{"angles":[-3.717693328857422,-18.601964950561525,-8.816421508789063,-51.89982604980469,9.681922912597657,-23.158370971679689,-33.633399963378909,52.30463409423828,15.603315353393555,29.49034881591797,44.549259185791019,-37.431419372558597,-53.51847839355469,-12.846628189086914,-59.33052062988281,59.103309631347659,-37.77949523925781,-38.016197204589847,25.83795166015625,-30.730520248413087,20.418746948242189,-55.321998596191409,-45.38025665283203,33.874839782714847,-13.865341186523438,-23.40479278564453,-50.8602294921875,-3.9454727172851564,-45.32405090332031,44.50000762939453,8.446603775024414,56.974281311035159,58.70484161376953,46.93194580078125,1.7800483703613282,15.703193664550782,38.722389221191409,-50.14662170410156,33.88840103149414,5.864004135131836,26.86539077758789,21.87642478942871,9.529787063598633,-36.68805694580078,-54.72950744628906,52.146820068359378,24.139564514160158,25.2218017578125,-40.879852294921878,-37.44415283203125,15.539745330810547,52.690460205078128,2.3661155700683595,53.94099426269531,-25.40703582763672,31.29116439819336,47.96580505371094,-44.29339599609375,-33.64275360107422,32.57414627075195,-18.437828063964845,18.324691772460939,-59.72504425048828,-7.50953483581543,-12.136510848999024,15.450994491577149,-47.67350769042969,-35.13231658935547,17.66761589050293,-19.95831871032715,20.093076705932618,55.40619659423828,-35.83854675292969,-26.74437713623047,-2.8481407165527345,-35.283119201660159,54.82635498046875,38.04701232910156,-32.67847442626953,31.753461837768556],"legSizes":[0.4845524728298187,0.3761717677116394,0.4278286397457123,0.3898674547672272,0.1749560832977295,0.1822156459093094,0.3836337625980377,0.18069815635681153,0.40330633521080019,0.22669199109077454,0.4262174665927887,0.37122100591659548,0.4952884316444397,0.3641494810581207,0.19966134428977967,0.33552324771881106,0.2695205509662628,0.25738489627838137,0.1111796423792839,0.24145343899726869,0.4765227735042572,0.3997412621974945,0.48452717065811159,0.25243040919303896],"bodySizes":[1.6905193328857422,2.2444348335266115,2.108447551727295],"springs":[],"dumpers":[],"name":5855,"generation":167,"distance":56.82135772705078,"reward":-67.29428100585938},{"angles":[14.091287612915039,-18.601964950561525,-7.633947372436523,23.509153366088868,28.44092559814453,-23.158370971679689,15.476142883300782,52.30463409423828,-4.327789306640625,59.503814697265628,-40.700523376464847,-37.431419372558597,12.07501220703125,34.02757263183594,15.4915771484375,26.676748275756837,-5.633033752441406,-36.984947204589847,-15.087495803833008,-12.553888320922852,20.418746948242189,-55.321998596191409,-45.38025665283203,54.427040100097659,-59.872413635253909,1.9743003845214844,53.479026794433597,8.139547348022461,-45.32405090332031,28.877017974853517,-8.780158996582032,56.974281311035159,58.70484161376953,52.08894348144531,-56.40296173095703,-51.78168487548828,38.722389221191409,-50.14662170410156,-35.582916259765628,13.106681823730469,-18.028701782226564,27.934438705444337,57.745697021484378,36.73187255859375,-54.72950744628906,52.29521942138672,24.034481048583986,-17.873733520507814,-22.5615177154541,22.381710052490236,34.11417770385742,32.525794982910159,-50.83903503417969,43.080528259277347,56.36531066894531,11.516611099243164,17.266429901123048,-44.29339599609375,7.48797607421875,32.57414627075195,-18.437828063964845,-58.40486145019531,-59.72504425048828,30.230880737304689,3.9593772888183595,15.450994491577149,38.7998046875,-6.350248336791992,-48.71913146972656,-47.886817932128909,-58.380271911621097,55.40619659423828,-35.83854675292969,-57.8746337890625,-13.375932693481446,11.263282775878907,46.64288330078125,-0.14139938354492188,-32.67847442626953,31.753461837768556],"legSizes":[0.16604956984519959,0.48693427443504336,0.36986857652664187,0.2909809947013855,0.2950880229473114,0.49811166524887087,0.3836337625980377,0.18411120772361756,0.47363096475601199,0.15758295357227326,0.4574241042137146,0.42631417512893679,0.4952884316444397,0.3801889419555664,0.19966134428977967,0.33552324771881106,0.2695205509662628,0.449012815952301,0.1111796423792839,0.22833970189094544,0.49009475111961367,0.26302605867385867,0.45357584953308108,0.25243040919303896],"bodySizes":[1.6970672607421876,2.240100622177124,2.1043760776519777],"springs":[],"dumpers":[],"name":5855,"generation":167,"distance":56.82135772705078,"reward":-80.25567626953125}]}