{"geneDatas":[{"angles":[37.9698486328125,43.664817810058597,-38.40351104736328,4.930150985717773,-12.002357482910157,47.683624267578128,29.595779418945314,-31.212675094604493,-24.95038604736328,-2.5944976806640627,-38.64656066894531,81.13435363769531,35.590965270996097,-10.873123168945313,-71.11329650878906,75.02706909179688,31.95586395263672,63.197967529296878,31.72565269470215,-55.19752502441406,-1.3575057983398438,22.660017013549806,24.84389305114746,-35.04261779785156,-44.27305603027344,-24.424560546875,-35.64515686035156,46.064971923828128,-74.4801025390625,-49.883636474609378,42.56791687011719,-27.63007926940918,13.140914916992188,-43.02412414550781,56.215110778808597,-38.429779052734378,54.64812469482422,-25.772615432739259,23.400632858276368,-1.988494873046875,52.71954345703125,-47.25989532470703,-31.88105010986328,58.0384521484375,-5.624692916870117,-48.73381042480469,-76.20549011230469,-58.36735534667969,70.74267578125,-33.86254119873047,-36.870361328125,55.491912841796878,16.827505111694337,-5.2673797607421879,59.28260803222656,-50.159698486328128,55.82884979248047,-8.902679443359375,39.63445281982422,-40.466278076171878,21.512313842773439,-6.256599426269531,28.129432678222658,47.835784912109378,-47.06153869628906,-86.27020263671875,-42.29193115234375,85.14393615722656,-44.53907775878906,-76.97650146484375,27.19434928894043,5.274360656738281,-26.992599487304689,-43.68391418457031,48.27043151855469,1.036285400390625,-11.938545227050782,0.07209014892578125,-38.392425537109378,10.147811889648438],"legSizes":[0.17506560683250428,0.3722173571586609,0.1384938657283783,0.4847840368747711,0.30780893564224245,0.1924155354499817,0.48637789487838747,0.18407145142555238,0.4378216862678528,0.25,0.15201082825660706,0.27567464113235476,0.41095414757728579,0.24999994039535523,0.32963597774505618,0.1488177329301834,0.25,0.14263802766799928,0.24999994039535523,0.12353663891553879,0.13455577194690705,0.272858202457428,0.21252843737602235,0.10917706787586212],"bodySizes":[2.0595993995666506,2.050340175628662,1.8944419622421265],"springs":[],"dumpers":[],"name":851,"generation":24,"distance":36.187442779541019,"reward":-36.187442779541019},{"angles":[-45.147789001464847,8.272796630859375,18.70702362060547,-32.600128173828128,48.710304260253909,-66.4794921875,41.79045867919922,-57.667266845703128,31.70857810974121,-50.93663024902344,-38.64656066894531,81.13435363769531,35.590965270996097,28.693252563476564,-71.11329650878906,75.02706909179688,71.41230773925781,63.197967529296878,31.72565269470215,-55.19752502441406,-16.067428588867189,-57.24790954589844,-5.487297058105469,-35.04261779785156,-44.27305603027344,81.32740783691406,-11.407379150390625,-32.63395690917969,-74.4801025390625,-49.883636474609378,42.56791687011719,-55.243080139160159,13.140914916992188,-43.02412414550781,29.819324493408204,53.65696716308594,0.5687637329101563,-25.21399688720703,21.414525985717775,-1.1047210693359376,21.389862060546876,-59.80638122558594,-40.190895080566409,58.0384521484375,-5.624692916870117,-48.73381042480469,-76.20549011230469,-58.36735534667969,70.74267578125,25.824119567871095,-36.870361328125,55.491912841796878,-9.923364639282227,7.236177444458008,13.991353988647461,-50.159698486328128,55.82884979248047,28.938457489013673,39.63445281982422,-40.466278076171878,21.512313842773439,-6.256599426269531,28.129432678222658,47.835784912109378,-47.06153869628906,-86.27020263671875,-42.29193115234375,85.14393615722656,-60.16497802734375,-76.97650146484375,27.19434928894043,-13.720243453979493,-37.39203643798828,-4.946771621704102,48.27043151855469,1.036285400390625,-11.938545227050782,0.07209014892578125,47.17949676513672,10.175134658813477],"legSizes":[0.48833268880844118,0.3722173571586609,0.31222227215766909,0.12041087448596955,0.25,0.127934992313385,0.37969985604286196,0.24999994039535523,0.4378216862678528,0.25,0.15201082825660706,0.27567464113235476,0.24999994039535523,0.24999994039535523,0.46062254905700686,0.21046455204486848,0.25,0.14263802766799928,0.24999994039535523,0.12353663891553879,0.14821191132068635,0.25,0.21252843737602235,0.4745674729347229],"bodySizes":[2.0595993995666506,2.050340175628662,1.8944419622421265],"springs":[],"dumpers":[],"name":851,"generation":24,"distance":36.187442779541019,"reward":-54.012115478515628},{"angles":[58.23030090332031,43.664817810058597,-38.40351104736328,-38.028785705566409,48.710304260253909,47.683624267578128,29.595779418945314,-31.212675094604493,-24.95038604736328,-50.93663024902344,-38.64656066894531,81.13435363769531,35.590965270996097,-10.873123168945313,-71.11329650878906,75.02706909179688,36.74666213989258,63.197967529296878,31.72565269470215,-55.19752502441406,-16.067428588867189,22.660017013549806,-5.487297058105469,-35.04261779785156,-46.95013427734375,-24.424560546875,-11.407379150390625,20.629148483276368,-74.4801025390625,-49.883636474609378,49.72492218017578,51.15296936035156,13.140914916992188,-43.02412414550781,29.819324493408204,53.65696716308594,0.5687637329101563,-25.21399688720703,-4.185270309448242,-1.988494873046875,52.71954345703125,-47.25989532470703,-31.88105010986328,58.0384521484375,-5.624692916870117,-48.73381042480469,-76.20549011230469,-58.36735534667969,70.74267578125,25.824119567871095,-36.870361328125,55.491912841796878,-9.923364639282227,-5.2673797607421879,59.28260803222656,-50.159698486328128,55.82884979248047,-8.902679443359375,39.63445281982422,-40.466278076171878,21.512313842773439,-6.256599426269531,28.129432678222658,47.835784912109378,-47.06153869628906,-86.27020263671875,-42.29193115234375,85.14393615722656,-44.53907775878906,-76.97650146484375,27.19434928894043,-13.720243453979493,-37.39203643798828,-43.68391418457031,48.27043151855469,1.036285400390625,-11.938545227050782,0.07209014892578125,-38.392425537109378,10.147811889648438],"legSizes":[0.48833268880844118,0.3722173571586609,0.31222227215766909,0.3947072923183441,0.25,0.127934992313385,0.27142736315727236,0.24999994039535523,0.4378216862678528,0.25,0.15201082825660706,0.27567464113235476,0.24999994039535523,0.24999994039535523,0.46062254905700686,0.31555134057998659,0.25,0.25,0.24999994039535523,0.12353663891553879,0.14821191132068635,0.25,0.21252843737602235,0.10917706787586212],"bodySizes":[2.0595993995666506,2.050340175628662,1.8944419622421265],"springs":[],"dumpers":[],"name":851,"generation":24,"distance":36.187442779541019,"reward":-68.55036926269531}]}