{"geneDatas":[{"angles":[58.23030090332031,8.272796630859375,18.70702362060547,-32.600128173828128,48.710304260253909,-66.4794921875,-71.89527893066406,-54.11585998535156,31.70857810974121,-50.93663024902344,-38.64656066894531,81.13435363769531,35.590965270996097,-10.873123168945313,-71.11329650878906,75.02706909179688,71.41230773925781,63.197967529296878,86.28407287597656,-55.19752502441406,-16.067428588867189,-10.882352828979493,-5.487297058105469,-35.04261779785156,-44.27305603027344,81.32740783691406,-11.407379150390625,-33.37567901611328,-74.4801025390625,-49.883636474609378,56.48704528808594,-37.06695556640625,13.140914916992188,-43.02412414550781,-13.6334228515625,53.65696716308594,52.72306442260742,-25.21399688720703,21.414525985717775,-1.988494873046875,52.71954345703125,-59.80638122558594,78.95648193359375,-44.7139778137207,11.784387588500977,-48.73381042480469,-76.20549011230469,-58.36735534667969,70.74267578125,-49.740875244140628,-36.870361328125,55.491912841796878,-9.923364639282227,74.93663024902344,59.28260803222656,-50.159698486328128,55.82884979248047,28.938457489013673,39.63445281982422,-40.466278076171878,21.512313842773439,-6.256599426269531,-21.404319763183595,47.835784912109378,-38.23533630371094,-86.27020263671875,-60.08708190917969,85.14393615722656,-60.16497802734375,-76.97650146484375,57.3486328125,-70.87910461425781,-37.39203643798828,78.65455627441406,54.414939880371097,1.036285400390625,-11.938545227050782,0.07209014892578125,-38.392425537109378,10.175134658813477],"legSizes":[0.48833268880844118,0.24999994039535523,0.25,0.25,0.25,0.127934992313385,0.24999994039535523,0.24999994039535523,0.25,0.25,0.25,0.27567464113235476,0.24999994039535523,0.24999994039535523,0.46062254905700686,0.25,0.25,0.25,0.24999994039535523,0.12353663891553879,0.25,0.25,0.21252843737602235,0.4745674729347229],"bodySizes":[2.053421974182129,2.053421974182129,1.897289514541626],"springs":[],"dumpers":[],"name":168,"generation":8,"distance":81.23501586914063,"reward":-81.23501586914063},{"angles":[-46.92924118041992,-52.20394515991211,-57.5672607421875,87.16314697265625,5.6314239501953129,-11.338600158691407,39.79621124267578,40.05101776123047,42.34886169433594,80.44204711914063,32.5770378112793,63.16178894042969,-17.239601135253908,-35.95167541503906,-76.7034912109375,14.191640853881836,11.941215515136719,-19.778717041015626,86.28407287597656,-46.70265197753906,-16.067428588867189,-10.882352828979493,-5.487297058105469,-35.04261779785156,18.07814598083496,81.32740783691406,-11.407379150390625,-33.37567901611328,-74.4801025390625,51.09672546386719,56.48704528808594,-37.06695556640625,13.140914916992188,-53.202796936035159,-13.6334228515625,53.65696716308594,52.72306442260742,-25.21399688720703,-23.900907516479493,-1.988494873046875,-46.261993408203128,-59.80638122558594,78.95648193359375,-26.07464027404785,11.784387588500977,-48.73381042480469,50.498756408691409,-58.36735534667969,70.74267578125,-49.740875244140628,-36.870361328125,55.491912841796878,-9.923364639282227,74.93663024902344,-49.139129638671878,-50.159698486328128,51.86341857910156,-35.453826904296878,39.63445281982422,-40.466278076171878,7.752349853515625,41.25165939331055,-21.623777389526368,-8.466026306152344,60.44561767578125,54.97718811035156,-67.37480163574219,-57.73774719238281,-14.508054733276368,56.24565124511719,33.54080581665039,-32.210968017578128,-26.33984375,31.129093170166017,6.352449417114258,-1.4621200561523438,41.20149230957031,7.4224090576171879,-44.31134033203125,-16.005170822143556],"legSizes":[0.3908965587615967,0.24999994039535523,0.25,0.17409998178482057,0.12870994210243226,0.127934992313385,0.17772693932056428,0.24999994039535523,0.25,0.25,0.25,0.11283979564905167,0.3640757203102112,0.24999994039535523,0.3231048285961151,0.25,0.14910908043384553,0.26604411005973818,0.31451863050460818,0.24999994039535523,0.2431335151195526,0.4256522059440613,0.25,0.25],"bodySizes":[2.0031933784484865,2.030749559402466,1.9665759801864625],"springs":[],"dumpers":[],"name":168,"generation":8,"distance":81.23501586914063,"reward":-114.7662353515625},{"angles":[-33.423011779785159,-8.356056213378907,-32.9466552734375,49.21232604980469,20.057594299316408,23.482757568359376,-25.213973999023439,40.11769104003906,26.607898712158204,-7.988426208496094,-28.46502685546875,31.161916732788087,-4.7846832275390629,8.385480880737305,-22.960769653320314,-35.34825134277344,71.41230773925781,63.197967529296878,-1.4589004516601563,-55.19752502441406,-27.770896911621095,-10.882352828979493,-5.487297058105469,-54.19591522216797,-57.57063293457031,81.32740783691406,-11.407379150390625,-33.37567901611328,-74.4801025390625,-49.883636474609378,57.65662384033203,-57.02105712890625,13.140914916992188,-43.02412414550781,-13.6334228515625,53.65696716308594,-36.08708190917969,-25.21399688720703,21.414525985717775,1.7317543029785157,52.71954345703125,-59.80638122558594,78.95648193359375,-44.7139778137207,11.784387588500977,-48.73381042480469,41.80818176269531,-58.36735534667969,70.74267578125,-49.740875244140628,-36.870361328125,55.491912841796878,-9.923364639282227,74.93663024902344,59.28260803222656,-50.159698486328128,55.82884979248047,59.420814514160159,39.63445281982422,-40.466278076171878,-31.984819412231447,-6.256599426269531,-21.404319763183595,47.835784912109378,-3.0394134521484377,-86.27020263671875,52.352745056152347,85.14393615722656,-60.16497802734375,-76.97650146484375,57.3486328125,-70.87910461425781,-37.39203643798828,78.65455627441406,54.414939880371097,1.036285400390625,-6.472984313964844,-12.836585998535157,-38.392425537109378,19.333030700683595],"legSizes":[0.24999994039535523,0.24999994039535523,0.25,0.25,0.29643747210502627,0.3986757695674896,0.24999994039535523,0.24999994039535523,0.38022392988204958,0.25,0.25,0.25,0.24999994039535523,0.24999994039535523,0.46062254905700686,0.25,0.4186127781867981,0.25,0.24999994039535523,0.12353663891553879,0.25,0.3477069139480591,0.21252843737602235,0.4745674729347229],"bodySizes":[2.053421974182129,2.053421974182129,1.8972896337509156],"springs":[],"dumpers":[],"name":168,"generation":8,"distance":81.23501586914063,"reward":-118.31491088867188}]}