{"geneDatas":[{"angles":[24.700626373291017,39.52171325683594,-55.371910095214847,30.440223693847658,-45.38117218017578,-40.14862060546875,-80.21884155273438,38.24363708496094,22.64955711364746,36.05827331542969,35.79308319091797,59.74482727050781,3.1843833923339845,-33.57691955566406,-34.90294647216797,-8.37762451171875,-41.827842712402347,-30.409439086914064,0.6025962829589844,-30.02546501159668,0.2613029479980469,41.89171600341797,-83.83613586425781,-35.89300537109375,-1.6123237609863282,22.46916961669922,-52.78119659423828,-13.880617141723633,9.083456039428711,-5.455549240112305,15.107114791870118,9.481023788452149,52.47190475463867,10.825775146484375,55.50463104248047,30.806020736694337,-1.528106689453125,9.945350646972657,59.65342712402344,29.961257934570314,-32.12419128417969,-9.293569564819336,52.437156677246097,-29.143714904785158,15.801984786987305,-38.979164123535159,-53.88898468017578,80.18217468261719,58.87990951538086,16.42591667175293,83.40028381347656,-39.43901824951172,11.822153091430664,-54.52076721191406,41.068809509277347,33.29688262939453,-8.42963981628418,35.54356002807617,11.18461799621582,46.71057891845703,15.945280075073243,41.066749572753909,-26.841064453125,59.788124084472659,-23.57549285888672,41.56929016113281,28.824689865112306,-10.526212692260743,32.45887756347656,-57.7685546875,0.21735763549804688,-40.07818603515625,-57.193565368652347,58.918121337890628,-33.298004150390628,40.67363739013672,28.97765350341797,-31.44457244873047,3.835521697998047,26.704587936401368],"legSizes":[0.3351444900035858,0.4239543080329895,0.12522292137145997,0.4160967767238617,0.26544100046157839,0.1836315095424652,0.49821358919143679,0.24999994039535523,0.4988225996494293,0.2637409567832947,0.21775606274604798,0.15679702162742616,0.41137009859085085,0.4947025775909424,0.3526250720024109,0.22736108303070069,0.16092076897621156,0.4813361167907715,0.16647572815418244,0.18181905150413514,0.33994153141975405,0.39691072702407839,0.23773610591888429,0.2458983212709427],"bodySizes":[1.7035536766052247,2.4163498878479006,1.9434542655944825],"springs":[],"dumpers":[],"name":2046,"generation":58,"distance":85.53121948242188,"reward":-85.53121948242188},{"angles":[-46.242584228515628,39.52171325683594,-55.371910095214847,23.7012996673584,-45.38117218017578,29.336685180664064,-80.21884155273438,38.24363708496094,22.64955711364746,-28.6343994140625,-5.299652099609375,52.70769500732422,-28.511314392089845,-33.57691955566406,-34.90294647216797,-8.37762451171875,-41.827842712402347,-30.409439086914064,-31.100723266601564,-30.02546501159668,-18.400390625,35.51531982421875,-83.83613586425781,-35.89300537109375,-1.6123237609863282,-17.670501708984376,-52.78119659423828,1.60845947265625,9.083456039428711,-5.455549240112305,15.107114791870118,-14.18763542175293,52.47190475463867,10.825775146484375,55.50463104248047,30.806020736694337,-1.528106689453125,9.945350646972657,59.65342712402344,29.961257934570314,-32.12419128417969,-17.020591735839845,32.917884826660159,-11.880546569824219,41.33076477050781,-38.979164123535159,-53.88898468017578,28.099477767944337,58.87990951538086,16.42591667175293,-30.47002410888672,28.494842529296876,47.891204833984378,-54.52076721191406,20.263221740722658,33.29688262939453,-8.42963981628418,15.170270919799805,11.18461799621582,46.71057891845703,15.945280075073243,41.066749572753909,-56.50468444824219,59.788124084472659,-23.57549285888672,41.56929016113281,-52.77936553955078,-10.526212692260743,-39.04098129272461,-57.7685546875,0.21735763549804688,-54.43949890136719,-57.193565368652347,-39.322959899902347,44.09550094604492,-26.991127014160158,31.05522918701172,-6.561347961425781,-1.0463829040527344,-5.233663558959961],"legSizes":[0.45714983344078066,0.4239543080329895,0.12522292137145997,0.25,0.26544100046157839,0.1836315095424652,0.49821358919143679,0.24999994039535523,0.15047842264175416,0.4083999693393707,0.36466819047927859,0.15679702162742616,0.41137009859085085,0.4734669327735901,0.17338687181472779,0.3563050329685211,0.30135709047317507,0.4254074692726135,0.2599574327468872,0.18181905150413514,0.31346985697746279,0.39691072702407839,0.29402363300323489,0.33838531374931338],"bodySizes":[1.8592239618301392,2.4352028369903566,1.7669456005096436],"springs":[],"dumpers":[],"name":2046,"generation":58,"distance":85.53121948242188,"reward":-85.71390533447266},{"angles":[-46.242584228515628,39.52171325683594,-55.371910095214847,30.440223693847658,-45.38117218017578,-40.14862060546875,-80.21884155273438,-46.122955322265628,22.64955711364746,-28.6343994140625,35.79308319091797,-27.16865348815918,-28.511314392089845,-33.57691955566406,-34.90294647216797,-8.37762451171875,-41.827842712402347,-30.409439086914064,2.540966033935547,-30.02546501159668,-18.400390625,41.89171600341797,-83.83613586425781,-35.89300537109375,11.842697143554688,-17.670501708984376,-52.78119659423828,1.60845947265625,45.12498474121094,-5.455549240112305,15.107114791870118,9.481023788452149,52.47190475463867,10.825775146484375,55.50463104248047,-21.425336837768556,-1.528106689453125,9.945350646972657,59.65342712402344,29.961257934570314,-44.726776123046878,-17.020591735839845,15.818593978881836,-29.143714904785158,41.33076477050781,-38.979164123535159,-53.88898468017578,80.18217468261719,58.87990951538086,16.42591667175293,83.40028381347656,-0.23672866821289063,6.205163955688477,-54.52076721191406,-21.661325454711915,25.021987915039064,47.969696044921878,15.170270919799805,11.18461799621582,37.53662109375,15.945280075073243,41.066749572753909,-26.841064453125,59.788124084472659,-23.57549285888672,41.56929016113281,36.467742919921878,-10.526212692260743,-39.04098129272461,-57.7685546875,-45.195106506347659,35.208919525146487,-17.020490646362306,-39.322959899902347,44.09550094604492,-37.3551025390625,36.61192321777344,-6.561347961425781,3.835521697998047,26.704587936401368],"legSizes":[0.45714983344078066,0.4239543080329895,0.12522292137145997,0.25,0.26544100046157839,0.18074527382850648,0.49821358919143679,0.24999994039535523,0.15047842264175416,0.3997742235660553,0.36466819047927859,0.15679702162742616,0.41137009859085085,0.4947025775909424,0.2584441900253296,0.25,0.3916392922401428,0.42506569623947146,0.2599574327468872,0.18181905150413514,0.31346985697746279,0.39691072702407839,0.23773610591888429,0.3909873366355896],"bodySizes":[1.9581406116485596,2.0381529331207277,2.0045151710510256],"springs":[],"dumpers":[],"name":2046,"generation":58,"distance":85.53121948242188,"reward":-87.30619812011719}]}