{"geneDatas":[{"angles":[13.795761108398438,77.15007019042969,57.586029052734378,11.140769958496094,86.27963256835938,3.9857826232910158,-43.33143615722656,-37.43499755859375,46.302608489990237,-8.315469741821289,-57.38200378417969,2.1139755249023439,6.03394889831543,11.042884826660157,-11.163190841674805,42.44554901123047,-19.439056396484376,-85.47975158691406,-30.064729690551759,72.23384094238281,-18.400390625,4.1443023681640629,46.865814208984378,47.495025634765628,1.3803215026855469,6.2274169921875,21.28705406188965,34.57384490966797,-23.243858337402345,35.93185806274414,27.472097396850587,-5.299936294555664,-29.6696720123291,-6.942708969116211,-34.597694396972659,21.008161544799806,-56.77922058105469,-39.94383239746094,-12.368110656738282,21.230205535888673,-0.7026443481445313,-21.56342315673828,-61.55792236328125,51.96858215332031,-12.947494506835938,-22.948301315307618,-53.88898468017578,80.18217468261719,-8.850852966308594,16.42591667175293,83.40028381347656,-18.522199630737306,-27.397659301757814,88.32595825195313,-18.97847557067871,33.449764251708987,14.808464050292969,-26.60939598083496,-75.93057250976563,34.28633117675781,-48.54744338989258,8.504310607910157,-6.459451675415039,59.05430603027344,-23.57549285888672,-4.21337890625,-2.4431076049804689,-5.469423294067383,-39.04098129272461,-34.178367614746097,57.535247802734378,-36.96189880371094,-32.12229919433594,-39.322959899902347,45.79356384277344,48.766090393066409,-39.77504348754883,-23.318330764770509,22.209518432617189,-24.070093154907228],"legSizes":[0.42305058240890505,0.25119608640670779,0.3323553204536438,0.25,0.3698269724845886,0.17765088379383088,0.1471148133277893,0.24999994039535523,0.34445735812187197,0.45647740364074709,0.25,0.15679702162742616,0.15399260818958283,0.24999994039535523,0.1964680701494217,0.41705459356307986,0.39449676871299746,0.25,0.1735949069261551,0.10589995235204697,0.47217121720314028,0.4049973487854004,0.25,0.38697218894958498],"bodySizes":[2.0475540161132814,2.934210777282715,1.3315677642822266],"springs":[],"dumpers":[],"name":591,"generation":16,"distance":55.81891632080078,"reward":-55.81891632080078},{"angles":[0.7051925659179688,-25.79016876220703,-55.371910095214847,11.140769958496094,34.30655288696289,-40.14862060546875,-80.21884155273438,45.45948791503906,43.364173889160159,-27.170982360839845,34.08323669433594,5.3852691650390629,-42.67402267456055,-38.216583251953128,26.55219268798828,2.5407371520996095,-52.17627716064453,45.942604064941409,-30.064729690551759,72.23384094238281,-18.400390625,41.89171600341797,-83.83613586425781,-35.89300537109375,-8.883712768554688,6.2274169921875,11.453857421875,33.78740692138672,-37.69856262207031,37.19687271118164,-45.899574279785159,16.01917266845703,52.47190475463867,-6.942708969116211,28.228622436523439,-71.08973693847656,-58.4705810546875,9.945350646972657,-51.130523681640628,-6.729148864746094,-31.665130615234376,-42.183380126953128,16.628721237182618,-1.1187400817871094,-78.53849792480469,38.64308166503906,4.204153060913086,80.18217468261719,74.53321838378906,-41.91107177734375,83.40028381347656,-12.14326286315918,50.06041717529297,1.5264205932617188,27.36659812927246,-67.75531005859375,14.808464050292969,-89.10198974609375,-58.22303009033203,23.08088493347168,-9.582429885864258,-26.90131950378418,-56.9840087890625,57.861167907714847,-23.57549285888672,-39.07664489746094,28.824689865112306,-5.469423294067383,-39.04098129272461,-57.7685546875,0.21735763549804688,-53.70606231689453,-22.274803161621095,-39.322959899902347,-8.813430786132813,40.67363739013672,22.767745971679689,-2.0524063110351564,-4.551338195800781,-49.774131774902347],"legSizes":[0.45714983344078066,0.10895385593175888,0.3323553204536438,0.25,0.4532662332057953,0.1836315095424652,0.1353050172328949,0.24999994039535523,0.4988225996494293,0.25,0.25,0.15679702162742616,0.15399260818958283,0.24999994039535523,0.1964680701494217,0.25,0.10576563328504563,0.10198932141065598,0.23132145404815675,0.4385438859462738,0.25,0.2780759036540985,0.23773610591888429,0.25],"bodySizes":[1.9494249820709229,2.0117697715759279,2.0398828983306886],"springs":[],"dumpers":[],"name":591,"generation":16,"distance":55.81891632080078,"reward":-71.92303466796875},{"angles":[-32.089805603027347,11.68341064453125,27.573692321777345,-41.087379455566409,43.43876647949219,48.48934555053711,-59.75127410888672,45.45948791503906,43.364173889160159,-27.170982360839845,34.08323669433594,-24.50146484375,-46.83965301513672,-18.38787269592285,26.55219268798828,-43.45745086669922,-27.735979080200197,-52.48332214355469,-35.92064666748047,-59.2025146484375,-6.760904312133789,4.1443023681640629,46.865814208984378,55.079071044921878,1.3803215026855469,6.2274169921875,-22.118745803833009,34.57384490966797,-23.243858337402345,35.93185806274414,-45.58671569824219,16.01917266845703,-22.64531707763672,-7.905412673950195,-34.597694396972659,-71.08973693847656,-55.81541442871094,45.01953887939453,-51.130523681640628,54.502784729003909,-33.02909851074219,3.9349212646484377,-9.454931259155274,5.121696472167969,28.606521606445314,-14.108985900878907,-40.82655334472656,80.18217468261719,74.53321838378906,35.310115814208987,83.40028381347656,-18.522199630737306,-27.397659301757814,88.32595825195313,49.59583282470703,8.669136047363282,14.808464050292969,-89.10198974609375,45.27513122558594,-35.32457733154297,0.38348388671875,48.96977233886719,18.685598373413087,-49.71642303466797,20.317230224609376,58.52174377441406,-50.088104248046878,-40.93133544921875,-39.04098129272461,37.947418212890628,0.5721397399902344,-53.70606231689453,-32.12229919433594,-39.322959899902347,37.01847457885742,40.67363739013672,-39.77504348754883,-2.0524063110351564,-8.570930480957032,-8.379425048828125],"legSizes":[0.3920665383338928,0.3469536602497101,0.3323553204536438,0.25,0.21115219593048097,0.34017059206962588,0.1353050172328949,0.24999994039535523,0.4988225996494293,0.25,0.25,0.25,0.15399260818958283,0.4584771990776062,0.25,0.3366469740867615,0.25,0.25,0.1735949069261551,0.15348052978515626,0.25,0.2780759036540985,0.23773610591888429,0.25],"bodySizes":[1.833032488822937,2.23514723777771,1.952601671218872],"springs":[],"dumpers":[],"name":591,"generation":16,"distance":55.81891632080078,"reward":-156.34800720214845}]}