{"geneDatas":[{"angles":[9.90013313293457,-44.11345672607422,-9.287160873413086,11.140769958496094,34.30655288696289,47.20336151123047,-80.21884155273438,-16.036211013793947,43.364173889160159,-27.170982360839845,34.08323669433594,-9.166425704956055,56.81085968017578,42.74108123779297,-30.732362747192384,-9.166252136230469,-52.17627716064453,4.03709602355957,-39.255165100097659,42.32842254638672,-18.400390625,-8.996149063110352,-83.83613586425781,2.160137176513672,-1.6123237609863282,41.889892578125,11.453857421875,26.012004852294923,-37.69856262207031,-12.790252685546875,4.611345291137695,9.481023788452149,52.47190475463867,10.825775146484375,32.040550231933597,30.806020736694337,-11.889001846313477,-44.48956298828125,-27.360084533691408,16.114423751831056,-32.12419128417969,-57.23267364501953,-9.454931259155274,-6.841529846191406,41.33076477050781,9.333280563354493,14.964401245117188,-44.14525604248047,74.53321838378906,36.501216888427737,83.40028381347656,46.107757568359378,50.444984436035159,-48.37891387939453,11.046789169311524,33.449764251708987,14.531013488769532,-26.60939598083496,-35.050994873046878,15.36480712890625,-19.674346923828126,14.827102661132813,-5.583580017089844,4.305946350097656,-23.57549285888672,52.832679748535159,-4.853174209594727,-48.089515686035159,4.6841888427734379,-57.7685546875,0.21735763549804688,46.34254837036133,22.736846923828126,49.99799346923828,-8.813430786132813,-54.58860778808594,-6.382362365722656,37.25483703613281,59.96455383300781,-9.421356201171875],"legSizes":[0.45714983344078066,0.18845191597938538,0.3323553204536438,0.4615806043148041,0.4532662332057953,0.1836315095424652,0.25890785455703738,0.24999994039535523,0.4988225996494293,0.39305001497268679,0.4177003800868988,0.25,0.22710850834846497,0.25633975863456728,0.2945360541343689,0.47832146286964419,0.10576563328504563,0.10198932141065598,0.406968355178833,0.15348052978515626,0.31346985697746279,0.39691072702407839,0.40893372893333437,0.22043317556381226],"bodySizes":[2.389051675796509,1.491444706916809,2.245211601257324],"springs":[],"dumpers":[],"name":1329,"generation":37,"distance":96.05033874511719,"reward":-96.05033874511719},{"angles":[38.24798583984375,18.627960205078126,-55.371910095214847,11.140769958496094,8.73084831237793,-40.14862060546875,-80.21884155273438,38.24363708496094,43.364173889160159,-28.6343994140625,34.08323669433594,-27.16865348815918,-28.511314392089845,38.9362907409668,-34.90294647216797,-32.61613464355469,17.515338897705079,44.365081787109378,56.85704040527344,54.611549377441409,-18.400390625,41.89171600341797,-83.83613586425781,-35.89300537109375,-1.6123237609863282,41.889892578125,11.453857421875,1.60845947265625,-37.69856262207031,-5.455549240112305,15.107114791870118,9.481023788452149,52.47190475463867,10.825775146484375,55.50463104248047,30.806020736694337,-11.889001846313477,9.945350646972657,-27.360084533691408,-3.6850204467773439,-48.81117248535156,-57.23267364501953,-46.882240295410159,19.628833770751954,41.33076477050781,-15.712800979614258,-15.479972839355469,80.18217468261719,74.53321838378906,-40.4285888671875,83.40028381347656,-8.806650161743164,31.94576644897461,-30.573463439941408,-54.19035339355469,33.449764251708987,8.005165100097657,-26.60939598083496,-35.050994873046878,23.08088493347168,-35.77586364746094,41.066749572753909,-26.841064453125,20.78667449951172,-23.57549285888672,41.56929016113281,35.425315856933597,-10.526212692260743,-39.04098129272461,-57.7685546875,0.21735763549804688,-53.25373840332031,-57.193565368652347,-39.322959899902347,-8.813430786132813,40.67363739013672,31.05522918701172,-40.165687561035159,25.345258712768556,-30.34881591796875],"legSizes":[0.45714983344078066,0.4239543080329895,0.3323553204536438,0.25,0.26544100046157839,0.1836315095424652,0.28592851758003237,0.24999994039535523,0.4988225996494293,0.2637409567832947,0.36466819047927859,0.15679702162742616,0.41137009859085085,0.4947025775909424,0.2945360541343689,0.25,0.16092076897621156,0.4813361167907715,0.18884778022766114,0.15348052978515626,0.31346985697746279,0.23523247241973878,0.15883946418762208,0.28079789876937868],"bodySizes":[1.9283281564712525,2.0187747478485109,2.055044412612915],"springs":[],"dumpers":[],"name":1329,"generation":37,"distance":96.05033874511719,"reward":-99.97418212890625},{"angles":[9.90013313293457,-44.11345672607422,-43.6807861328125,11.140769958496094,34.30655288696289,47.20336151123047,-80.21884155273438,11.20458984375,59.453102111816409,7.203432083129883,47.27580261230469,-9.166425704956055,-15.579133987426758,11.042884826660157,-49.493736267089847,5.658224105834961,-22.5389461517334,31.73834228515625,32.70494079589844,-16.51544952392578,-18.400390625,-8.304069519042969,-6.609771728515625,10.159500122070313,-1.6123237609863282,-21.585439682006837,4.839027404785156,33.78740692138672,45.01125717163086,-14.064382553100586,-14.652107238769532,52.47039031982422,31.613271713256837,-6.942708969116211,44.92970275878906,30.806020736694337,21.387548446655275,43.11473083496094,-27.360084533691408,-41.207054138183597,35.22419738769531,-17.020591735839845,-47.53228759765625,-58.766143798828128,14.535177230834961,8.531648635864258,-53.88898468017578,-52.04737091064453,58.87990951538086,16.42591667175293,-33.836585998535159,-9.645715713500977,37.83009338378906,-54.52076721191406,41.068809509277347,33.449764251708987,-27.96893882751465,15.170270919799805,0.19554519653320313,-35.88525390625,-11.654584884643555,41.066749572753909,-26.841064453125,59.788124084472659,-23.57549285888672,41.56929016113281,28.824689865112306,-20.93376922607422,-39.04098129272461,-57.7685546875,0.21735763549804688,-40.07818603515625,-57.193565368652347,-39.322959899902347,-29.31121826171875,40.67363739013672,-27.648948669433595,-40.165687561035159,25.345258712768556,-30.153564453125],"legSizes":[0.45714983344078066,0.37326687574386599,0.3323553204536438,0.25,0.4532662332057953,0.1836315095424652,0.25890785455703738,0.24999994039535523,0.4988225996494293,0.39305001497268679,0.1681957244873047,0.15679702162742616,0.33883345127105715,0.21019871532917024,0.23597581684589387,0.2529516816139221,0.17266902327537538,0.4813361167907715,0.406968355178833,0.15348052978515626,0.31346985697746279,0.39691072702407839,0.23773610591888429,0.28079789876937868],"bodySizes":[1.961437702178955,2.2821054458618166,1.7872272729873658],"springs":[],"dumpers":[],"name":1329,"generation":37,"distance":96.05033874511719,"reward":-107.79524993896485}]}