{"geneDatas":[{"angles":[51.72103500366211,28.90521812438965,45.86967849731445,55.86976623535156,29.952611923217775,-17.89038848876953,13.619993209838868,16.902328491210939,-36.80180358886719,-65.08978271484375,33.57985305786133,38.36566162109375,47.90675354003906,55.01628112792969,-16.617408752441408,58.921199798583987,6.510063171386719,27.482009887695314,-64.85458374023438,23.645751953125,-61.9134521484375,-47.60503387451172,-20.924728393554689,3.1959609985351564,-24.98059844970703,6.2274169921875,-6.324411392211914,60.33644104003906,-37.69856262207031,29.2418270111084,3.1006851196289064,16.01917266845703,54.931556701660159,78.4189453125,-34.597694396972659,18.995832443237306,-7.656618118286133,-42.85972595214844,-51.130523681640628,54.502784729003909,-33.02909851074219,6.559173583984375,57.79811096191406,52.885093688964847,-67.23590087890625,-14.108985900878907,-72.65911865234375,80.18217468261719,74.53321838378906,16.444229125976564,83.40028381347656,-72.087890625,-27.397659301757814,8.915582656860352,81.48507690429688,-67.75531005859375,14.808464050292969,-47.970054626464847,-75.93057250976563,34.28633117675781,-48.54744338989258,-28.67035675048828,-23.121749877929689,-44.301849365234378,-23.57549285888672,38.85491180419922,-50.088104248046878,21.895591735839845,28.56631088256836,-57.7685546875,57.535247802734378,-72.63331604003906,-3.384998321533203,-78.16242980957031,-40.193817138671878,-31.482093811035158,-46.27485656738281,-23.375076293945314,-0.9171295166015625,40.989105224609378],"legSizes":[0.2331305295228958,0.24999994039535523,0.25,0.26096323132514956,0.25,0.25,0.21960385143756867,0.24999994039535523,0.3971188962459564,0.25,0.25,0.35257044434547427,0.24999994039535523,0.24999994039535523,0.25,0.3366469740867615,0.25,0.25,0.3914428651332855,0.24999994039535523,0.23360025882720948,0.25,0.31931397318840029,0.20449760556221009],"bodySizes":[1.9223132133483887,1.9956985712051392,2.0853114128112795],"springs":[],"dumpers":[],"name":405,"generation":13,"distance":139.88706970214845,"reward":-139.88706970214845},{"angles":[13.795761108398438,77.15007019042969,57.586029052734378,11.140769958496094,86.27963256835938,-18.11674690246582,-43.33143615722656,-37.43499755859375,46.302608489990237,-8.315469741821289,49.866790771484378,-53.75212860107422,-28.511314392089845,11.042884826660157,-50.23292541503906,2.5407371520996095,-52.17627716064453,7.070337295532227,-30.064729690551759,72.23384094238281,-18.400390625,58.38661193847656,-83.83613586425781,-35.89300537109375,-1.6123237609863282,6.2274169921875,11.453857421875,60.33644104003906,-37.69856262207031,37.19687271118164,-45.58671569824219,-19.590431213378908,52.47190475463867,-6.942708969116211,-34.597694396972659,-71.08973693847656,-58.4705810546875,9.945350646972657,-51.130523681640628,-19.622047424316408,-33.02909851074219,3.9349212646484377,-61.55792236328125,3.6037673950195314,-67.23590087890625,-14.108985900878907,-72.65911865234375,80.18217468261719,74.53321838378906,35.310115814208987,-26.555007934570314,-72.087890625,-27.397659301757814,-33.351348876953128,28.317089080810548,-22.404808044433595,14.808464050292969,-89.10198974609375,-75.93057250976563,-31.998884201049806,-48.54744338989258,-10.660751342773438,-6.900735855102539,9.676946640014649,-23.57549285888672,-32.74828338623047,-50.088104248046878,-5.469423294067383,-39.04098129272461,-57.7685546875,57.535247802734378,-72.63331604003906,-32.12229919433594,-9.894783020019532,-40.193817138671878,41.62981414794922,-39.77504348754883,-5.189172744750977,22.907135009765626,-17.08868408203125],"legSizes":[0.42305058240890505,0.23856085538864137,0.3323553204536438,0.25,0.3698269724845886,0.17765088379383088,0.2551414370536804,0.24999994039535523,0.3971188962459564,0.45647740364074709,0.25,0.35257044434547427,0.24999994039535523,0.24999994039535523,0.25,0.19166746735572816,0.19469934701919557,0.4057736396789551,0.20013082027435304,0.24999994039535523,0.25,0.25,0.25,0.21854551136493684],"bodySizes":[1.9280670881271363,2.019700765609741,2.054379940032959],"springs":[],"dumpers":[],"name":405,"generation":13,"distance":139.88706970214845,"reward":-160.6352996826172},{"angles":[21.782981872558595,87.25607299804688,-18.951936721801759,-32.63575744628906,86.27963256835938,66.9225082397461,-29.704734802246095,-18.1429443359375,22.012794494628908,38.12350082397461,49.866790771484378,22.05718231201172,-28.511314392089845,11.042884826660157,81.06098937988281,-19.907289505004884,59.49678039550781,28.78705406188965,-3.7354507446289064,36.139495849609378,-58.481414794921878,9.040824890136719,-83.83613586425781,-37.183799743652347,1.3803215026855469,6.2274169921875,11.453857421875,60.33644104003906,-37.69856262207031,-36.29583740234375,-45.58671569824219,16.01917266845703,52.47190475463867,-63.18636703491211,85.36973571777344,-24.780235290527345,3.8659744262695314,53.47251892089844,46.895416259765628,-6.729148864746094,40.578147888183597,17.013586044311525,16.628721237182618,-32.71342468261719,-78.53849792480469,46.836448669433597,4.204153060913086,80.18217468261719,74.53321838378906,35.310115814208987,83.40028381347656,-12.14326286315918,-27.397659301757814,-33.351348876953128,81.48507690429688,-67.75531005859375,14.808464050292969,-89.10198974609375,-21.43364715576172,23.08088493347168,-9.582429885864258,-28.67035675048828,-23.121749877929689,9.676946640014649,-23.57549285888672,-39.07664489746094,-50.088104248046878,-5.469423294067383,-39.04098129272461,-57.7685546875,57.535247802734378,-53.70606231689453,-32.12229919433594,-39.322959899902347,-21.24962615966797,40.67363739013672,-39.77504348754883,-2.0524063110351564,53.75800323486328,-8.379425048828125],"legSizes":[0.35668492317199709,0.22085607051849366,0.1788516640663147,0.3993065357208252,0.25,0.4556495249271393,0.17880091071128846,0.21127578616142274,0.25,0.25,0.475952684879303,0.25,0.30826860666275027,0.24999994039535523,0.25,0.3366469740867615,0.25,0.25,0.1735949069261551,0.15348052978515626,0.25,0.2780759036540985,0.23773610591888429,0.25],"bodySizes":[1.8660428524017335,2.0306503772735597,2.1112184524536135],"springs":[],"dumpers":[],"name":405,"generation":13,"distance":139.88706970214845,"reward":-162.9473419189453}]}