{"geneDatas":[{"angles":[9.90013313293457,-44.11345672607422,-43.6807861328125,11.140769958496094,34.30655288696289,47.20336151123047,-80.21884155273438,38.24363708496094,43.364173889160159,-28.6343994140625,34.08323669433594,-27.16865348815918,-28.511314392089845,38.9362907409668,-34.90294647216797,-32.61613464355469,17.515338897705079,44.365081787109378,56.85704040527344,54.611549377441409,-18.400390625,41.89171600341797,-83.83613586425781,-35.89300537109375,-1.6123237609863282,41.889892578125,-52.78119659423828,1.60845947265625,-59.509490966796878,-5.455549240112305,15.107114791870118,9.481023788452149,52.47190475463867,23.969762802124025,55.50463104248047,30.806020736694337,-1.528106689453125,38.68235778808594,59.65342712402344,29.961257934570314,-32.12419128417969,-17.020591735839845,15.818593978881836,19.628833770751954,41.33076477050781,-38.979164123535159,-53.88898468017578,80.18217468261719,58.87990951538086,16.42591667175293,83.40028381347656,-0.23672866821289063,47.891204833984378,48.888099670410159,41.068809509277347,25.021987915039064,-6.3279876708984379,15.170270919799805,11.18461799621582,46.71057891845703,15.945280075073243,41.066749572753909,-26.841064453125,59.788124084472659,-23.57549285888672,41.56929016113281,28.824689865112306,-10.526212692260743,-39.04098129272461,-57.7685546875,0.21735763549804688,-40.07818603515625,-57.193565368652347,-39.322959899902347,44.09550094604492,40.67363739013672,9.521133422851563,-40.165687561035159,3.835521697998047,26.704587936401368],"legSizes":[0.45714983344078066,0.26784756779670718,0.3323553204536438,0.3584102988243103,0.4532662332057953,0.1836315095424652,0.46169930696487429,0.24999994039535523,0.4988225996494293,0.39305001497268679,0.1681957244873047,0.15679702162742616,0.33883345127105715,0.21019871532917024,0.23597581684589387,0.2529516816139221,0.2324027717113495,0.4813361167907715,0.4662732481956482,0.15348052978515626,0.31346985697746279,0.39691072702407839,0.23773610591888429,0.2458983212709427],"bodySizes":[1.9596999883651734,2.0416712760925295,1.999468445777893],"springs":[],"dumpers":[],"name":1405,"generation":40,"distance":106.50825500488281,"reward":-106.50825500488281},{"angles":[-52.154701232910159,-25.89320945739746,-55.371910095214847,11.140769958496094,8.73084831237793,-40.14862060546875,-80.21884155273438,38.24363708496094,43.364173889160159,-27.170982360839845,34.08323669433594,30.90521240234375,-28.511314392089845,9.553665161132813,-34.90294647216797,-2.985157012939453,-52.17627716064453,45.942604064941409,-2.0141677856445314,72.23384094238281,-18.400390625,-3.617969512939453,-83.83613586425781,10.159500122070313,-1.6123237609863282,-21.585439682006837,11.453857421875,33.78740692138672,-37.69856262207031,-5.3303375244140629,-14.652107238769532,52.47039031982422,31.613271713256837,-6.942708969116211,53.04156494140625,30.806020736694337,21.387548446655275,23.876020431518556,-55.11872100830078,-41.207054138183597,35.22419738769531,31.105627059936525,42.198097229003909,-21.992048263549806,14.535177230834961,-10.392929077148438,-43.30706024169922,-7.733854293823242,58.87990951538086,16.42591667175293,83.40028381347656,20.912860870361329,37.83009338378906,-54.52076721191406,41.068809509277347,-13.322233200073243,-27.96893882751465,15.170270919799805,0.19554519653320313,-35.88525390625,-35.77586364746094,41.066749572753909,-26.841064453125,20.78667449951172,-23.57549285888672,41.56929016113281,35.425315856933597,-15.910400390625,-39.04098129272461,-57.7685546875,0.21735763549804688,-53.25373840332031,-57.193565368652347,45.07188415527344,-8.813430786132813,40.67363739013672,39.89379119873047,-40.165687561035159,25.345258712768556,-30.34881591796875],"legSizes":[0.45714983344078066,0.4239543080329895,0.3323553204536438,0.25,0.26544100046157839,0.1836315095424652,0.20256832242012025,0.24999994039535523,0.4988225996494293,0.2637409567832947,0.36466819047927859,0.15679702162742616,0.23223641514778138,0.4947025775909424,0.2945360541343689,0.25,0.16092076897621156,0.4813361167907715,0.18884778022766114,0.15348052978515626,0.31346985697746279,0.23523247241973878,0.15883946418762208,0.28079789876937868],"bodySizes":[1.928328037261963,2.0187745094299318,2.055044174194336],"springs":[],"dumpers":[],"name":1405,"generation":40,"distance":106.50825500488281,"reward":-117.2982177734375},{"angles":[9.90013313293457,-44.11345672607422,-43.6807861328125,11.140769958496094,34.30655288696289,47.20336151123047,46.219512939453128,45.45948791503906,43.364173889160159,-27.170982360839845,34.08323669433594,-9.166425704956055,-55.360565185546878,44.156944274902347,59.950618743896487,-32.61613464355469,39.13066864013672,-7.668977737426758,-30.802961349487306,39.777523040771487,25.355886459350587,56.185455322265628,-83.83613586425781,38.29792785644531,7.224920272827148,15.032186508178711,2.9156036376953127,60.33644104003906,-37.69856262207031,36.87154769897461,-54.85765075683594,8.126642227172852,-16.947175979614259,-9.14007568359375,30.17213249206543,22.508451461791993,-58.4705810546875,9.945350646972657,28.27505874633789,21.733413696289064,-58.11131286621094,52.71833801269531,56.658409118652347,-42.05414581298828,5.35911750793457,17.23053741455078,-44.26625061035156,80.18217468261719,23.415382385253908,2.0901565551757814,83.40028381347656,-12.14326286315918,-10.896255493164063,1.5264205932617188,-18.97847557067871,33.449764251708987,-27.96893882751465,15.170270919799805,-46.58708190917969,-35.88525390625,-26.827062606811525,-57.65752410888672,-26.841064453125,59.788124084472659,-23.57549285888672,41.56929016113281,28.824689865112306,-51.673095703125,-39.04098129272461,29.57390594482422,0.21735763549804688,-40.07818603515625,-57.193565368652347,-39.322959899902347,-29.31121826171875,-54.09623718261719,-27.648948669433595,-40.165687561035159,25.345258712768556,-1.7337570190429688],"legSizes":[0.45714983344078066,0.26784756779670718,0.3323553204536438,0.3584102988243103,0.470895916223526,0.1836315095424652,0.1353050172328949,0.2827037572860718,0.4988225996494293,0.11381273716688156,0.4434788227081299,0.15679702162742616,0.32648998498916628,0.25121358036994936,0.17644810676574708,0.463005393743515,0.3232654333114624,0.10198932141065598,0.1735949069261551,0.15348052978515626,0.25,0.17180952429771424,0.23773610591888429,0.28079789876937868],"bodySizes":[2.0150082111358644,2.150559663772583,1.8461271524429322],"springs":[],"dumpers":[],"name":1405,"generation":40,"distance":106.50825500488281,"reward":-120.51107788085938}]}