{"geneDatas":[{"angles":[14.389764785766602,18.627960205078126,-55.371910095214847,11.140769958496094,-45.38117218017578,-40.14862060546875,-80.21884155273438,14.251749038696289,43.364173889160159,-27.170982360839845,31.92276382446289,-9.166425704956055,-55.360565185546878,58.01915740966797,59.950618743896487,-16.300886154174806,39.13066864013672,-7.668977737426758,-30.802961349487306,3.563152313232422,25.355886459350587,56.185455322265628,-83.83613586425781,38.29792785644531,7.224920272827148,15.032186508178711,2.9156036376953127,-30.239051818847658,-37.69856262207031,4.803436279296875,-34.54461669921875,8.126642227172852,36.93742370605469,-9.14007568359375,30.17213249206543,22.508451461791993,1.0097923278808594,-39.53491973876953,28.27505874633789,50.700469970703128,-58.11131286621094,52.71833801269531,56.658409118652347,-42.05414581298828,5.35911750793457,17.23053741455078,-44.26625061035156,80.18217468261719,-54.300987243652347,19.094764709472658,51.18666076660156,-0.23672866821289063,-52.320457458496097,-54.52076721191406,41.068809509277347,33.449764251708987,24.344587326049806,-12.791112899780274,0.19554519653320313,-46.681640625,-5.076591491699219,-35.010406494140628,-26.841064453125,59.788124084472659,-34.789710998535159,41.56929016113281,-20.66004180908203,-46.741905212402347,-50.89125061035156,-57.7685546875,0.21735763549804688,-40.07818603515625,-57.193565368652347,-39.322959899902347,-8.813430786132813,40.67363739013672,31.05522918701172,-40.165687561035159,3.835521697998047,26.704587936401368],"legSizes":[0.45714983344078066,0.1599636971950531,0.3323553204536438,0.25,0.26544100046157839,0.1836315095424652,0.1353050172328949,0.2827037572860718,0.4988225996494293,0.42681771516799929,0.397256076335907,0.25488778948783877,0.33883345127105715,0.41199278831481936,0.30570709705352785,0.2338939905166626,0.11897730827331543,0.3375445604324341,0.28187277913093569,0.15348052978515626,0.31346985697746279,0.37510189414024355,0.23773610591888429,0.3909873366355896],"bodySizes":[1.9588490724563599,2.0389766693115236,2.0029807090759279],"springs":[],"dumpers":[],"name":1691,"generation":49,"distance":108.7613525390625,"reward":-108.7613525390625},{"angles":[50.80956268310547,-36.72735595703125,-12.864753723144532,-28.367551803588868,24.636322021484376,42.35392761230469,-44.13047790527344,0.3953437805175781,59.453102111816409,19.50720977783203,47.27580261230469,-44.40147399902344,-15.579133987426758,-52.713478088378909,-34.90294647216797,-32.61613464355469,-41.827842712402347,-33.291717529296878,12.236228942871094,54.611549377441409,-18.400390625,41.89171600341797,-83.83613586425781,-41.441314697265628,-1.6123237609863282,37.14793395996094,-20.44776725769043,1.60845947265625,9.083456039428711,-33.35076904296875,15.107114791870118,59.371620178222659,52.47190475463867,10.825775146484375,20.25519561767578,-14.114850997924805,-5.655363082885742,9.945350646972657,59.65342712402344,29.961257934570314,-32.12419128417969,-17.020591735839845,15.818593978881836,19.628833770751954,41.33076477050781,5.3651123046875,-22.073759078979493,80.18217468261719,58.87990951538086,16.42591667175293,83.40028381347656,-0.23672866821289063,47.891204833984378,-54.52076721191406,41.068809509277347,25.021987915039064,-19.08533477783203,-47.820579528808597,7.90046501159668,37.53662109375,16.371702194213868,-35.010406494140628,-26.841064453125,59.788124084472659,-23.57549285888672,41.56929016113281,-20.66004180908203,-46.741905212402347,20.330411911010743,-24.790557861328126,0.21735763549804688,-40.07818603515625,-57.193565368652347,-39.322959899902347,-8.813430786132813,40.67363739013672,31.05522918701172,24.444448471069337,-58.65464782714844,50.77820587158203],"legSizes":[0.35546761751174929,0.4495178163051605,0.24226734042167664,0.14546537399291993,0.26544100046157839,0.1836315095424652,0.3732958436012268,0.2827037572860718,0.4988225996494293,0.4468918740749359,0.1492709219455719,0.3509940505027771,0.33883345127105715,0.17087531089782716,0.2945360541343689,0.25,0.16092076897621156,0.3947935998439789,0.2599574327468872,0.18181905150413514,0.31346985697746279,0.39691072702407839,0.29366323351860049,0.28079789876937868],"bodySizes":[1.6547977924346924,2.479003429412842,1.950149416923523],"springs":[],"dumpers":[],"name":1691,"generation":49,"distance":108.7613525390625,"reward":-109.16718292236328},{"angles":[14.389764785766602,18.627960205078126,-55.371910095214847,11.140769958496094,-45.38117218017578,-40.14862060546875,-80.21884155273438,14.251749038696289,43.364173889160159,-27.170982360839845,31.92276382446289,-9.166425704956055,-55.360565185546878,58.01915740966797,59.950618743896487,-19.09269905090332,39.13066864013672,7.55613899230957,-30.802961349487306,3.563152313232422,25.355886459350587,39.10346221923828,-83.83613586425781,38.29792785644531,7.224920272827148,15.032186508178711,39.26377868652344,-30.239051818847658,-37.69856262207031,4.803436279296875,-54.85765075683594,8.126642227172852,36.93742370605469,-9.14007568359375,30.17213249206543,22.508451461791993,-58.4705810546875,36.720367431640628,28.27505874633789,50.700469970703128,-58.11131286621094,45.29960632324219,56.658409118652347,-42.05414581298828,5.35911750793457,17.23053741455078,-44.26625061035156,80.18217468261719,23.415382385253908,2.0901565551757814,1.9107856750488282,-0.23672866821289063,-52.320457458496097,-54.52076721191406,41.068809509277347,33.449764251708987,24.344587326049806,-12.791112899780274,0.19554519653320313,-46.681640625,-5.076591491699219,-35.010406494140628,-26.841064453125,59.788124084472659,-34.789710998535159,41.56929016113281,-53.77836608886719,-16.11859703063965,-48.69502258300781,-57.7685546875,0.21735763549804688,-40.07818603515625,-57.193565368652347,-39.322959899902347,-8.813430786132813,40.67363739013672,23.585525512695314,-40.165687561035159,15.887746810913086,-21.2358341217041],"legSizes":[0.45714983344078066,0.1599636971950531,0.3323553204536438,0.25,0.26544100046157839,0.1836315095424652,0.1353050172328949,0.2827037572860718,0.4988225996494293,0.45117443799972536,0.397256076335907,0.3509940505027771,0.33883345127105715,0.41199278831481936,0.30570709705352785,0.19433188438415528,0.16092076897621156,0.4813361167907715,0.18884778022766114,0.15348052978515626,0.31346985697746279,0.39691072702407839,0.36540326476097109,0.2458983212709427],"bodySizes":[1.6338279247283936,2.244602680206299,2.1814446449279787],"springs":[],"dumpers":[],"name":1691,"generation":49,"distance":108.7613525390625,"reward":-109.47798919677735}]}