{"geneDatas":[{"angles":[-55.77764892578125,85.31439208984375,38.865699768066409,29.34304428100586,-0.05744171142578125,-13.302589416503907,-0.8768386840820313,-34.844825744628909,50.879249572753909,25.146499633789064,1.6576614379882813,1.7839813232421876,-39.02699279785156,74.02879333496094,39.4325065612793,62.91400146484375,-3.3687820434570314,58.71885681152344,-44.40675354003906,-20.496253967285158,15.9696044921875,-48.56330871582031,41.5886344909668,-32.25947570800781,38.9577751159668,-53.50921630859375,-43.606170654296878,-79.33724975585938,25.87598991394043,-81.67465209960938,48.308414459228519,-16.799461364746095,79.23822021484375,-54.67275619506836,31.423126220703126,2.0474777221679689,-33.001976013183597,-53.44316101074219,-9.051803588867188,22.265777587890626,-26.215299606323243,-64.5714111328125,18.817962646484376,66.40866088867188,10.826438903808594,-68.07308959960938,-44.978729248046878,-0.6159515380859375,13.722450256347657,66.86378479003906,31.997419357299806,31.5050106048584,36.812286376953128,-34.73779296875,12.395095825195313,31.962345123291017,-56.33219909667969,-20.97168731689453,63.607173919677737,44.6641845703125,-20.594100952148439,-75.81986999511719,-21.898406982421876,-86.52389526367188,53.35645294189453,-38.53535461425781,-65.50277709960938,57.884368896484378,-83.24403381347656,-71.7296142578125,85.62965393066406,-53.02308654785156,40.070655822753909,-35.495635986328128,3.2029953002929689,20.897613525390626,-0.30999755859375,-85.31475830078125,51.78497314453125,8.052085876464844],"legSizes":[0.3116779923439026,0.24999994039535523,0.25,0.25,0.25,0.22118151187896729,0.3286166489124298,0.24999994039535523,0.25,0.25,0.25,0.25,0.24999994039535523,0.24999994039535523,0.25,0.25,0.25,0.25,0.24999994039535523,0.24999994039535523,0.25,0.25,0.3375897705554962,0.25],"bodySizes":[2.0,2.0,2.0],"springs":[],"dumpers":[],"name":98,"generation":2,"distance":248.52841186523438,"reward":-248.52841186523438},{"angles":[2.4675979614257814,11.68341064453125,-1.6983642578125,30.176542282104493,-15.73614501953125,48.48934555053711,50.10505676269531,57.56700134277344,78.69253540039063,30.938098907470704,79.2899169921875,-31.332181930541993,28.957555770874025,-23.62548828125,-22.50348663330078,-45.62310791015625,61.19157409667969,-83.06419372558594,52.372467041015628,46.80111312866211,7.7499237060546879,-18.237138748168947,-50.88727951049805,5.302520751953125,50.19007110595703,44.53605651855469,87.01995849609375,57.797393798828128,-88.15478515625,-44.12245178222656,41.24376678466797,62.524200439453128,11.394424438476563,-63.18636703491211,85.36973571777344,-24.780235290527345,3.8659744262695314,53.47251892089844,46.895416259765628,-86.98643493652344,51.47502136230469,71.2691650390625,68.42550659179688,-27.547607421875,-78.53849792480469,64.32373046875,-84.47990417480469,-35.810508728027347,61.940792083740237,26.777990341186525,-39.099853515625,-5.0437469482421879,28.192867279052736,20.11058807373047,21.745712280273439,-17.720420837402345,-63.15561294555664,65.81451416015625,72.039794921875,80.86398315429688,0.38348388671875,65.05433654785156,67.28368377685547,64.04933166503906,-27.712099075317384,-40.96034240722656,25.778751373291017,30.231046676635743,-14.652488708496094,15.47073745727539,9.191596984863282,-26.16455078125,60.760189056396487,21.125661849975587,25.904430389404298,25.439613342285158,87.90330505371094,-17.32386016845703,-0.9171295166015625,40.989105224609378],"legSizes":[0.29557597637176516,0.35599589347839358,0.25,0.25,0.12840457260608674,0.25,0.12863583862781526,0.24999994039535523,0.25,0.25,0.25,0.25,0.24999994039535523,0.24999994039535523,0.25,0.25,0.2938292622566223,0.25,0.24999994039535523,0.24999994039535523,0.25,0.25,0.25,0.25],"bodySizes":[1.7643502950668336,1.8377915620803834,2.467226028442383],"springs":[],"dumpers":[],"name":98,"generation":2,"distance":248.52841186523438,"reward":-265.8141784667969},{"angles":[51.72103500366211,28.90521812438965,21.865020751953126,-19.71422576904297,-27.686866760253908,26.313434600830079,-43.94948959350586,38.163238525390628,-18.79163360595703,10.265167236328125,-34.746612548828128,-65.92593383789063,-7.524658203125,-10.115942001342774,26.445247650146486,70.81486511230469,45.09119415283203,-69.91297912597656,48.176719665527347,39.777523040771487,64.68487548828125,-16.393997192382814,-6.491279602050781,75.31033325195313,-47.769126892089847,75.00244140625,3.4658737182617189,56.8846549987793,-74.72775268554688,-44.589988708496097,-85.18403625488281,-55.31401443481445,13.720687866210938,-74.50051879882813,-3.0539703369140627,-56.84077453613281,-89.03376770019531,49.7137565612793,40.587486267089847,80.54948425292969,88.23509216308594,38.70671081542969,30.18157196044922,50.98584747314453,-40.46751022338867,2.49859619140625,55.68438720703125,-52.26097106933594,-2.2124862670898439,4.7276458740234379,74.00469970703125,88.79197692871094,-14.955774307250977,-84.32456970214844,35.85589599609375,25.54340362548828,-89.52801513671875,-16.986312866210939,-25.605194091796876,-50.35774230957031,-42.54742431640625,-1.5954513549804688,83.40399169921875,-21.812246322631837,-59.80961608886719,15.300504684448243,-68.87002563476563,10.353317260742188,28.608684539794923,-56.746604919433597,2.6427154541015627,-30.06443977355957,34.176177978515628,-58.40338134765625,-2.3281784057617189,-71.030517578125,12.2354736328125,64.54061889648438,-32.850608825683597,70.84053039550781],"legSizes":[0.24999994039535523,0.38609355688095095,0.25,0.25,0.25,0.25,0.24999994039535523,0.24999994039535523,0.25,0.25,0.3977218270301819,0.25,0.24999994039535523,0.24999994039535523,0.25,0.25,0.3876928389072418,0.25,0.24999994039535523,0.24890512228012086,0.25,0.25,0.2878355383872986,0.25],"bodySizes":[2.0,2.0,2.0],"springs":[],"dumpers":[],"name":98,"generation":2,"distance":248.52841186523438,"reward":-312.6542663574219}]}