{"geneDatas":[{"angles":[0.7051925659179688,77.15007019042969,57.586029052734378,11.140769958496094,34.30655288696289,33.073673248291019,-80.21884155273438,45.45948791503906,43.364173889160159,-27.170982360839845,34.08323669433594,5.3852691650390629,-42.67402267456055,-38.216583251953128,26.55219268798828,-43.45745086669922,-18.094024658203126,-7.668977737426758,-35.92064666748047,-59.2025146484375,-18.400390625,4.1443023681640629,46.865814208984378,-4.794342041015625,1.3803215026855469,6.2274169921875,11.453857421875,34.57384490966797,-21.359573364257814,-36.29583740234375,-45.58671569824219,-5.299936294555664,3.3674163818359377,-6.942708969116211,-34.597694396972659,29.65985107421875,-55.81541442871094,-39.94383239746094,-51.130523681640628,54.502784729003909,-33.02909851074219,3.9349212646484377,-61.55792236328125,-11.54783821105957,-67.23590087890625,-22.948301315307618,-53.88898468017578,80.18217468261719,74.53321838378906,16.444229125976564,83.40028381347656,-18.522199630737306,-27.397659301757814,88.32595825195313,-18.97847557067871,-2.277912139892578,14.808464050292969,-89.10198974609375,72.039794921875,80.86398315429688,0.38348388671875,-53.0849609375,18.685598373413087,50.28092575073242,20.317230224609376,58.52174377441406,44.68505859375,19.162857055664064,39.809730529785159,44.53551483154297,-30.670438766479493,-72.63331604003906,56.11582946777344,-78.16242980957031,2.316619873046875,40.67363739013672,54.68214416503906,-76.46394348144531,-5.529390335083008,-36.762901306152347],"legSizes":[0.24999994039535523,0.24999994039535523,0.3323553204536438,0.25,0.25,0.174396812915802,0.24999994039535523,0.24999994039535523,0.39543765783309939,0.25,0.25,0.25,0.24999994039535523,0.24999994039535523,0.34970709681510928,0.25,0.3802160620689392,0.4779224991798401,0.3610367774963379,0.24999994039535523,0.25,0.25,0.25,0.3903310298919678],"bodySizes":[2.0,2.0,2.0],"springs":[],"dumpers":[],"name":253,"generation":6,"distance":230.8856964111328,"reward":-230.8856964111328},{"angles":[51.72103500366211,28.90521812438965,45.86967849731445,55.86976623535156,29.952611923217775,-17.89038848876953,13.619993209838868,16.902328491210939,-36.80180358886719,-65.08978271484375,45.3098258972168,38.36566162109375,-17.37073516845703,55.01628112792969,-16.617408752441408,58.921199798583987,-11.107254028320313,-32.054039001464847,-64.85458374023438,-63.39317321777344,-61.9134521484375,-47.60503387451172,-20.924728393554689,3.1959609985351564,-24.98059844970703,6.2274169921875,11.453857421875,60.33644104003906,-37.69856262207031,29.2418270111084,3.1006851196289064,16.01917266845703,-35.01249694824219,78.4189453125,-34.597694396972659,45.485984802246097,-55.81541442871094,-42.85972595214844,-51.130523681640628,54.502784729003909,-33.02909851074219,6.559173583984375,21.161540985107423,-43.627899169921878,-67.23590087890625,-14.108985900878907,-72.65911865234375,80.18217468261719,74.53321838378906,16.444229125976564,83.40028381347656,-72.087890625,-27.397659301757814,88.32595825195313,81.48507690429688,-67.75531005859375,14.808464050292969,-89.10198974609375,-75.93057250976563,34.28633117675781,-48.54744338989258,-56.644561767578128,-23.121749877929689,57.37237548828125,-23.57549285888672,-39.07664489746094,-50.088104248046878,-5.469423294067383,-39.04098129272461,-57.7685546875,57.535247802734378,-72.63331604003906,-32.12229919433594,-39.322959899902347,-40.193817138671878,40.67363739013672,-39.77504348754883,21.606842041015626,53.75800323486328,-55.530914306640628],"legSizes":[0.24999994039535523,0.15322017669677735,0.25,0.25,0.25,0.25,0.24999994039535523,0.24999994039535523,0.1363951712846756,0.25,0.25,0.4450303614139557,0.28074410557746889,0.24999994039535523,0.27995026111602785,0.25,0.25,0.47091585397720339,0.1735949069261551,0.24999994039535523,0.25,0.25,0.25,0.25],"bodySizes":[1.8828496932983399,2.0186593532562258,2.1048026084899904],"springs":[],"dumpers":[],"name":253,"generation":6,"distance":230.8856964111328,"reward":-248.03106689453126},{"angles":[21.782981872558595,87.25607299804688,-24.46514320373535,-32.63575744628906,86.27963256835938,66.9225082397461,-43.33143615722656,-18.1429443359375,-46.092987060546878,38.12350082397461,49.866790771484378,-53.75212860107422,-28.511314392089845,11.042884826660157,81.06098937988281,2.5407371520996095,59.49678039550781,-85.47975158691406,-3.7354507446289064,72.23384094238281,-18.400390625,58.38661193847656,-83.83613586425781,-35.89300537109375,1.3803215026855469,6.2274169921875,11.453857421875,60.33644104003906,-37.69856262207031,-36.29583740234375,-45.58671569824219,16.01917266845703,52.47190475463867,-53.29541015625,-34.597694396972659,-71.08973693847656,-55.81541442871094,53.05937194824219,13.227945327758789,-17.54728889465332,-33.02909851074219,3.9349212646484377,-61.55792236328125,-43.627899169921878,-67.23590087890625,-14.108985900878907,-53.88898468017578,80.18217468261719,74.53321838378906,16.444229125976564,83.40028381347656,-18.522199630737306,-27.397659301757814,88.32595825195313,81.48507690429688,-2.277912139892578,14.808464050292969,-89.10198974609375,33.16157150268555,34.28633117675781,-48.54744338989258,-28.67035675048828,-23.121749877929689,-5.3523712158203129,-23.57549285888672,-39.07664489746094,26.560176849365236,-23.78421974182129,-39.04098129272461,58.55609893798828,-89.16499328613281,-45.99269104003906,-51.58392333984375,-50.57281494140625,-49.39971923828125,9.312637329101563,-23.620742797851564,-23.375076293945314,41.8126335144043,-8.379425048828125],"legSizes":[0.35668492317199709,0.24999994039535523,0.25,0.3993065357208252,0.25,0.4556495249271393,0.2087855041027069,0.24999994039535523,0.25,0.25,0.475952684879303,0.25,0.30826860666275027,0.24999994039535523,0.25,0.4323388934135437,0.25,0.25,0.46998509764671328,0.24999994039535523,0.25,0.25,0.25,0.25],"bodySizes":[2.0,2.0,2.0],"springs":[],"dumpers":[],"name":253,"generation":6,"distance":230.8856964111328,"reward":-255.650634765625}]}