{"geneDatas":[{"robotdna":[-0.6718659400939941,-0.9080543518066406,0.7629842758178711,0.6908094882965088,-0.5693693161010742,0.6559035778045654,-0.808696985244751,-0.584097146987915,0.7394850254058838,-0.1482557058334351,-0.18415391445159913,0.4595305621623993,-0.6468417644500732,-0.45426738262176516,0.45015713572502139,0.7922806739807129,0.6219654083251953,0.1747192144393921,-0.9351580142974854,0.9614901542663574,-0.001223444938659668,0.3150129020214081,-0.38570988178253176,-0.1788386106491089,-0.14580762386322022,0.059958815574646,0.3448328673839569,-0.9435222148895264,-0.7429583072662354,0.49564215540885928,-0.4603458642959595,0.23940718173980714,-0.447961688041687,-0.5202288627624512,-0.6129746437072754,0.114845871925354,0.08354222774505615,-0.19111812114715577,-0.662473201751709,0.8476841449737549,-0.8511171340942383,-0.5684304237365723,0.9693992137908936,0.4463269412517548,-0.08878099918365479,-0.6544530391693115,0.753607988357544,-0.4044429063796997,0.9176199436187744,0.14555084705352784,0.3081507384777069,-0.6761174201965332,-0.10223543643951416],"legSizes":[0.25,0.25,0.25,0.25,0.25,0.25,0.25,0.25,0.25,0.25,0.25,0.25,0.25,0.25,0.25,0.25,0.25,0.25,0.25,0.25,0.25,0.25,0.25,0.25],"bodySizes":[2.0,2.0,2.0],"name":28968,"generation":827,"distance":2508.999755859375,"reward":-1243598.375},{"robotdna":[-0.3978766202926636,-0.5382277965545654,-0.9704108238220216,0.16857588291168214,-0.9427897930145264,0.33095428347587588,0.6677079200744629,0.20913898944854737,0.17547667026519776,-0.226892352104187,-0.01282799243927002,0.059740424156188968,-0.8606607913970947,-0.08210480213165283,0.8717837333679199,0.9466800689697266,0.9425437450408936,-0.3372327089309693,0.6624250411987305,0.1967946290969849,-0.6697907447814941,0.7819344997406006,0.1153472661972046,0.5183999538421631,-0.2477775812149048,0.6895384788513184,-0.7610781192779541,-0.158957839012146,0.1819206476211548,0.3573887050151825,0.027062535285949708,0.09788382053375244,-0.6221678256988525,-0.6652774810791016,0.49960777163505556,0.07322871685028076,-0.2926727533340454,-0.748333215713501,0.24210011959075929,-0.44009411334991457,-0.1973663568496704,0.014187932014465332,0.8308861255645752,0.0010737180709838868,-0.4487248659133911,-0.4047144651412964,-0.558469295501709,0.5347368717193604,-0.8182001113891602,0.04089248180389404,-0.5606584548950195,-0.4367862939834595,0.730689287185669],"legSizes":[0.25,0.25,0.25,0.25,0.25,0.25,0.25,0.25,0.25,0.25,0.25,0.25,0.25,0.25,0.25,0.25,0.25,0.25,0.25,0.25,0.25,0.25,0.25,0.25],"bodySizes":[2.0,2.0,2.0],"name":28886,"generation":827,"distance":2508.999755859375,"reward":-1386549.0},{"robotdna":[-0.7607712745666504,-0.6632378101348877,0.26552197337150576,0.4321901500225067,-0.013121247291564942,-0.8001053333282471,0.943885087966919,-0.6670424938201904,-0.3254746198654175,0.550250768661499,-0.7490460872650147,-0.9322972297668456,-0.1503528356552124,0.7729699611663818,0.2582955062389374,0.6799278259277344,-0.558610200881958,0.2003673315048218,-0.9379594326019288,-0.5941176414489746,0.726372480392456,0.10827338695526125,-0.2879396677017212,0.7260181903839111,0.3756410777568817,0.8873279094696045,-0.003662705421447754,-0.5896077156066895,0.6530039310455322,-0.2741485834121704,-0.009644150733947754,0.3407442271709442,0.6200428009033203,-0.3275085687637329,0.5341415405273438,-0.9491400718688964,0.22444450855255128,0.1946014165878296,-0.5446665287017822,-0.6761093139648438,-0.935236930847168,-0.1411346197128296,-0.6701650619506836,-0.883836030960083,0.12921082973480225,0.6654441356658936,-0.15206897258758546,-0.4832044839859009,-0.04177868366241455,-0.2729998826980591,-0.002617478370666504,0.3595456779003144,-0.24209153652191169],"legSizes":[0.25,0.25,0.25,0.25,0.25,0.25,0.25,0.25,0.25,0.25,0.25,0.25,0.25,0.25,0.25,0.25,0.25,0.25,0.25,0.25,0.25,0.25,0.25,0.25],"bodySizes":[2.0,2.0,2.0],"name":28889,"generation":827,"distance":2508.999755859375,"reward":-1402036.625}]}