{"geneDatas":[{"robotdna":[0.8829777240753174,-0.8692159652709961,0.692249059677124,-0.0008720159530639648,0.27708837389945986,-0.192449688911438,0.7982802391052246,0.2731122672557831,-0.002800583839416504,-0.6484308242797852,0.8746271133422852,0.4184541404247284,0.13863956928253177,0.07245123386383057,0.11641108989715576,0.39598581194877627,-0.048160672187805179,0.23916780948638917,-0.6206731796264648,0.9966974258422852,0.74607253074646,-0.531611442565918,0.15203535556793214,-0.018684744834899904,-0.6905462741851807,-0.0888451337814331,-0.603449821472168,-0.8740990161895752,0.9532253742218018,0.930755853652954,0.7635722160339356,0.47917601466178896,0.014467358589172364,0.30472347140312197,0.8381311893463135,0.9068973064422609,0.15016353130340577,0.9216270446777344,0.5184719562530518,0.06691348552703858,0.5510492324829102,-0.15721023082733158,0.9672164916992188,-0.8774967193603516,-0.75274658203125,-0.15394914150238038,0.7480819225311279,0.7398777008056641,0.23509180545806888,-0.4576398134231568,0.5488603115081787,0.21807682514190677,0.915501594543457],"legSizes":[0.25,0.25,0.25,0.25,0.25,0.25,0.25,0.25,0.25,0.25,0.25,0.25,0.25,0.25,0.25,0.25,0.25,0.25,0.25,0.25,0.25,0.25,0.25,0.25],"bodySizes":[2.0,2.0,2.0],"name":33816,"generation":965,"distance":2509.0,"reward":-1363551.75},{"robotdna":[-0.9126105308532716,-0.9787139892578124,-0.4760245084762573,-0.885113000869751,-0.6993892192840576,-0.22605979442596436,-0.04872000217437744,0.1336575746536255,-0.5079865455627441,-0.7109665870666504,0.4385909736156464,-0.9228157997131348,-0.5186171531677246,-0.84425950050354,-0.29228413105010989,0.5392160415649414,0.8968460559844971,0.9853699207305908,0.6649782657623291,0.1938256025314331,0.6129734516143799,0.6049089431762695,0.08921992778778076,0.5344021320343018,-0.4445987939834595,0.7964515686035156,-0.23320472240448,-0.8062186241149902,0.18813669681549073,0.03461039066314697,0.6472280025482178,0.8897688388824463,0.7579166889190674,0.3864338099956513,0.4327761828899384,-0.970165491104126,-0.9103095531463624,0.7130255699157715,0.43094441294670107,-0.5893774032592773,-0.3452013731002808,-0.4677072763442993,0.5431704521179199,0.7815909385681152,0.7161552906036377,-0.6127448081970215,-0.8975315093994141,-0.7506811618804932,-0.6315746307373047,0.5133132934570313,-0.289451003074646,-0.42048752307891848,-0.3050831556320191],"legSizes":[0.25,0.25,0.25,0.25,0.25,0.25,0.25,0.25,0.25,0.25,0.25,0.25,0.25,0.25,0.25,0.25,0.25,0.25,0.25,0.25,0.25,0.25,0.25,0.25],"bodySizes":[2.0,2.0,2.0],"name":33817,"generation":965,"distance":2509.0,"reward":-1387521.5},{"robotdna":[0.6541099548339844,0.990959882736206,0.8153493404388428,-0.3854290246963501,-0.7344377040863037,-0.715590238571167,-0.3291739225387573,0.2925107181072235,0.11637794971466065,-0.7831923961639404,0.6307997703552246,0.822054386138916,0.8725430965423584,-0.113150954246521,0.9948732852935792,0.303460568189621,0.7188878059387207,-0.8220531940460205,-0.18337976932525636,0.04073488712310791,0.3899657428264618,0.15296518802642826,-0.09783685207366944,-0.1874867677688599,0.5640301704406738,0.3380620181560517,0.843888521194458,0.1268240213394165,0.22187721729278565,-0.9421277046203612,-0.8912584781646729,-0.06612598896026612,0.716360330581665,-0.3101404905319214,-0.2730807065963745,0.6703953742980957,-0.3155184984207154,-0.17733585834503177,-0.7595188617706299,-0.6123459339141846,0.6112277507781982,-0.09201991558074953,-0.2875481843948364,-0.8556230068206787,-0.9229366779327392,0.7793829441070557,-0.1960071325302124,-0.562934160232544,0.3630931079387665,-0.6805386543273926,-0.8767659664154053,0.2781691253185272,-0.23420369625091554],"legSizes":[0.25,0.25,0.25,0.25,0.25,0.25,0.25,0.25,0.25,0.25,0.25,0.25,0.25,0.25,0.25,0.25,0.25,0.25,0.25,0.25,0.25,0.25,0.25,0.25],"bodySizes":[2.0,2.0,2.0],"name":33797,"generation":965,"distance":2509.0,"reward":-1406400.5}]}