{"geneDatas":[{"robotdna":[-0.714040994644165,0.10522377490997316,0.7013983726501465,-0.3817168474197388,0.23626387119293217,0.21676528453826905,0.5853147506713867,-0.07328546047210694,-0.4611457586288452,-0.1115471124649048,0.0575331449508667,-0.15803015232086185,-0.29708898067474368,0.2683415114879608,-0.3160043954849243,0.0027714967727661139,0.2649817168712616,0.7883486747741699,0.5014572143554688,0.2706303298473358,0.6477482318878174,0.9003944396972656,0.8917140960693359,0.8448307514190674,0.8454089164733887,-0.912013292312622,-0.44691216945648196,-0.0048912763595581059,-0.0713266134262085,-0.7759838104248047,0.3887142837047577,0.06221354007720947,0.3248550593852997,-0.3375893831253052,0.42661401629447939,0.7005877494812012,-0.313998818397522,0.2716219127178192,-0.16969573497772218,-0.3309272527694702,-0.9420485496520996,0.4069251716136933,-0.6223058700561523,0.8655407428741455,0.878166913986206,-0.8302292823791504,0.8785192966461182,-0.943145513534546,-0.53200364112854,0.5929625034332275,0.2846533954143524,-0.13209784030914308,0.09813129901885988],"legSizes":[0.25,0.25,0.25,0.25,0.25,0.25,0.25,0.25,0.25,0.25,0.25,0.25,0.25,0.25,0.25,0.25,0.25,0.25,0.25,0.25,0.25,0.25,0.25,0.25],"bodySizes":[2.0,2.0,2.0],"name":36862,"generation":1052,"distance":2509.0,"reward":-1334268.125},{"robotdna":[-0.09100377559661864,0.7218372821807861,-0.9595293998718262,0.6860384941101074,-0.7199580669403076,0.3050439059734345,-0.9424939155578612,-0.5059804916381836,-0.2554203271865845,-0.09505832195281984,0.17763149738311768,0.7827045917510986,0.8005456924438477,0.2614595592021942,-0.21450340747833253,-0.10667383670806884,0.7822320461273193,0.8693897724151611,-0.266154408454895,-0.2811993360519409,-0.8778114318847656,-0.2884465456008911,0.14687573909759522,0.209431529045105,0.9395897388458252,-0.6343457698822022,-0.3088637590408325,-0.6463477611541748,-0.9127564430236816,-0.635948657989502,0.21963775157928468,0.895989179611206,-0.9864404201507568,-0.998417854309082,-0.3298553228378296,0.8509831428527832,-0.9058287143707277,-0.04348623752593994,-0.09603869915008544,-0.14200222492218018,0.1318415403366089,-0.3221579790115357,-0.2369624376296997,-0.7624120712280273,-0.02917921543121338,-0.6176817417144775,-0.29707586765289309,-0.6895849704742432,0.09716951847076416,-0.17570459842681886,-0.4243236780166626,0.700145959854126,-0.6821355819702148],"legSizes":[0.25,0.25,0.25,0.25,0.25,0.25,0.25,0.25,0.25,0.25,0.25,0.25,0.25,0.25,0.25,0.25,0.25,0.25,0.25,0.25,0.25,0.25,0.25,0.25],"bodySizes":[2.0,2.0,2.0],"name":36864,"generation":1052,"distance":2509.0,"reward":-1377084.125},{"robotdna":[0.7426087856292725,-0.976431369781494,0.8783440589904785,0.874046802520752,0.11828052997589112,0.25205323100090029,-0.7488267421722412,0.5876631736755371,0.10978496074676514,0.162880539894104,-0.5589108467102051,0.6410093307495117,-0.6272296905517578,-0.7573235034942627,-0.5059316158294678,0.07854092121124268,0.793738603591919,-0.19523084163665772,-0.7667808532714844,0.9385569095611572,-0.2713106870651245,0.37079188227653506,0.222281813621521,0.27785179018974306,0.2662062346935272,0.723214864730835,0.7032625675201416,0.6769602298736572,0.46724674105644228,-0.5680663585662842,-0.5580799579620361,-0.2116631269454956,-0.6874227523803711,-0.0636366605758667,-0.2316027879714966,0.3866088092327118,0.24389159679412845,0.9324896335601808,0.09411203861236572,-0.014095902442932128,0.23899972438812257,0.9716298580169678,-0.11456739902496338,0.8779416084289551,-0.05707943439483643,0.008807778358459473,0.23748743534088136,0.5918564796447754,-0.08276808261871338,0.0007332563400268555,-0.0451430082321167,0.9975781440734864,-0.4103661775588989],"legSizes":[0.25,0.25,0.25,0.25,0.25,0.25,0.25,0.25,0.25,0.25,0.25,0.25,0.25,0.25,0.25,0.25,0.25,0.25,0.25,0.25,0.25,0.25,0.25,0.25],"bodySizes":[2.0,2.0,2.0],"name":36836,"generation":1052,"distance":2509.0,"reward":-1391324.25}]}