{"geneDatas":[{"robotdna":[0.4390058219432831,-0.7101778984069824,0.21744096279144288,-0.8001363277435303,0.12614357471466065,0.20933449268341065,0.45277735590934756,-0.2984994649887085,-0.4553951025009155,0.2288447618484497,0.1280912160873413,0.7467148303985596,-0.6077685356140137,-0.7272398471832275,-0.5448806285858154,0.7069053649902344,0.4519190490245819,-0.02283608913421631,0.029109835624694825,0.6573779582977295,-0.8413522243499756,0.5093681812286377,0.016593098640441896,0.12795913219451905,0.3274697959423065,-0.5590336322784424,0.17938530445098878,0.2787098586559296,-0.17571580410003666,0.2644064128398895,-0.25168168544769289,-0.41764843463897707,0.04251468181610108,-0.15333831310272218,0.6692285537719727,-0.8137104511260986,-0.9346423149108888,-0.3984721899032593,-0.13447892665863038,0.6128761768341065,0.3887357413768769,-0.1924461126327515,0.028557181358337404,-0.18455994129180909,-0.7613620758056641,0.1971489191055298,0.602226972579956,0.2544543445110321,0.04514181613922119,0.3189043700695038,0.6777060031890869,0.1140824556350708,-0.9339470863342284],"legSizes":[0.25,0.25,0.25,0.25,0.25,0.25,0.25,0.25,0.25,0.25,0.25,0.25,0.25,0.25,0.25,0.25,0.25,0.25,0.25,0.25,0.25,0.25,0.25,0.25],"bodySizes":[2.0,2.0,2.0],"name":33410,"generation":956,"distance":2509.0,"reward":-1387595.875},{"robotdna":[0.8527743816375732,-0.21734440326690677,0.3402392566204071,-0.7200820446014404,0.9806027412414552,0.843040943145752,0.891068696975708,0.6686983108520508,-0.3684724569320679,-0.8231360912322998,-0.23958003520965577,-0.2443596124649048,0.03709042072296143,-0.4155360460281372,-0.8923735618591309,-0.4731634855270386,0.8717529773712158,0.4676861464977265,-0.3383854627609253,-0.6968381404876709,0.210182785987854,0.932398796081543,-0.3859175443649292,-0.3591505289077759,0.299697607755661,0.13047707080841065,-0.3241120576858521,0.5869550704956055,0.10826122760772704,-0.5820059776306152,0.2620832622051239,0.2643143832683563,-0.9655327796936036,0.39313408732414248,0.3886706531047821,0.05483496189117432,-0.6376059055328369,0.739248514175415,0.26491352915763857,0.4593817889690399,0.16263973712921146,0.9138360023498536,0.19999945163726808,0.262031763792038,-0.6067607402801514,0.5951454639434815,0.40991637110710146,-0.49031245708465578,0.5906860828399658,-0.47823774814605715,0.8813352584838867,-0.6095187664031982,-0.9015541076660156],"legSizes":[0.25,0.25,0.25,0.25,0.25,0.25,0.25,0.25,0.25,0.25,0.25,0.25,0.25,0.25,0.25,0.25,0.25,0.25,0.25,0.25,0.25,0.25,0.25,0.25],"bodySizes":[2.0,2.0,2.0],"name":33441,"generation":956,"distance":2509.0,"reward":-1412522.375},{"robotdna":[-0.5213437080383301,-0.14051902294158936,-0.5448517799377441,0.7919104099273682,-0.336769700050354,-0.3182443380355835,-0.5510694980621338,0.4576391875743866,-0.22704732418060304,0.8186600208282471,0.1350482702255249,0.653162956237793,-0.5199682712554932,-0.9548771381378174,-0.05225718021392822,0.33983227610588076,0.4368643462657929,-0.11241686344146729,0.5139751434326172,-0.21065795421600345,-0.621269941329956,0.7340295314788818,-0.7822897434234619,0.34032103419303896,0.5605671405792236,-0.7482407093048096,-0.5994246006011963,-0.771813154220581,0.5650062561035156,0.15385138988494874,-0.2913395166397095,0.3744194209575653,-0.913383722305298,0.06006133556365967,-0.23603641986846925,-0.3348740339279175,0.5736701488494873,-0.800849437713623,0.5539512634277344,-0.6536080837249756,0.9415497779846193,-0.5847518444061279,0.95235013961792,0.3179320991039276,-0.07591593265533447,-0.7456953525543213,0.8392460346221924,0.0630117654800415,-0.8960189819335938,-0.812553882598877,0.1588350534439087,0.6203000545501709,-0.07541215419769287],"legSizes":[0.25,0.25,0.25,0.25,0.25,0.25,0.25,0.25,0.25,0.25,0.25,0.25,0.25,0.25,0.25,0.25,0.25,0.25,0.25,0.25,0.25,0.25,0.25,0.25],"bodySizes":[2.0,2.0,2.0],"name":33489,"generation":956,"distance":2509.0,"reward":-1426952.25}]}