{"geneDatas":[{"robotdna":[0.02066934108734131,0.02702033519744873,0.3489966094493866,0.47841140627861025,-0.5284135341644287,0.43875429034233096,0.1576024293899536,-0.4150460958480835,-0.5796284675598145,0.8654029369354248,0.1057370901107788,0.7326335906982422,-0.7064886093139648,0.3483891189098358,0.278710812330246,0.8354465961456299,0.19234883785247804,-0.6383528709411621,0.10522949695587158,0.1818181276321411,-0.5257911682128906,0.8138341903686523,-0.1072896718978882,-0.4757918119430542,0.9614322185516356,-0.3736485242843628,-0.7926793098449707,0.07946121692657471,-0.53952956199646,0.0441359281539917,-0.815213680267334,0.22833192348480225,-0.6177802085876465,0.7501857280731201,0.938795804977417,0.17639052867889405,0.020937323570251466,0.8903083801269531,-0.8755741119384766,-0.7816150188446045,-0.8356807231903076,0.1054455041885376,0.0889662504196167,0.8547306060791016,0.8547687530517578,0.5666694641113281,-0.2839044332504273,-0.21539390087127689,-0.03282773494720459,-0.6078402996063232,-0.01774418354034424,-0.561363935470581,-0.6825883388519287],"legSizes":[0.25,0.25,0.25,0.25,0.25,0.25,0.25,0.25,0.25,0.25,0.25,0.25,0.25,0.25,0.25,0.25,0.25,0.25,0.25,0.25,0.25,0.25,0.25,0.25],"bodySizes":[2.0,2.0,2.0],"name":14945,"generation":427,"distance":2509.0,"reward":-1301276.625},{"robotdna":[-0.4172662496566773,-0.02181422710418701,-0.7626395225524902,0.14857208728790284,-0.7157852649688721,0.6565182209014893,0.03872787952423096,-0.6638839244842529,0.8007402420043945,-0.6035399436950684,0.2360001802444458,-0.03299868106842041,-0.9715354442596436,-0.4745446443557739,-0.8017411231994629,0.9245078563690186,0.6962504386901856,-0.8758542537689209,-0.6801109313964844,0.12344276905059816,-0.5996682643890381,0.4904572665691376,0.30939576029777529,-0.5821409225463867,0.9549710750579834,0.4849710166454315,-0.2355819940567017,0.8843810558319092,0.702131986618042,-0.6566996574401856,-0.8970046043395996,-0.7230668067932129,-0.6005196571350098,0.7605383396148682,-0.2927063703536988,-0.7885587215423584,-0.005260348320007324,0.9026691913604736,-0.3299816846847534,0.06509196758270264,-0.3992611169815064,-0.9009544849395752,-0.6535031795501709,0.5098958015441895,-0.2033611536026001,-0.7407004833221436,0.15404045581817628,0.1657775640487671,-0.6068263053894043,0.15685927867889405,-0.223166823387146,-0.5103573799133301,0.2758488357067108],"legSizes":[0.25,0.25,0.25,0.25,0.25,0.25,0.25,0.25,0.25,0.25,0.25,0.25,0.25,0.25,0.25,0.25,0.25,0.25,0.25,0.25,0.25,0.25,0.25,0.25],"bodySizes":[2.0,2.0,2.0],"name":14927,"generation":427,"distance":2509.0,"reward":-1378203.25},{"robotdna":[0.5274724960327148,0.39549562335014346,-0.32243239879608157,0.8434765338897705,-0.9049272537231444,-0.18602168560028077,-0.7312164306640625,0.9742953777313232,-0.7798092365264893,-0.4187856912612915,-0.09977400302886964,-0.011818528175354004,0.9115967750549316,-0.07478940486907959,0.7200009822845459,-0.02274715900421143,-0.10514605045318604,-0.7840096950531006,0.33417651057243349,-0.03135192394256592,0.4684602916240692,-0.3203583955764771,0.4131364524364472,0.506772518157959,0.5158591270446777,0.691842794418335,0.4136790931224823,-0.9658527374267578,-0.0006710290908813477,-0.5341148376464844,-0.4043077230453491,0.9778115749359132,0.5776069164276123,-0.5823078155517578,0.42931410670280459,0.9154281616210938,-0.9970545768737792,0.9145143032073976,0.03861963748931885,0.3330843150615692,0.9984817504882813,0.8760354518890381,0.2816259562969208,0.09402191638946532,-0.12833893299102784,-0.8824472427368164,0.3541617095470429,0.6703512668609619,0.8445227146148682,0.7867720127105713,0.6145150661468506,-0.6065897941589356,-0.4934114217758179],"legSizes":[0.25,0.25,0.25,0.25,0.25,0.25,0.25,0.25,0.25,0.25,0.25,0.25,0.25,0.25,0.25,0.25,0.25,0.25,0.25,0.25,0.25,0.25,0.25,0.25],"bodySizes":[2.0,2.0,2.0],"name":14983,"generation":427,"distance":2509.0,"reward":-1389240.625}]}