{"geneDatas":[{"robotdna":[0.3890239894390106,0.3551304042339325,-0.9804356098175048,-0.2271136045455933,0.5211317539215088,-0.6280295848846436,-0.018143773078918458,-0.7818553447723389,-0.252261757850647,-0.5147991180419922,-0.4126869440078736,-0.9142262935638428,0.5593733787536621,0.4596509635448456,0.5725672245025635,-0.10680782794952393,-0.40861546993255618,-0.7665510177612305,-0.8436226844787598,0.9163012504577636,0.7802398204803467,0.6048507690429688,-0.951374053955078,-0.007692694664001465,0.6869344711303711,0.3824853599071503,-0.639258623123169,-0.8581311702728272,-0.9236483573913574,-0.04581725597381592,0.995230197906494,0.703223466873169,0.913156270980835,-0.21249496936798097,0.2412477731704712,-0.7588403224945068,0.5355665683746338,0.045980095863342288,0.19570624828338624,0.4728898704051972,-0.5852773189544678,0.5865180492401123,-0.5641927719116211,-0.36012065410614016,-0.45800936222076418,-0.9683988094329834,0.014852166175842286,0.6085402965545654,-0.0030118227005004884,-0.5716831684112549,-0.41555917263031008,-0.6566026210784912,0.34897562861442568],"legSizes":[0.25,0.25,0.25,0.25,0.25,0.25,0.25,0.25,0.25,0.25,0.25,0.25,0.25,0.25,0.25,0.25,0.25,0.25,0.25,0.25,0.25,0.25,0.25,0.25],"bodySizes":[2.0,2.0,2.0],"name":14092,"generation":403,"distance":2509.0,"reward":-1319736.25},{"robotdna":[0.03743565082550049,-0.4408925771713257,-0.44586360454559328,0.794752836227417,0.07124674320220947,0.3742646872997284,-0.5422630310058594,-0.299052357673645,0.3130685985088349,-0.2085787057876587,0.3548202216625214,-0.5682170391082764,-0.9037494659423828,-0.5978536605834961,0.8830459117889404,-0.8888423442840576,0.48775169253349306,0.4582688510417938,0.2918996512889862,0.4906708896160126,-0.981720209121704,-0.3246129751205445,0.15514886379241944,0.5278079509735107,-0.04901564121246338,0.403335303068161,-0.3729318380355835,-0.28198301792144778,0.01654970645904541,-0.9236853122711182,0.6007242202758789,0.6224286556243897,-0.04914557933807373,0.9308247566223145,-0.7566642761230469,0.8818621635437012,-0.6371109485626221,-0.627648115158081,0.005598664283752441,0.8226244449615479,-0.5100643634796143,0.8402364253997803,0.05918657779693604,0.4245254695415497,-0.23467814922332765,0.3600277602672577,0.5610437393188477,0.4561195075511933,0.8969385623931885,-0.3528376817703247,0.07323324680328369,-0.653540849685669,-0.04547464847564697],"legSizes":[0.25,0.25,0.25,0.25,0.25,0.25,0.25,0.25,0.25,0.25,0.25,0.25,0.25,0.25,0.25,0.25,0.25,0.25,0.25,0.25,0.25,0.25,0.25,0.25],"bodySizes":[2.0,2.0,2.0],"name":14149,"generation":403,"distance":2509.0,"reward":-1356073.625},{"robotdna":[0.9875290393829346,-0.8922264575958252,-0.2855721712112427,-0.3350158929824829,-0.1212681531906128,-0.8834319114685059,0.3026780784130097,-0.8240089416503906,-0.16264736652374268,-0.5215566158294678,-0.39991724491119387,0.7443737983703613,-0.4396601915359497,0.26897045969963076,-0.8863077163696289,-0.2645069360733032,-0.7135629653930664,-0.9614849090576172,-0.08743155002593994,-0.643211841583252,-0.4636718034744263,0.7398567199707031,0.3208770453929901,-0.3891540765762329,0.7567908763885498,-0.46157705783844,-0.25698649883270266,-0.7863724231719971,-0.6587009429931641,0.6577544212341309,-0.39035165309906008,-0.737419605255127,-0.24250304698944093,-0.5705490112304688,0.964197874069214,-0.562568187713623,0.8412802219390869,0.4271082580089569,-0.7894978523254395,0.33521768450737,0.2686936557292938,0.1626347303390503,0.4555482566356659,-0.9833567142486572,-0.9168024063110352,0.929149866104126,-0.7941770553588867,0.3490118682384491,0.7728061676025391,-0.8704812526702881,0.9321079254150392,-0.887660026550293,0.057428717613220218],"legSizes":[0.25,0.25,0.25,0.25,0.25,0.25,0.25,0.25,0.25,0.25,0.25,0.25,0.25,0.25,0.25,0.25,0.25,0.25,0.25,0.25,0.25,0.25,0.25,0.25],"bodySizes":[2.0,2.0,2.0],"name":14148,"generation":403,"distance":2509.0,"reward":-1372310.375}]}