{"geneDatas":[{"robotdna":[0.19091522693634034,-0.5678772926330566,-0.5053229331970215,-0.2663677930831909,-0.616408109664917,0.5974352359771729,0.1956695318222046,-0.7353096008300781,0.8233463764190674,0.06352651119232178,-0.16981256008148194,-0.04926025867462158,0.5272939205169678,-0.1250847578048706,-0.9581742286682128,-0.4239133596420288,-0.28061091899871828,0.4037306010723114,-0.4733468294143677,-0.7587909698486328,0.13685905933380128,-0.6842203140258789,0.8031337261199951,0.6366512775421143,0.4812204539775849,0.44091174006462099,0.902768611907959,-0.22976887226104737,-0.9112906455993652,0.03653514385223389,0.593113899230957,0.8341515064239502,0.23247206211090089,0.8508238792419434,-0.4098199605941773,-0.4742165803909302,-0.929466724395752,-0.8328993320465088,0.5616166591644287,0.3552963435649872,-0.28404700756073,0.4418909251689911,0.7030973434448242,-0.975543975830078,0.3609451949596405,-0.387248158454895,0.9702637195587158,-0.8428983688354492,-0.01799905300140381,-0.5086884498596191,-0.5753884315490723,-0.7031986713409424,-0.998650312423706],"legSizes":[0.25,0.25,0.25,0.25,0.25,0.25,0.25,0.25,0.25,0.25,0.25,0.25,0.25,0.25,0.25,0.25,0.25,0.25,0.25,0.25,0.25,0.25,0.25,0.25],"bodySizes":[2.0,2.0,2.0],"name":1701,"generation":48,"distance":2508.999755859375,"reward":-1314784.625},{"robotdna":[0.8710336685180664,0.05683505535125733,-0.7340927124023438,0.6886675357818604,0.9170644283294678,0.4947058856487274,0.4316165149211884,0.4283308684825897,0.7786805629730225,0.6707088947296143,0.28223320841789248,-0.3396409749984741,-0.6570923328399658,-0.2789729833602905,-0.7158777713775635,0.5596799850463867,-0.08234179019927979,-0.8209719657897949,0.4111396968364716,0.04268324375152588,0.19860613346099857,-0.14843761920928956,-0.9050593376159668,0.09640419483184816,0.7234499454498291,0.5406806468963623,0.3136198222637177,-0.05076920986175537,0.1104201078414917,-0.25434672832489016,-0.2625540494918823,0.6138842105865479,0.9828791618347168,0.41338488459587099,0.6396512985229492,0.9001028537750244,-0.518744945526123,-0.3678704500198364,-0.7477688789367676,0.2787458598613739,0.2952565848827362,0.3817305266857147,0.9067354202270508,0.6169867515563965,-0.8957424163818359,0.5756790637969971,0.6886777877807617,-0.19029223918914796,-0.511397123336792,0.3162066638469696,-0.10021793842315674,-0.4852701425552368,-0.9583287239074708],"legSizes":[0.25,0.25,0.25,0.25,0.25,0.25,0.25,0.25,0.25,0.25,0.25,0.25,0.25,0.25,0.25,0.25,0.25,0.25,0.25,0.25,0.25,0.25,0.25,0.25],"bodySizes":[2.0,2.0,2.0],"name":1696,"generation":48,"distance":2508.999755859375,"reward":-1346889.0},{"robotdna":[0.36711761355400088,0.3738534152507782,0.6236953735351563,0.5666265487670898,0.06001007556915283,0.06636440753936768,0.837090253829956,-0.2198725938796997,0.21064603328704838,0.8116438388824463,-0.5306012630462647,0.3032712638378144,-0.1665276288986206,0.23613083362579349,0.5353493690490723,0.6716523170471191,-0.04227626323699951,-0.5178070068359375,0.5576074123382568,-0.17085254192352296,0.7483298778533936,-0.1194370985031128,0.558814525604248,0.966977834701538,0.7624304294586182,0.012576699256896973,0.8144207000732422,-0.8557448387145996,-0.5457117557525635,0.08623015880584717,0.24465668201446537,0.5940656661987305,-0.9940824508666992,-0.3002842664718628,-0.06625878810882569,0.3963195979595185,-0.44515883922576907,-0.6005795001983643,0.08833873271942139,-0.06774675846099854,0.6663665771484375,-0.7049164772033691,-0.6000645160675049,-0.06899535655975342,0.4308259189128876,0.3807942569255829,-0.26891863346099856,0.18581640720367433,0.2516443431377411,-0.2410207986831665,-0.5245192050933838,0.9556498527526856,0.9247169494628906],"legSizes":[0.25,0.25,0.25,0.25,0.25,0.25,0.25,0.25,0.25,0.25,0.25,0.25,0.25,0.25,0.25,0.25,0.25,0.25,0.25,0.25,0.25,0.25,0.25,0.25],"bodySizes":[2.0,2.0,2.0],"name":1708,"generation":48,"distance":2508.999755859375,"reward":-1378167.875}]}