{"geneDatas":[{"robotdna":[0.648993730545044,0.18818485736846925,0.16480791568756104,-0.1922696828842163,0.8576810359954834,0.40892526507377627,0.44793006777763369,0.2650007903575897,0.8771522045135498,0.4398398101329804,0.7193150520324707,0.9093713760375976,0.17812597751617433,0.8521080017089844,-0.3558639287948609,0.9127724170684816,0.683218240737915,-0.7582557201385498,-0.10846221446990968,0.6909186840057373,0.3659157454967499,0.7527680397033691,-0.18964135646820069,0.03665578365325928,0.34267541766166689,-0.9828479290008544,-0.8466558456420898,-0.9670021533966065,-0.7900891304016113,-0.9291353225708008,0.32651516795158389,-0.0920778512954712,-0.6574583053588867,-0.7910909652709961,0.8851816654205322,0.6636197566986084,0.1534796953201294,0.8261473178863525,0.4721126258373261,0.7595705986022949,0.6093547344207764,-0.8126473426818848,-0.06951320171356201,-0.7501904964447022,0.22457563877105714,0.9751873016357422,-0.2596982717514038,0.07784593105316162,-0.4213944673538208,-0.7119154930114746,-0.03286254405975342,0.842085599899292,0.5326929092407227],"legSizes":[0.25,0.25,0.25,0.25,0.25,0.25,0.25,0.25,0.25,0.25,0.25,0.25,0.25,0.25,0.25,0.25,0.25,0.25,0.25,0.25,0.25,0.25,0.25,0.25],"bodySizes":[2.0,2.0,2.0],"name":36631,"generation":1047,"distance":2509.0,"reward":-1334894.625},{"robotdna":[-0.41836416721344,-0.2907782793045044,-0.96993088722229,0.4299955070018769,0.11626136302947998,0.9947903156280518,-0.45162975788116457,-0.3962949514389038,-0.9442553520202636,-0.9820187091827392,-0.676459550857544,-0.931286096572876,0.7336454391479492,-0.9192800521850586,-0.23169410228729249,-0.17852795124053956,0.5465950965881348,-0.3178223371505738,0.9144463539123536,0.5744068622589111,0.1837552785873413,0.5389442443847656,0.3902406394481659,-0.5951099395751953,-0.6832764148712158,0.4416274726390839,-0.16804850101470948,-0.3707691431045532,0.5426630973815918,0.2461172342300415,0.3316907584667206,-0.2508100271224976,0.04085338115692139,0.2511431872844696,-0.9063572883605956,0.03737294673919678,-0.4303902387619019,0.5844478607177734,0.6412155628204346,-0.24914276599884034,0.7588965892791748,0.5324258804321289,-0.6433608531951904,0.8722434043884277,0.6834793090820313,-0.2762113809585572,0.6629891395568848,0.6545937061309815,-0.7233355045318604,0.4173197448253632,0.37628909945487978,0.793135404586792,-0.9730262756347656],"legSizes":[0.25,0.25,0.25,0.25,0.25,0.25,0.25,0.25,0.25,0.25,0.25,0.25,0.25,0.25,0.25,0.25,0.25,0.25,0.25,0.25,0.25,0.25,0.25,0.25],"bodySizes":[2.0,2.0,2.0],"name":36623,"generation":1047,"distance":2509.0,"reward":-1367429.25},{"robotdna":[0.4084610641002655,-0.4409478902816773,0.2067347764968872,-0.76039719581604,0.4417888820171356,-0.9990699291229248,-0.15568029880523685,-0.7610135078430176,0.16197454929351808,-0.1039966344833374,0.454081267118454,0.11610496044158936,-0.347169041633606,-0.8652689456939697,0.16227257251739506,-0.8798849582672119,0.3549472987651825,-0.2474132776260376,-0.7589764595031738,-0.9841175079345704,0.3354294002056122,-0.2778199911117554,0.07525694370269776,0.5581326484680176,-0.6429059505462647,-0.39819371700286868,0.5094640254974365,0.8446781635284424,-0.17010915279388429,0.2776343524456024,-0.7803816795349121,0.5729541778564453,0.17361795902252198,-0.09121930599212648,0.4149596393108368,0.17521536350250245,0.1868568658828735,-0.5922682285308838,-0.7553560733795166,0.650815486907959,-0.1167992353439331,0.9832525253295898,-0.1032952070236206,0.10365092754364014,0.3405425250530243,0.8121685981750488,0.37282368540763857,0.4688434302806854,-0.8066668510437012,0.7828884124755859,-0.02634108066558838,-0.910193681716919,0.2896561324596405],"legSizes":[0.25,0.25,0.25,0.25,0.25,0.25,0.25,0.25,0.25,0.25,0.25,0.25,0.25,0.25,0.25,0.25,0.25,0.25,0.25,0.25,0.25,0.25,0.25,0.25],"bodySizes":[2.0,2.0,2.0],"name":36694,"generation":1047,"distance":2509.0,"reward":-1384507.0}]}