{"geneDatas":[{"robotdna":[0.8415467739105225,0.5853002071380615,-0.3270975351333618,-0.5941143035888672,0.03344380855560303,0.4595770537853241,-0.3759258985519409,-0.40591299533844,-0.5480852127075195,0.1131812334060669,-0.26918232440948489,-0.3211981058120728,0.6495552062988281,0.8581981658935547,0.3839275538921356,0.8621971607208252,-0.3166579008102417,0.22635304927825929,-0.3040672540664673,0.7623047828674316,-0.5464565753936768,0.8483645915985107,0.8437178134918213,-0.7603623867034912,-0.6602034568786621,-0.6716275215148926,0.2848045527935028,-0.15546643733978272,0.5948836803436279,0.01229560375213623,-0.49167001247406008,0.638707160949707,-0.030820488929748536,-0.18272888660430909,-0.1343897581100464,0.5076873302459717,0.22246921062469486,0.756995439529419,0.8252363204956055,0.9092326164245606,-0.8623547554016113,-0.02929532527923584,-0.08921682834625244,0.09299099445343018,0.9248464107513428,0.7360193729400635,0.9297976493835448,-0.497698187828064,0.5862760543823242,0.7069270610809326,0.753770112991333,0.1596294641494751,-0.45756375789642336],"legSizes":[0.25,0.25,0.25,0.25,0.25,0.25,0.25,0.25,0.25,0.25,0.25,0.25,0.25,0.25,0.25,0.25,0.25,0.25,0.25,0.25,0.25,0.25,0.25,0.25],"bodySizes":[2.0,2.0,2.0],"name":5053,"generation":143,"distance":2509.000244140625,"reward":-1378862.625},{"robotdna":[0.6338820457458496,-0.09500014781951904,0.8309876918792725,-0.710963249206543,0.9165987968444824,0.8680064678192139,-0.3502093553543091,0.21358168125152589,-0.07315433025360108,0.5950717926025391,-0.6905457973480225,0.04605615139007569,0.05633819103240967,-0.7038846015930176,-0.36646926403045657,0.6328988075256348,0.49689385294914248,0.6914775371551514,-0.2884026765823364,0.744147777557373,0.7347626686096191,-0.5556125640869141,0.13241994380950929,-0.12040078639984132,0.13077867031097413,0.7953519821166992,0.3909690082073212,-0.829204797744751,-0.3211778402328491,-0.8659696578979492,0.5933165550231934,-0.3427945375442505,-0.3620055913925171,0.7253236770629883,0.7436668872833252,0.3045327365398407,-0.896554708480835,-0.8146061897277832,-0.1309136152267456,-0.7199196815490723,-0.8388681411743164,0.3375496566295624,0.3391856849193573,0.0083237886428833,0.5200607776641846,0.7897980213165283,0.34372708201408389,0.10825598239898682,-0.3674999475479126,0.931065559387207,0.8068056106567383,0.7691760063171387,-0.6057074069976807],"legSizes":[0.25,0.25,0.25,0.25,0.25,0.25,0.25,0.25,0.25,0.25,0.25,0.25,0.25,0.25,0.25,0.25,0.25,0.25,0.25,0.25,0.25,0.25,0.25,0.25],"bodySizes":[2.0,2.0,2.0],"name":5038,"generation":143,"distance":2509.000244140625,"reward":-1431640.375},{"robotdna":[0.7592742443084717,0.7466232776641846,-0.6251308917999268,0.0593034029006958,-0.7566161155700684,0.9229223728179932,0.466232031583786,-0.57792067527771,-0.22900283336639405,-0.9858522415161132,0.034027934074401858,-0.876549243927002,0.40471789240837099,-0.8943285942077637,0.8413209915161133,0.7797133922576904,0.8717882633209229,-0.5768451690673828,-0.5792162418365479,0.9731178283691406,-0.3713120222091675,0.8881385326385498,0.06480491161346436,0.3484031856060028,-0.9244801998138428,-0.1749488115310669,-0.5384836196899414,-0.3353480100631714,-0.845583438873291,-0.25833356380462649,-0.7609021663665772,-0.3988746404647827,0.8865630626678467,0.9995031356811525,0.9900836944580078,0.9444851875305176,-0.464372992515564,-0.8870007991790772,-0.7214879989624023,-0.9789595603942872,0.462954729795456,-0.7915186882019043,-0.06713402271270752,-0.08642923831939697,-0.7751283645629883,0.3678970038890839,-0.2552076578140259,-0.9641873836517334,0.12487375736236572,-0.9907615184783936,-0.6852443218231201,0.6438264846801758,-0.30357491970062258],"legSizes":[0.25,0.25,0.25,0.25,0.25,0.25,0.25,0.25,0.25,0.25,0.25,0.25,0.25,0.25,0.25,0.25,0.25,0.25,0.25,0.25,0.25,0.25,0.25,0.25],"bodySizes":[2.0,2.0,2.0],"name":5026,"generation":143,"distance":2509.000244140625,"reward":-1444662.0}]}