{"geneDatas":[{"robotdna":[0.19950854778289796,0.2602996528148651,0.9961833953857422,-0.4867037534713745,-0.4512385129928589,-0.7448148727416992,0.5831794738769531,0.37781283259391787,-0.3258134126663208,-0.8757712841033936,0.1052473783493042,0.5714387893676758,0.3171145617961884,-0.9720113277435304,0.33818766474723818,0.14513623714447022,-0.5962052345275879,0.7542843818664551,0.693850040435791,-0.853287935256958,-0.7312173843383789,-0.5051522254943848,0.7837896347045898,0.6963241100311279,-0.6352102756500244,-0.6244165897369385,0.12150990962982178,-0.23130500316619874,0.32225295901298525,-0.982236623764038,0.7190899848937988,0.9129805564880372,0.9613935947418212,0.5925643444061279,0.01917397975921631,-0.06437456607818604,-0.5315384864807129,-0.02334296703338623,0.1875523328781128,-0.07671988010406494,0.6570112705230713,0.8717193603515625,0.574765682220459,0.015572667121887209,0.7522926330566406,-0.27870285511016848,-0.18084418773651124,-0.2092345952987671,0.7195906639099121,-0.9125697612762452,-0.08791649341583252,-0.0535053014755249,-0.20109212398529056],"legSizes":[0.25,0.25,0.25,0.25,0.25,0.25,0.25,0.25,0.25,0.25,0.25,0.25,0.25,0.25,0.25,0.25,0.25,0.25,0.25,0.25,0.25,0.25,0.25,0.25],"bodySizes":[2.0,2.0,2.0],"name":18832,"generation":537,"distance":2509.0,"reward":-1334985.125},{"robotdna":[-0.09474551677703858,-0.6774749755859375,0.4017939269542694,0.3984667956829071,0.2526421248912812,0.28325673937797549,-0.20901143550872804,0.5563788414001465,0.5467464923858643,-0.6158335208892822,0.7839763164520264,0.6756758689880371,0.02184450626373291,-0.20036113262176517,-0.7762072086334229,0.2869021594524384,-0.8047628402709961,-0.3082829713821411,-0.7672195434570313,-0.4086836576461792,-0.9389169216156006,-0.45124709606170657,-0.8231425285339356,-0.4536675214767456,0.1094719171524048,-0.7198746204376221,0.48815295100212099,-0.786231517791748,-0.9724228382110596,-0.7614588737487793,0.7959377765655518,-0.5355985164642334,-0.13337385654449464,-0.3659681081771851,0.20599281787872318,0.7400941848754883,0.8255259990692139,-0.6773924827575684,0.10736405849456789,0.10325729846954346,0.4650127589702606,0.8362026214599609,-0.4997204542160034,0.3000433146953583,0.7043237686157227,-0.5313067436218262,0.8962419033050537,-0.3761774301528931,0.025050759315490724,-0.7177896499633789,0.8888940811157227,-0.2742704153060913,-0.7959375381469727],"legSizes":[0.25,0.25,0.25,0.25,0.25,0.25,0.25,0.25,0.25,0.25,0.25,0.25,0.25,0.25,0.25,0.25,0.25,0.25,0.25,0.25,0.25,0.25,0.25,0.25],"bodySizes":[2.0,2.0,2.0],"name":18844,"generation":537,"distance":2509.0,"reward":-1400820.5},{"robotdna":[0.17909109592437745,-0.938833236694336,-0.1636894941329956,0.968639612197876,0.7681782245635986,-0.4635659456253052,-0.051630377769470218,0.07462513446807862,-0.500455379486084,0.5677294731140137,0.4121443927288056,-0.7803459167480469,0.20997345447540284,-0.007172942161560059,-0.10658442974090576,-0.5033364295959473,-0.7755837440490723,-0.6957931518554688,0.4275819957256317,0.9296159744262696,-0.12529337406158448,0.4035780131816864,-0.7551171779632568,-0.6351332664489746,-0.30706846714019778,0.19739997386932377,0.6277506351470947,-0.36811602115631106,0.3469330966472626,-0.9796023368835448,0.5927603244781494,-0.1654123067855835,0.4222263991832733,-0.9429280757904052,0.7740674018859863,-0.6153671741485596,-0.6814281940460205,-0.07043063640594483,0.825474739074707,-0.1688774824142456,-0.7018134593963623,-0.5358262062072754,-0.5983321666717529,0.13864243030548097,-0.9374899864196776,0.8391187191009522,0.9342057704925536,-0.615523099899292,0.3807973563671112,-0.9721801280975342,0.5869042873382568,-0.4063616991043091,0.18402612209320069],"legSizes":[0.25,0.25,0.25,0.25,0.25,0.25,0.25,0.25,0.25,0.25,0.25,0.25,0.25,0.25,0.25,0.25,0.25,0.25,0.25,0.25,0.25,0.25,0.25,0.25],"bodySizes":[2.0,2.0,2.0],"name":18820,"generation":537,"distance":2509.0,"reward":-1403329.625}]}