{"geneDatas":[{"robotdna":[-0.5791013240814209,-0.9790291786193848,-0.3544536828994751,-0.035797953605651858,0.8807768821716309,-0.8111543655395508,0.20172202587127689,-0.02756774425506592,-0.384924054145813,0.5644185543060303,0.8201351165771484,0.2212387323379517,-0.07763040065765381,0.8890981674194336,-0.2630420923233032,0.3861422240734101,0.1879051923751831,-0.25039851665496828,-0.8243958950042725,0.9540970325469972,0.3278641402721405,0.3075613677501679,-0.30099761486053469,-0.5971705913543701,-0.11733734607696532,0.5364060401916504,-0.11640298366546632,-0.6359748840332031,0.7454748153686523,-0.4547184705734253,-0.19560587406158448,0.966090440750122,0.7486846446990967,0.3697838485240937,0.1834198236465454,-0.2690848112106323,0.6722781658172607,0.6093206405639648,0.4498052299022675,0.007854580879211426,0.00017249584197998047,0.5114214420318604,-0.886859655380249,0.4903542697429657,0.24462592601776124,-0.824709415435791,0.37340280413627627,0.7255322933197022,-0.130487322807312,0.8060667514801025,-0.3325232267379761,-0.10696327686309816,0.4501795470714569],"legSizes":[0.25,0.25,0.25,0.25,0.25,0.25,0.25,0.25,0.25,0.25,0.25,0.25,0.25,0.25,0.25,0.25,0.25,0.25,0.25,0.25,0.25,0.25,0.25,0.25],"bodySizes":[2.0,2.0,2.0],"name":1289,"generation":36,"distance":2509.0,"reward":-1320860.0},{"robotdna":[-0.4982341527938843,-0.8502209186553955,-0.6528139114379883,0.5602569580078125,0.7414491176605225,0.6417529582977295,-0.5702924728393555,0.5871422290802002,0.9874541759490968,0.945671796798706,-0.2775501012802124,-0.3477698564529419,-0.9068334102630616,0.7850689888000488,0.04216635227203369,-0.4398764371871948,-0.7722482681274414,-0.8563048839569092,-0.4596091508865357,-0.9340035915374756,-0.2914959192276001,-0.15467345714569093,-0.6235058307647705,-0.8024923801422119,0.20315182209014893,0.03584372997283936,-0.04953968524932861,0.8337850570678711,0.01715528964996338,-0.2769705057144165,-0.6446065902709961,-0.15400350093841554,0.36989709734916689,-0.3109182119369507,0.14051496982574464,0.62717604637146,-0.8747358322143555,-0.8791844844818115,0.772719144821167,0.9611451625823976,0.923053503036499,-0.5874433517456055,-0.7803196907043457,-0.2129751443862915,-0.7302548885345459,0.08028972148895264,-0.4813019037246704,0.19982564449310304,-0.24110281467437745,0.12920963764190677,0.7202925682067871,-0.04899227619171143,0.005291819572448731],"legSizes":[0.25,0.25,0.25,0.25,0.25,0.25,0.25,0.25,0.25,0.25,0.25,0.25,0.25,0.25,0.25,0.25,0.25,0.25,0.25,0.25,0.25,0.25,0.25,0.25],"bodySizes":[2.0,2.0,2.0],"name":1226,"generation":36,"distance":2509.0,"reward":-1326100.875},{"robotdna":[0.4378792941570282,-0.13670265674591065,-0.6267564296722412,-0.7643375396728516,0.6610486507415772,-0.5838243961334229,-0.7481553554534912,-0.7584340572357178,-0.8225195407867432,0.4620639979839325,-0.16186726093292237,0.4829470813274384,0.9189841747283936,-0.3253868818283081,0.3456389605998993,-0.8258407115936279,0.5554108619689941,-0.35779130458831789,-0.22330939769744874,-0.901573896408081,0.9787600040435792,-0.7682030200958252,0.9857895374298096,0.4961085021495819,0.025632262229919438,-0.18264281749725345,0.0608593225479126,0.6347019672393799,0.7631990909576416,-0.9225687980651856,0.485763281583786,0.4803106486797333,0.8495018482208252,0.2589082419872284,0.2827012240886688,-0.5571141242980957,-0.04042613506317139,0.8390853404998779,0.7884700298309326,0.21097314357757569,0.7630679607391357,-0.9124751091003418,-0.8050973415374756,-0.733100414276123,-0.45675766468048098,-0.21075427532196049,-0.12572252750396729,0.9589192867279052,0.7150959968566895,-0.7202014923095703,-0.09680736064910889,-0.4305628538131714,0.6627938747406006],"legSizes":[0.25,0.25,0.25,0.25,0.25,0.25,0.25,0.25,0.25,0.25,0.25,0.25,0.25,0.25,0.25,0.25,0.25,0.25,0.25,0.25,0.25,0.25,0.25,0.25],"bodySizes":[2.0,2.0,2.0],"name":1297,"generation":36,"distance":2509.0,"reward":-1358290.0}]}