{"geneDatas":[{"robotdna":[0.17567884922027589,-0.2329305410385132,0.5481400489807129,-0.4616357088088989,-0.07149112224578858,-0.3322378396987915,-0.988370418548584,-0.32507359981536868,-0.24097049236297608,-0.3670748472213745,-0.1546863317489624,-0.8454704284667969,-0.4177767038345337,-0.6527788639068604,0.6194758415222168,-0.5108401775360107,-0.34304821491241457,0.9614303112030028,-0.22493112087249757,0.8283178806304932,-0.7651832103729248,-0.9586293697357178,-0.14680325984954838,-0.9024438858032228,-0.1264702081680298,0.03067123889923096,-0.8413565158843994,-0.8113396167755127,0.9875917434692384,-0.5697953701019287,0.1988157033920288,0.9955606460571288,0.5041821002960205,0.15245592594146729,0.5442154407501221,-0.1840602159500122,0.3923365771770478,-0.841113805770874,-0.3155556917190552,-0.6042313575744629,-0.4351452589035034,0.9815115928649902,0.4476604163646698,0.2795204818248749,-0.6107468605041504,0.6544187068939209,0.8139300346374512,-0.6497902870178223,0.9595329761505128,-0.3190547227859497,0.15191924571990968,-0.973618984222412,0.1880134344100952],"legSizes":[0.25,0.25,0.25,0.25,0.25,0.25,0.25,0.25,0.25,0.25,0.25,0.25,0.25,0.25,0.25,0.25,0.25,0.25,0.25,0.25,0.25,0.25,0.25,0.25],"bodySizes":[2.0,2.0,2.0],"name":357,"generation":9,"distance":2509.0,"reward":-1297534.25},{"robotdna":[0.1964782476425171,0.4769112765789032,-0.4755445718765259,0.7532885074615479,0.5653562545776367,0.38990113139152529,0.4871813952922821,0.5433816909790039,0.7929587364196777,-0.4887725114822388,-0.400243878364563,0.15564954280853272,0.9915060997009276,0.5201687812805176,0.3385677039623261,0.6779742240905762,0.919940710067749,0.7597250938415527,0.5562727451324463,-0.09390509128570557,-0.3264704942703247,-0.4898959398269654,-0.8239762783050537,-0.4477540254592896,0.3747112452983856,-0.9917795658111572,-0.6387801170349121,-0.2161294221878052,-0.42207300662994387,0.6594400405883789,0.1250070333480835,0.9006116390228272,0.031922221183776858,0.9833345413208008,-0.6288418769836426,-0.828310489654541,0.19346630573272706,-0.8426563739776611,-0.21526658535003666,0.6500306129455566,0.8397109508514404,0.2880119979381562,0.6986427307128906,0.9120328426361084,0.7733674049377441,0.4058074653148651,-0.009040236473083496,-0.6430544853210449,0.9833548069000244,0.0932692289352417,-0.8605630397796631,-0.595137357711792,0.8330590724945068],"legSizes":[0.25,0.25,0.25,0.25,0.25,0.25,0.25,0.25,0.25,0.25,0.25,0.25,0.25,0.25,0.25,0.25,0.25,0.25,0.25,0.25,0.25,0.25,0.25,0.25],"bodySizes":[2.0,2.0,2.0],"name":337,"generation":9,"distance":2509.0,"reward":-1330068.75},{"robotdna":[0.4590127170085907,0.7472877502441406,0.4799000918865204,0.6679551601409912,-0.46580255031585696,0.2878145873546601,-0.6207599639892578,-0.7455127239227295,0.9773929119110109,-0.01379859447479248,-0.19927561283111573,-0.804621696472168,0.08210885524749756,-0.7817280292510986,-0.9919750690460204,0.4400276839733124,0.4782356917858124,-0.9622502326965332,-0.4351898431777954,-0.1984933614730835,0.7278733253479004,-0.74526047706604,-0.09104382991790772,0.20466601848602296,-0.4218355417251587,-0.3117436170578003,0.8009178638458252,0.29184243083000185,-0.0900965929031372,-0.9707481861114502,0.6566493511199951,0.8645970821380615,-0.04890835285186768,0.05345809459686279,0.23306095600128177,-0.7563560009002686,-0.2582658529281616,-0.463159441947937,-0.7429406642913818,-0.504417896270752,-0.4271429777145386,0.8093187808990479,0.6561956405639648,-0.5373973846435547,-0.3241182565689087,0.1664496660232544,0.25153324007987978,0.6345713138580322,0.3802315890789032,0.9836735725402832,0.6882092952728272,0.3051092326641083,-0.8809113502502441],"legSizes":[0.25,0.25,0.25,0.25,0.25,0.25,0.25,0.25,0.25,0.25,0.25,0.25,0.25,0.25,0.25,0.25,0.25,0.25,0.25,0.25,0.25,0.25,0.25,0.25],"bodySizes":[2.0,2.0,2.0],"name":310,"generation":9,"distance":2509.0,"reward":-1427884.875}]}