{"geneDatas":[{"robotdna":[0.9873180389404296,-0.38187968730926516,0.6426866054534912,-0.009921431541442873,0.26142069697380068,0.9479656219482422,-0.7069454193115234,0.9104735851287842,-0.4909657239913941,0.07228171825408936,0.564511775970459,0.8462815284729004,-0.20150363445281986,0.2887942492961884,-0.3195852041244507,0.466743677854538,-0.5447373390197754,-0.623786211013794,-0.2153075933456421,-0.2287043333053589,-0.19033896923065184,-0.7212550640106201,0.1660381555557251,-0.8369016647338867,-0.12590420246124268,-0.4823442697525025,-0.36378657817840578,0.7877576351165772,0.8165135383605957,0.5307857990264893,0.11074841022491457,0.3311032950878144,-0.7178006172180176,-0.5245192050933838,0.1175168752670288,-0.5748803615570068,0.9794189929962158,0.31345507502555849,-0.5645904541015625,0.5091097354888916,-0.8927171230316162,0.29297181963920596,-0.8844842910766602,0.979724645614624,0.9191653728485109,-0.5906872749328613,-0.898414134979248,-0.43543803691864016,0.193276047706604,0.939262628555298,-0.6158881187438965,-0.9317305088043212,0.1044837236404419],"legSizes":[0.25,0.25,0.25,0.25,0.25,0.25,0.25,0.25,0.25,0.25,0.25,0.25,0.25,0.25,0.25,0.25,0.25,0.25,0.25,0.25,0.25,0.25,0.25,0.25],"bodySizes":[2.0,2.0,2.0],"name":30059,"generation":861,"distance":2509.0,"reward":-1360046.125},{"robotdna":[0.9150023460388184,-0.8465859889984131,-0.6318910121917725,-0.11036956310272216,-0.6119446754455566,0.45808860659599306,-0.0482405424118042,-0.587754487991333,0.7215111255645752,-0.652418851852417,0.1829856634140015,-0.07699429988861084,-0.3934308290481568,-0.19934284687042237,0.9570012092590332,-0.606255292892456,-0.7436742782592773,-0.3563567399978638,-0.8747045993804932,0.04449641704559326,0.27719780802726748,0.5351555347442627,0.815802812576294,0.4346589744091034,0.6026425361633301,0.8561806678771973,-0.12885034084320069,-0.1132274866104126,0.604525089263916,0.8611319065093994,0.7529020309448242,0.4978933036327362,0.6836450099945068,-0.5693149566650391,0.8815004825592041,0.1928192377090454,0.3714825809001923,0.42269036173820498,-0.7063567638397217,-0.4401069879531861,-0.3660463094711304,-0.9228863716125488,0.8767185211181641,-0.8190395832061768,0.8862338066101074,-0.13657653331756593,0.24828875064849857,0.5783042907714844,-0.7903878688812256,-0.12942278385162354,0.4490770995616913,0.08079636096954346,0.544262170791626],"legSizes":[0.25,0.25,0.25,0.25,0.25,0.25,0.25,0.25,0.25,0.25,0.25,0.25,0.25,0.25,0.25,0.25,0.25,0.25,0.25,0.25,0.25,0.25,0.25,0.25],"bodySizes":[2.0,2.0,2.0],"name":30155,"generation":861,"distance":2509.0,"reward":-1413120.25},{"robotdna":[-0.4544023275375366,0.3344556987285614,-0.2987700700759888,0.727165699005127,0.8907516002655029,-0.6038691997528076,0.6503665447235107,-0.3650740385055542,0.7632110118865967,-0.9381227493286132,0.7606847286224365,0.042775511741638187,-0.7991447448730469,0.9746131896972656,0.3309724032878876,0.20333349704742433,-0.4125102758407593,-0.4460614919662476,-0.9629666805267334,-0.3696252107620239,0.19262564182281498,-0.135506272315979,-0.7750980854034424,-0.8886218070983887,-0.5019121170043945,0.5143849849700928,-0.5861239433288574,0.5442173480987549,-0.8070938587188721,0.6869471073150635,0.1711970567703247,0.6763560771942139,0.058937907218933108,-0.6176962852478027,-0.4009441137313843,-0.11050069332122804,0.1920853853225708,-0.35356438159942629,0.412504643201828,-0.386858344078064,-0.4235728979110718,-0.8286759853363037,0.6042349338531494,0.6625196933746338,-0.470361590385437,0.4441597163677216,0.058434367179870608,-0.5651965141296387,-0.938706636428833,-0.7685363292694092,0.107383131980896,0.6185922622680664,0.8415126800537109],"legSizes":[0.25,0.25,0.25,0.25,0.25,0.25,0.25,0.25,0.25,0.25,0.25,0.25,0.25,0.25,0.25,0.25,0.25,0.25,0.25,0.25,0.25,0.25,0.25,0.25],"bodySizes":[2.0,2.0,2.0],"name":30160,"generation":861,"distance":2509.0,"reward":-1425074.625}]}