{"geneDatas":[{"robotdna":[0.019726872444152833,-0.7690467834472656,0.4897901713848114,0.9811253547668456,-0.6412739753723145,-0.256733775138855,0.7744672298431397,0.2100268602371216,-0.6757199764251709,-0.7495286464691162,0.8369872570037842,0.2738415896892548,-0.9328548908233644,0.5024478435516357,0.685204267501831,-0.11278140544891358,-0.7861406803131104,-0.6487743854522705,-0.03790891170501709,0.9011151790618897,0.21195566654205326,-0.3368850946426392,0.7253074645996094,-0.0697401762008667,0.6192586421966553,0.11147415637969972,-0.17044270038604737,0.49933621287345889,0.3801834285259247,0.72019362449646,0.31537362933158877,0.4196119010448456,-0.7811281681060791,-0.3915499448776245,-0.6820335388183594,-0.853520393371582,-0.6603403091430664,-0.677448034286499,0.5972552299499512,0.03768289089202881,-0.6120390892028809,-0.36918556690216067,-0.091438889503479,0.9519486427307128,0.8180160522460938,-0.7215800285339356,-0.53121018409729,0.589252233505249,0.34702131152153017,0.07796633243560791,-0.1829437017440796,-0.13659298419952393,-0.7373802661895752],"legSizes":[0.25,0.25,0.25,0.25,0.25,0.25,0.25,0.25,0.25,0.25,0.25,0.25,0.25,0.25,0.25,0.25,0.25,0.25,0.25,0.25,0.25,0.25,0.25,0.25],"bodySizes":[2.0,2.0,2.0],"name":4449,"generation":126,"distance":2509.000244140625,"reward":-1295802.0},{"robotdna":[-0.8960249423980713,-0.11181581020355225,0.6768207550048828,-0.5361983776092529,-0.06066858768463135,0.6206274032592773,-0.4188922643661499,0.20374834537506104,-0.6665842533111572,0.4145207107067108,-0.3917380571365357,-0.4017380475997925,0.1927715539932251,0.8158719539642334,0.4771542251110077,0.192785382270813,0.2987668216228485,0.540571928024292,-0.08537638187408447,0.570159912109375,0.9634945392608644,-0.6269993782043457,-0.4581538438796997,-0.082084059715271,0.68939208984375,0.880479097366333,-0.47782838344573977,-0.46018683910369875,-0.36115872859954836,0.3621086776256562,-0.07589781284332276,-0.20198500156402589,-0.8839206695556641,-0.8245654106140137,0.397180050611496,-0.05203282833099365,-0.009053349494934082,0.29697510600090029,-0.05762660503387451,0.42780253291130068,0.2130378484725952,-0.22792112827301024,0.1043003797531128,-0.6029815673828125,-0.8464758396148682,0.9956469535827636,0.4841067492961884,0.7868382930755615,0.4020070731639862,0.5360629558563232,0.6626894474029541,0.3898696601390839,-0.3501142263412476],"legSizes":[0.25,0.25,0.25,0.25,0.25,0.25,0.25,0.25,0.25,0.25,0.25,0.25,0.25,0.25,0.25,0.25,0.25,0.25,0.25,0.25,0.25,0.25,0.25,0.25],"bodySizes":[2.0,2.0,2.0],"name":4381,"generation":126,"distance":2509.000244140625,"reward":-1322148.0},{"robotdna":[-0.9847891330718994,0.8689751625061035,0.23101675510406498,0.08363544940948487,0.9972119331359864,-0.3268533945083618,0.8761038780212402,-0.8972628116607666,-0.4108039140701294,-0.8498170375823975,-0.9637107849121094,0.5501718521118164,0.07097017765045166,0.002511143684387207,-0.9612748622894288,0.7594499588012695,0.36200496554374697,-0.3796294927597046,0.15282022953033448,0.6086888313293457,0.6390781402587891,-0.703930139541626,0.3386163413524628,0.3364610373973847,-0.10860264301300048,-0.4919732809066773,-0.04443323612213135,0.9087913036346436,-0.4172455072402954,0.17860686779022218,-0.5280942916870117,0.7378530502319336,-0.33119308948516848,-0.7758779525756836,-0.706953763961792,0.6721105575561523,0.6915168762207031,0.43646475672721865,0.01716458797454834,-0.3563903570175171,-0.29788529872894289,-0.2986263036727905,0.2845623195171356,0.35221096873283389,0.5335655212402344,-0.6780297756195068,-0.17294347286224366,0.8909614086151123,-0.03858363628387451,-0.8040194511413574,0.8173725605010986,-0.030949950218200685,-0.7524325847625732],"legSizes":[0.25,0.25,0.25,0.25,0.25,0.25,0.25,0.25,0.25,0.25,0.25,0.25,0.25,0.25,0.25,0.25,0.25,0.25,0.25,0.25,0.25,0.25,0.25,0.25],"bodySizes":[2.0,2.0,2.0],"name":4459,"generation":126,"distance":2509.000244140625,"reward":-1348708.75}]}