{"geneDatas":[{"robotdna":[0.7411856651306152,0.9672255516052246,0.28441426157951357,-0.5373079776763916,0.10555493831634522,0.4655296504497528,-0.42924964427948,-0.06115615367889404,-0.9480581283569336,0.8029606342315674,0.5786340236663818,0.10462558269500733,0.9121036529541016,0.10863316059112548,-0.8208520412445068,-0.923062801361084,-0.6081931591033936,0.7250335216522217,0.842792272567749,-0.6150548458099365,0.5286493301391602,0.3502266108989716,-0.09372341632843018,0.15206634998321534,0.22152817249298097,0.3472854793071747,-0.8523087501525879,-0.555828332901001,0.13804686069488526,0.8992104530334473,0.4104587733745575,-0.1368478536605835,-0.6001081466674805,0.7470431327819824,0.2858829200267792,-0.09013235569000244,-0.7475113868713379,0.3455910384654999,-0.46235644817352297,0.13456857204437257,0.15356957912445069,0.4634716212749481,0.252907007932663,0.15835487842559818,0.16737258434295658,-0.4656847715377808,0.7990467548370361,-0.20772850513458253,-0.05869114398956299,0.11613404750823976,-0.6858737468719482,-0.3320580720901489,0.20291054248809818],"legSizes":[0.25,0.25,0.25,0.25,0.25,0.25,0.25,0.25,0.25,0.25,0.25,0.25,0.25,0.25,0.25,0.25,0.25,0.25,0.25,0.25,0.25,0.25,0.25,0.25],"bodySizes":[2.0,2.0,2.0],"name":29380,"generation":839,"distance":2508.999755859375,"reward":-1382355.75},{"robotdna":[0.1783534288406372,-0.9732708930969238,-0.423162579536438,0.9537663459777832,0.6464138031005859,0.2207084894180298,0.07848680019378662,0.5892109870910645,0.4974622428417206,-0.9048688411712648,0.408055990934372,-0.3611472845077515,-0.8663861751556397,-0.2702540159225464,0.42438170313835146,-0.831369161605835,0.1678379774093628,0.01279294490814209,-0.10326611995697022,0.7217249870300293,0.5543274879455566,0.2520529925823212,-0.7267043590545654,-0.690178632736206,-0.8387253284454346,-0.622286319732666,0.8954188823699951,-0.314860463142395,-0.18560588359832765,-0.6730492115020752,0.31836387515068056,-0.7847335338592529,-0.9948549270629884,0.7468063831329346,0.7405483722686768,0.8194308280944824,0.4132835566997528,-0.9062826633453368,0.999321460723877,0.0318673849105835,-0.11929380893707276,0.7258715629577637,0.7864558696746826,-0.7699708938598633,0.3885886371135712,-0.7562792301177979,0.7309434413909912,-0.6443195343017578,-0.03694498538970947,0.4154472053050995,-0.605964183807373,0.8631319999694824,0.5190086364746094],"legSizes":[0.25,0.25,0.25,0.25,0.25,0.25,0.25,0.25,0.25,0.25,0.25,0.25,0.25,0.25,0.25,0.25,0.25,0.25,0.25,0.25,0.25,0.25,0.25,0.25],"bodySizes":[2.0,2.0,2.0],"name":29390,"generation":839,"distance":2508.999755859375,"reward":-1385730.875},{"robotdna":[0.8062069416046143,-0.25762784481048586,0.5828957557678223,0.9585609436035156,0.9742803573608398,-0.18218457698822025,-0.15211665630340577,0.3713245093822479,-0.8991043567657471,0.4384321868419647,-0.38696229457855227,0.6024966239929199,-0.1427706480026245,0.6759061813354492,0.4713134467601776,-0.1593719720840454,0.7275688648223877,-0.8525106906890869,0.46306225657463076,0.5624539852142334,-0.20375597476959229,-0.3872624635696411,-0.7398755550384522,0.6521430015563965,-0.4746905565261841,0.3831026256084442,0.01566708087921143,0.008479714393615723,-0.7639245986938477,0.06944239139556885,0.4874882400035858,-0.6511590480804443,0.9755849838256836,0.5033142566680908,0.832099437713623,-0.01035916805267334,-0.969125270843506,0.147699236869812,0.3707422912120819,-0.2695273160934448,0.4869045913219452,0.6511540412902832,-0.5871191024780273,0.9770548343658448,-0.7237300872802734,-0.20242106914520265,-0.8719937801361084,-0.5151979923248291,0.3534502685070038,-0.36451256275177,-0.4060379266738892,-0.7134296894073486,0.1339048147201538],"legSizes":[0.25,0.25,0.25,0.25,0.25,0.25,0.25,0.25,0.25,0.25,0.25,0.25,0.25,0.25,0.25,0.25,0.25,0.25,0.25,0.25,0.25,0.25,0.25,0.25],"bodySizes":[2.0,2.0,2.0],"name":29410,"generation":839,"distance":2508.999755859375,"reward":-1414790.25}]}