{"geneDatas":[{"robotdna":[-0.7485816478729248,-0.4900249242782593,0.8818438053131104,0.5204451084136963,0.812981128692627,-0.08746206760406494,0.9136137962341308,0.38092705607414248,-0.22444689273834229,-0.633979320526123,-0.16280686855316166,0.4517216384410858,-0.2936824560165405,-0.5917086601257324,0.09702694416046144,0.7163543701171875,-0.9044992923736572,-0.8085987567901611,0.27155134081840517,-0.2588094472885132,-0.4850722551345825,0.8418838977813721,0.3445121943950653,0.3903209865093231,-0.7420332431793213,-0.3053246736526489,-0.01973402500152588,-0.21269547939300538,-0.1596149206161499,-0.6903731822967529,0.49700209498405459,-0.8512163162231445,-0.10532081127166748,0.8902878761291504,0.78287672996521,-0.06632840633392334,-0.096795916557312,0.5432939529418945,0.005177617073059082,0.36088868975639346,-0.99465012550354,0.9741857051849364,-0.01035916805267334,-0.6685519218444824,-0.1263200044631958,0.3823494613170624,-0.4449793100357056,-0.5685267448425293,0.6475362777709961,0.004129528999328613,0.303310364484787,0.6187357902526856,0.04324448108673096],"legSizes":[0.25,0.25,0.25,0.25,0.25,0.25,0.25,0.25,0.25,0.25,0.25,0.25,0.25,0.25,0.25,0.25,0.25,0.25,0.25,0.25,0.25,0.25,0.25,0.25],"bodySizes":[2.0,2.0,2.0],"name":28753,"generation":822,"distance":2508.999755859375,"reward":-1340366.0},{"robotdna":[0.8930449485778809,0.9039959907531738,-0.5967864990234375,0.5203125476837158,0.14165055751800538,0.06888997554779053,0.3556215465068817,-0.39196836948394778,-0.23729050159454349,-0.2556048631668091,-0.5056812763214111,0.7853250503540039,-0.2517296075820923,-0.373738169670105,0.42885586619377139,-0.2524808645248413,-0.8003058433532715,-0.4039524793624878,-0.3597902059555054,0.248832106590271,-0.8935284614562988,-0.8940219879150391,0.4663059413433075,-0.922210454940796,0.05187427997589111,0.2282313108444214,-0.890561580657959,0.0806804895401001,0.5769522190093994,-0.08014118671417237,-0.6154336929321289,-0.0425339937210083,0.7952337265014648,0.154011607170105,0.958106517791748,-0.22015249729156498,-0.7184329032897949,0.3711604773998261,-0.5463986396789551,0.8002088069915772,-0.10819613933563233,0.7441709041595459,-0.3690954446792603,0.7105121612548828,0.6924741268157959,-0.5174765586853027,0.8639974594116211,-0.06003844738006592,-0.5172779560089111,0.05201065540313721,-0.2662307024002075,-0.46757566928863528,-0.0930267572402954],"legSizes":[0.25,0.25,0.25,0.25,0.25,0.25,0.25,0.25,0.25,0.25,0.25,0.25,0.25,0.25,0.25,0.25,0.25,0.25,0.25,0.25,0.25,0.25,0.25,0.25],"bodySizes":[2.0,2.0,2.0],"name":28755,"generation":822,"distance":2508.999755859375,"reward":-1361454.0},{"robotdna":[0.6111557483673096,0.8941733837127686,-0.6092226505279541,0.1610771417617798,0.21354520320892338,-0.47268688678741457,-0.8310105800628662,-0.5386872291564941,-0.6423814296722412,0.9279568195343018,-0.102577805519104,0.12348878383636476,0.2936708629131317,0.8353030681610107,-0.3406616449356079,0.7238755226135254,0.6417067050933838,0.09348618984222412,0.6273961067199707,-0.6977670192718506,0.2251600027084351,0.9598784446716308,0.8922204971313477,0.30736491084098818,-0.9619588851928712,0.7222025394439697,0.3676175773143769,-0.6036319732666016,0.9369449615478516,0.210473895072937,0.544410228729248,0.9711382389068604,0.12869298458099366,-0.6725826263427734,-0.4125138521194458,-0.501450777053833,-0.9297881126403808,-0.23598062992095948,-0.1179279088973999,-0.2572351694107056,0.926518440246582,0.5569515228271484,0.5552487373352051,0.36437198519706728,-0.6244077682495117,0.0909792184829712,0.4749922454357147,0.00048220157623291016,0.952805757522583,-0.06022536754608154,-0.2884865999221802,-0.5732278823852539,0.8540360927581787],"legSizes":[0.25,0.25,0.25,0.25,0.25,0.25,0.25,0.25,0.25,0.25,0.25,0.25,0.25,0.25,0.25,0.25,0.25,0.25,0.25,0.25,0.25,0.25,0.25,0.25],"bodySizes":[2.0,2.0,2.0],"name":28758,"generation":822,"distance":2508.999755859375,"reward":-1375980.5}]}