{"geneDatas":[{"robotdna":[-0.20063245296478272,-0.395487904548645,0.11757957935333252,0.2996759116649628,-0.4642714262008667,-0.6750316619873047,0.5833606719970703,0.22312414646148685,-0.0000692605972290039,0.8602471351623535,-0.8258376121520996,-0.987628698348999,-0.4286428689956665,-0.16627085208892826,0.3596839606761933,0.609489917755127,0.5290029048919678,-0.08631718158721924,-0.4077554941177368,0.1332012414932251,0.6487746238708496,0.6427865028381348,-0.5235230922698975,0.5450606346130371,-0.24839627742767338,-0.43643057346344,0.9181962013244628,0.443465918302536,0.6364514827728272,0.2599279582500458,0.5910968780517578,-0.920630693435669,0.7654576301574707,-0.4245103597640991,-0.7828803062438965,0.8251237869262695,0.4870297610759735,0.44347116351127627,0.4296397864818573,0.7453420162200928,-0.18830835819244386,-0.45385611057281496,0.42262813448905947,0.5349063873291016,-0.14187824726104737,-0.7712252140045166,-0.5982010364532471,-0.873358964920044,-0.5213429927825928,-0.20649564266204838,-0.8926136493682861,0.7115283012390137,-0.575047492980957],"legSizes":[0.25,0.25,0.25,0.25,0.25,0.25,0.25,0.25,0.25,0.25,0.25,0.25,0.25,0.25,0.25,0.25,0.25,0.25,0.25,0.25,0.25,0.25,0.25,0.25],"bodySizes":[2.0,2.0,2.0],"name":12674,"generation":361,"distance":2509.000244140625,"reward":-1314395.875},{"robotdna":[0.14416801929473878,-0.9266319274902344,-0.6870388984680176,0.24986350536346436,-0.1924678087234497,0.8205587863922119,-0.5499744415283203,-0.959481716156006,0.9569704532623292,0.9327328205108644,0.4813027083873749,0.99465012550354,-0.4677926301956177,0.6394104957580566,-0.5256807804107666,0.7514486312866211,0.14432775974273685,0.2196983098983765,0.8577871322631836,0.5931756496429443,-0.11446487903594972,0.21568048000335697,0.6741595268249512,-0.9432814121246338,0.9627342224121094,-0.697744607925415,0.34059593081474306,-0.38641321659088137,-0.5995845794677734,0.42979714274406435,0.23310697078704838,-0.8009731769561768,-0.9319865703582764,0.036625027656555179,0.2402433156967163,0.5137913227081299,-0.40218913555145266,-0.6398003101348877,-0.6088688373565674,-0.7540717124938965,0.5240075588226318,0.9985876083374025,0.7715132236480713,-0.7821183204650879,-0.7123072147369385,-0.8439481258392334,0.8861656188964844,-0.9064674377441406,0.7131791114807129,0.16003572940826417,0.07370984554290772,0.8699367046356201,-0.5232033729553223],"legSizes":[0.25,0.25,0.25,0.25,0.25,0.25,0.25,0.25,0.25,0.25,0.25,0.25,0.25,0.25,0.25,0.25,0.25,0.25,0.25,0.25,0.25,0.25,0.25,0.25],"bodySizes":[2.0,2.0,2.0],"name":12653,"generation":361,"distance":2509.000244140625,"reward":-1397180.75},{"robotdna":[-0.37595975399017336,0.41579052805900576,0.036516547203063968,0.6250994205474854,-0.22820746898651124,0.5424249172210693,-0.22982537746429444,0.45566055178642275,0.9162063598632813,0.6786668300628662,0.8911697864532471,0.8431873321533203,-0.8626112937927246,0.04799783229827881,0.06013453006744385,0.06824696063995362,-0.3578282594680786,0.2416902780532837,0.17717444896698,-0.8682758808135986,0.08800017833709717,-0.5088212490081787,0.5987436771392822,0.8215272426605225,-0.684471845626831,-0.3999389410018921,0.33212777972221377,0.3753235042095185,-0.8698530197143555,-0.6001465320587158,0.22897398471832276,-0.027727723121643068,0.4530195891857147,-0.15129339694976808,-0.10760080814361572,-0.22012197971343998,-0.08442127704620362,-0.010533452033996582,0.3065108954906464,-0.2619575262069702,-0.3048545122146607,0.550804615020752,0.7270472049713135,0.8406527042388916,-0.9620440006256104,0.019558310508728029,0.7045540809631348,-0.9787755012512208,-0.7078354358673096,-0.6684725284576416,-0.606816291809082,-0.7771689891815186,-0.47696244716644289],"legSizes":[0.25,0.25,0.25,0.25,0.25,0.25,0.25,0.25,0.25,0.25,0.25,0.25,0.25,0.25,0.25,0.25,0.25,0.25,0.25,0.25,0.25,0.25,0.25,0.25],"bodySizes":[2.0,2.0,2.0],"name":12663,"generation":361,"distance":2509.000244140625,"reward":-1424061.25}]}