{"geneDatas":[{"robotdna":[0.32459399104118349,0.5711972713470459,0.3071925342082978,0.1028834581375122,0.8441545963287354,-0.7501351833343506,0.43070146441459658,-0.9564931392669678,-0.4601172208786011,-0.972320795059204,0.7645657062530518,0.5456421375274658,-0.5592894554138184,0.40222474932670596,-0.6725249290466309,-0.4016588926315308,0.27536913752555849,0.8199107646942139,0.5773041248321533,-0.28006255626678469,0.10226929187774658,-0.5230274200439453,-0.43925797939300539,-0.10279309749603272,-0.8084886074066162,-0.254733681678772,-0.06420457363128662,-0.8465006351470947,0.4342369735240937,-0.4478191137313843,0.7604513168334961,0.5315456390380859,-0.4597188234329224,0.9005692005157471,0.1398078203201294,-0.795663595199585,0.9079599380493164,0.12795770168304444,0.4212164580821991,-0.3477069139480591,-0.4736827611923218,-0.15719592571258546,0.02791059017181397,0.7017695903778076,-0.5718495845794678,0.8785834312438965,-0.8794467449188232,0.08041417598724365,-0.5710790157318115,-0.7846713066101074,-0.9934964179992676,-0.2780405282974243,0.6306948661804199],"legSizes":[0.25,0.25,0.25,0.25,0.25,0.25,0.25,0.25,0.25,0.25,0.25,0.25,0.25,0.25,0.25,0.25,0.25,0.25,0.25,0.25,0.25,0.25,0.25,0.25],"bodySizes":[2.0,2.0,2.0],"name":26278,"generation":752,"distance":2509.000244140625,"reward":-1359500.75},{"robotdna":[-0.8565554618835449,0.4080002009868622,-0.3598095178604126,-0.15826070308685304,-0.7255356311798096,0.24620592594146729,0.3798927962779999,-0.2234257459640503,0.9478681087493897,0.8207554817199707,-0.4960037469863892,0.6952052116394043,-0.8339958190917969,-0.6201801300048828,0.06978905200958252,-0.35197246074676516,0.2271131277084351,0.8819308280944824,0.13447535037994386,0.943016529083252,-0.977776288986206,0.5097157955169678,-0.3050917387008667,-0.264407753944397,0.7649142742156982,0.2035757303237915,-0.17822134494781498,-0.2938350439071655,-0.6357340812683106,0.041733384132385257,0.12314045429229737,0.7736685276031494,0.15379416942596436,0.8734753131866455,0.07903015613555908,0.8397257328033447,-0.23332464694976808,-0.5307180881500244,-0.4447876214981079,0.7841274738311768,-0.872516393661499,-0.8536453247070313,0.3593253791332245,-0.055112481117248538,-0.967153549194336,0.09581434726715088,-0.7794559001922607,-0.37104904651641848,-0.3459826707839966,-0.23956811428070069,-0.4614001512527466,-0.6131947040557861,-0.44151127338409426],"legSizes":[0.25,0.25,0.25,0.25,0.25,0.25,0.25,0.25,0.25,0.25,0.25,0.25,0.25,0.25,0.25,0.25,0.25,0.25,0.25,0.25,0.25,0.25,0.25,0.25],"bodySizes":[2.0,2.0,2.0],"name":26358,"generation":752,"distance":2509.000244140625,"reward":-1365506.5},{"robotdna":[-0.9668693542480468,0.7874982357025147,-0.4456733465194702,-0.6057767868041992,0.7240750789642334,-0.02990043163299561,0.401008814573288,-0.45451676845550539,0.8833258152008057,0.6543567180633545,0.3721911609172821,0.5902702808380127,0.4020518958568573,-0.422153115272522,-0.3711906671524048,0.6150364875793457,-0.5179295539855957,0.520315408706665,-0.8674783706665039,0.46399685740470889,0.8018321990966797,0.6445605754852295,0.4777507483959198,-0.7577328681945801,0.9846475124359132,0.2964565455913544,-0.8735263347625732,-0.8915910720825195,0.4925064742565155,0.6461584568023682,0.08175456523895264,0.43314477801322939,0.915320634841919,-0.8398690223693848,0.4710857570171356,0.6121227741241455,0.0018595457077026368,-0.8993031978607178,-0.2405308485031128,-0.8426027297973633,0.19594085216522218,-0.2113882303237915,0.0033653974533081056,-0.4018701314926148,-0.9524936676025392,0.24183332920074464,-0.9191246032714844,0.6155860424041748,0.4671811759471894,0.7739219665527344,0.23855102062225345,-0.03310716152191162,0.35439106822013857],"legSizes":[0.25,0.25,0.25,0.25,0.25,0.25,0.25,0.25,0.25,0.25,0.25,0.25,0.25,0.25,0.25,0.25,0.25,0.25,0.25,0.25,0.25,0.25,0.25,0.25],"bodySizes":[2.0,2.0,2.0],"name":26344,"generation":752,"distance":2509.000244140625,"reward":-1378861.75}]}