{"geneDatas":[{"robotdna":[0.14401185512542725,-0.6730144023895264,0.8431816101074219,0.888437032699585,0.3892318904399872,-0.7694854736328125,0.3599261939525604,-0.7905235290527344,-0.8049309253692627,-0.7864558696746826,0.1881726980209351,0.23795783519744874,0.8319919109344482,0.9435207843780518,0.6607043743133545,-0.4151722192764282,0.8912944793701172,0.385557621717453,-0.7726156711578369,-0.7074687480926514,0.42418810725212099,0.10082352161407472,0.1832526922225952,0.02993452548980713,0.0007642507553100586,-0.4282461404800415,-0.8840892314910889,-0.4598134756088257,0.1800099611282349,-0.8752126693725586,-0.3600488901138306,0.7752647399902344,0.9559812545776368,0.06320846080780029,-0.6048934459686279,0.8462800979614258,-0.932497262954712,0.8437941074371338,0.8577075004577637,-0.689119815826416,-0.3358503580093384,-0.6922438144683838,0.4992952048778534,-0.8669595718383789,-0.0021823644638061525,-0.32310783863067629,-0.0026019811630249025,-0.6458775997161865,0.38025447726249697,0.057190775871276858,-0.06917011737823487,0.8815937042236328,0.7094612121582031],"legSizes":[0.25,0.25,0.25,0.25,0.25,0.25,0.25,0.25,0.25,0.25,0.25,0.25,0.25,0.25,0.25,0.25,0.25,0.25,0.25,0.25,0.25,0.25,0.25,0.25],"bodySizes":[2.0,2.0,2.0],"name":14024,"generation":401,"distance":2509.0,"reward":-1388434.5},{"robotdna":[-0.03227674961090088,0.4889988601207733,0.2741822898387909,-0.07942259311676026,-0.1528531312942505,0.27945443987846377,0.03599894046783447,0.24605906009674073,-0.8637332916259766,0.3929159343242645,0.4948825538158417,0.1920496225357056,0.31198617815971377,0.7092869281768799,-0.8932693004608154,0.8021495342254639,0.4992258250713349,0.6470291614532471,-0.016725659370422365,0.18255889415740968,-0.5462021827697754,0.62778639793396,-0.3338512182235718,-0.665069580078125,0.9078009128570556,-0.38987457752227785,0.05390655994415283,-0.8754453659057617,0.16554701328277589,0.05554664134979248,-0.3510028123855591,0.2897391021251679,0.8205955028533936,0.7067639827728272,0.1096874475479126,0.5963153839111328,-0.9621291160583496,0.5236685276031494,0.110754132270813,-0.5915522575378418,-0.8758430480957031,0.15297234058380128,0.8592140674591065,-0.9623634815216065,0.12688982486724854,0.2367321252822876,0.9168553352355956,0.9690654277801514,-0.7966780662536621,-0.5136289596557617,0.6095097064971924,-0.0928877592086792,0.7631211280822754],"legSizes":[0.25,0.25,0.25,0.25,0.25,0.25,0.25,0.25,0.25,0.25,0.25,0.25,0.25,0.25,0.25,0.25,0.25,0.25,0.25,0.25,0.25,0.25,0.25,0.25],"bodySizes":[2.0,2.0,2.0],"name":14027,"generation":401,"distance":2509.0,"reward":-1388546.625},{"robotdna":[0.9293756484985352,0.8933215141296387,-0.06872761249542237,0.6708967685699463,-0.8715660572052002,-0.21943366527557377,-0.6842167377471924,0.493284672498703,-0.6963715553283691,0.7182683944702148,0.01803004741668701,-0.934274673461914,-0.6559736728668213,0.28317496180534365,-0.21960532665252689,-0.1298900842666626,0.06627929210662842,0.5430095195770264,0.29558107256889346,-0.9608290195465088,0.7006871700286865,0.767627477645874,-0.9883954524993897,0.53255295753479,-0.6326777935028076,-0.3019183874130249,0.6403608322143555,0.7335197925567627,0.3010201156139374,-0.07412159442901612,-0.12822353839874268,-0.7324020862579346,0.20244324207305909,-0.9260282516479492,0.14018619060516358,-0.8538947105407715,0.23388588428497318,-0.9188201427459716,0.4254927337169647,-0.696744441986084,0.9542553424835204,-0.09650909900665285,0.14585435390472413,-0.46575891971588137,-0.5709104537963867,-0.6910436153411865,-0.4122265577316284,-0.09246456623077393,-0.008331894874572754,0.22739827632904056,-0.15012609958648685,0.0017257928848266602,-0.42796051502227785],"legSizes":[0.25,0.25,0.25,0.25,0.25,0.25,0.25,0.25,0.25,0.25,0.25,0.25,0.25,0.25,0.25,0.25,0.25,0.25,0.25,0.25,0.25,0.25,0.25,0.25],"bodySizes":[2.0,2.0,2.0],"name":14053,"generation":401,"distance":2509.0,"reward":-1419881.125}]}