{"geneDatas":[{"robotdna":[0.6942973136901856,-0.9193696975708008,0.518989086151123,0.3970765769481659,-0.22033941745758058,0.48363539576530459,-0.4617196321487427,0.26592227816581728,-0.705491304397583,0.3275654017925263,-0.34643614292144778,0.5750174522399902,0.10239899158477785,0.6755738258361816,-0.03631079196929932,-0.9479854106903076,0.7698163986206055,-0.9187624454498292,0.9980871677398682,-0.13026201725006104,0.007541537284851074,-0.35563910007476809,0.2797164618968964,-0.9541449546813964,-0.3522831201553345,0.736546516418457,0.168493390083313,0.039421916007995608,0.27964064478874209,-0.7942876815795898,0.01849043369293213,0.4495134055614472,0.2540139853954315,-0.13965213298797608,-0.5930869579315186,0.5724046230316162,-0.34013187885284426,0.7803142070770264,0.4658462703227997,-0.08262145519256592,-0.0035551786422729498,0.7978312969207764,-0.6801683902740479,-0.7582988739013672,0.3076314628124237,0.23268210887908936,-0.8257365226745606,-0.5260114669799805,-0.033141255378723147,0.405337542295456,0.4524969756603241,-0.33350932598114016,-0.15694034099578858],"legSizes":[0.25,0.25,0.25,0.25,0.25,0.25,0.25,0.25,0.25,0.25,0.25,0.25,0.25,0.25,0.25,0.25,0.25,0.25,0.25,0.25,0.25,0.25,0.25,0.25],"bodySizes":[2.0,2.0,2.0],"name":20518,"generation":585,"distance":2509.0,"reward":-1409735.25},{"robotdna":[-0.08259356021881104,-0.7854270935058594,0.39133402705192568,0.09994375705718994,0.8912551403045654,0.4128117263317108,-0.34223473072052,0.4430882632732392,-0.4305013418197632,-0.6246426105499268,-0.11057746410369872,0.4577431380748749,-0.5736815929412842,-0.941540002822876,-0.05561625957489014,-0.7282710075378418,-0.40458810329437258,0.12772834300994874,0.6675848960876465,-0.8994004726409912,0.8322486877441406,-0.4006153345108032,0.8029763698577881,-0.04228627681732178,-0.8657279014587402,0.851717472076416,0.9325575828552246,0.101476788520813,0.4069239795207978,0.4015860259532929,-0.19946396350860597,0.4954902827739716,0.1790355443954468,0.5724492073059082,0.49472495913505556,0.46286889910697939,0.516709566116333,0.3251394927501679,-0.9771759510040284,-0.5711367130279541,0.8615338802337647,-0.008329987525939942,-0.5200397968292236,0.8002650737762451,-0.5854802131652832,-0.06608569622039795,-0.07692611217498779,0.4710411727428437,-0.5561494827270508,0.10519349575042725,-0.7782962322235107,-0.7316420078277588,0.2796761691570282],"legSizes":[0.25,0.25,0.25,0.25,0.25,0.25,0.25,0.25,0.25,0.25,0.25,0.25,0.25,0.25,0.25,0.25,0.25,0.25,0.25,0.25,0.25,0.25,0.25,0.25],"bodySizes":[2.0,2.0,2.0],"name":20520,"generation":585,"distance":2509.0,"reward":-1410886.125},{"robotdna":[0.4421980082988739,0.6848165988922119,0.2365361452102661,-0.5256936550140381,-0.26724016666412356,-0.01254093647003174,-0.9673891067504884,-0.10365641117095949,0.1310933828353882,0.07504045963287354,0.297883003950119,-0.8897185325622559,-0.3185454607009888,-0.04891335964202881,0.16543233394622804,-0.08238708972930908,0.6465866565704346,-0.05128800868988037,0.18481385707855225,-0.27680718898773196,0.08094918727874756,0.8834304809570313,-0.4081722497940064,0.6027910709381104,-0.2702387571334839,-0.3690816164016724,0.08024513721466065,0.9748325347900392,-0.2261344194412232,0.06965959072113037,0.6402008533477783,0.27052566409111025,-0.003163456916809082,0.05819213390350342,0.6409077644348145,-0.385562539100647,0.8612666130065918,-0.985344409942627,0.6899502277374268,-0.6905162334442139,0.2606191337108612,0.3076765239238739,-0.07759630680084229,-0.3586095571517945,-0.06461179256439209,0.4057118594646454,-0.7293789386749268,-0.7598400115966797,-0.1333070993423462,-0.6165778636932373,-0.06836426258087158,0.4599604308605194,0.5495901107788086],"legSizes":[0.25,0.25,0.25,0.25,0.25,0.25,0.25,0.25,0.25,0.25,0.25,0.25,0.25,0.25,0.25,0.25,0.25,0.25,0.25,0.25,0.25,0.25,0.25,0.25],"bodySizes":[2.0,2.0,2.0],"name":20457,"generation":585,"distance":2509.0,"reward":-1412184.125}]}