{"geneDatas":[{"robotdna":[0.11127984523773194,0.7687933444976807,-0.26954185962677,0.5365064144134522,-0.34605228900909426,0.11405527591705322,-0.7626826763153076,-0.4718676805496216,-0.7615516185760498,-0.8075311183929443,0.8807799816131592,0.23504388332366944,-0.910954475402832,0.6835050582885742,0.33415552973747256,-0.16004765033721925,0.4067213237285614,-0.46928560733795168,0.050513625144958499,-0.4232834577560425,-0.5574760437011719,0.5139434337615967,-0.3023930788040161,0.9732136726379396,0.42311760783195498,-0.21534693241119386,-0.3489049673080445,-0.44828593730926516,0.6083862781524658,-0.1660934686660767,0.3882889449596405,0.7972114086151123,-0.8657894134521484,0.6460309028625488,-0.3554526567459107,-0.7639145851135254,0.858203649520874,-0.21870648860931397,-0.40724265575408938,-0.03570044040679932,0.3075046241283417,0.32248231768608096,-0.001429915428161621,-0.05613124370574951,-0.6431329250335693,0.4740380942821503,0.1922811269760132,0.025301814079284669,0.22910773754119874,0.24229443073272706,0.5357508659362793,0.3940610587596894,-0.9437434673309326],"legSizes":[0.25,0.25,0.25,0.25,0.25,0.25,0.25,0.25,0.25,0.25,0.25,0.25,0.25,0.25,0.25,0.25,0.25,0.25,0.25,0.25,0.25,0.25,0.25,0.25],"bodySizes":[2.0,2.0,2.0],"name":26650,"generation":761,"distance":2509.0,"reward":-1362701.0},{"robotdna":[0.359979122877121,0.6412029266357422,0.2678627669811249,-0.6588354110717773,-0.8212535381317139,-0.2656580209732056,0.6950347423553467,0.4636368453502655,-0.3603304624557495,-0.3052958250045777,0.6350603103637695,-0.4845799207687378,-0.2670632600784302,0.5522699356079102,-0.3567754030227661,0.4709124267101288,0.33351871371269228,-0.2625502347946167,0.4968356788158417,-0.5340011119842529,-0.2423630952835083,-0.0017060041427612305,-0.12109768390655518,-0.5619068145751953,-0.04248654842376709,-0.6825833320617676,0.5435800552368164,-0.7920892238616943,0.03419458866119385,0.52362060546875,0.5931487083435059,0.7439312934875488,0.7277312278747559,0.8210246562957764,0.39214155077934267,-0.8035924434661865,0.747072696685791,0.7215278148651123,0.1943608522415161,-0.9858517646789552,-0.28094661235809328,0.1596578359603882,0.19975745677948,-0.7426176071166992,0.20513856410980225,-0.33178484439849856,0.2033253908157349,0.7595279216766357,0.7277238368988037,-0.5623681545257568,0.5086991786956787,0.4579496085643769,-0.4685815572738648],"legSizes":[0.25,0.25,0.25,0.25,0.25,0.25,0.25,0.25,0.25,0.25,0.25,0.25,0.25,0.25,0.25,0.25,0.25,0.25,0.25,0.25,0.25,0.25,0.25,0.25],"bodySizes":[2.0,2.0,2.0],"name":26673,"generation":761,"distance":2509.0,"reward":-1392729.5},{"robotdna":[0.5376479625701904,-0.32377564907073977,-0.3768478631973267,-0.41299664974212649,-0.7920267581939697,-0.4436730146408081,0.5486488342285156,-0.24930870532989506,0.770308256149292,0.9181685447692872,0.5187206268310547,0.9740593433380128,-0.4639962911605835,-0.3693581819534302,0.892894983291626,-0.5648417472839356,0.3417801558971405,-0.38829052448272707,0.5050225257873535,-0.5421006679534912,0.7172784805297852,-0.7947711944580078,-0.41640913486480715,0.2536472976207733,0.09454357624053957,0.7023177146911621,-0.3642798662185669,-0.10142815113067629,0.9552419185638428,-0.7717034816741943,0.4600591361522675,0.5906140804290772,0.2887787520885468,0.8176407814025879,0.8615539073944092,0.7751450538635254,-0.5592589378356934,0.35870644450187685,0.6585903167724609,-0.486608624458313,0.8763761520385742,-0.4401422739028931,0.7270088195800781,-0.20164072513580326,0.7984480857849121,-0.961806058883667,0.47304221987724306,0.7135467529296875,-0.5291059017181397,-0.4857116937637329,-0.6360821723937988,-0.3563789129257202,0.9079816341400148],"legSizes":[0.25,0.25,0.25,0.25,0.25,0.25,0.25,0.25,0.25,0.25,0.25,0.25,0.25,0.25,0.25,0.25,0.25,0.25,0.25,0.25,0.25,0.25,0.25,0.25],"bodySizes":[2.0,2.0,2.0],"name":26666,"generation":761,"distance":2509.0,"reward":-1415208.375}]}