{"geneDatas":[{"robotdna":[0.6002597808837891,-0.772266149520874,0.22166240215301517,0.36562272906303408,-0.18709075450897218,-0.4217797517776489,0.026274800300598146,0.37186285853385928,0.7327134609222412,0.7693126201629639,-0.8770291805267334,-0.23539459705352784,-0.7818737030029297,-0.45971858501434328,-0.543248176574707,-0.43257033824920657,0.6542117595672607,0.9398107528686525,-0.4809559583663941,-0.4847937822341919,-0.5548505783081055,0.63681960105896,0.44821950793266299,0.2145305871963501,-0.9060075283050536,0.4542679488658905,-0.1856397390365601,-0.6276743412017822,0.353197306394577,-0.49124372005462649,0.3988499343395233,0.8600804805755615,-0.03385794162750244,-0.4572380781173706,0.9888193607330322,-0.8342597484588623,0.4917764365673065,0.5763740539550781,0.9627182483673096,0.9406917095184326,0.3252565562725067,-0.14636003971099854,0.34073111414909365,-0.47662103176116946,-0.2824572324752808,0.3225197494029999,0.09449279308319092,-0.4382702112197876,0.6111772060394287,-0.7561206817626953,-0.6881978511810303,-0.9494519233703612,-0.7653384208679199],"legSizes":[0.25,0.25,0.25,0.25,0.25,0.25,0.25,0.25,0.25,0.25,0.25,0.25,0.25,0.25,0.25,0.25,0.25,0.25,0.25,0.25,0.25,0.25,0.25,0.25],"bodySizes":[2.0,2.0,2.0],"name":31561,"generation":901,"distance":2509.0,"reward":-1385332.25},{"robotdna":[0.8577957153320313,0.22320973873138429,-0.6936790943145752,-0.0293956995010376,-0.1041640043258667,-0.38906848430633547,-0.4566072225570679,0.11021196842193604,-0.9013833999633788,0.3155791461467743,-0.6410114765167236,0.7175383567810059,-0.5214471817016602,0.9265692234039308,0.050478577613830569,-0.4070767164230347,0.11941421031951904,-0.27006518840789797,0.5123491287231445,0.495712012052536,0.3773970305919647,-0.7090954780578613,0.3905894458293915,0.010425925254821778,0.8638050556182861,0.16119325160980225,-0.5584549903869629,-0.13437235355377198,0.3082573115825653,0.9894230365753174,0.3319799602031708,-0.729459285736084,-0.49172747135162356,0.9612305164337158,-0.7210419178009033,-0.3861016035079956,-0.38129961490631106,-0.013308882713317873,-0.5517761707305908,-0.5319669246673584,-0.7442712783813477,0.6639134883880615,-0.5603485107421875,0.1314910650253296,0.4491555392742157,-0.8251969814300537,0.8912498950958252,0.480281800031662,-0.9364864826202392,0.6965415477752686,-0.04182088375091553,0.955380916595459,-0.493618369102478],"legSizes":[0.25,0.25,0.25,0.25,0.25,0.25,0.25,0.25,0.25,0.25,0.25,0.25,0.25,0.25,0.25,0.25,0.25,0.25,0.25,0.25,0.25,0.25,0.25,0.25],"bodySizes":[2.0,2.0,2.0],"name":31520,"generation":901,"distance":2509.0,"reward":-1399560.125},{"robotdna":[0.3436233699321747,0.6716654300689697,-0.23275458812713624,0.013498187065124512,-0.1497284173965454,0.5313236713409424,-0.6398599147796631,0.9414136409759522,-0.3821760416030884,-0.7754185199737549,-0.8750343322753906,-0.6067063808441162,0.6587569713592529,-0.6987142562866211,0.3104855716228485,-0.009061455726623536,-0.3364824056625366,-0.7998056411743164,0.6148707866668701,-0.8967030048370361,-0.8447854518890381,-0.4116867780685425,0.4690704047679901,0.9318726062774658,-0.2982076406478882,-0.4117692708969116,0.3862123191356659,0.4067384898662567,0.44206926226615908,0.9919605255126952,0.28476807475090029,0.7850205898284912,-0.8273561000823975,0.34831544756889346,-0.3142653703689575,0.7418086528778076,0.5353121757507324,-0.3288496732711792,0.4722315967082978,0.06520211696624756,-0.9622695446014404,-0.18693578243255616,0.9842064380645752,0.7470450401306152,-0.8510322570800781,0.2361339330673218,0.6328885555267334,0.8430192470550537,-0.2392140626907349,-0.5070297718048096,0.8221075534820557,0.22827231884002689,-0.1369088888168335],"legSizes":[0.25,0.25,0.25,0.25,0.25,0.25,0.25,0.25,0.25,0.25,0.25,0.25,0.25,0.25,0.25,0.25,0.25,0.25,0.25,0.25,0.25,0.25,0.25,0.25],"bodySizes":[2.0,2.0,2.0],"name":31568,"generation":901,"distance":2509.0,"reward":-1405105.5}]}