{"geneDatas":[{"robotdna":[-0.415397047996521,0.4784521758556366,0.8229072093963623,-0.20914208889007569,-0.9905502796173096,-0.10814487934112548,-0.7794649600982666,0.1880108118057251,0.3651241958141327,0.4824924170970917,-0.8753201961517334,-0.054530978202819827,-0.11852085590362548,-0.7270028591156006,0.13819491863250733,-0.9003632068634033,-0.7994992733001709,-0.771446704864502,-0.6317236423492432,-0.7271401882171631,-0.9996376037597656,0.8957009315490723,0.16221225261688233,0.7801034450531006,0.981673002243042,-0.8803443908691406,0.6712079048156738,-0.5904006958007813,0.12974870204925538,0.7458600997924805,-0.773277997970581,0.7273516654968262,-0.3904343843460083,-0.5795776844024658,-0.6006278991699219,0.07757127285003662,-0.8088250160217285,0.9457826614379884,-0.14951980113983158,0.3058907687664032,-0.5947072505950928,0.2759003341197968,0.5413739681243897,0.544018030166626,0.04898893833160401,-0.4800747632980347,0.8089745044708252,0.18592941761016849,0.9308269023895264,0.7106020450592041,-0.4764021635055542,0.07329213619232178,0.2980248630046845],"legSizes":[0.25,0.25,0.25,0.25,0.25,0.25,0.25,0.25,0.25,0.25,0.25,0.25,0.25,0.25,0.25,0.25,0.25,0.25,0.25,0.25,0.25,0.25,0.25,0.25],"bodySizes":[2.0,2.0,2.0],"name":32361,"generation":924,"distance":2509.0,"reward":-1429607.625},{"robotdna":[0.7864832878112793,0.4975614249706269,-0.4531694650650025,0.4426388442516327,0.3850359618663788,0.5802524089813232,0.6972742080688477,-0.4829968214035034,-0.654268741607666,0.6207036972045898,-0.6579220294952393,0.043753743171691897,0.5054984092712402,0.7825443744659424,0.8600146770477295,-0.561103105545044,0.01229870319366455,0.44770023226737978,-0.44914186000823977,0.07660973072052002,-0.7699942588806152,-0.8743960857391357,0.6161768436431885,-0.2878721952438355,0.05802547931671143,0.7620038986206055,-0.4112898111343384,-0.04613935947418213,-0.24445831775665284,0.7662882804870606,0.1412879228591919,-0.7788784503936768,0.5588467121124268,0.2669832408428192,0.7181730270385742,0.33796426653862,0.8050789833068848,0.8748910427093506,-0.7953543663024902,-0.23728716373443604,0.06685245037078858,-0.217767596244812,0.9386930465698242,0.0815969705581665,-0.4935728311538697,0.18116533756256104,-0.8957881927490234,0.6814322471618652,0.490662544965744,-0.7911336421966553,0.1948596239089966,0.3955487906932831,0.4584989249706269],"legSizes":[0.25,0.25,0.25,0.25,0.25,0.25,0.25,0.25,0.25,0.25,0.25,0.25,0.25,0.25,0.25,0.25,0.25,0.25,0.25,0.25,0.25,0.25,0.25,0.25],"bodySizes":[2.0,2.0,2.0],"name":32373,"generation":924,"distance":2509.0,"reward":-1436445.25},{"robotdna":[0.8031806945800781,0.033093810081481937,0.26954981684684756,-0.4041374921798706,-0.5395662784576416,-0.24224650859832765,0.21158134937286378,-0.6580820083618164,0.8638100624084473,-0.8172781467437744,0.6139163970947266,-0.4790340662002564,-0.618607759475708,0.10033833980560304,-0.11364471912384032,-0.9380824565887452,-0.08587419986724854,0.7410879135131836,0.8667280673980713,0.17231237888336185,0.4206592738628388,-0.5880227088928223,0.48227378726005556,-0.19662773609161378,-0.09293878078460694,-0.12478983402252196,-0.36880528926849368,-0.6097114086151123,0.5137326717376709,-0.7845118045806885,0.5199668407440186,-0.732851505279541,-0.414131760597229,-0.8653366565704346,-0.2644003629684448,-0.008751749992370606,0.4174670875072479,-0.7832417488098145,0.6917526721954346,0.9513003826141356,-0.3202794790267945,0.9027886390686036,0.9868643283843994,0.920229196548462,-0.17941033840179444,-0.4788404703140259,-0.03007924556732178,-0.7904999256134033,0.7302846908569336,-0.7272458076477051,0.5194909572601318,-0.9684491157531738,0.18615496158599857],"legSizes":[0.25,0.25,0.25,0.25,0.25,0.25,0.25,0.25,0.25,0.25,0.25,0.25,0.25,0.25,0.25,0.25,0.25,0.25,0.25,0.25,0.25,0.25,0.25,0.25],"bodySizes":[2.0,2.0,2.0],"name":32374,"generation":924,"distance":2509.0,"reward":-1457272.5}]}