{"geneDatas":[{"robotdna":[-0.39155113697052,0.8296902179718018,-0.4644840955734253,-0.6121275424957275,-0.7102642059326172,-0.14657580852508546,0.9903299808502196,0.9469962120056152,0.04033243656158447,0.13042056560516358,0.886944055557251,-0.8631939888000488,-0.11949479579925536,0.9514880180358888,-0.6828980445861816,0.16215050220489506,-0.26843392848968508,-0.6009349822998047,0.9404950141906738,-0.16572821140289308,-0.08797848224639893,-0.877922773361206,-0.959205150604248,-0.2597702741622925,-0.8242781162261963,0.9378139972686768,-0.14136826992034913,-0.5311012268066406,0.4525768458843231,0.7666230201721191,0.4582333266735077,0.6760597229003906,-0.7045350074768066,0.676720380783081,0.11482298374176026,0.7457425594329834,-0.7942366600036621,0.7108654975891113,-0.5508995056152344,0.980541467666626,0.3426613509654999,0.05542838573455811,0.2617499530315399,-0.634300708770752,-0.4070805311203003,-0.2606581449508667,-0.14419543743133546,0.4678060710430145,-0.3590577840805054,-0.21232569217681888,-0.6459567546844482,0.6382429599761963,-0.3397928476333618],"legSizes":[0.25,0.25,0.25,0.25,0.25,0.25,0.25,0.25,0.25,0.25,0.25,0.25,0.25,0.25,0.25,0.25,0.25,0.25,0.25,0.25,0.25,0.25,0.25,0.25],"bodySizes":[2.0,2.0,2.0],"name":15157,"generation":433,"distance":2509.0,"reward":-1408374.125},{"robotdna":[-0.03544223308563233,0.16288316249847413,-0.9329948425292968,0.13424766063690186,0.7634027004241943,0.6325509548187256,0.6937117576599121,-0.5071747303009033,-0.3538907766342163,0.8154692649841309,-0.2399166822433472,0.5372059345245361,-0.14021003246307374,0.8652422428131104,0.9593183994293212,-0.8632075786590576,-0.8242814540863037,0.20608890056610108,0.6297295093536377,-0.31021249294281008,-0.8647749423980713,-0.6070733070373535,-0.5925552845001221,0.9283392429351808,0.333421915769577,-0.2587531805038452,0.9826195240020752,0.7565093040466309,0.03298246860504151,-0.37511932849884035,0.3297595679759979,-0.3135076761245728,-0.689746618270874,-0.060514092445373538,0.07937157154083252,0.051348090171813968,-0.8856992721557617,-0.15618836879730225,0.6564626693725586,-0.038327813148498538,0.24040162563323978,-0.9639129638671876,0.4136638343334198,0.19391024112701417,-0.08337795734405518,0.8141863346099854,-0.06588375568389893,-0.591949462890625,0.26106902956962588,-0.913273811340332,-0.3940838575363159,-0.3884366750717163,0.01153719425201416],"legSizes":[0.25,0.25,0.25,0.25,0.25,0.25,0.25,0.25,0.25,0.25,0.25,0.25,0.25,0.25,0.25,0.25,0.25,0.25,0.25,0.25,0.25,0.25,0.25,0.25],"bodySizes":[2.0,2.0,2.0],"name":15201,"generation":433,"distance":2509.0,"reward":-1437323.625},{"robotdna":[-0.7612588405609131,0.3876275718212128,-0.735445499420166,0.9702820777893066,-0.472967267036438,0.9727253913879396,0.5459561347961426,-0.5153727531433106,-0.1878577470779419,-0.7291579246520996,-0.07303082942962647,0.7252886295318604,0.4211988151073456,0.8563711643218994,0.4937908351421356,-0.4413939714431763,0.6112155914306641,-0.3579038381576538,-0.3477576971054077,-0.2604867219924927,-0.9628458023071288,0.731600284576416,-0.11592972278594972,-0.36496150493621828,0.5489785671234131,-0.1673053503036499,-0.08452403545379639,-0.04056060314178467,0.2663156688213349,-0.22171175479888917,0.4457187354564667,-0.8862323760986328,-0.2687748670578003,0.05652058124542236,-0.8552861213684082,-0.7196028232574463,-0.7065367698669434,-0.45754778385162356,0.1578308343887329,0.38762423396110537,0.2271946668624878,-0.6720459461212158,0.6073861122131348,-0.0844951868057251,-0.463403582572937,0.19149339199066166,-0.425331711769104,0.09845364093780518,0.9899141788482666,0.9413292407989502,-0.6310181617736816,-0.03303945064544678,0.9930241107940674],"legSizes":[0.25,0.25,0.25,0.25,0.25,0.25,0.25,0.25,0.25,0.25,0.25,0.25,0.25,0.25,0.25,0.25,0.25,0.25,0.25,0.25,0.25,0.25,0.25,0.25],"bodySizes":[2.0,2.0,2.0],"name":15183,"generation":433,"distance":2509.0,"reward":-1448813.625}]}