{"geneDatas":[{"robotdna":[-0.280631422996521,0.5612452030181885,0.17025864124298097,0.346354216337204,0.3878173530101776,0.3527052104473114,0.2445918321609497,0.23192083835601808,-0.5361208915710449,-0.520970344543457,-0.5501606464385986,-0.6922602653503418,0.7430739402770996,-0.842301607131958,-0.5808401107788086,0.005981564521789551,-0.9489641189575196,0.8786849975585938,0.644573450088501,-0.4623011350631714,0.4135560691356659,-0.7864751815795898,-0.24139726161956788,0.192055344581604,-0.4648245573043823,-0.8970229625701904,-0.6992177963256836,-0.045446038246154788,0.30405279994010928,0.9716126918792724,-0.6911330223083496,-0.2795730829238892,0.36475369334220889,-0.4864248037338257,0.9914722442626952,-0.24503576755523685,0.27258965373039248,-0.15394532680511478,0.20559513568878177,-0.7038779258728027,0.1423870325088501,0.08927333354949951,-0.4723376035690308,0.4991080462932587,0.07252418994903565,0.7789905071258545,0.8339612483978272,-0.2907818555831909,-0.3381999731063843,-0.9930391311645508,-0.2918905019760132,0.8691864013671875,-0.10966050624847412],"legSizes":[0.25,0.25,0.25,0.25,0.25,0.25,0.25,0.25,0.25,0.25,0.25,0.25,0.25,0.25,0.25,0.25,0.25,0.25,0.25,0.25,0.25,0.25,0.25,0.25],"bodySizes":[2.0,2.0,2.0],"name":1873,"generation":53,"distance":2509.0,"reward":-1279770.625},{"robotdna":[0.8693273067474365,-0.370674729347229,0.9092526435852052,-0.7381992340087891,-0.5553436279296875,-0.9715864658355712,0.7441275119781494,0.836176872253418,0.09031093120574953,-0.4889892339706421,-0.14936387538909913,-0.8225281238555908,-0.4875303506851197,-0.19034278392791749,-0.4681626558303833,0.671881914138794,-0.09411633014678957,-0.5949015617370606,0.014425396919250489,0.17964446544647218,0.41579338908195498,0.3374960124492645,0.8671917915344238,0.906346559524536,-0.6417267322540283,0.4486865699291229,0.6372573375701904,-0.788628339767456,0.32037684321403506,-0.6880931854248047,0.9391155242919922,-0.22152388095855714,0.9596502780914308,0.35757800936698916,0.2168937921524048,0.17034518718719486,-0.13316643238067628,0.8230512142181397,0.3863985240459442,0.29411646723747256,0.8801007270812988,-0.10051834583282472,0.6427655220031738,0.36431047320365908,0.2723073661327362,0.48605844378471377,0.16067183017730714,0.8474581241607666,0.7838993072509766,-0.9445226192474364,-0.143757700920105,-0.680286169052124,-0.7219009399414063],"legSizes":[0.25,0.25,0.25,0.25,0.25,0.25,0.25,0.25,0.25,0.25,0.25,0.25,0.25,0.25,0.25,0.25,0.25,0.25,0.25,0.25,0.25,0.25,0.25,0.25],"bodySizes":[2.0,2.0,2.0],"name":1843,"generation":53,"distance":2509.0,"reward":-1399194.25},{"robotdna":[-0.2004638910293579,0.9789829254150392,-0.746882438659668,0.7033436298370361,0.4302341639995575,0.5747606754302979,-0.3622559309005738,0.1500152349472046,-0.3649798631668091,0.7554669380187988,-0.9796133041381836,0.05631148815155029,0.9368867874145508,0.16432082653045658,0.5160179138183594,0.9896121025085448,0.26434609293937685,0.09791982173919678,0.7499885559082031,-0.021738648414611818,-0.23971235752105714,-0.592273473739624,0.798804759979248,0.5118758678436279,-0.7427816390991211,0.31530019640922549,0.8177738189697266,0.04631006717681885,-0.4513579607009888,0.5944857597351074,0.79962158203125,-0.4785770177841187,-0.8031249046325684,-0.16590368747711185,0.5808258056640625,0.028393864631652833,0.8166449069976807,0.16627824306488038,-0.7830982208251953,0.30209633708000185,0.8702883720397949,-0.46093618869781496,0.5967063903808594,-0.01882493495941162,-0.7345569133758545,0.6545290946960449,-0.14343631267547608,-0.7675495147705078,-0.7061352729797363,-0.7081649303436279,-0.5104539394378662,-0.04015982151031494,0.7610487937927246],"legSizes":[0.25,0.25,0.25,0.25,0.25,0.25,0.25,0.25,0.25,0.25,0.25,0.25,0.25,0.25,0.25,0.25,0.25,0.25,0.25,0.25,0.25,0.25,0.25,0.25],"bodySizes":[2.0,2.0,2.0],"name":1884,"generation":53,"distance":2509.0,"reward":-1410397.875}]}