{"geneDatas":[{"robotdna":[-0.7925107479095459,0.2016013860702515,-0.2166515588760376,-0.6079294681549072,-0.2815653085708618,-0.3650890588760376,0.7756369113922119,0.015499472618103028,-0.7995011806488037,0.4269573390483856,0.3504192531108856,-0.08351576328277588,-0.9282054901123048,-0.997995376586914,0.1926132440567017,-0.5229697227478027,0.6493909358978272,-0.01701819896697998,-0.2772117853164673,-0.8024506568908691,-0.7218930721282959,-0.9354283809661864,-0.5217692852020264,-0.9347336292266846,-0.4842945337295532,-0.13059747219085694,-0.5190513134002686,0.9222068786621094,-0.4570580720901489,0.7163283824920654,-0.22982537746429444,-0.11100924015045166,-0.9859654903411864,0.6254684925079346,0.2884232699871063,-0.870128870010376,0.15737664699554444,0.7911455631256104,0.7113559246063232,0.5129530429840088,-0.04421699047088623,0.7875325679779053,-0.5321018695831299,0.9019060134887696,0.3521301448345185,-0.8159081935882568,0.35046741366386416,-0.0247572660446167,0.03312051296234131,-0.581458330154419,-0.6954176425933838,0.099828839302063,0.17186462879180909],"legSizes":[0.25,0.25,0.25,0.25,0.25,0.25,0.25,0.25,0.25,0.25,0.25,0.25,0.25,0.25,0.25,0.25,0.25,0.25,0.25,0.25,0.25,0.25,0.25,0.25],"bodySizes":[2.0,2.0,2.0],"name":14526,"generation":414,"distance":2509.0,"reward":-1277165.125},{"robotdna":[-0.5902397632598877,0.7670547962188721,0.23683226108551024,0.5601983070373535,-0.8409461975097656,-0.007378220558166504,0.6520061492919922,-0.9046120643615724,0.20765221118927008,-0.1445845365524292,-0.5846128463745117,0.9990227222442628,-0.46292436122894289,-0.7635884284973145,-0.2938743829727173,-0.40340983867645266,0.3853165805339813,0.8120284080505371,0.9475739002227784,0.34549400210380556,0.7128527164459229,-0.9461672306060792,0.39677855372428896,0.13085639476776124,-0.8384242057800293,0.9107635021209716,-0.38485538959503176,-0.6221542358398438,0.5747494697570801,0.5192914009094238,0.12643325328826905,-0.2994891405105591,-0.2556055784225464,-0.6949923038482666,0.7213475704193115,0.16607344150543214,0.4499971568584442,-0.4600566625595093,-0.008557915687561036,0.25827690958976748,0.5534846782684326,-0.7910687923431397,0.42766329646110537,-0.5316779613494873,-0.4957772493362427,-0.3924916982650757,-0.020314574241638185,0.2249773740768433,-0.05025970935821533,-0.2918928861618042,0.016054987907409669,0.3855204284191132,-0.3474286794662476],"legSizes":[0.25,0.25,0.25,0.25,0.25,0.25,0.25,0.25,0.25,0.25,0.25,0.25,0.25,0.25,0.25,0.25,0.25,0.25,0.25,0.25,0.25,0.25,0.25,0.25],"bodySizes":[2.0,2.0,2.0],"name":14491,"generation":414,"distance":2509.0,"reward":-1385134.875},{"robotdna":[-0.6492018699645996,-0.907233476638794,-0.7251782417297363,0.4895407855510712,0.9591426849365234,0.7950773239135742,-0.005650877952575684,-0.12481391429901125,-0.7079236507415772,-0.02514135837554932,0.30783388018608096,0.9205243587493897,0.9502637386322022,0.2671012580394745,-0.8343513011932373,0.6442368030548096,0.5778756141662598,0.2500910460948944,0.8932907581329346,0.738469123840332,0.5905923843383789,-0.797856330871582,-0.007355332374572754,0.1590665578842163,-0.33737266063690188,0.07892930507659912,0.2800600230693817,0.34137317538261416,0.6049633026123047,0.8668758869171143,0.13575398921966554,0.024805188179016118,0.24723803997039796,-0.8494341373443604,0.29332372546195986,0.7493371963500977,0.46240541338920596,0.997872829437256,0.8732740879058838,0.5518760681152344,0.3618013560771942,0.11444032192230225,-0.52262282371521,-0.14399445056915284,-0.7256476879119873,-0.8365633487701416,0.13847482204437257,-0.8651046752929688,-0.3323904275894165,0.4619211852550507,-0.99609375,0.4062361419200897,-0.12721097469329838],"legSizes":[0.25,0.25,0.25,0.25,0.25,0.25,0.25,0.25,0.25,0.25,0.25,0.25,0.25,0.25,0.25,0.25,0.25,0.25,0.25,0.25,0.25,0.25,0.25,0.25],"bodySizes":[2.0,2.0,2.0],"name":14510,"generation":414,"distance":2509.0,"reward":-1389996.625}]}