{"geneDatas":[{"robotdna":[0.8588283061981201,-0.4511681795120239,-0.44247305393218996,0.19435417652130128,0.7049446105957031,-0.8906664848327637,0.8631913661956787,-0.06415855884552002,0.4701065719127655,0.29868146777153017,-0.8511550426483154,-0.3440846204757691,-0.21476328372955329,0.5112128257751465,-0.05585157871246338,-0.5030128955841065,0.2520751655101776,-0.9939327239990234,0.2605607211589813,0.7813451290130615,0.7039952278137207,-0.10596072673797608,0.04849135875701904,-0.4683924913406372,-0.5850107669830322,0.3316185176372528,-0.5015888214111328,0.4796015918254853,-0.692772388458252,-0.6656994819641113,-0.1878112554550171,-0.20684516429901124,0.910597562789917,0.967653751373291,-0.9878318309783936,0.6842474937438965,-0.0926278829574585,-0.44970762729644778,0.9559433460235596,-0.017409443855285646,0.8558473587036133,0.3519689738750458,0.7861919403076172,-0.7341330051422119,-0.0379105806350708,-0.8172299861907959,-0.4189432859420777,-0.47548115253448489,-0.753558874130249,0.772803544998169,-0.5902183055877686,0.3621043860912323,0.5605218410491943],"legSizes":[0.25,0.25,0.25,0.25,0.25,0.25,0.25,0.25,0.25,0.25,0.25,0.25,0.25,0.25,0.25,0.25,0.25,0.25,0.25,0.25,0.25,0.25,0.25,0.25],"bodySizes":[2.0,2.0,2.0],"name":23211,"generation":664,"distance":2509.000244140625,"reward":-1278006.5},{"robotdna":[0.6654858589172363,-0.2596324682235718,-0.7821624279022217,0.8624446392059326,-0.5643050670623779,0.13712823390960694,0.8886375427246094,-0.5110056400299072,0.24676048755645753,-0.5184571743011475,-0.9233157634735109,0.5248982906341553,-0.9658615589141846,0.23738586902618409,-0.5121729373931885,0.41583701968193056,0.49005767703056338,0.2583970725536347,0.3522495925426483,-0.7622711658477783,-0.99977445602417,-0.7417623996734619,0.9541285037994384,-0.959761381149292,-0.6083405017852783,-0.24874913692474369,0.21033084392547608,0.7153968811035156,-0.721397876739502,-0.4030376672744751,-0.6354668140411377,0.06021702289581299,-0.9170081615447998,0.7330837249755859,0.7814300060272217,-0.5148026943206787,0.4110850989818573,0.6601178646087647,0.24730408191680909,0.6553666591644287,-0.762883186340332,0.2716321647167206,-0.47119104862213137,-0.8925349712371826,0.4883200824260712,-0.7464296817779541,0.38431450724601748,-0.8551344871520996,0.9572675228118897,0.6062002182006836,0.22690856456756593,-0.9263701438903808,-0.9688034057617188],"legSizes":[0.25,0.25,0.25,0.25,0.25,0.25,0.25,0.25,0.25,0.25,0.25,0.25,0.25,0.25,0.25,0.25,0.25,0.25,0.25,0.25,0.25,0.25,0.25,0.25],"bodySizes":[2.0,2.0,2.0],"name":23245,"generation":664,"distance":2509.000244140625,"reward":-1289039.625},{"robotdna":[0.1545184850692749,-0.08785831928253174,-0.2890263795852661,0.3788792788982392,-0.6553707122802734,-0.008464217185974121,-0.7277877330780029,0.02537763118743897,-0.06801974773406983,0.7084751129150391,-0.6396095752716065,0.7483389377593994,0.7775211334228516,0.443883627653122,0.33545729517936709,-0.8898849487304688,-0.9681296348571776,0.645268440246582,0.462907999753952,-0.6978511810302734,-0.4410368204116822,0.5018754005432129,0.792799711227417,0.008719801902770996,-0.3961979150772095,-0.7041785717010498,0.7591400146484375,-0.05032408237457276,-0.9703483581542968,0.42373964190483096,0.2687384784221649,-0.6007735729217529,-0.2680596113204956,0.8059494495391846,0.2342272996902466,0.22620093822479249,0.9481453895568848,0.7191147804260254,-0.6252760887145996,-0.3741611242294312,0.20277106761932377,-0.1344352960586548,0.32849356532096865,0.5117015838623047,0.020453810691833497,-0.8755974769592285,-0.9161210060119628,-0.4641605615615845,-0.7062320709228516,0.04228532314300537,-0.4809201955795288,0.1879643201828003,-0.2896956205368042],"legSizes":[0.25,0.25,0.25,0.25,0.25,0.25,0.25,0.25,0.25,0.25,0.25,0.25,0.25,0.25,0.25,0.25,0.25,0.25,0.25,0.25,0.25,0.25,0.25,0.25],"bodySizes":[2.0,2.0,2.0],"name":23255,"generation":664,"distance":2509.000244140625,"reward":-1397487.875}]}