{"geneDatas":[{"robotdna":[0.504265546798706,-0.4963170289993286,0.7344772815704346,-0.6032249927520752,-0.5636749267578125,-0.12200367450714112,-0.8101820945739746,-0.2815161943435669,-0.6344802379608154,-0.5109925270080566,0.7907862663269043,0.44576379656791689,-0.4505554437637329,0.3688945472240448,0.26466843485832217,-0.7852180004119873,0.8236162662506104,0.610694408416748,-0.9743201732635498,-0.5152852535247803,0.944767951965332,-0.628617525100708,-0.7071764469146729,-0.7261719703674316,0.385646790266037,-0.5935964584350586,-0.5211730003356934,0.7443158626556397,0.30115076899528506,-0.2587188482284546,-0.1762934923171997,-0.06955564022064209,0.4824194610118866,0.7142941951751709,-0.9405632019042968,-0.20843183994293217,0.3497731387615204,0.11593902111053468,0.8178658485412598,-0.20440375804901124,-0.27868616580963137,-0.3509570360183716,-0.1041337251663208,-0.9809627532958984,-0.6727151870727539,-0.12099754810333252,-0.1109539270401001,-0.989220142364502,0.1050013303756714,-0.5271868705749512,0.6513237953186035,0.3670878112316132,-0.5795538425445557],"legSizes":[0.25,0.25,0.25,0.25,0.25,0.25,0.25,0.25,0.25,0.25,0.25,0.25,0.25,0.25,0.25,0.25,0.25,0.25,0.25,0.25,0.25,0.25,0.25,0.25],"bodySizes":[2.0,2.0,2.0],"name":15990,"generation":457,"distance":2509.0,"reward":-1319505.625},{"robotdna":[0.6077964305877686,0.8875722885131836,0.2879926860332489,0.05808913707733154,-0.26502978801727297,0.7736809253692627,0.11021506786346436,-0.6006450653076172,-0.899367094039917,-0.3209463357925415,0.5435738563537598,-0.13405859470367433,-0.9584252834320068,-0.5664258003234863,-0.9132990837097168,0.06530463695526123,-0.021773219108581544,-0.004370331764221191,0.9269933700561525,0.2861036956310272,0.2511119544506073,-0.4306412935256958,0.1797858476638794,-0.4087752103805542,0.2526814639568329,0.6497433185577393,0.0644615888595581,-0.7973189353942871,0.003534674644470215,-0.6911795139312744,0.010805487632751465,-0.9786405563354492,-0.4424372911453247,-0.7693471908569336,0.6396033763885498,-0.2585331201553345,0.6214065551757813,-0.3330222368240357,0.9505760669708252,-0.44285738468170168,0.6775457859039307,-0.8636727333068848,-0.9178175926208496,-0.7846174240112305,-0.3233894109725952,0.7109975814819336,0.3528237044811249,-0.5281963348388672,0.06329524517059326,-0.8802845478057861,-0.3736625909805298,-0.0477367639541626,0.10863959789276125],"legSizes":[0.25,0.25,0.25,0.25,0.25,0.25,0.25,0.25,0.25,0.25,0.25,0.25,0.25,0.25,0.25,0.25,0.25,0.25,0.25,0.25,0.25,0.25,0.25,0.25],"bodySizes":[2.0,2.0,2.0],"name":16024,"generation":457,"distance":2509.0,"reward":-1375537.75},{"robotdna":[0.630317211151123,0.3667473495006562,-0.9087955951690674,-0.9676063060760498,0.05277073383331299,-0.8467526435852051,-0.196053147315979,-0.6232960224151611,0.9061412811279296,-0.27090466022491457,0.7985868453979492,-0.4439939260482788,-0.6589260101318359,0.4448289573192597,0.9708712100982666,0.3107700049877167,0.1462951898574829,-0.583359956741333,-0.525200605392456,0.7573370933532715,-0.9120545387268066,0.08743870258331299,-0.9596364498138428,-0.46113121509552,0.06963884830474854,-0.3254448175430298,-0.67934250831604,0.2683386504650116,0.6173427104949951,0.2894582450389862,0.0015403032302856446,0.8389861583709717,0.5243196487426758,-0.7790839672088623,-0.1435321569442749,0.3680603206157685,-0.615443229675293,-0.44731366634368899,0.24631011486053468,-0.4445821046829224,-0.190327525138855,0.8419849872589111,-0.8945357799530029,0.772510290145874,-0.33604180812835696,-0.7599337100982666,-0.9312012195587158,-0.18588006496429444,-0.6416933536529541,0.674816370010376,0.6003587245941162,0.7860255241394043,-0.7698104381561279],"legSizes":[0.25,0.25,0.25,0.25,0.25,0.25,0.25,0.25,0.25,0.25,0.25,0.25,0.25,0.25,0.25,0.25,0.25,0.25,0.25,0.25,0.25,0.25,0.25,0.25],"bodySizes":[2.0,2.0,2.0],"name":15978,"generation":457,"distance":2509.0,"reward":-1408755.875}]}