{"geneDatas":[{"robotdna":[0.3478431403636933,-0.8903117179870606,-0.950878381729126,-0.39964210987091067,-0.18600738048553468,-0.5745959281921387,0.12273919582366944,0.8905825614929199,-0.07455599308013916,-0.4554208517074585,0.5037286281585693,-0.208532452583313,-0.4887510538101197,-0.37347257137298586,-0.560955286026001,0.7127618789672852,-0.5360021591186523,0.3107948005199433,-0.12732017040252686,0.8009099960327148,-0.3393009901046753,0.2525381743907929,-0.20461714267730714,-0.3592153787612915,-0.4840956926345825,-0.9683408737182616,-0.013705849647521973,-0.6441254615783691,-0.4568108320236206,-0.9486968517303468,-0.8435258865356445,-0.026883482933044438,-0.9007785320281982,0.45687100291252139,0.2779113948345185,0.9589531421661376,0.47484228014945986,0.1021820306777954,-0.7789125442504883,-0.7258660793304443,-0.1054917573928833,-0.27192223072052,-0.92333722114563,-0.056047797203063968,-0.3907665014266968,-0.3041461706161499,0.2498530149459839,-0.2616637945175171,0.9688663482666016,-0.00639498233795166,-0.8143932819366455,-0.4895259141921997,0.03715670108795166],"legSizes":[0.25,0.25,0.25,0.25,0.25,0.25,0.25,0.25,0.25,0.25,0.25,0.25,0.25,0.25,0.25,0.25,0.25,0.25,0.25,0.25,0.25,0.25,0.25,0.25],"bodySizes":[2.0,2.0,2.0],"name":13980,"generation":399,"distance":2508.999755859375,"reward":-1272613.125},{"robotdna":[0.9034807682037354,0.18611538410186768,-0.8396296501159668,0.2862887084484101,0.007221817970275879,0.5797741413116455,0.9355008602142334,-0.09158670902252196,-0.4975687265396118,0.9168076515197754,0.5244181156158447,0.27393004298210146,0.6031320095062256,0.5228235721588135,0.4063977897167206,-0.9903168678283693,0.7749402523040772,0.002712845802307129,0.8700783252716065,0.561255931854248,0.5813906192779541,-0.8877055644989014,-0.8534924983978272,0.8477272987365723,0.9096884727478029,-0.6272280216217041,0.878331184387207,0.4260205924510956,-0.5954623222351074,0.314158171415329,-0.9385581016540529,-0.5758330821990967,-0.27641093730926516,0.9687566757202148,0.7711505889892578,-0.41809117794036868,-0.8296217918395996,0.25580593943595889,0.2823962867259979,0.985060214996338,-0.3115624189376831,-0.6319260597229004,0.8347432613372803,0.9151225090026856,0.9876115322113036,-0.9853730201721193,-0.06434547901153565,-0.24259769916534425,0.5335402488708496,0.8755855560302734,0.4975065886974335,-0.7433474063873291,0.9400069713592528],"legSizes":[0.25,0.25,0.25,0.25,0.25,0.25,0.25,0.25,0.25,0.25,0.25,0.25,0.25,0.25,0.25,0.25,0.25,0.25,0.25,0.25,0.25,0.25,0.25,0.25],"bodySizes":[2.0,2.0,2.0],"name":14004,"generation":399,"distance":2508.999755859375,"reward":-1290785.625},{"robotdna":[-0.21952950954437257,-0.8307812213897705,-0.3880690336227417,-0.7078700065612793,-0.3950809240341187,0.7050578594207764,0.1385558843612671,0.5139865875244141,0.5809528827667236,0.4765612781047821,-0.27668535709381106,0.10620152950286864,0.16038620471954349,-0.9721071720123292,0.408814400434494,-0.08859002590179444,0.3666834533214569,-0.5232622623443604,0.620650053024292,0.2459791898727417,0.05870139598846436,0.7063775062561035,0.3123402297496796,-0.8981120586395264,-0.4366778135299683,0.45645520091056826,-0.22772037982940677,-0.8602910041809082,-0.3527532815933228,0.3950421512126923,-0.2604483366012573,0.34949037432670596,-0.8655338287353516,-0.5057659149169922,-0.9069538116455078,-0.7739951610565186,-0.7283496856689453,0.8753712177276611,0.5789644718170166,-0.6373615264892578,0.7268543243408203,0.6700706481933594,0.9759047031402588,-0.9033896923065186,-0.08885157108306885,0.37743112444877627,-0.2606035470962525,0.9047424793243408,0.751014232635498,-0.2587796449661255,-0.2479337453842163,0.04537975788116455,0.9062068462371826],"legSizes":[0.25,0.25,0.25,0.25,0.25,0.25,0.25,0.25,0.25,0.25,0.25,0.25,0.25,0.25,0.25,0.25,0.25,0.25,0.25,0.25,0.25,0.25,0.25,0.25],"bodySizes":[2.0,2.0,2.0],"name":13978,"generation":399,"distance":2508.999755859375,"reward":-1310319.625}]}