{"geneDatas":[{"robotdna":[0.5060992240905762,0.7484531402587891,-0.3497272729873657,-0.8463840484619141,-0.03690135478973389,0.7927975654602051,0.6627616882324219,0.2696404159069062,-0.8199160099029541,-0.9732749462127686,-0.3657246828079224,-0.3078371286392212,0.5788743495941162,0.9291262626647948,-0.9638564586639404,0.47612282633781435,0.7706408500671387,0.3440837562084198,-0.6147615909576416,-0.005912661552429199,-0.2293263673782349,0.7817490100860596,0.28120943903923037,-0.63014817237854,-0.3207551240921021,-0.4269005060195923,-0.3383539915084839,0.8679311275482178,0.7576658725738525,-0.7058455944061279,-0.957651138305664,-0.6821296215057373,0.4832911193370819,-0.0030041933059692384,-0.9750800132751464,-0.7567446231842041,-0.8954119682312012,-0.8738012313842773,0.6961519718170166,-0.5789880752563477,-0.791672945022583,-0.12504327297210694,-0.6019845008850098,0.5068550109863281,-0.8539576530456543,0.8068051338195801,0.2053278684616089,0.583850622177124,0.5674171447753906,-0.3027878999710083,0.8276574611663818,0.05168449878692627,0.39853402972221377],"legSizes":[0.25,0.25,0.25,0.25,0.25,0.25,0.25,0.25,0.25,0.25,0.25,0.25,0.25,0.25,0.25,0.25,0.25,0.25,0.25,0.25,0.25,0.25,0.25,0.25],"bodySizes":[2.0,2.0,2.0],"name":24331,"generation":694,"distance":2509.0,"reward":-1348995.875},{"robotdna":[0.3491978347301483,-0.2827490568161011,0.6060752868652344,-0.35590660572052,0.1233905553817749,0.8141236305236816,-0.8510518074035645,0.6996603012084961,-0.8710181713104248,-0.5524978637695313,0.4222914874553681,-0.4641469717025757,-0.41491758823394778,-0.1990095376968384,0.90968918800354,0.021408438682556154,-0.642514705657959,0.6153130531311035,0.6431777477264404,0.7777519226074219,-0.993035078048706,0.3691775500774384,-0.7773828506469727,0.4508809745311737,-0.11150729656219484,-0.5626959800720215,-0.2912908792495728,0.6851329803466797,-0.2992895841598511,-0.26513946056365969,0.26190778613090517,-0.8115036487579346,-0.20845472812652589,-0.7025110721588135,-0.5349843502044678,0.20892679691314698,0.006392836570739746,0.0824202299118042,-0.12398636341094972,-0.48417794704437258,-0.576533317565918,-0.05810129642486572,0.19028913974761964,0.4432501494884491,0.2531070411205292,-0.9836628437042236,0.03952491283416748,-0.4023324251174927,-0.8119809627532959,-0.6006090641021729,0.2568225562572479,-0.25830137729644778,-0.99784517288208],"legSizes":[0.25,0.25,0.25,0.25,0.25,0.25,0.25,0.25,0.25,0.25,0.25,0.25,0.25,0.25,0.25,0.25,0.25,0.25,0.25,0.25,0.25,0.25,0.25,0.25],"bodySizes":[2.0,2.0,2.0],"name":24282,"generation":694,"distance":2509.0,"reward":-1386228.625},{"robotdna":[-0.5468580722808838,-0.6223678588867188,0.932586669921875,0.4061407744884491,0.5602357387542725,0.3627869784832001,-0.6263763904571533,-0.2964693307876587,0.9889707565307616,-0.4504693746566773,-0.7881386280059815,-0.4581111669540405,0.07086694240570069,-0.2526389360427857,0.1286939382553101,0.08957183361053467,0.6028139591217041,-0.7759809494018555,0.7415246963500977,-0.8351399898529053,-0.9644310474395752,0.2974221408367157,-0.05990087985992432,-0.4325214624404907,0.6040267944335938,0.5474574565887451,0.1628509759902954,-0.5852699279785156,-0.3843737840652466,-0.2874118089675904,-0.3523322343826294,-0.17685043811798097,-0.905956506729126,-0.3804854154586792,0.14657866954803468,0.6917555332183838,-0.5468480587005615,-0.9431374073028565,0.5672166347503662,0.18941891193389893,0.5011425018310547,-0.23078429698944093,0.7078511714935303,-0.43876373767852785,0.9564032554626464,0.8650140762329102,-0.2891784906387329,-0.9263718128204346,0.3967201411724091,0.9801578521728516,-0.5421028137207031,-0.8145196437835693,-0.7564697265625],"legSizes":[0.25,0.25,0.25,0.25,0.25,0.25,0.25,0.25,0.25,0.25,0.25,0.25,0.25,0.25,0.25,0.25,0.25,0.25,0.25,0.25,0.25,0.25,0.25,0.25],"bodySizes":[2.0,2.0,2.0],"name":24200,"generation":694,"distance":2509.0,"reward":-1394361.125}]}