{"geneDatas":[{"robotdna":[0.14260971546173097,0.250047892332077,-0.2187708616256714,-0.4330407381057739,0.8048956394195557,-0.0926910638809204,0.30304309725761416,0.5339274406433106,0.7973742485046387,0.646897554397583,0.344415158033371,0.8974206447601318,-0.37171471118927,0.7134370803833008,0.1501995325088501,-0.8865334987640381,-0.41586291790008547,-0.5406379699707031,-0.433977484703064,-0.6462805271148682,-0.009036898612976076,0.3941323459148407,-0.4008585214614868,-0.9162116050720216,-0.557497501373291,-0.7527434825897217,-0.8848538398742676,-0.005497097969055176,0.10694706439971924,-0.39221155643463137,-0.8413195610046387,0.4060914218425751,-0.054829955101013187,-0.029848694801330568,-0.3825262784957886,0.5927488803863525,-0.834376335144043,-0.08279192447662354,0.5116763114929199,0.03958165645599365,0.9199914932250976,-0.5914552211761475,0.2339495420455933,-0.3051851987838745,-0.8910331726074219,-0.3556357622146607,0.4838161170482636,0.20714294910430909,-0.7818214893341065,-0.4129019975662232,0.6432595252990723,-0.7185578346252441,-0.5737080574035645],"legSizes":[0.25,0.25,0.25,0.25,0.25,0.25,0.25,0.25,0.25,0.25,0.25,0.25,0.25,0.25,0.25,0.25,0.25,0.25,0.25,0.25,0.25,0.25,0.25,0.25],"bodySizes":[2.0,2.0,2.0],"name":20586,"generation":587,"distance":2509.000244140625,"reward":-1383673.875},{"robotdna":[0.1922527551651001,0.2993006408214569,0.7186295986175537,-0.7572548389434815,-0.7881379127502441,-0.6687541007995606,0.11543643474578858,0.8553855419158936,0.09286558628082276,-0.04182136058807373,0.1497975587844849,-0.5910201072692871,0.4702868163585663,0.14139163494110108,-0.973949670791626,-0.9899754524230956,0.09082543849945069,-0.030162453651428224,0.14198219776153565,-0.016256213188171388,0.325494259595871,0.0530015230178833,-0.9223926067352296,0.0280379056930542,-0.5817697048187256,0.13801801204681397,0.025473952293395997,-0.6779599189758301,-0.7165417671203613,0.6914405822753906,0.028957724571228029,-0.14325416088104249,-0.7632086277008057,-0.9617676734924316,0.9880149364471436,-0.12335526943206789,-0.6147322654724121,-0.6645712852478027,-0.2675117254257202,-0.13132178783416749,-0.7775919437408447,-0.18391692638397218,0.08309614658355713,0.4264855086803437,0.2071593999862671,-0.35577547550201418,-0.028921008110046388,0.9176604747772216,-0.69645094871521,0.9916973114013672,-0.9446866512298584,-0.08550679683685303,-0.2917550802230835],"legSizes":[0.25,0.25,0.25,0.25,0.25,0.25,0.25,0.25,0.25,0.25,0.25,0.25,0.25,0.25,0.25,0.25,0.25,0.25,0.25,0.25,0.25,0.25,0.25,0.25],"bodySizes":[2.0,2.0,2.0],"name":20490,"generation":587,"distance":2509.000244140625,"reward":-1422622.625},{"robotdna":[0.9862098693847656,-0.2966679334640503,-0.2512811422348023,-0.17491018772125245,0.33803126215934756,0.24509990215301517,0.16006100177764893,0.02427232265472412,-0.2717920541763306,0.1279619932174683,0.9327411651611328,0.21870601177215577,0.9797284603118897,-0.60294508934021,0.23460018634796146,0.7187459468841553,0.1290343999862671,0.18299472332000733,0.12376844882965088,-0.8455972671508789,0.5810379981994629,0.5635576248168945,-0.08748972415924072,0.3436691462993622,0.8135414123535156,0.2725288569927216,-0.4902423620223999,0.6279716491699219,0.16660010814666749,-0.2906149625778198,-0.033728718757629397,-0.18780028820037845,-0.5492346286773682,-0.3101221323013306,0.14030349254608158,0.30196258425712588,-0.41578638553619387,-0.2350403070449829,0.613823413848877,0.14117515087127686,-0.9317381381988524,0.13881409168243409,0.17294204235076905,0.9378986358642578,-0.4839633703231812,0.5006628036499023,-0.8893771171569824,0.6074974536895752,-0.6002390384674072,0.3736579120159149,-0.6817452907562256,-0.08250772953033447,0.498108834028244],"legSizes":[0.25,0.25,0.25,0.25,0.25,0.25,0.25,0.25,0.25,0.25,0.25,0.25,0.25,0.25,0.25,0.25,0.25,0.25,0.25,0.25,0.25,0.25,0.25,0.25],"bodySizes":[2.0,2.0,2.0],"name":20569,"generation":587,"distance":2509.000244140625,"reward":-1432664.0}]}