{"geneDatas":[{"robotdna":[-0.5138707160949707,-0.02906739711761475,0.7271180152893066,0.6320199966430664,-0.008786320686340332,0.3966700732707978,0.5788838863372803,-0.06174147129058838,-0.015316367149353028,-0.17291462421417237,-0.9762907028198242,-0.802152156829834,0.7152919769287109,0.20706474781036378,-0.6752467155456543,-0.6806135177612305,0.980562686920166,0.7064776420593262,0.2925715148448944,0.6320393085479736,0.4153706729412079,-0.9205968379974364,-0.8627104759216309,-0.7422001361846924,0.44440218806266787,-0.08870971202850342,0.10331141948699953,-0.09717452526092528,-0.47200191020965578,-0.15528547763824464,0.8129234313964844,0.881223201751709,-0.8344690799713135,0.05787360668182373,0.750617504119873,-0.02163398265838623,0.9410333633422852,0.47512170672416689,0.3074397742748261,0.023455500602722169,-0.256304144859314,-0.03344142436981201,0.17007315158843998,-0.6738264560699463,0.2212439775466919,-0.01724088191986084,-0.006393790245056152,-0.5267903804779053,0.07991445064544678,-0.26048338413238528,-0.9665322303771972,0.06590306758880615,0.7907283306121826],"legSizes":[0.25,0.25,0.25,0.25,0.25,0.25,0.25,0.25,0.25,0.25,0.25,0.25,0.25,0.25,0.25,0.25,0.25,0.25,0.25,0.25,0.25,0.25,0.25,0.25],"bodySizes":[2.0,2.0,2.0],"name":224,"generation":5,"distance":2509.000244140625,"reward":-1348897.0},{"robotdna":[0.765855073928833,-0.9225292205810548,0.6944229602813721,-0.7238490581512451,0.9599437713623048,0.9137618541717528,-0.9360907077789308,0.03858602046966553,-0.7001614570617676,0.7800643444061279,0.6163835525512695,0.14902722835540772,-0.3699051141738892,-0.536543607711792,0.2835523784160614,-0.21284162998199464,-0.5338902473449707,0.3924214541912079,0.8600082397460938,0.8233499526977539,-0.5822219848632813,0.1782549619674683,-0.3090695142745972,-0.01732718944549561,-0.7857017517089844,-0.4773403406143189,-0.6400723457336426,-0.3042250871658325,0.6253411769866943,0.6218087673187256,0.5774753093719482,0.28087565302848818,0.5878458023071289,0.5834479331970215,0.32340285181999209,-0.0987929105758667,-0.8870267868041992,0.0938934087753296,0.6631808280944824,0.23603308200836185,-0.04230630397796631,0.4967980086803437,-0.9806516170501708,0.8036136627197266,0.19712412357330326,-0.10121285915374756,0.645465612411499,-0.4047495126724243,0.5603537559509277,0.21250569820404056,0.43201419711112978,-0.8442785739898682,0.8449442386627197],"legSizes":[0.25,0.25,0.25,0.25,0.25,0.25,0.25,0.25,0.25,0.25,0.25,0.25,0.25,0.25,0.25,0.25,0.25,0.25,0.25,0.25,0.25,0.25,0.25,0.25],"bodySizes":[2.0,2.0,2.0],"name":204,"generation":5,"distance":2509.000244140625,"reward":-1351656.25},{"robotdna":[-0.997410774230957,0.971470832824707,0.625535249710083,0.5156359672546387,0.8515779972076416,-0.5429844856262207,-0.6070160865783691,0.9240894317626952,0.8336448669433594,0.06059062480926514,-0.1900957822799683,-0.4284166097640991,0.07993614673614502,-0.3814324140548706,0.103188157081604,0.14953887462615968,-0.3774365186691284,0.041686415672302249,0.3472926318645478,0.9561097621917724,0.4487883746623993,0.2881397902965546,0.6963074207305908,-0.9227676391601564,0.11396348476409912,-0.3757220506668091,-0.18757903575897218,-0.6389570236206055,0.6196517944335938,-0.007750630378723145,0.9620308876037598,-0.1093982458114624,0.9699139595031738,-0.1606208086013794,-0.2640870809555054,-0.4879261255264282,0.401750773191452,-0.7198851108551025,0.8130440711975098,0.19929039478302006,0.08984673023223877,-0.468783974647522,-0.4980593919754029,-0.38390982151031496,-0.8345503807067871,-0.8801474571228027,-0.20063364505767826,0.8700075149536133,0.44934627413749697,-0.2976008653640747,-0.04373729228973389,0.6336665153503418,-0.1225959062576294],"legSizes":[0.25,0.25,0.25,0.25,0.25,0.25,0.25,0.25,0.25,0.25,0.25,0.25,0.25,0.25,0.25,0.25,0.25,0.25,0.25,0.25,0.25,0.25,0.25,0.25],"bodySizes":[2.0,2.0,2.0],"name":202,"generation":5,"distance":2509.000244140625,"reward":-1401884.625}]}