{"geneDatas":[{"robotdna":[-0.9356513023376464,0.5507071018218994,0.5150012969970703,-0.5851945877075195,-0.387776255607605,-0.7847306728363037,-0.3553529977798462,-0.7060911655426025,-0.3933829069137573,-0.7112035751342773,0.8159441947937012,0.017743229866027833,0.6845650672912598,-0.6665277481079102,0.5269825458526611,-0.9541680812835692,0.6939470767974854,0.9216885566711426,-0.7444212436676025,-0.6933677196502686,0.1610187292098999,-0.4354490041732788,-0.7186400890350342,0.6570136547088623,0.7961883544921875,0.9021563529968262,-0.8312947750091553,-0.02696764469146729,-0.1394971609115601,-0.7687716484069824,-0.12579691410064698,0.8423709869384766,-0.8732438087463379,0.3382451236248017,0.4991132915019989,-0.6480937004089356,-0.10529768466949464,0.4756753146648407,0.7271738052368164,-0.7945218086242676,0.0807417631149292,0.2916965186595917,0.21158874034881593,-0.7424132823944092,0.011289000511169434,0.8543469905853272,-0.8136258125305176,-0.6320188045501709,-0.06921732425689697,-0.8783984184265137,0.1509338617324829,-0.705204963684082,0.14813649654388429],"legSizes":[0.25,0.25,0.25,0.25,0.25,0.25,0.25,0.25,0.25,0.25,0.25,0.25,0.25,0.25,0.25,0.25,0.25,0.25,0.25,0.25,0.25,0.25,0.25,0.25],"bodySizes":[2.0,2.0,2.0],"name":9044,"generation":257,"distance":2508.999755859375,"reward":-1362977.375},{"robotdna":[0.9164371490478516,-0.5337109565734863,-0.35220372676849368,-0.10459983348846436,0.8839240074157715,0.05540955066680908,-0.24110782146453856,-0.8454277515411377,-0.7005553245544434,-0.021541476249694825,0.409565418958664,-0.680060863494873,-0.7293264865875244,0.196402907371521,0.06043541431427002,0.73299241065979,0.8064079284667969,0.4638373553752899,-0.5288934707641602,0.3154511153697968,0.411190003156662,0.9196317195892334,-0.05257117748260498,-0.12473738193511964,0.3888919055461884,0.05360114574432373,-0.787604808807373,-0.8828380107879639,0.648707389831543,-0.6595678329467773,0.8981983661651611,-0.5647397041320801,-0.6666343212127686,-0.4157625436782837,0.744891881942749,0.777428150177002,-0.4163111448287964,-0.3904718160629273,-0.34655678272247317,0.9443840980529784,0.571495771408081,-0.38702547550201418,-0.5723145008087158,0.5944497585296631,-0.04090583324432373,-0.9315741062164308,0.15326035022735597,-0.1430760622024536,-0.1179591417312622,-0.8638064861297607,0.12401783466339112,-0.8280069828033447,-0.4125267267227173],"legSizes":[0.25,0.25,0.25,0.25,0.25,0.25,0.25,0.25,0.25,0.25,0.25,0.25,0.25,0.25,0.25,0.25,0.25,0.25,0.25,0.25,0.25,0.25,0.25,0.25],"bodySizes":[2.0,2.0,2.0],"name":9037,"generation":257,"distance":2508.999755859375,"reward":-1396664.875},{"robotdna":[-0.5030016899108887,0.6977214813232422,-0.33486855030059817,0.6359004974365234,-0.9912869930267334,0.15413248538970948,0.03091299533843994,0.6026060581207275,-0.8217878341674805,0.6238293647766113,0.3403689563274384,0.928699254989624,0.915879726409912,0.5692732334136963,0.4366459548473358,0.08449852466583252,0.7701921463012695,-0.3378723859786988,0.9345335960388184,-0.8615357875823975,0.424483984708786,-0.6465268135070801,0.5767693519592285,-0.6387903690338135,0.708423376083374,0.9584517478942872,0.1680616140365601,-0.24518144130706788,0.2606610953807831,0.2517273128032685,0.752021312713623,-0.6216564178466797,-0.27352869510650637,0.20567786693573,-0.95145583152771,0.8167955875396729,0.3586537539958954,0.606926441192627,0.1852189302444458,-0.5740489959716797,-0.6526627540588379,-0.888176679611206,0.20907604694366456,-0.8842039108276367,-0.7238504886627197,0.003839373588562012,-0.7250039577484131,0.3835415542125702,0.2133880853652954,-0.8906075954437256,-0.09312665462493897,-0.7174749374389648,0.9941177368164064],"legSizes":[0.25,0.25,0.25,0.25,0.25,0.25,0.25,0.25,0.25,0.25,0.25,0.25,0.25,0.25,0.25,0.25,0.25,0.25,0.25,0.25,0.25,0.25,0.25,0.25],"bodySizes":[2.0,2.0,2.0],"name":9034,"generation":257,"distance":2508.999755859375,"reward":-1406942.75}]}