{"geneDatas":[{"robotdna":[0.25604602694511416,0.146112322807312,0.5186426639556885,-0.5983717441558838,-0.16561543941497804,0.054949164390563968,0.20732295513153077,-0.15791261196136478,0.8425893783569336,-0.7134420871734619,0.708376407623291,0.697568416595459,-0.2887190580368042,0.5129003524780273,-0.10835850238800048,0.6850087642669678,-0.3710132837295532,-0.6926758289337158,-0.4259849786758423,0.7858476638793945,-0.8260378837585449,-0.9246397018432616,-0.1968463659286499,0.4689178168773651,-0.722815752029419,0.7472689151763916,0.2236372232437134,-0.759408712387085,0.36229559779167178,-0.5531713962554932,0.07033193111419678,0.750532865524292,-0.30854856967926028,0.502126932144165,0.6078364849090576,-0.4593573808670044,0.7112135887145996,-0.8749949932098389,-0.03291332721710205,0.6097826957702637,-0.8762743473052979,-0.5972850322723389,0.4588477313518524,-0.1881147623062134,0.972320795059204,-0.45429527759552,-0.5606768131256104,0.06265532970428467,0.35184070467948916,-0.09829223155975342,-0.5826153755187988,-0.5125515460968018,-0.6845424175262451],"legSizes":[0.25,0.25,0.25,0.25,0.25,0.25,0.25,0.25,0.25,0.25,0.25,0.25,0.25,0.25,0.25,0.25,0.25,0.25,0.25,0.25,0.25,0.25,0.25,0.25],"bodySizes":[2.0,2.0,2.0],"name":20689,"generation":591,"distance":2508.999755859375,"reward":-1293725.5},{"robotdna":[-0.020836234092712404,-0.24197685718536378,0.4303202331066132,0.46882364153862,0.730109453201294,-0.7171101570129395,-0.16530120372772218,-0.7879257202148438,-0.946014404296875,0.09172141551971436,-0.08730614185333252,-0.5397107601165772,0.03367269039154053,-0.026578068733215333,0.7165627479553223,0.8918647766113281,-0.4021316766738892,0.7509055137634277,0.14872777462005616,-0.44970786571502688,0.8283190727233887,-0.3947697877883911,0.5914711952209473,-0.22644197940826417,0.24315226078033448,0.3099946677684784,-0.7741267681121826,-0.13190758228302006,0.5516214370727539,0.4125342071056366,-0.3029974699020386,0.8885440826416016,-0.4439522027969361,-0.8088033199310303,0.33347246050834658,0.4629640281200409,0.4996320903301239,-0.5683057308197022,-0.03231847286224365,0.9703495502471924,0.8784403800964356,0.9378349781036376,0.3642246425151825,-0.666250467300415,0.5818977355957031,0.02425706386566162,-0.47151339054107668,0.5678200721740723,-0.6399974822998047,-0.6908442974090576,0.1239403486251831,0.6119182109832764,-0.036368489265441897],"legSizes":[0.25,0.25,0.25,0.25,0.25,0.25,0.25,0.25,0.25,0.25,0.25,0.25,0.25,0.25,0.25,0.25,0.25,0.25,0.25,0.25,0.25,0.25,0.25,0.25],"bodySizes":[2.0,2.0,2.0],"name":20720,"generation":591,"distance":2508.999755859375,"reward":-1347505.75},{"robotdna":[-0.8499622344970703,-0.8966593742370606,0.9061036109924316,0.7247560024261475,-0.6181340217590332,0.6176390647888184,0.533226728439331,-0.2571455240249634,-0.592609167098999,-0.8755457401275635,-0.5913023948669434,0.05687367916107178,0.7374892234802246,0.4542274177074433,-0.6142117977142334,-0.13537991046905518,0.8391344547271729,-0.7328996658325195,-0.6767425537109375,-0.5844175815582275,0.8890132904052734,-0.7370007038116455,-0.8605809211730957,-0.052822232246398929,-0.4059091806411743,-0.402988076210022,-0.12709414958953858,0.21003544330596925,0.7384488582611084,0.9445669651031494,0.2494081258773804,-0.9211058616638184,0.12951695919036866,-0.5857229232788086,-0.4610472917556763,0.4886262118816376,-0.8977830410003662,0.6124863624572754,0.2738475501537323,-0.20139849185943604,0.984532356262207,0.91432785987854,-0.06563341617584229,0.17672455310821534,0.9802560806274414,-0.4818326234817505,0.3736786544322968,0.6665725708007813,-0.8108973503112793,0.6233527660369873,0.9258086681365968,-0.3807324171066284,0.23393237590789796],"legSizes":[0.25,0.25,0.25,0.25,0.25,0.25,0.25,0.25,0.25,0.25,0.25,0.25,0.25,0.25,0.25,0.25,0.25,0.25,0.25,0.25,0.25,0.25,0.25,0.25],"bodySizes":[2.0,2.0,2.0],"name":20703,"generation":591,"distance":2508.999755859375,"reward":-1414479.875}]}