{"geneDatas":[{"robotdna":[0.8178081512451172,-0.5067517757415772,0.1571725606918335,0.4297914206981659,-0.591524600982666,0.6738955974578857,-0.9384284019470216,-0.7626936435699463,0.5484514236450195,-0.11683952808380129,-0.5980660915374756,-0.7703051567077637,-0.7577500343322754,0.2813832461833954,0.5733709335327148,-0.17021143436431886,0.2926883399486542,0.3359811007976532,-0.1710904836654663,-0.9003884792327881,-0.7752699851989746,-0.4603055715560913,-0.5457766056060791,-0.23883569240570069,0.4235193431377411,0.4093010127544403,-0.34730374813079836,-0.8569469451904297,-0.6695356369018555,-0.3716057538986206,-0.095863938331604,-0.12452256679534912,0.4010584056377411,-0.8204596042633057,-0.8823792934417725,0.6016416549682617,0.07412588596343994,0.49330708384513857,-0.4314008951187134,0.5604889392852783,0.039673686027526858,-0.05543863773345947,-0.252203106880188,-0.8367371559143066,-0.07958567142486572,0.9558401107788086,0.4803180396556854,-0.9456369876861572,-0.5087716579437256,-0.014251112937927246,0.9400675296783448,0.8346571922302246,-0.22166883945465089],"legSizes":[0.25,0.25,0.25,0.25,0.25,0.25,0.25,0.25,0.25,0.25,0.25,0.25,0.25,0.25,0.25,0.25,0.25,0.25,0.25,0.25,0.25,0.25,0.25,0.25],"bodySizes":[2.0,2.0,2.0],"name":32694,"generation":933,"distance":2509.0,"reward":-1220097.75},{"robotdna":[0.5078175067901611,0.6393942832946777,0.00928342342376709,-0.5225265026092529,0.230643630027771,-0.566572904586792,-0.3059443235397339,-0.7204015254974365,-0.2560988664627075,0.7645268440246582,-0.4979640245437622,-0.8439815044403076,0.1906214952468872,-0.698204755783081,0.11117804050445557,-0.990199089050293,0.48353311419487,0.5991816520690918,-0.0284343957901001,0.43193575739860537,-0.8088419437408447,0.4948665797710419,0.293819397687912,-0.49636948108673098,0.38558313250541689,-0.5435888767242432,0.19769132137298585,0.0493544340133667,0.6737122535705566,-0.3323189020156861,0.04953300952911377,0.48411867022514346,-0.9119646549224854,0.160011887550354,-0.1814662218093872,-0.4698454141616822,-0.09922897815704346,0.29152795672416689,-0.26286113262176516,-0.6174046993255615,-0.06932055950164795,-0.6704912185668945,0.4486381709575653,0.8613600730895996,-0.3431252241134644,-0.4177845716476441,-0.4316297769546509,-0.17013847827911378,-0.4761837720870972,-0.3926924467086792,0.4757210910320282,-0.05112516880035401,0.2978744208812714],"legSizes":[0.25,0.25,0.25,0.25,0.25,0.25,0.25,0.25,0.25,0.25,0.25,0.25,0.25,0.25,0.25,0.25,0.25,0.25,0.25,0.25,0.25,0.25,0.25,0.25],"bodySizes":[2.0,2.0,2.0],"name":32687,"generation":933,"distance":2509.0,"reward":-1286615.125},{"robotdna":[0.406382292509079,0.8241615295410156,0.29493042826652529,0.730778694152832,-0.2531391382217407,0.7269887924194336,-0.40397775173187258,0.2766742408275604,-0.3481675386428833,-0.9348735809326172,-0.4792212247848511,0.987307071685791,-0.023509621620178224,-0.2681154012680054,0.5160267353057861,-0.8818783760070801,-0.8644452095031738,-0.7269294261932373,0.9002940654754639,-0.6855614185333252,0.33873865008354189,0.5931563377380371,0.9255321025848388,0.89634108543396,-0.8605787754058838,0.8902690410614014,-0.6055481433868408,-0.1911095380783081,-0.46885716915130618,0.36663004755973818,-0.2619463205337525,0.11814486980438233,-0.9474983215332032,-0.5431928634643555,0.8978161811828613,0.2928089797496796,-0.6940727233886719,0.05299317836761475,-0.24558675289154056,0.5433568954467773,-0.7111425399780273,-0.608062744140625,-0.011397719383239746,0.07197368144989014,0.4476015269756317,-0.1778732538223267,-0.5879671573638916,0.1555708646774292,0.3943073451519013,0.9404919147491456,-0.4537264108657837,-0.2647730112075806,-0.7383768558502197],"legSizes":[0.25,0.25,0.25,0.25,0.25,0.25,0.25,0.25,0.25,0.25,0.25,0.25,0.25,0.25,0.25,0.25,0.25,0.25,0.25,0.25,0.25,0.25,0.25,0.25],"bodySizes":[2.0,2.0,2.0],"name":32680,"generation":933,"distance":2509.0,"reward":-1313390.0}]}