{"geneDatas":[{"robotdna":[0.8588283061981201,-0.4511681795120239,-0.44247305393218996,0.19435417652130128,0.7049446105957031,-0.8906664848327637,0.8631913661956787,-0.06415855884552002,0.4701065719127655,0.29868146777153017,-0.8511550426483154,-0.3440846204757691,-0.21476328372955326,0.5112128257751465,-0.05585157871246338,-0.5030128955841065,0.2520751655101776,-0.9939327239990234,0.2605607211589813,0.7813451290130615,0.7039952278137207,-0.10596072673797608,0.04849135875701904,-0.4683924913406372,-0.5850107669830322,0.3316185176372528,-0.5015888214111328,0.4796015918254853,-0.692772388458252,-0.6656994819641113,-0.1878112554550171,-0.20684516429901124,0.910597562789917,0.967653751373291,-0.9878318309783936,0.6842474937438965,-0.0926278829574585,-0.44970762729644778,0.9559433460235596,-0.017409443855285646,0.8558473587036133,0.3519689738750458,0.7861919403076172,-0.7341330051422119,-0.0379105806350708,-0.8172299861907959,-0.4189432859420777,-0.47548115253448489,-0.753558874130249,0.772803544998169,-0.5902183055877686,0.3621043860912323,0.5605218410491943],"legSizes":[0.25,0.25,0.25,0.25,0.25,0.25,0.25,0.25,0.25,0.25,0.25,0.25,0.25,0.25,0.25,0.25,0.25,0.25,0.25,0.25,0.25,0.25,0.25,0.25],"bodySizes":[2.0,2.0,2.0],"name":23211,"generation":662,"distance":2509.0,"reward":-1304920.375},{"robotdna":[-0.1885560750961304,0.911290407180786,0.1068507432937622,0.01791250705718994,0.656984806060791,0.899198055267334,0.46158215403556826,0.8054382801055908,-0.8542575836181641,-0.961773157119751,0.7122092247009277,-0.2670708894729614,0.2182289361953735,0.5230021476745606,-0.763836145401001,-0.7593178749084473,0.9041256904602052,-0.9003171920776367,0.7168793678283691,-0.10044419765472412,0.9586541652679445,-0.9441311359405518,0.12134850025177002,-0.7900345325469971,-0.1307235956192017,-0.08770167827606201,0.15137875080108646,0.5824446678161621,-0.38099730014801028,-0.5766818523406982,0.10887563228607178,0.10648858547210694,-0.2890733480453491,0.25602981448173525,-0.8440797328948975,-0.10384690761566162,0.5851516723632813,-0.5075845718383789,-0.6953270435333252,0.4024350345134735,0.7067239284515381,0.21576011180877689,-0.18324053287506104,-0.9889891147613524,-0.20933997631073,-0.3374115228652954,0.08560550212860108,0.2930478751659394,-0.5501594543457031,0.24940550327301024,-0.6800458431243897,-0.7550492286682129,0.4475695788860321],"legSizes":[0.25,0.25,0.25,0.25,0.25,0.25,0.25,0.25,0.25,0.25,0.25,0.25,0.25,0.25,0.25,0.25,0.25,0.25,0.25,0.25,0.25,0.25,0.25,0.25],"bodySizes":[2.0,2.0,2.0],"name":23182,"generation":662,"distance":2509.0,"reward":-1350373.375},{"robotdna":[-0.6506915092468262,-0.2669912576675415,0.9630401134490968,0.10092365741729737,-0.14122045040130616,0.547123908996582,-0.268609881401062,-0.9363081455230712,0.8912107944488525,0.387844055891037,-0.4763630628585816,-0.9972431659698486,-0.5266387462615967,-0.7076539993286133,-0.8245663642883301,0.8235604763031006,0.887047290802002,-0.3337210416793823,0.7989938259124756,0.06930458545684815,0.2652282416820526,0.5442674160003662,0.7914071083068848,0.6728105545043945,-0.1625844240188599,-0.6923701763153076,0.1411036252975464,-0.3743864297866822,-0.5344829559326172,-0.7287595272064209,-0.15462958812713624,0.6027839183807373,0.5671069622039795,-0.3608921766281128,-0.5399551391601563,-0.4897645711898804,-0.1703871488571167,0.34771034121513369,0.1440349817276001,0.13453805446624757,-0.41499626636505129,-0.8837313652038574,0.7792618274688721,0.1844569444656372,-0.7639310359954834,-0.8674952983856201,-0.22174441814422608,0.8846158981323242,-0.6197164058685303,0.16823256015777589,0.9884459972381592,-0.4831646680831909,0.7564032077789307],"legSizes":[0.25,0.25,0.25,0.25,0.25,0.25,0.25,0.25,0.25,0.25,0.25,0.25,0.25,0.25,0.25,0.25,0.25,0.25,0.25,0.25,0.25,0.25,0.25,0.25],"bodySizes":[2.0,2.0,2.0],"name":23194,"generation":662,"distance":2509.0,"reward":-1353776.625}]}