{"geneDatas":[{"robotdna":[0.714850664138794,-0.835259199142456,-0.2958134412765503,-0.1951347589492798,-0.4867428541183472,-0.9628007411956788,0.9053373336791992,-0.1560286283493042,0.2511055171489716,-0.19319117069244386,-0.3442872762680054,0.9579858779907228,0.9591383934020996,0.740854024887085,0.7673516273498535,-0.4172810316085816,0.3976385295391083,0.3368131816387177,-0.8471813201904297,0.24734532833099369,0.18994653224945069,0.8023028373718262,0.7804136276245117,-0.3939629793167114,0.06823956966400147,0.9656248092651368,-0.20296800136566169,0.8650813102722168,-0.7270252704620361,-0.6019017696380615,0.8476729393005371,-0.3681858777999878,0.43088480830192568,0.5489089488983154,0.3160068690776825,0.7763640880584717,0.8750910758972168,0.636850118637085,0.8398594856262207,-0.4069010019302368,-0.8134303092956543,0.2577936351299286,0.739304780960083,0.868844747543335,0.014472365379333496,-0.3562589883804322,-0.16024887561798097,-0.01357853412628174,-0.21078503131866456,-0.3055170774459839,0.3172473609447479,-0.3525875806808472,-0.7779800891876221],"legSizes":[0.25,0.25,0.25,0.25,0.25,0.25,0.25,0.25,0.25,0.25,0.25,0.25,0.25,0.25,0.25,0.25,0.25,0.25,0.25,0.25,0.25,0.25,0.25,0.25],"bodySizes":[2.0,2.0,2.0],"name":31087,"generation":888,"distance":2509.0,"reward":-1364909.625},{"robotdna":[-0.705341100692749,-0.8428711891174316,-0.9307489395141602,-0.12081587314605712,-0.4787560701370239,0.4612972438335419,-0.5787405967712402,-0.3780709505081177,0.4006519019603729,0.8745219707489014,-0.7045373916625977,0.0017937421798706057,0.7482318878173828,-0.4463654756546021,0.8309385776519775,0.2986011207103729,-0.9660019874572754,0.6946051120758057,0.515733003616333,0.5642082691192627,-0.6647233963012695,-0.8268535137176514,0.3561227023601532,0.055449604988098147,0.01796591281890869,0.7521927356719971,-0.1984001398086548,0.3690321147441864,0.1814178228378296,0.495775431394577,-0.3757990598678589,0.047599196434021,-0.3828202486038208,-0.1076434850692749,0.9470417499542236,0.7733466625213623,0.35437867045402529,-0.6391191482543945,0.16752278804779054,0.8091592788696289,-0.3629571199417114,-0.7188966274261475,0.4353937804698944,0.25989624857902529,0.0642310380935669,-0.7837069034576416,-0.542529821395874,-0.660313606262207,0.15522229671478272,0.8969173431396484,0.9001049995422363,-0.2863863706588745,-0.2630490064620972],"legSizes":[0.25,0.25,0.25,0.25,0.25,0.25,0.25,0.25,0.25,0.25,0.25,0.25,0.25,0.25,0.25,0.25,0.25,0.25,0.25,0.25,0.25,0.25,0.25,0.25],"bodySizes":[2.0,2.0,2.0],"name":31114,"generation":888,"distance":2509.0,"reward":-1376694.0},{"robotdna":[-0.2374495267868042,0.5587401390075684,-0.1123889684677124,-0.2997835874557495,0.2709636390209198,-0.9248874187469482,0.46361610293388369,0.7354104518890381,0.3371364772319794,0.9536235332489014,0.8783330917358398,-0.5238139629364014,0.43872615694999697,0.8657171726226807,-0.9559965133666992,0.3635081946849823,-0.1390398740768433,-0.25932157039642336,0.7281267642974854,0.1510673761367798,0.03152310848236084,-0.1353551149368286,-0.0019341707229614256,0.28046104311943056,0.5288112163543701,0.9960424900054932,-0.1315251588821411,-0.934683084487915,-0.7562441825866699,0.1862267255783081,-0.4632550477981568,0.1038144826889038,0.5381283760070801,0.8604915142059326,-0.10828244686126708,0.29545971751213076,0.9982023239135742,0.9420042037963868,0.5126049518585205,-0.8232994079589844,-0.03881275653839111,-0.348244309425354,0.3326086699962616,0.7098369598388672,0.2635476291179657,0.689321756362915,0.4133011996746063,0.9160406589508056,-0.33676254749298098,-0.9042940139770508,0.8387105464935303,-0.5432741641998291,0.44757720828056338],"legSizes":[0.25,0.25,0.25,0.25,0.25,0.25,0.25,0.25,0.25,0.25,0.25,0.25,0.25,0.25,0.25,0.25,0.25,0.25,0.25,0.25,0.25,0.25,0.25,0.25],"bodySizes":[2.0,2.0,2.0],"name":31096,"generation":888,"distance":2509.0,"reward":-1389632.875}]}