{"geneDatas":[{"robotdna":[0.5783834457397461,0.395198792219162,-0.25726282596588137,-0.6490616798400879,-0.6262311935424805,0.9654114246368408,0.8621265888214111,-0.8232426643371582,0.2399004697799683,0.0040427446365356449,0.4659373462200165,-0.8117849826812744,-0.5092840194702148,-0.8974080085754395,0.7869880199432373,-0.2779885530471802,-0.744499683380127,-0.8563411235809326,-0.703747034072876,0.5111639499664307,-0.08925449848175049,0.8556051254272461,0.09355556964874268,0.8801007270812988,-0.3619157075881958,0.07400810718536377,0.9212493896484376,-0.9326255321502686,-0.3829470872879029,0.3516142070293427,-0.01067936420440674,-0.6796386241912842,-0.3050140142440796,0.30289384722709658,-0.07508862018585205,0.903151273727417,0.5997579097747803,-0.7398045063018799,-0.8301906585693359,0.7705559730529785,0.822821855545044,-0.3126064538955689,0.38413378596305849,-0.7438259124755859,0.1890126466751099,0.8859715461730957,0.8029065132141113,0.2026380300521851,0.05741012096405029,0.6391217708587647,0.514129638671875,0.9331669807434082,-0.1800140142440796],"legSizes":[0.25,0.25,0.25,0.25,0.25,0.25,0.25,0.25,0.25,0.25,0.25,0.25,0.25,0.25,0.25,0.25,0.25,0.25,0.25,0.25,0.25,0.25,0.25,0.25],"bodySizes":[2.0,2.0,2.0],"name":61,"generation":2,"distance":2509.0,"reward":-1420938.625},{"robotdna":[-0.7558121681213379,-0.40761005878448489,0.3456601798534394,0.4775390326976776,0.15023553371429444,-0.3322416543960572,0.2792291343212128,-0.5930237770080566,0.8136260509490967,0.5634429454803467,-0.7429323196411133,-0.19361388683319093,-0.7751338481903076,-0.6647000312805176,0.7339832782745361,-0.7558553218841553,-0.595879077911377,0.08546864986419678,-0.3198882341384888,0.7224829196929932,0.49930617213249209,-0.6162881851196289,0.9937682151794434,0.5777227878570557,0.19375193119049073,-0.8599467277526856,0.2881929576396942,0.2654106318950653,-0.6867806911468506,-0.5033435821533203,0.17846238613128666,0.1539849042892456,-0.2756863832473755,-0.04529082775115967,0.01729452610015869,-0.6973142623901367,-0.09700262546539308,0.14914143085479737,0.3867892920970917,0.6064150333404541,0.3642990291118622,-0.5143656730651856,-0.6925334930419922,0.7648017406463623,-0.8424437046051025,-0.8869802951812744,0.8700766563415527,0.9872047901153565,0.20562708377838136,0.4136516749858856,-0.7283797264099121,0.7924990653991699,-0.6641688346862793],"legSizes":[0.25,0.25,0.25,0.25,0.25,0.25,0.25,0.25,0.25,0.25,0.25,0.25,0.25,0.25,0.25,0.25,0.25,0.25,0.25,0.25,0.25,0.25,0.25,0.25],"bodySizes":[2.0,2.0,2.0],"name":54,"generation":2,"distance":2509.0,"reward":-1425666.75},{"robotdna":[-0.004233479499816895,0.9526803493499756,0.21943938732147218,0.6289124488830566,0.665398359298706,-0.8913025856018066,0.2525429427623749,0.3336920440196991,-0.9450113773345948,-0.8830504417419434,0.1734403371810913,0.2639879882335663,0.10427939891815186,-0.7274870872497559,-0.6587727069854736,-0.3962596654891968,0.22152578830718998,-0.5461621284484863,0.4714774787425995,0.3711888492107392,0.2203418016433716,0.7366561889648438,0.2462230920791626,0.7912559509277344,0.87502121925354,0.01643812656402588,0.9752469062805176,0.9732890129089356,-0.3606306314468384,-0.5730247497558594,-0.1718045473098755,0.8517212867736816,0.810718297958374,-0.8793363571166992,-0.09875547885894776,-0.34243810176849368,0.5534861087799072,0.47261616587638857,-0.8803322315216065,0.5835952758789063,0.5115950107574463,0.36763855814933779,0.08485734462738037,0.14009392261505128,0.125024676322937,-0.977064847946167,0.325590580701828,-0.8018152713775635,0.5833566188812256,-0.6537764072418213,0.7933211326599121,0.6935017108917236,-0.4478689432144165],"legSizes":[0.25,0.25,0.25,0.25,0.25,0.25,0.25,0.25,0.25,0.25,0.25,0.25,0.25,0.25,0.25,0.25,0.25,0.25,0.25,0.25,0.25,0.25,0.25,0.25],"bodySizes":[2.0,2.0,2.0],"name":106,"generation":2,"distance":2509.0,"reward":-1430119.25}]}