{"geneDatas":[{"robotdna":[-0.23050200939178468,0.2616791427135468,-0.1485987901687622,-0.6055381298065186,0.6552283763885498,0.5332810878753662,0.7939233779907227,-0.1332927942276001,-0.209023118019104,-0.19634735584259034,-0.5203061103820801,0.20638549327850345,-0.6006739139556885,-0.367803692817688,-0.5823726654052734,0.8007609844207764,-0.3713392019271851,0.7016990184783936,0.10709631443023682,0.6283266544342041,0.2765798270702362,0.31164857745170596,0.4051747024059296,0.17301833629608158,0.21362817287445069,0.9372382164001464,0.707014799118042,0.35478636622428896,0.6102595329284668,-0.5783920288085938,0.4228329360485077,0.05091488361358643,-0.2785137891769409,-0.436287522315979,-0.7231426239013672,0.916046142578125,-0.5949938297271729,-0.6767318248748779,0.1966344118118286,0.4566349685192108,0.03021657466888428,0.28488823771476748,0.9856176376342772,0.11272132396697998,0.639631986618042,0.6566793918609619,-0.523268461227417,-0.2765625715255738,-0.7119724750518799,0.7953000068664551,0.09170329570770264,0.83931565284729,-0.25825560092926028],"legSizes":[0.25,0.25,0.25,0.25,0.25,0.25,0.25,0.25,0.25,0.25,0.25,0.25,0.25,0.25,0.25,0.25,0.25,0.25,0.25,0.25,0.25,0.25,0.25,0.25],"bodySizes":[2.0,2.0,2.0],"name":14995,"generation":428,"distance":2509.0,"reward":-1304298.75},{"robotdna":[0.5027632713317871,-0.5469558238983154,-0.3147572278976441,0.2676045596599579,0.8077096939086914,0.05206334590911865,-0.8692967891693115,0.5981926918029785,-0.5996723175048828,-0.3090437650680542,0.7659776210784912,-0.4428046941757202,0.01635062694549561,0.37265893816947939,-0.4971059560775757,-0.9255204200744628,0.1929553747177124,0.151375412940979,-0.585092306137085,0.44968029856681826,-0.3512412309646607,-0.4390021562576294,-0.9245576858520508,0.5871419906616211,-0.015270590782165528,0.7413184642791748,0.6472094058990479,-0.11188638210296632,-0.7943418025970459,-0.9507894515991212,0.1314297914505005,-0.5011801719665527,-0.8030972480773926,0.7520205974578857,-0.6162714958190918,0.7081072330474854,0.8739049434661865,0.5228569507598877,0.0013262033462524417,0.009778141975402832,-0.1776210069656372,0.2404252290725708,0.027855277061462404,-0.9049010276794434,0.6529655456542969,-0.5403885841369629,-0.31777870655059817,-0.7285926342010498,-0.768416166305542,0.5277023315429688,-0.4361938238143921,-0.10414159297943117,-0.8877637386322022],"legSizes":[0.25,0.25,0.25,0.25,0.25,0.25,0.25,0.25,0.25,0.25,0.25,0.25,0.25,0.25,0.25,0.25,0.25,0.25,0.25,0.25,0.25,0.25,0.25,0.25],"bodySizes":[2.0,2.0,2.0],"name":15001,"generation":428,"distance":2509.0,"reward":-1321647.625},{"robotdna":[0.5274724960327148,0.39549562335014346,-0.32243239879608157,0.8434765338897705,-0.9049272537231444,-0.18602168560028077,-0.7312164306640625,0.9742953777313232,-0.7798092365264893,-0.4187856912612915,-0.09977400302886964,-0.011818528175354004,0.9115967750549316,-0.07478940486907959,0.7200009822845459,-0.02274715900421143,-0.10514605045318604,-0.7840096950531006,0.33417651057243349,-0.03135192394256592,0.4684602916240692,-0.3203583955764771,0.4131364524364472,0.506772518157959,0.5158591270446777,0.691842794418335,0.4136790931224823,-0.9658527374267578,-0.0006710290908813477,-0.5341148376464844,-0.4043077230453491,0.9778115749359132,0.5776069164276123,-0.5823078155517578,0.42931410670280459,0.9154281616210938,-0.9970545768737792,0.9145143032073976,0.03861963748931885,0.3330843150615692,0.9984817504882813,0.8760354518890381,0.2816259562969208,0.09402191638946532,-0.12833893299102784,-0.8824472427368164,0.3541617095470429,0.6703512668609619,0.8445227146148682,0.7867720127105713,0.6145150661468506,-0.6065897941589356,-0.4934114217758179],"legSizes":[0.25,0.25,0.25,0.25,0.25,0.25,0.25,0.25,0.25,0.25,0.25,0.25,0.25,0.25,0.25,0.25,0.25,0.25,0.25,0.25,0.25,0.25,0.25,0.25],"bodySizes":[2.0,2.0,2.0],"name":14983,"generation":428,"distance":2509.0,"reward":-1323334.5}]}