{"geneDatas":[{"robotdna":[-0.6372947692871094,-0.4724644422531128,-0.6100709438323975,-0.09204328060150148,-0.7108612060546875,0.17702925205230714,0.02771604061126709,0.1267307996749878,0.7985851764678955,-0.6378567218780518,-0.8624131679534912,0.7217409610748291,0.1644331216812134,-0.28903520107269289,0.49821850657463076,0.1431318521499634,0.2709905803203583,-0.009328961372375489,-0.2703355550765991,-0.22511017322540284,0.5068564414978027,0.6279733180999756,-0.8719415664672852,-0.11906087398529052,0.3417634665966034,0.9252378940582277,0.8897054195404053,0.6932320594787598,-0.9024450778961182,-0.16352856159210206,-0.008067965507507325,0.17087090015411378,0.4922609031200409,-0.4452093839645386,0.69692063331604,-0.2788540124893189,0.09979093074798584,-0.08983814716339112,-0.9968822002410888,0.7744095325469971,-0.09475553035736084,-0.3570877313613892,0.19895684719085697,0.372575968503952,0.4659607112407685,-0.06027495861053467,-0.5125079154968262,0.8553063869476318,0.41971632838249209,0.16059815883636478,0.6397750377655029,0.5228548049926758,0.1734994649887085],"legSizes":[0.25,0.25,0.25,0.25,0.25,0.25,0.25,0.25,0.25,0.25,0.25,0.25,0.25,0.25,0.25,0.25,0.25,0.25,0.25,0.25,0.25,0.25,0.25,0.25],"bodySizes":[2.0,2.0,2.0],"name":29550,"generation":843,"distance":2509.0,"reward":-1244816.375},{"robotdna":[0.46572229266166689,0.23713958263397218,-0.6685478687286377,0.8815865516662598,0.6514997482299805,-0.3605538606643677,0.06843197345733643,-0.3360353708267212,-0.32922208309173586,0.7760353088378906,-0.944753885269165,0.43838974833488467,0.9386005401611328,0.7413489818572998,-0.0375903844833374,0.8616209030151367,-0.9455301761627196,0.1864529848098755,-0.797821044921875,0.26277586817741396,-0.8803160190582275,0.9482553005218506,-0.23658788204193116,0.04417598247528076,-0.4044266939163208,0.5221011638641357,-0.7313756942749023,0.6264681816101074,-0.8799102306365967,-0.7474112510681152,-0.2240079641342163,0.20190584659576417,-0.12065064907073976,0.7261130809783936,-0.2269068956375122,-0.9593048095703124,-0.16623246669769288,-0.7649743556976318,-0.41720807552337649,-0.12327969074249268,-0.3036113977432251,0.8675634860992432,-0.325928807258606,0.172035813331604,-0.16884124279022218,0.8301763534545898,-0.11825120449066162,-0.3878740072250366,0.7511723041534424,0.5093841552734375,0.35425397753715517,0.380259245634079,-0.4055134057998657],"legSizes":[0.25,0.25,0.25,0.25,0.25,0.25,0.25,0.25,0.25,0.25,0.25,0.25,0.25,0.25,0.25,0.25,0.25,0.25,0.25,0.25,0.25,0.25,0.25,0.25],"bodySizes":[2.0,2.0,2.0],"name":29492,"generation":843,"distance":2509.0,"reward":-1371267.75},{"robotdna":[0.6823713779449463,0.21925604343414308,0.9467906951904296,0.9884774684906006,0.813636302947998,0.5683152675628662,0.6918971538543701,0.01960122585296631,-0.7608115673065186,-0.480491042137146,0.12682807445526124,0.6036572456359863,-0.3760334253311157,-0.9984323978424072,0.2530286014080048,0.014364361763000489,0.14617955684661866,-0.6422650814056397,-0.2738734483718872,-0.21450555324554444,-0.02177965641021729,0.8021636009216309,0.1415919065475464,0.5399796962738037,0.1820124387741089,0.48601600527763369,-0.08563649654388428,-0.5758421421051025,0.4416033923625946,-0.502617359161377,-0.1297835111618042,-0.9360477924346924,0.09045541286468506,-0.48023951053619387,-0.01798546314239502,-0.012086987495422364,-0.5734672546386719,0.5349538326263428,-0.8512556552886963,0.2956027686595917,-0.7067513465881348,-0.4754406213760376,0.85188889503479,0.927304744720459,0.8056411743164063,0.2757067382335663,0.2995905578136444,0.39818713068962099,-0.6241261959075928,-0.2539583444595337,-0.5806279182434082,0.9618256092071532,-0.18922722339630128],"legSizes":[0.25,0.25,0.25,0.25,0.25,0.25,0.25,0.25,0.25,0.25,0.25,0.25,0.25,0.25,0.25,0.25,0.25,0.25,0.25,0.25,0.25,0.25,0.25,0.25],"bodySizes":[2.0,2.0,2.0],"name":29526,"generation":843,"distance":2509.0,"reward":-1371346.0}]}