{"geneDatas":[{"robotdna":[0.8907394409179688,0.7809510231018066,-0.20173466205596925,-0.5632388591766357,-0.5786268711090088,-0.7592027187347412,0.6758782863616943,-0.4998887777328491,-0.1564728021621704,0.28194448351860049,0.3140628039836884,-0.7706022262573242,-0.19853222370147706,0.23158013820648194,0.8060667514801025,-0.8288166522979736,0.5183682441711426,-0.3891397714614868,-0.1467684507369995,-0.9990010261535645,0.010329365730285645,0.1864715814590454,-0.6988499164581299,-0.863525390625,0.4282159507274628,-0.8811745643615723,-0.07453811168670654,-0.8300418853759766,0.8124244213104248,-0.15507328510284425,-0.1571978330612183,-0.9565465450286864,0.6740024089813232,-0.7388811111450195,-0.9887044429779052,-0.5650615692138672,0.5595905780792236,0.1903318166732788,-0.29887115955352785,0.2880725562572479,-0.4379047155380249,0.9661595821380616,0.5789668560028076,-0.37658655643463137,-0.052988648414611819,-0.7502293586730957,0.7220001220703125,0.6698062419891357,-0.21683728694915772,-0.5081470012664795,0.9921846389770508,0.8574600219726563,0.274318665266037],"legSizes":[0.25,0.25,0.25,0.25,0.25,0.25,0.25,0.25,0.25,0.25,0.25,0.25,0.25,0.25,0.25,0.25,0.25,0.25,0.25,0.25,0.25,0.25,0.25,0.25],"bodySizes":[2.0,2.0,2.0],"name":21362,"generation":609,"distance":2509.000244140625,"reward":-1411638.25},{"robotdna":[-0.3148287534713745,0.17977631092071534,0.47720929980278017,-0.333717942237854,0.1226269006729126,-0.5131330490112305,-0.8840594291687012,-0.6534223556518555,0.5484941005706787,-0.5103490352630615,-0.22759711742401124,-0.195165753364563,-0.2340902090072632,0.7487690448760986,0.2528299987316132,0.8707194328308106,0.08426153659820557,0.3608081042766571,0.4755241572856903,0.869025468826294,-0.14442169666290284,0.1633318662643433,-0.6895077228546143,-0.07494819164276123,-0.9060750007629396,-0.5525088310241699,-0.08065545558929444,-0.9359583854675292,0.4677338302135468,-0.23725402355194093,-0.3080879449844361,-0.4513052701950073,0.047324538230896,-0.1355041265487671,0.7143514156341553,-0.2590652704238892,-0.5243546962738037,-0.5195713043212891,-0.887984037399292,-0.4782198667526245,-0.3393796682357788,0.7869224548339844,-0.6871681213378906,0.13517606258392338,0.23025381565093998,-0.13253796100616456,0.7145261764526367,0.1817566156387329,-0.5408062934875488,0.36081549525260928,-0.8929717540740967,0.055091261863708499,-0.8587839603424072],"legSizes":[0.25,0.25,0.25,0.25,0.25,0.25,0.25,0.25,0.25,0.25,0.25,0.25,0.25,0.25,0.25,0.25,0.25,0.25,0.25,0.25,0.25,0.25,0.25,0.25],"bodySizes":[2.0,2.0,2.0],"name":21363,"generation":609,"distance":2509.000244140625,"reward":-1414969.125},{"robotdna":[0.2551152408123017,0.8834640979766846,-0.8297934532165527,0.40219590067863467,0.5214393138885498,0.6334228515625,-0.6001255512237549,0.38437506556510928,-0.8927173614501953,-0.772235631942749,0.296174019575119,0.04901659488677979,-0.5806093215942383,0.3571326434612274,0.5838892459869385,0.7510449886322022,0.5483887195587158,0.5590283870697022,-0.49179184436798098,0.6492252349853516,0.35669562220573428,-0.5352637767791748,0.27972719073295596,0.8946921825408936,0.15060794353485108,-0.3655942678451538,0.7797136306762695,0.23220312595367433,-0.8459434509277344,0.616342306137085,0.20832455158233646,-0.38429057598114016,-0.43985188007354739,0.4362375438213349,-0.7911851406097412,-0.23620212078094486,-0.17979252338409425,-0.6544959545135498,0.349713534116745,-0.5744678974151611,0.8866269588470459,-0.5200121402740479,0.8614499568939209,-0.9050447940826416,-0.9722957611083984,0.8560335636138916,0.3979317843914032,-0.3587154150009155,0.4708218276500702,-0.3379467725753784,-0.30578434467315676,0.4056095778942108,0.5314116477966309],"legSizes":[0.25,0.25,0.25,0.25,0.25,0.25,0.25,0.25,0.25,0.25,0.25,0.25,0.25,0.25,0.25,0.25,0.25,0.25,0.25,0.25,0.25,0.25,0.25,0.25],"bodySizes":[2.0,2.0,2.0],"name":21357,"generation":609,"distance":2509.000244140625,"reward":-1426305.875}]}