{"geneDatas":[{"robotdna":[0.519019603729248,-0.3873931169509888,-0.0827873945236206,0.380756825208664,-0.5966074466705322,-0.6735944747924805,0.33649036288261416,-0.6812467575073242,0.9883670806884766,0.6646139621734619,-0.9218814373016356,-0.1785811185836792,0.8282279968261719,0.3038501441478729,-0.30036723613739016,-0.6019687652587891,0.13102591037750245,-0.6343553066253662,0.6702964305877686,0.5476632118225098,0.0932985544204712,0.9209296703338624,-0.13604772090911866,-0.241263747215271,0.9709210395812988,-0.3417292833328247,-0.5711066722869873,-0.02100646495819092,-0.8378300666809082,0.8232333660125732,0.9877254962921144,-0.08211910724639893,-0.9664990901947022,-0.627875566482544,-0.5695638656616211,0.8837189674377441,-0.9760446548461914,0.9573137760162354,0.21924984455108646,-0.010711312294006348,-0.6422526836395264,-0.2590931653976441,-0.7205700874328613,0.7193152904510498,-0.2358168363571167,-0.8696064949035645,-0.9629240036010742,-0.6255550384521484,0.015599608421325684,-0.4368256330490113,-0.3575352430343628,0.5247366428375244,-0.3516460657119751],"legSizes":[0.25,0.25,0.25,0.25,0.25,0.25,0.25,0.25,0.25,0.25,0.25,0.25,0.25,0.25,0.25,0.25,0.25,0.25,0.25,0.25,0.25,0.25,0.25,0.25],"bodySizes":[2.0,2.0,2.0],"name":36133,"generation":1031,"distance":2509.0,"reward":-1239910.875},{"robotdna":[0.7434287071228027,-0.8546741008758545,0.5691709518432617,0.8512098789215088,-0.10923945903778076,-0.02249324321746826,-0.2235130071640015,-0.26991522312164309,0.1133798360824585,-0.5965983867645264,0.06977236270904541,-0.937474012374878,0.5373456478118897,-0.19447100162506104,-0.966073751449585,0.6446027755737305,0.6126739978790283,-0.9194233417510986,-0.3902076482772827,-0.7742979526519775,-0.7192623615264893,-0.2052065134048462,-0.32176101207733157,-0.4900377988815308,-0.2000046968460083,-0.2793964147567749,0.04113781452178955,-0.3365696668624878,0.7902038097381592,0.8150434494018555,-0.5568923950195313,-0.14668524265289308,0.13238632678985597,-0.8875198364257813,0.18210899829864506,0.6931276321411133,0.8452084064483643,0.7532310485839844,0.9232516288757324,0.004135727882385254,0.8617856502532959,0.9009678363800048,0.18103396892547608,-0.9290390014648438,-0.562370777130127,0.3623599708080292,-0.09938538074493408,-0.6720883846282959,0.8131086826324463,0.6381261348724365,0.5161030292510986,-0.3353551626205445,0.03069913387298584],"legSizes":[0.25,0.25,0.25,0.25,0.25,0.25,0.25,0.25,0.25,0.25,0.25,0.25,0.25,0.25,0.25,0.25,0.25,0.25,0.25,0.25,0.25,0.25,0.25,0.25],"bodySizes":[2.0,2.0,2.0],"name":36100,"generation":1031,"distance":2509.0,"reward":-1352416.375},{"robotdna":[0.5445196628570557,0.6305150985717773,0.8604834079742432,-0.9805052280426024,-0.3575969934463501,0.8070933818817139,-0.4679199457168579,-0.931119441986084,0.37782523036003115,-0.10048091411590576,0.5712711811065674,0.3808703124523163,0.7532193660736084,0.5357472896575928,-0.3992236852645874,-0.09926021099090576,0.6589057445526123,0.8468360900878906,-0.8892223834991455,0.5687947273254395,-0.0007086992263793945,0.5527322292327881,-0.3248690366744995,0.5398266315460205,0.4290163218975067,-0.10084784030914308,0.9607832431793212,0.6219198703765869,0.5353219509124756,-0.609208345413208,0.7918117046356201,0.2061020135879517,0.31597062945365908,0.8045732975006104,0.5398099422454834,0.6681756973266602,-0.5455596446990967,0.6861286163330078,-0.6245043277740479,-0.6150848865509033,-0.9394247531890868,0.2127434015274048,-0.6921408176422119,0.656550407409668,0.637988805770874,0.2695464789867401,-0.21407735347747804,-0.260034441947937,-0.419113039970398,0.5909359455108643,0.3230890929698944,0.8808412551879883,0.987119436264038],"legSizes":[0.25,0.25,0.25,0.25,0.25,0.25,0.25,0.25,0.25,0.25,0.25,0.25,0.25,0.25,0.25,0.25,0.25,0.25,0.25,0.25,0.25,0.25,0.25,0.25],"bodySizes":[2.0,2.0,2.0],"name":36065,"generation":1031,"distance":2509.0,"reward":-1360523.875}]}