{"geneDatas":[{"robotdna":[-0.6044821739196777,0.7351090908050537,-0.11377418041229248,-0.09505164623260498,0.6552140712738037,0.17631304264068604,0.5084047317504883,0.7418935298919678,0.3396753966808319,0.1371380090713501,-0.9303202629089356,0.2467881441116333,0.8006761074066162,0.8424663543701172,-0.4977165460586548,0.6390423774719238,0.296753853559494,-0.9209873676300048,-0.345331072807312,0.1929944753646851,-0.12382543087005617,0.3391046226024628,-0.7407035827636719,0.015209794044494628,0.40120717883110049,0.419781893491745,-0.17778003215789796,0.22559607028961185,0.9598793983459472,-0.6061382293701172,0.17186439037323,-0.06198322772979736,-0.6849689483642578,0.8275492191314697,-0.716515302658081,-0.22065746784210209,0.30995556712150576,0.9057247638702392,0.01707398891448975,-0.10740149021148682,-0.11734282970428468,-0.4781476259231568,0.2412658929824829,0.6848616600036621,0.2166992425918579,-0.08425867557525635,0.8528652191162109,-0.9119513034820556,0.006052136421203613,-0.9750697612762452,-0.5173549652099609,0.678398609161377,-0.951251983642578],"legSizes":[0.25,0.25,0.25,0.25,0.25,0.25,0.25,0.25,0.25,0.25,0.25,0.25,0.25,0.25,0.25,0.25,0.25,0.25,0.25,0.25,0.25,0.25,0.25,0.25],"bodySizes":[2.0,2.0,2.0],"name":11912,"generation":339,"distance":2509.0,"reward":-1195592.25},{"robotdna":[0.8790512084960938,0.0005346536636352539,-0.2444545030593872,0.5884597301483154,-0.664952278137207,-0.1579505205154419,0.12690246105194093,0.19662439823150636,0.5871195793151856,0.5774064064025879,-0.17777669429779054,-0.03830611705780029,0.3049704730510712,-0.5954909324645996,-0.08801662921905518,-0.2550259828567505,0.8088655471801758,-0.8840591907501221,0.321975439786911,0.8171811103820801,-0.7599813938140869,-0.29702723026275637,0.008626580238342286,0.31656190752983096,0.23046934604644776,-0.5330982208251953,-0.392553448677063,0.31386443972587588,-0.834334135055542,-0.9963927268981934,0.8479697704315186,0.6003589630126953,-0.3114291429519654,-0.356012225151062,0.18284165859222413,-0.9153594970703124,-0.2732454538345337,0.013952374458312989,0.007282614707946777,0.8951771259307861,0.7548301219940186,-0.398351788520813,-0.05392968654632569,0.294903963804245,0.7190563678741455,0.7907488346099854,-0.3122330904006958,-0.1898864507675171,-0.6532196998596191,-0.7644290924072266,0.037230849266052249,-0.0719383955001831,0.529719352722168],"legSizes":[0.25,0.25,0.25,0.25,0.25,0.25,0.25,0.25,0.25,0.25,0.25,0.25,0.25,0.25,0.25,0.25,0.25,0.25,0.25,0.25,0.25,0.25,0.25,0.25],"bodySizes":[2.0,2.0,2.0],"name":11894,"generation":339,"distance":2509.0,"reward":-1303500.125},{"robotdna":[0.817169189453125,0.97373628616333,0.8566720485687256,-0.9435231685638428,-0.6061294078826904,0.8128209114074707,0.047141432762146,-0.3206580877304077,0.03938782215118408,-0.20512211322784425,-0.6036131381988525,0.6401519775390625,-0.5292043685913086,0.5708696842193604,-0.3434804677963257,-0.4574834108352661,-0.0979686975479126,0.9071409702301024,0.20890390872955326,0.7687358856201172,-0.6729018688201904,0.5351293087005615,-0.39508306980133059,-0.9085094928741456,-0.8637337684631348,-0.10952341556549072,0.4982592761516571,-0.4181901216506958,0.1700483560562134,-0.7286777496337891,-0.6774091720581055,0.689558744430542,0.3130647838115692,-0.5095615386962891,0.9972414970397948,-0.0661853551864624,-0.449133038520813,0.18670642375946049,-0.6840043067932129,-0.9890179634094238,0.40494343638420107,0.4410512149333954,-0.689446210861206,-0.8337771892547607,-0.07890546321868897,0.964623212814331,0.17419803142547608,-0.20060741901397706,0.09776198863983154,0.9834773540496826,-0.2136908769607544,0.35113832354545596,0.9712495803833008],"legSizes":[0.25,0.25,0.25,0.25,0.25,0.25,0.25,0.25,0.25,0.25,0.25,0.25,0.25,0.25,0.25,0.25,0.25,0.25,0.25,0.25,0.25,0.25,0.25,0.25],"bodySizes":[2.0,2.0,2.0],"name":11909,"generation":339,"distance":2509.0,"reward":-1394409.5}]}