{"geneDatas":[{"robotdna":[-0.8378081321716309,0.693270206451416,0.9786229133605956,-0.9989659786224364,0.15079057216644288,0.9799034595489502,-0.2741326093673706,0.3420810401439667,0.2543434798717499,0.8245275020599365,-0.13518154621124268,-0.2667070627212525,0.9305577278137208,0.2572180926799774,-0.8092000484466553,0.35397836565971377,0.229709267616272,-0.6602582931518555,0.259902685880661,-0.7295989990234375,-0.09695231914520264,0.08160841464996338,0.22184789180755616,0.04774129390716553,0.850348949432373,0.3719863593578339,-0.2236419916152954,-0.0918503999710083,0.7206284999847412,-0.2724329233169556,-0.7627160549163818,0.110406756401062,-0.13782107830047608,-0.6602602005004883,-0.8254072666168213,0.6923139095306397,0.9085640907287598,0.12571799755096436,0.6707379817962647,-0.4796398878097534,0.39035508036613467,-0.3922539949417114,-0.6729700565338135,0.6141443252563477,-0.05088222026824951,0.8615672588348389,0.8489978313446045,-0.404436469078064,-0.2706671953201294,-0.5664768218994141,0.7715539932250977,0.2111095190048218,0.9439148902893066],"legSizes":[0.25,0.25,0.25,0.25,0.25,0.25,0.25,0.25,0.25,0.25,0.25,0.25,0.25,0.25,0.25,0.25,0.25,0.25,0.25,0.25,0.25,0.25,0.25,0.25],"bodySizes":[2.0,2.0,2.0],"name":996,"generation":28,"distance":2508.999755859375,"reward":-1237857.25},{"robotdna":[-0.7327921390533447,-0.5778326988220215,0.9723060131072998,0.9649784564971924,0.38221046328544619,-0.7795829772949219,-0.2731517553329468,-0.2488416433334351,0.9616661071777344,0.3334304988384247,-0.332703709602356,0.9884037971496582,0.6190505027770996,-0.916956901550293,-0.941664695739746,-0.09245479106903076,-0.950108766555786,-0.02708613872528076,0.5557765960693359,0.6848492622375488,-0.5670602321624756,-0.3173099756240845,-0.8828170299530029,0.2576999366283417,-0.9656033515930176,0.6986050605773926,0.9901700019836426,-0.6689395904541016,-0.2277106046676636,0.7512431144714356,-0.7755424976348877,0.8301577568054199,0.4297127425670624,0.8469822406768799,0.7435903549194336,0.4713301360607147,0.174413800239563,0.08435976505279541,0.8194420337677002,0.29515907168388369,-0.5856442451477051,-0.801389217376709,0.8488011360168457,-0.3993965387344361,-0.8257255554199219,0.835005521774292,-0.9473018646240234,-0.284878134727478,0.7082967758178711,0.43923088908195498,0.038814663887023929,0.3102278411388397,0.8448448181152344],"legSizes":[0.25,0.25,0.25,0.25,0.25,0.25,0.25,0.25,0.25,0.25,0.25,0.25,0.25,0.25,0.25,0.25,0.25,0.25,0.25,0.25,0.25,0.25,0.25,0.25],"bodySizes":[2.0,2.0,2.0],"name":1017,"generation":28,"distance":2508.999755859375,"reward":-1315612.0},{"robotdna":[0.5019264221191406,-0.6119673252105713,0.41141435503959658,-0.9989168643951416,-0.11778628826141358,0.2534014880657196,-0.9619791507720948,-0.3117488622665405,0.5225245952606201,0.35750505328178408,0.10961735248565674,-0.04418432712554932,0.24899256229400636,0.722297191619873,-0.497639536857605,-0.7659649848937988,0.06800687313079834,0.861452579498291,-0.8444380760192871,-0.09012401103973389,0.6675500869750977,0.4722315967082978,-0.05916392803192139,0.5567808151245117,-0.005256056785583496,-0.4726406335830689,0.9790260791778565,-0.5742862224578857,0.5151469707489014,-0.20231425762176517,0.2877039611339569,0.4233445823192597,0.15761888027191166,0.18771517276763917,0.40671655535697939,0.6019964218139648,-0.9980614185333252,-0.4853321313858032,-0.7703320980072022,0.4165429770946503,-0.9172871112823486,0.7675414085388184,-0.9194014072418212,0.46280381083488467,-0.6122839450836182,0.9999852180480956,-0.5057873725891113,-0.6637003421783447,-0.5082461833953857,0.4152774512767792,-0.3163059949874878,-0.9277372360229492,-0.7726616859436035],"legSizes":[0.25,0.25,0.25,0.25,0.25,0.25,0.25,0.25,0.25,0.25,0.25,0.25,0.25,0.25,0.25,0.25,0.25,0.25,0.25,0.25,0.25,0.25,0.25,0.25],"bodySizes":[2.0,2.0,2.0],"name":1021,"generation":28,"distance":2508.999755859375,"reward":-1361793.75}]}