{"geneDatas":[{"robotdna":[-0.8313264846801758,0.9924108982086182,-0.6280016899108887,0.5053653717041016,-0.028813481330871587,0.500652551651001,-0.5909101963043213,0.7269811630249023,-0.008425354957580567,-0.6358988285064697,-0.2703906297683716,-0.2630852460861206,-0.10343015193939208,-0.5050516128540039,0.944056272506714,-0.870657205581665,-0.6063904762268066,-0.4905387163162232,-0.685657262802124,-0.9875802993774414,-0.6907813549041748,0.5741980075836182,-0.10523116588592528,0.3932656943798065,-0.15888965129852296,-0.14594495296478272,0.4592477977275849,-0.31612861156463625,-0.9288573265075684,0.15605628490448,-0.6175973415374756,0.9039053916931152,-0.09408700466156006,0.6271319389343262,0.5994529724121094,0.6962244510650635,-0.7452254295349121,-0.8451061248779297,0.21673691272735597,0.8494465351104736,0.1114104986190796,0.9349727630615234,0.46158716082572939,-0.2656437158584595,0.3634195029735565,-0.23459064960479737,-0.22139155864715577,-0.5090563297271729,0.4746596515178681,-0.5476577281951904,-0.6022059917449951,0.04990708827972412,-0.7715797424316406],"legSizes":[0.25,0.25,0.25,0.25,0.25,0.25,0.25,0.25,0.25,0.25,0.25,0.25,0.25,0.25,0.25,0.25,0.25,0.25,0.25,0.25,0.25,0.25,0.25,0.25],"bodySizes":[2.0,2.0,2.0],"name":35047,"generation":1000,"distance":2509.0,"reward":-1378574.75},{"robotdna":[-0.2444595098495484,-0.040439724922180179,0.21073496341705329,-0.7549536228179932,0.15921342372894288,0.3877825438976288,0.24217307567596436,-0.5528573989868164,0.8674044609069824,0.7962191104888916,-0.6295669078826904,-0.9184587001800536,0.7846662998199463,0.1724635362625122,0.6702640056610107,-0.08320844173431397,-0.1010833978652954,0.4004490077495575,0.6527805328369141,-0.3663235902786255,0.6074075698852539,-0.655186653137207,-0.5354535579681397,-0.8157758712768555,0.6095139980316162,-0.39894092082977297,-0.12388575077056884,0.11964023113250733,-0.9002180099487305,0.9535191059112548,-0.5438635349273682,-0.8294916152954102,-0.22414863109588624,0.6996002197265625,-0.447999119758606,-0.7170112133026123,-0.5961449146270752,-0.09045636653900148,0.4465005099773407,-0.8420212268829346,-0.3351386785507202,-0.4826184511184693,-0.6262891292572022,-0.5374481678009033,0.1077491044998169,0.4153749644756317,-0.8877031803131104,0.5923027992248535,0.610316276550293,0.1240133047103882,-0.6195902824401856,-0.4480630159378052,0.4067346751689911],"legSizes":[0.25,0.25,0.25,0.25,0.25,0.25,0.25,0.25,0.25,0.25,0.25,0.25,0.25,0.25,0.25,0.25,0.25,0.25,0.25,0.25,0.25,0.25,0.25,0.25],"bodySizes":[2.0,2.0,2.0],"name":35006,"generation":1000,"distance":2509.0,"reward":-1384076.25},{"robotdna":[-0.14610469341278077,-0.9005200862884522,-0.07600009441375733,-0.5512750148773193,0.6371164321899414,-0.23507750034332276,0.16329538822174073,0.2147156000137329,0.5816473960876465,0.7918891906738281,-0.4235736131668091,-0.5652077198028565,-0.5252830982208252,-0.8167881965637207,-0.27951061725616457,0.6919722557067871,-0.12205755710601808,-0.9819636344909668,-0.021866202354431154,-0.05032479763031006,0.10911357402801514,-0.7507293224334717,-0.8844385147094727,0.20909655094146729,-0.8483591079711914,0.08699691295623779,-0.184364914894104,-0.15429413318634034,-0.4331468343734741,0.2714357078075409,-0.6775150299072266,-0.6185498237609863,-0.6375010013580322,-0.05774343013763428,0.8002524375915527,-0.04087555408477783,0.04968249797821045,-0.1196357011795044,0.5781846046447754,-0.13239586353302006,0.5685484409332275,0.7378387451171875,0.9843761920928956,0.5783123970031738,0.5441288948059082,0.5894598960876465,0.06859838962554932,-0.3039666414260864,-0.8961126804351807,0.6334049701690674,-0.41505634784698489,-0.6892986297607422,0.5135548114776611],"legSizes":[0.25,0.25,0.25,0.25,0.25,0.25,0.25,0.25,0.25,0.25,0.25,0.25,0.25,0.25,0.25,0.25,0.25,0.25,0.25,0.25,0.25,0.25,0.25,0.25],"bodySizes":[2.0,2.0,2.0],"name":35020,"generation":1000,"distance":2509.0,"reward":-1415706.5}]}