{"geneDatas":[{"robotdna":[-0.9692413806915284,0.7173473834991455,0.31400033831596377,0.4808282554149628,0.5871667861938477,-0.32177603244781496,-0.18275558948516849,0.7733128070831299,0.4716612994670868,0.04024779796600342,-0.5806746482849121,-0.6164381504058838,-0.1468127965927124,0.7511787414550781,-0.8872694969177246,-0.2590869665145874,0.5387365818023682,-0.7974112033843994,0.45587489008903506,0.4336864650249481,0.4181048572063446,-0.3573764562606812,-0.16694533824920658,-0.7829780578613281,-0.6375470161437988,-0.19745886325836185,0.033001065254211429,-0.07977378368377686,0.2766267955303192,0.0018340349197387696,0.6820564270019531,0.33089014887809756,-0.2433689832687378,0.4945125281810761,-0.8011374473571777,0.6620380878448486,0.4113137423992157,0.769200325012207,0.9773356914520264,0.4827406108379364,0.16833508014678956,-0.3541108369827271,0.42276284098625185,0.911036252975464,-0.2669323682785034,0.04308879375457764,0.5338912010192871,-0.11335885524749756,-0.5923757553100586,-0.5906987190246582,0.6104080677032471,0.6358537673950195,0.15159881114959718],"legSizes":[0.25,0.25,0.25,0.25,0.25,0.25,0.25,0.25,0.25,0.25,0.25,0.25,0.25,0.25,0.25,0.25,0.25,0.25,0.25,0.25,0.25,0.25,0.25,0.25],"bodySizes":[2.0,2.0,2.0],"name":25784,"generation":736,"distance":2509.0,"reward":-1326988.0},{"robotdna":[0.2315586805343628,-0.4169179201126099,-0.5832629203796387,-0.9873101711273192,-0.9277887344360352,0.2311643362045288,0.23693525791168217,-0.003642439842224121,-0.3386799097061157,0.5349440574645996,0.8373656272888184,0.8719584941864014,-0.51340651512146,0.4647361934185028,0.9657924175262452,-0.6126351356506348,0.4303569495677948,0.39688727259635928,-0.5642509460449219,0.4896299540996552,-0.008151650428771973,-0.887300968170166,-0.9334826469421388,0.06527984142303467,0.6671886444091797,-0.8275306224822998,0.2080327272415161,-0.913644790649414,-0.4857398271560669,0.6369278430938721,0.34382984042167666,-0.19588911533355714,0.834125280380249,0.5341475009918213,0.4464828670024872,0.07174766063690186,-0.3830565214157105,0.570603609085083,0.6908571720123291,-0.8927826881408691,0.14021241664886478,0.10257041454315186,0.3499707877635956,-0.18039405345916749,0.19498860836029056,0.13583099842071534,-0.172078013420105,-0.1265627145767212,-0.9449446201324464,-0.7923038005828857,0.8516206741333008,0.31787917017936709,0.2462857961654663],"legSizes":[0.25,0.25,0.25,0.25,0.25,0.25,0.25,0.25,0.25,0.25,0.25,0.25,0.25,0.25,0.25,0.25,0.25,0.25,0.25,0.25,0.25,0.25,0.25,0.25],"bodySizes":[2.0,2.0,2.0],"name":25797,"generation":736,"distance":2509.0,"reward":-1381002.875},{"robotdna":[-0.3620947599411011,-0.0982445478439331,0.6227059364318848,-0.09576785564422608,-0.1999121904373169,-0.7516536712646484,0.30918261408805849,0.01365053653717041,0.584481954574585,-0.2588459253311157,0.4145145118236542,0.15328657627105714,0.4568221271038056,-0.8736591339111328,-0.2605651617050171,0.7460198402404785,-0.19990599155426024,0.4104847609996796,0.2591423690319062,-0.7671749591827393,0.4721939265727997,0.688971757888794,-0.16899430751800538,-0.5520462989807129,0.2957055270671845,0.9863853454589844,0.4421145617961884,-0.33573639392852785,-0.7582542896270752,-0.8461108207702637,-0.9474666118621826,-0.004359602928161621,0.06439244747161865,0.9773802757263184,-0.01511085033416748,-0.8696045875549316,-0.6332230567932129,-0.8003036975860596,0.33278319239616396,0.2102285623550415,-0.6034462451934815,0.7664060592651367,0.8352336883544922,-0.07988154888153076,-0.46075379848480227,-0.4252322912216187,0.8100602626800537,-0.8006315231323242,-0.4769278764724732,0.8458764553070068,0.13163411617279054,0.970064640045166,0.4379808604717255],"legSizes":[0.25,0.25,0.25,0.25,0.25,0.25,0.25,0.25,0.25,0.25,0.25,0.25,0.25,0.25,0.25,0.25,0.25,0.25,0.25,0.25,0.25,0.25,0.25,0.25],"bodySizes":[2.0,2.0,2.0],"name":25800,"generation":736,"distance":2509.0,"reward":-1410681.0}]}