{"geneDatas":[{"robotdna":[0.0611952543258667,0.7099909782409668,-0.9656128883361816,-0.6483457088470459,0.29782721400260928,-0.531696081161499,-0.17339694499969486,-0.891122579574585,0.9859201908111572,-0.39468157291412356,0.31023356318473818,-0.330187201499939,0.11583268642425536,-0.6050686836242676,0.42113253474235537,0.2312549352645874,-0.042502522468566897,-0.7528812885284424,-0.761695146560669,-0.8020668029785156,0.006342530250549316,-0.7735695838928223,-0.9114696979522704,0.6997582912445068,-0.826831579208374,0.07312309741973877,0.5631015300750732,0.02871692180633545,0.17023766040802006,-0.9127120971679688,-0.38357436656951907,0.9399659633636476,0.10719478130340576,-0.3130306005477905,0.35333916544914248,0.4472791850566864,0.05349528789520264,0.3965534865856171,0.016632914543151857,0.4719211757183075,0.8955831527709961,0.843684196472168,-0.8565423488616943,0.16248905658721925,-0.9283475875854492,-0.973869800567627,-0.4493812322616577,-0.6187374591827393,-0.07970845699310303,0.9494736194610596,0.469448059797287,-0.9521698951721193,0.5876450538635254],"legSizes":[0.25,0.25,0.25,0.25,0.25,0.25,0.25,0.25,0.25,0.25,0.25,0.25,0.25,0.25,0.25,0.25,0.25,0.25,0.25,0.25,0.25,0.25,0.25,0.25],"bodySizes":[2.0,2.0,2.0],"name":25448,"generation":726,"distance":2509.0,"reward":-1331824.125},{"robotdna":[-0.6371467113494873,0.3321780860424042,0.4566044509410858,-0.2134143114089966,-0.018594861030578618,-0.5097136497497559,-0.0500720739364624,-0.37766778469085696,0.1472495794296265,-0.7444274425506592,-0.5689475536346436,-0.006086468696594238,0.6959292888641357,0.27950260043144228,-0.08235538005828858,-0.43323814868927,-0.0353163480758667,0.24996507167816166,-0.9809854030609132,-0.5238151550292969,-0.1400200128555298,0.36218711733818056,0.6466355323791504,0.332377165555954,0.834930419921875,0.491129606962204,0.3930487334728241,0.2624680697917938,0.8563089370727539,-0.34642064571380618,0.8464868068695068,0.030690550804138185,0.06639397144317627,0.438749760389328,-0.6231920719146729,-0.9895515441894532,0.5984127521514893,-0.680264949798584,-0.6016223430633545,-0.7024664878845215,-0.273534893989563,-0.3377434015274048,0.974245548248291,-0.7765500545501709,-0.15966641902923585,0.7232487201690674,-0.14873754978179933,-0.6977462768554688,-0.5099003314971924,0.9219138622283936,0.5890343189239502,-0.2855759859085083,0.4970254600048065],"legSizes":[0.25,0.25,0.25,0.25,0.25,0.25,0.25,0.25,0.25,0.25,0.25,0.25,0.25,0.25,0.25,0.25,0.25,0.25,0.25,0.25,0.25,0.25,0.25,0.25],"bodySizes":[2.0,2.0,2.0],"name":25439,"generation":726,"distance":2509.0,"reward":-1385073.0},{"robotdna":[0.5807275772094727,-0.23617970943450929,-0.701535701751709,0.6616480350494385,0.18433654308319093,0.6861062049865723,0.5295991897583008,0.6958582401275635,0.995084285736084,0.604672908782959,-0.9608724117279052,0.06541788578033447,-0.7941811084747315,0.04485571384429932,0.841010570526123,-0.3408304452896118,-0.3992804288864136,-0.2148038148880005,0.9225656986236572,-0.7294135093688965,-0.5853240489959717,-0.7296891212463379,0.5464193820953369,0.116582989692688,0.2713567912578583,-0.6113970279693604,0.24021422863006593,0.4306287467479706,0.6739203929901123,0.90464448928833,0.9103598594665529,-0.2792011499404907,-0.14961230754852296,0.8643221855163574,-0.2766050100326538,0.5433733463287354,0.5228443145751953,0.276750773191452,-0.4768630266189575,0.045072197914123538,0.6856615543365479,-0.07094848155975342,0.14799988269805909,-0.06267201900482178,0.22623050212860108,0.9946482181549072,0.2106372117996216,-0.6685006618499756,-0.1212536096572876,-0.59006667137146,-0.06413590908050537,0.6272060871124268,-0.6124968528747559],"legSizes":[0.25,0.25,0.25,0.25,0.25,0.25,0.25,0.25,0.25,0.25,0.25,0.25,0.25,0.25,0.25,0.25,0.25,0.25,0.25,0.25,0.25,0.25,0.25,0.25],"bodySizes":[2.0,2.0,2.0],"name":25390,"generation":726,"distance":2509.0,"reward":-1406018.625}]}