{"geneDatas":[{"robotdna":[0.8358733654022217,-0.9478299617767334,-0.23776161670684818,0.20981967449188233,-0.7483108043670654,0.7637844085693359,-0.6983153820037842,0.13884031772613526,0.16081678867340089,-0.35336625576019289,0.43244072794914248,-0.18559086322784425,0.05865824222564697,-0.655475378036499,0.1768862009048462,-0.3790043592453003,-0.5650920867919922,0.47149893641471865,-0.12609922885894776,-0.6850457191467285,0.008544564247131348,-0.7994887828826904,0.2828492820262909,0.6292498111724854,0.480403870344162,0.16678321361541749,-0.8729257583618164,-0.23107922077178956,0.9102611541748048,-0.3781641721725464,-0.9060502052307128,-0.838019609451294,0.3484182059764862,-0.4367440938949585,-0.4258335828781128,-0.2880741357803345,-0.0046433210372924809,0.8973586559295654,-0.05211985111236572,-0.2883394956588745,-0.8909480571746826,-0.22581517696380616,0.3715049922466278,-0.5871729850769043,-0.37646448612213137,-0.5256576538085938,-0.2960246801376343,0.6754584312438965,-0.8013920783996582,0.6819849014282227,0.10193121433258057,-0.4270089864730835,0.6146914958953857],"legSizes":[0.25,0.25,0.25,0.25,0.25,0.25,0.25,0.25,0.25,0.25,0.25,0.25,0.25,0.25,0.25,0.25,0.25,0.25,0.25,0.25,0.25,0.25,0.25,0.25],"bodySizes":[2.0,2.0,2.0],"name":9379,"generation":267,"distance":2509.0,"reward":-1311531.625},{"robotdna":[-0.4321664571762085,-0.6582202911376953,-0.6270079612731934,0.2636663615703583,0.6422922611236572,0.4670824706554413,0.8217403888702393,0.8933169841766357,-0.9905068874359132,0.15488803386688233,-0.08585679531097412,0.2648327052593231,0.8899850845336914,0.7885680198669434,0.6836090087890625,-0.3383592367172241,0.06077158451080322,0.6545553207397461,-0.9960999488830566,0.7269773483276367,0.0978156328201294,0.24519073963165284,-0.04893028736114502,-0.5738358497619629,-0.8950471878051758,-0.9770092964172364,-0.5956697463989258,-0.41862285137176516,-0.3388479948043823,-0.4364002943038941,0.5161581039428711,0.09363877773284912,-0.873084545135498,0.5173423290252686,0.6400458812713623,0.9667520523071288,-0.4113525152206421,-0.5745556354522705,-0.5684826374053955,0.13836944103240968,-0.2101365327835083,-0.8019430637359619,0.3677367866039276,-0.3977559804916382,0.7993288040161133,-0.73667311668396,0.9720621109008788,-0.6561331748962402,-0.7263879776000977,0.7786567211151123,-0.6452202796936035,0.7877295017242432,-0.9752161502838136],"legSizes":[0.25,0.25,0.25,0.25,0.25,0.25,0.25,0.25,0.25,0.25,0.25,0.25,0.25,0.25,0.25,0.25,0.25,0.25,0.25,0.25,0.25,0.25,0.25,0.25],"bodySizes":[2.0,2.0,2.0],"name":9365,"generation":267,"distance":2509.0,"reward":-1321979.75},{"robotdna":[0.8719570636749268,0.46250268816947939,0.9468886852264404,-0.10852015018463136,-0.9782917499542236,-0.8539998531341553,0.19350731372833253,-0.4041658639907837,0.5633904933929443,-0.34230124950408938,-0.3069571256637573,-0.19648420810699464,0.07597458362579346,0.05849087238311768,0.03311669826507569,-0.0419379472732544,0.7424459457397461,-0.9199411869049072,-0.5224545001983643,0.3970043361186981,-0.7969095706939697,0.5140576362609863,-0.5680902004241943,-0.4701305627822876,0.09409582614898682,0.7533977031707764,-0.6893563270568848,0.3664445579051972,-0.0341106653213501,-0.4223755598068238,-0.3320521116256714,0.8833625316619873,-0.9392695426940918,0.1855694055557251,-0.29124271869659426,-0.3999179601669312,-0.7093286514282227,0.6057109832763672,-0.7431871891021729,0.2560891807079315,0.05974781513214111,0.8565130233764648,0.4171740710735321,-0.7563633918762207,-0.7772021293640137,0.02712404727935791,-0.5226476192474365,-0.7995309829711914,0.6730754375457764,0.940150022506714,0.4339618384838104,-0.6129143238067627,0.11653101444244384],"legSizes":[0.25,0.25,0.25,0.25,0.25,0.25,0.25,0.25,0.25,0.25,0.25,0.25,0.25,0.25,0.25,0.25,0.25,0.25,0.25,0.25,0.25,0.25,0.25,0.25],"bodySizes":[2.0,2.0,2.0],"name":9372,"generation":267,"distance":2509.0,"reward":-1341683.5}]}