{"geneDatas":[{"robotdna":[0.14930522441864017,0.5121543407440186,-0.5464286804199219,0.2014225721359253,0.648392915725708,-0.5161564350128174,-0.07295787334442139,0.4145507514476776,0.8404028415679932,0.9897208213806152,0.5047421455383301,-0.886258602142334,0.9904091358184816,-0.9556393623352052,0.1328805685043335,-0.7776570320129395,-0.5111451148986816,-0.9953017234802246,0.983828067779541,0.2646650969982147,-0.9800512790679932,-0.2388557195663452,0.6766819953918457,-0.46349942684173586,-0.8965997695922852,0.12596404552459718,0.46571800112724306,-0.6776585578918457,-0.8099877834320068,0.668278694152832,-0.1921602487564087,0.13126647472381593,0.020957350730895997,-0.3630226850509644,-0.7358245849609375,0.04884731769561768,-0.6965987682342529,0.3494112193584442,-0.5006816387176514,0.8362393379211426,-0.1988126039505005,0.5663325786590576,0.6925833225250244,0.8683815002441406,-0.8049089908599854,-0.007301926612854004,-0.5790085792541504,-0.15777432918548585,-0.03883445262908936,-0.6164472103118897,-0.2683824300765991,-0.014300942420959473,-0.4018329381942749],"legSizes":[0.25,0.25,0.25,0.25,0.25,0.25,0.25,0.25,0.25,0.25,0.25,0.25,0.25,0.25,0.25,0.25,0.25,0.25,0.25,0.25,0.25,0.25,0.25,0.25],"bodySizes":[2.0,2.0,2.0],"name":16583,"generation":474,"distance":2509.0,"reward":-1340980.5},{"robotdna":[0.6463901996612549,-0.6312172412872315,0.7279045581817627,-0.8349494934082031,-0.7516565322875977,0.5881338119506836,-0.7655351161956787,-0.6947519779205322,-0.5983004570007324,-0.02044522762298584,-0.5945496559143066,-0.6980524063110352,-0.9479680061340332,0.7963597774505615,-0.4585448503494263,0.7817916870117188,-0.3202980756759644,0.3482761085033417,-0.46122586727142336,-0.3881887197494507,-0.8445422649383545,0.3677003085613251,-0.12216794490814208,-0.2994357347488404,0.04752910137176514,-0.9423928260803224,0.850191593170166,0.9921813011169434,0.9432203769683838,0.08078229427337647,-0.3254169225692749,-0.4620898962020874,-0.1411799192428589,-0.4211798906326294,0.03276503086090088,0.5828092098236084,-0.36781418323516848,-0.7559182643890381,0.07127130031585694,0.4486524760723114,0.5708396434783936,0.1353663206100464,-0.03530228137969971,0.018620848655700685,-0.8509674072265625,0.43767186999320986,-0.08297288417816162,-0.15720784664154054,-0.6138558387756348,0.12469494342803957,0.7325930595397949,0.785189151763916,0.8434412479400635],"legSizes":[0.25,0.25,0.25,0.25,0.25,0.25,0.25,0.25,0.25,0.25,0.25,0.25,0.25,0.25,0.25,0.25,0.25,0.25,0.25,0.25,0.25,0.25,0.25,0.25],"bodySizes":[2.0,2.0,2.0],"name":16594,"generation":474,"distance":2509.0,"reward":-1395541.75},{"robotdna":[-0.5836560726165772,-0.4482022523880005,-0.14862525463104249,-0.4542626142501831,-0.781684160232544,0.07400763034820557,-0.10216009616851808,0.7139713764190674,0.4616045653820038,-0.4565068483352661,-0.13991940021514893,0.7566213607788086,-0.40485823154449465,-0.10003435611724854,-0.6235415935516357,0.4570004642009735,0.8244824409484863,-0.1021651029586792,0.5690791606903076,0.11767590045928957,0.5396010875701904,0.13978564739227296,0.03828060626983643,0.7486743927001953,-0.08952534198760987,0.5485579967498779,0.44817230105400088,0.05958640575408936,-0.2707618474960327,-0.4137388467788697,-0.4561780691146851,-0.6358752250671387,-0.904222011566162,-0.917443037033081,0.2980303466320038,0.6513099670410156,0.23829996585845948,-0.24769270420074464,0.5551862716674805,0.8017218112945557,-0.4734078645706177,0.5851128101348877,-0.6400384902954102,0.13463938236236573,-0.3210819959640503,0.9769003391265868,0.08896005153656006,-0.34558260440826418,-0.7176637649536133,0.11065399646759032,-0.236913800239563,-0.971865177154541,0.4799148738384247],"legSizes":[0.25,0.25,0.25,0.25,0.25,0.25,0.25,0.25,0.25,0.25,0.25,0.25,0.25,0.25,0.25,0.25,0.25,0.25,0.25,0.25,0.25,0.25,0.25,0.25],"bodySizes":[2.0,2.0,2.0],"name":16606,"generation":474,"distance":2509.0,"reward":-1424758.875}]}