{"geneDatas":[{"robotdna":[0.3278631865978241,0.6146578788757324,0.30838319659233096,0.6662237644195557,-0.8599767684936523,0.39217039942741396,0.4590182006359101,0.07659780979156494,0.6953678131103516,0.5562701225280762,-0.1523352861404419,0.7048451900482178,0.9494428634643556,0.22834384441375733,0.09192144870758057,-0.8824751377105713,0.45127126574516299,0.2066742181777954,0.15246975421905518,0.7315418720245361,0.2874755561351776,-0.5638241767883301,0.5216200351715088,-0.6724495887756348,0.8517651557922363,-0.10407721996307372,-0.11604154109954834,0.2888619601726532,0.8756108283996582,0.14323890209198,-0.4037910699844361,0.20837032794952393,-0.30647337436676028,0.20774424076080326,0.7238907814025879,0.19337999820709229,0.8335113525390625,-0.7045319080352783,0.8388032913208008,0.042044758796691897,0.09739983081817629,0.6420786380767822,-0.9498369693756104,0.7301380634307861,0.18603360652923585,-0.4580725431442261,-0.8632543087005615,0.7645630836486816,0.2765748202800751,-0.4167391061782837,0.4238090217113495,-0.3567436933517456,0.17152297496795658],"legSizes":[0.25,0.25,0.25,0.25,0.25,0.25,0.25,0.25,0.25,0.25,0.25,0.25,0.25,0.25,0.25,0.25,0.25,0.25,0.25,0.25,0.25,0.25,0.25,0.25],"bodySizes":[2.0,2.0,2.0],"name":30329,"generation":866,"distance":2509.0,"reward":-1372915.25},{"robotdna":[0.3695671260356903,-0.6523923873901367,0.1597505807876587,-0.5446176528930664,0.2356497049331665,-0.57100510597229,0.6500589847564697,0.24203169345855714,-0.6154875755310059,-0.9782397747039796,0.9732840061187744,-0.2029496431350708,-0.5613138675689697,-0.118430495262146,-0.2765616178512573,-0.20962345600128177,-0.5404810905456543,0.7960433959960938,-0.06327188014984131,0.9348909854888916,-0.3442376852035523,-0.14663565158843998,-0.47462141513824465,-0.608536958694458,-0.975123167037964,-0.2736009359359741,-0.8379988670349121,-0.35965287685394289,0.8578593730926514,0.4265205562114716,-0.700800895690918,-0.7465915679931641,-0.050258517265319827,0.5129740238189697,0.3265595138072968,-0.9192593097686768,-0.8984212875366211,-0.023088574409484865,-0.7056007385253906,0.9134361743927002,-0.4478873014450073,0.2805428206920624,-0.23282921314239506,0.26961418986320498,0.9925241470336914,0.4104001224040985,-0.12234866619110108,0.24076902866363529,0.5889976024627686,-0.48634612560272219,0.15019142627716065,0.4438192546367645,-0.566889762878418],"legSizes":[0.25,0.25,0.25,0.25,0.25,0.25,0.25,0.25,0.25,0.25,0.25,0.25,0.25,0.25,0.25,0.25,0.25,0.25,0.25,0.25,0.25,0.25,0.25,0.25],"bodySizes":[2.0,2.0,2.0],"name":30347,"generation":866,"distance":2509.0,"reward":-1376011.75},{"robotdna":[-0.34272515773773196,-0.7555458545684815,0.7306256294250488,0.6064128875732422,0.4723527133464813,-0.9807767868041992,0.6103155612945557,0.1857689619064331,-0.2588919401168823,-0.5899324417114258,0.13168323040008546,-0.9008080959320068,-0.9159812927246094,0.9424796104431152,-0.6735670566558838,0.8935649394989014,-0.5420374870300293,0.3557498157024384,0.33861467242240908,0.3233022391796112,-0.811234712600708,-0.3919936418533325,0.4332103431224823,-0.7560825347900391,0.4369911849498749,0.05355632305145264,-0.07094228267669678,-0.5181822776794434,0.7190382480621338,0.6084215641021729,0.9842913150787354,-0.06481826305389404,-0.8151454925537109,0.7948949337005615,-0.32470858097076418,0.260827511548996,-0.6700315475463867,-0.4351156949996948,-0.7146022319793701,-0.38996970653533938,0.6761641502380371,0.6561605930328369,0.6801903247833252,0.2891351878643036,-0.8409295082092285,-0.5465683937072754,-0.47180020809173586,0.7441227436065674,0.08417665958404541,-0.7050719261169434,0.2695750892162323,-0.14940226078033448,-0.6027286052703857],"legSizes":[0.25,0.25,0.25,0.25,0.25,0.25,0.25,0.25,0.25,0.25,0.25,0.25,0.25,0.25,0.25,0.25,0.25,0.25,0.25,0.25,0.25,0.25,0.25,0.25],"bodySizes":[2.0,2.0,2.0],"name":30353,"generation":866,"distance":2509.0,"reward":-1396865.875}]}