{"geneDatas":[{"robotdna":[-0.22361385822296146,0.8642113208770752,0.6538097858428955,-0.7023177146911621,0.46719953417778017,0.9106807708740234,-0.7419579029083252,-0.20074808597564698,-0.8446850776672363,0.7527694702148438,-0.3093608617782593,-0.021971821784973146,-0.48389875888824465,-0.47108352184295657,-0.019582152366638185,0.6839890480041504,-0.2399669885635376,-0.8803451061248779,0.17294681072235108,-0.6118340492248535,-0.500408411026001,-0.2579139471054077,0.7947700023651123,0.3838641345500946,-0.2601069211959839,-0.487174391746521,-0.5702557563781738,-0.2096172571182251,-0.32947099208831789,0.2742120921611786,0.8896036148071289,0.5451755523681641,-0.4081212282180786,-0.4567660093307495,0.7135162353515625,-0.1460155248641968,-0.5741689205169678,-0.6900842189788818,-0.7238805294036865,0.5762019157409668,0.6599960327148438,-0.8200604915618897,-0.13426077365875245,0.8530735969543457,-0.1587899923324585,-0.7663846015930176,0.9897418022155762,0.5462849140167236,-0.739091157913208,-0.020911335945129396,0.17748677730560304,0.7318148612976074,0.8855302333831787],"legSizes":[0.25,0.25,0.25,0.25,0.25,0.25,0.25,0.25,0.25,0.25,0.25,0.25,0.25,0.25,0.25,0.25,0.25,0.25,0.25,0.25,0.25,0.25,0.25,0.25],"bodySizes":[2.0,2.0,2.0],"name":4644,"generation":132,"distance":2509.0,"reward":-1310604.0},{"robotdna":[-0.8758754730224609,-0.3306540250778198,0.8144035339355469,0.7304897308349609,-0.773646354675293,0.2841083705425263,-0.04941904544830322,0.37969180941581728,0.3343035876750946,-0.14280760288238526,0.672337532043457,-0.3356829881668091,-0.3777145147323609,0.42483827471733096,-0.5860605239868164,0.8240814208984375,-0.21882545948028565,0.4525029361248017,-0.8887207508087158,-0.447964072227478,-0.7819004058837891,0.18846261501312257,0.7576789855957031,-0.33804023265838625,0.19285285472869874,-0.9412691593170166,0.01990950107574463,0.3619301021099091,-0.8900153636932373,-0.16921627521514893,-0.2966855764389038,-0.01071608066558838,0.4440579116344452,-0.2525173425674439,-0.35618722438812258,-0.005726456642150879,-0.4959870576858521,-0.3982764482498169,-0.15664327144622804,-0.5306453704833984,0.27403518557548525,-0.349087119102478,-0.5648472309112549,0.43513843417167666,0.18096959590911866,-0.45044100284576418,-0.3530958890914917,0.8260931968688965,0.35406896471977236,-0.3179265260696411,-0.07332146167755127,-0.6683616638183594,0.8522751331329346],"legSizes":[0.25,0.25,0.25,0.25,0.25,0.25,0.25,0.25,0.25,0.25,0.25,0.25,0.25,0.25,0.25,0.25,0.25,0.25,0.25,0.25,0.25,0.25,0.25,0.25],"bodySizes":[2.0,2.0,2.0],"name":4650,"generation":132,"distance":2509.0,"reward":-1370743.875},{"robotdna":[-0.8776776790618897,-0.2092229127883911,0.013260722160339356,0.24618899822235108,-0.7700090408325195,-0.5965783596038818,-0.4825936555862427,0.10096991062164308,0.029564261436462404,0.5608861446380615,0.6525154113769531,0.008966803550720215,-0.8199703693389893,0.17696154117584229,-0.3665128946304322,0.8130218982696533,-0.3438979387283325,-0.8144712448120117,-0.8308877944946289,-0.4368518590927124,0.6587820053100586,0.8380610942840576,0.9062533378601074,0.7826619148254395,0.26989051699638369,-0.4097386598587036,-0.4098926782608032,-0.3105553388595581,-0.8718545436859131,0.7853143215179443,0.6030318737030029,-0.31696832180023196,0.434153288602829,0.5587050914764404,-0.2670546770095825,-0.2806631326675415,0.09543907642364502,0.2442551851272583,0.05672013759613037,0.456344336271286,-0.9874637126922609,-0.2628241777420044,-0.755781888961792,-0.6467149257659912,-0.1709221601486206,-0.28915512561798098,-0.5323741436004639,0.8637344837188721,0.866891622543335,0.9229094982147216,0.6521899700164795,-0.7771542072296143,0.05701839923858643],"legSizes":[0.25,0.25,0.25,0.25,0.25,0.25,0.25,0.25,0.25,0.25,0.25,0.25,0.25,0.25,0.25,0.25,0.25,0.25,0.25,0.25,0.25,0.25,0.25,0.25],"bodySizes":[2.0,2.0,2.0],"name":4640,"generation":132,"distance":2509.0,"reward":-1377012.75}]}