{"geneDatas":[{"robotdna":[-0.009219765663146973,-0.7982308864593506,-0.7171289920806885,-0.5921154022216797,-0.3671690225601197,-0.985780954360962,0.36392924189567568,-0.5111918449401856,0.7362146377563477,0.4222981631755829,-0.8794677257537842,0.10539638996124268,-0.5742545127868652,0.6193864345550537,0.9507405757904052,0.8408644199371338,-0.9395666122436525,-0.3975292444229126,-0.7801122665405273,-0.5547232627868652,-0.3289440870285034,0.8630528450012207,-0.13098180294036866,0.9105823040008544,-0.5275793075561523,-0.19531118869781498,-0.7939550876617432,0.5382227897644043,0.09398233890533449,0.9307777881622316,-0.6651639938354492,-0.4521774053573609,0.10396397113800048,0.690871000289917,-0.4521995782852173,-0.009398579597473145,-0.7433557510375977,-0.5426321029663086,0.3100850284099579,0.6364209651947022,-0.9801130294799804,-0.5308642387390137,0.002697110176086426,0.2712428271770478,-0.7572388648986816,-0.9041242599487304,-0.036464810371398929,-0.05462038516998291,0.2497726678848267,-0.9936261177062988,0.7548038959503174,0.5662417411804199,0.09121239185333252],"legSizes":[0.25,0.25,0.25,0.25,0.25,0.25,0.25,0.25,0.25,0.25,0.25,0.25,0.25,0.25,0.25,0.25,0.25,0.25,0.25,0.25,0.25,0.25,0.25,0.25],"bodySizes":[2.0,2.0,2.0],"name":12151,"generation":346,"distance":2509.0,"reward":-1384954.375},{"robotdna":[0.661994218826294,-0.7888479232788086,0.19532716274261478,-0.2388204336166382,-0.1550956964492798,-0.24693310260772706,-0.3979846239089966,0.5294661521911621,-0.38111555576324465,0.12393081188201904,0.8307268619537354,0.3752572238445282,-0.2652081251144409,0.36020562052726748,-0.9595003128051758,-0.03392183780670166,0.3191938102245331,-0.7014713287353516,-0.8619942665100098,-0.7925441265106201,-0.736656904220581,-0.12022888660430908,-0.9919872283935548,-0.6271772384643555,-0.14622151851654054,-0.039466261863708499,-0.06770861148834229,0.08949697017669678,-0.17367827892303468,-0.07168614864349365,-0.8985583782196045,-0.10387003421783449,0.39424702525138857,0.676642656326294,0.5690093040466309,-0.4250723123550415,0.1849123239517212,0.7091958522796631,0.5237112045288086,-0.854698657989502,0.6601123809814453,-0.7405261993408203,-0.9371771812438964,0.6542320251464844,0.6056609153747559,0.6528468132019043,0.8067991733551025,-0.1309832334518433,0.8372402191162109,0.46915146708488467,0.4546370208263397,-0.5853090286254883,0.8748137950897217],"legSizes":[0.25,0.25,0.25,0.25,0.25,0.25,0.25,0.25,0.25,0.25,0.25,0.25,0.25,0.25,0.25,0.25,0.25,0.25,0.25,0.25,0.25,0.25,0.25,0.25],"bodySizes":[2.0,2.0,2.0],"name":12136,"generation":346,"distance":2509.0,"reward":-1386026.75},{"robotdna":[-0.6118435859680176,0.9498789310455322,0.3893410861492157,0.937368869781494,0.56191086769104,0.439085453748703,-0.7996957302093506,0.05317771434783936,-0.18572556972503666,0.6849889755249023,0.9510464668273926,-0.13616812229156498,0.06323516368865967,-0.932697057723999,-0.3811753988265991,-0.9062221050262452,0.14741075038909913,0.19984161853790284,0.6121222972869873,0.6645176410675049,0.04241669178009033,-0.5192859172821045,0.343490332365036,-0.4125403165817261,-0.3675419092178345,0.19866812229156498,-0.9433515071868897,-0.9321675300598145,-0.7608847618103027,0.9189035892486572,0.1559680700302124,-0.5560288429260254,-0.014631867408752442,0.45035049319267275,-0.9197607040405272,0.08961474895477295,-0.2705007791519165,0.2105425596237183,0.7889289855957031,0.7674975395202637,0.8515019416809082,0.6834180355072022,-0.0523914098739624,0.2401975393295288,-0.434517502784729,-0.2360273599624634,0.07285487651824951,0.944258451461792,0.6885471343994141,0.8833954334259033,-0.18639695644378666,-0.21496403217315677,0.6548407077789307],"legSizes":[0.25,0.25,0.25,0.25,0.25,0.25,0.25,0.25,0.25,0.25,0.25,0.25,0.25,0.25,0.25,0.25,0.25,0.25,0.25,0.25,0.25,0.25,0.25,0.25],"bodySizes":[2.0,2.0,2.0],"name":12098,"generation":346,"distance":2509.0,"reward":-1398142.375}]}