{"geneDatas":[{"angles":[55.546348571777347,19.68951416015625,-26.746938705444337,28.940818786621095,-17.780851364135743,59.364036560058597,10.588424682617188,59.32542419433594,-26.04357147216797,-26.207778930664064,30.37896728515625,-34.157012939453128,-39.3912353515625,-24.639450073242189,-46.754005432128909,55.451416015625,26.884746551513673,53.56861877441406,36.43867492675781,43.29209899902344,-44.457679748535159,-32.28126525878906,-48.601295471191409,-6.259294509887695,58.26947021484375,41.24430847167969,9.651809692382813,-26.31066131591797,-26.068117141723634,-31.78058624267578,17.132877349853517,46.47704315185547,22.10712242126465,-43.11466979980469,59.937644958496097,30.63839340209961,33.297828674316409,-23.356985092163087,38.31085968017578,86.85908508300781,27.618297576904298,46.733192443847659,25.947708129882814,-35.270660400390628,-55.297080993652347,-9.581443786621094,-49.37101745605469,32.590126037597659,-28.95039939880371,-52.19908142089844,37.13892364501953,-38.587432861328128,34.06473922729492,13.320642471313477,26.277507781982423,-29.518827438354493,-27.541616439819337,-56.73081970214844,15.454940795898438,41.44512176513672,-33.29634094238281,-56.258628845214847,-46.160400390625,-30.578628540039064,-7.905784606933594,33.6446418762207,-0.2310333251953125,-28.911514282226564,-58.16827392578125,44.34745788574219,29.37759780883789,49.72691345214844,28.053646087646486,16.02674674987793,-45.262359619140628,31.784475326538087,2.7397079467773439,-48.298370361328128,-49.91294860839844,44.679420471191409],"legSizes":[0.2515191435813904,0.46420007944107058,0.3791825771331787,0.4629226624965668,0.3434242904186249,0.19379878044128419,0.43515634536743166,0.2503311038017273,0.27409932017326357,0.17651256918907166,0.13212257623672486,0.28486430644989016,0.4116383492946625,0.30240803956985476,0.49346309900283816,0.14887076616287232,0.18501892685890199,0.2028506100177765,0.4301818013191223,0.21387985348701478,0.25,0.19721657037734986,0.1729251891374588,0.25],"bodySizes":[1.9212273359298707,1.903948426246643,2.1870365142822267],"springs":[],"dumpers":[],"name":2410,"generation":68,"distance":39.7281494140625,"reward":-39.7281494140625},{"angles":[55.546348571777347,19.68951416015625,-16.128707885742189,37.58208465576172,-52.583831787109378,19.83638572692871,10.588424682617188,59.32542419433594,32.06336975097656,26.274930953979493,30.37896728515625,-34.157012939453128,-52.73540496826172,-27.648605346679689,-40.977386474609378,-0.02011871337890625,26.884746551513673,-51.50714111328125,36.43867492675781,27.881282806396486,-44.457679748535159,-18.979446411132814,-7.143424987792969,29.496288299560548,-21.977127075195314,-5.202062606811523,18.37479019165039,-26.31066131591797,-26.068117141723634,-31.78058624267578,17.132877349853517,-46.21703338623047,13.07843017578125,-31.26942253112793,33.91571044921875,30.63839340209961,33.297828674316409,-23.356985092163087,-29.250045776367189,86.85908508300781,27.618297576904298,52.07952880859375,25.947708129882814,-35.270660400390628,-55.297080993652347,24.281957626342775,-49.37101745605469,-59.89897918701172,-28.95039939880371,14.531814575195313,37.13892364501953,-38.587432861328128,34.06473922729492,13.320642471313477,-12.242538452148438,-8.756967544555664,-27.541616439819337,44.16868591308594,15.454940795898438,41.44512176513672,-33.29634094238281,-56.258628845214847,-49.374359130859378,56.74651336669922,-57.2889404296875,51.223541259765628,2.320110321044922,51.59716033935547,-41.32417297363281,44.34745788574219,-39.57225036621094,-35.30546569824219,-56.90245819091797,-45.18510437011719,58.998252868652347,31.784475326538087,2.7397079467773439,-48.298370361328128,-49.91294860839844,44.679420471191409],"legSizes":[0.2515191435813904,0.46420007944107058,0.3791825771331787,0.4629226624965668,0.3434242904186249,0.19379878044128419,0.43515634536743166,0.2957974076271057,0.27409932017326357,0.17651256918907166,0.43812909722328188,0.3497111201286316,0.4116383492946625,0.3148840069770813,0.49346309900283816,0.14887076616287232,0.18501892685890199,0.2028506100177765,0.4918306767940521,0.21387985348701478,0.4253324568271637,0.19721657037734986,0.1729251891374588,0.25],"bodySizes":[1.9212273359298707,1.903948426246643,2.1870365142822267],"springs":[],"dumpers":[],"name":2410,"generation":68,"distance":39.7281494140625,"reward":-61.8387565612793},{"angles":[55.546348571777347,19.68951416015625,-16.128707885742189,37.58208465576172,-52.583831787109378,-45.733436584472659,10.588424682617188,59.32542419433594,32.06336975097656,-26.207778930664064,30.37896728515625,-34.157012939453128,-52.73540496826172,-27.648605346679689,-40.977386474609378,-0.02011871337890625,26.884746551513673,-51.50714111328125,36.43867492675781,27.881282806396486,-44.457679748535159,-32.28126525878906,-7.143424987792969,29.496288299560548,-21.977127075195314,-5.202062606811523,18.37479019165039,-26.31066131591797,-26.068117141723634,-31.78058624267578,17.132877349853517,-46.21703338623047,22.10712242126465,-31.26942253112793,36.470489501953128,30.63839340209961,33.297828674316409,-23.356985092163087,38.31085968017578,86.85908508300781,27.618297576904298,46.733192443847659,25.947708129882814,-35.270660400390628,-55.297080993652347,-9.581443786621094,-49.37101745605469,32.590126037597659,-28.95039939880371,14.531814575195313,37.13892364501953,-38.587432861328128,34.06473922729492,13.320642471313477,26.277507781982423,-29.518827438354493,-27.541616439819337,-56.73081970214844,15.454940795898438,41.44512176513672,-33.29634094238281,-56.258628845214847,-46.160400390625,56.74651336669922,-57.2889404296875,51.223541259765628,-0.2310333251953125,-28.911514282226564,-41.32417297363281,44.34745788574219,-49.84076690673828,-35.30546569824219,6.196083068847656,-45.18510437011719,-51.109214782714847,31.784475326538087,2.7397079467773439,-48.298370361328128,-49.91294860839844,44.679420471191409],"legSizes":[0.2515191435813904,0.46420007944107058,0.3791825771331787,0.4629226624965668,0.3434242904186249,0.19379878044128419,0.43515634536743166,0.2503311038017273,0.27409932017326357,0.17651256918907166,0.43812909722328188,0.28486430644989016,0.4116383492946625,0.3148840069770813,0.49346309900283816,0.14887076616287232,0.18501892685890199,0.2028506100177765,0.4918306767940521,0.21387985348701478,0.4253324568271637,0.19721657037734986,0.1729251891374588,0.25],"bodySizes":[1.9212273359298707,1.903948426246643,2.1870365142822267],"springs":[],"dumpers":[],"name":2410,"generation":68,"distance":39.7281494140625,"reward":-70.9449691772461}]}