{"geneDatas":[{"angles":[57.293785095214847,42.77642822265625,20.474950790405275,-39.43428039550781,-17.780851364135743,31.434886932373048,-23.749414443969728,-43.204437255859378,32.06336975097656,23.5513973236084,30.37896728515625,44.76814270019531,-33.555091857910159,23.43939971923828,-46.754005432128909,-41.81103515625,-6.76263427734375,11.212913513183594,36.43867492675781,43.29209899902344,-15.994085311889649,-39.114646911621097,-43.918731689453128,29.496288299560548,-21.977127075195314,-5.202062606811523,18.37479019165039,-51.417816162109378,-24.220298767089845,-28.504119873046876,17.132877349853517,-53.46357727050781,13.07843017578125,-54.355628967285159,36.470489501953128,30.63839340209961,32.715267181396487,14.439863204956055,17.052968978881837,45.633644104003909,2.8762359619140627,37.20522689819336,49.7852897644043,54.00079345703125,-52.47212219238281,-13.144706726074219,-49.37101745605469,-59.27245330810547,-22.756383895874025,-42.693328857421878,16.258678436279298,47.31575393676758,-10.780370712280274,51.031005859375,17.605674743652345,49.450164794921878,-22.4549617767334,-38.419960021972659,6.976140975952148,41.44512176513672,-41.211517333984378,39.848358154296878,54.557518005371097,51.83428192138672,-0.12015533447265625,36.329654693603519,9.910591125488282,-28.911514282226564,-41.64397430419922,50.40184020996094,-45.66035461425781,42.68880844116211,8.920120239257813,-45.18510437011719,-45.262359619140628,17.946666717529298,2.7397079467773439,-48.298370361328128,-49.91294860839844,44.679420471191409],"legSizes":[0.17355790734291078,0.36471548676490786,0.2639692425727844,0.4890495240688324,0.20163996517658235,0.49149876832962038,0.22074002027511598,0.2503311038017273,0.23189684748649598,0.46314844489097597,0.22768303751945496,0.2807275056838989,0.41718655824661257,0.4997674524784088,0.49346309900283816,0.4175906777381897,0.3695424199104309,0.2028506100177765,0.3229867219924927,0.21387985348701478,0.4253324568271637,0.19721657037734986,0.10270815342664719,0.25],"bodySizes":[1.9809616804122925,1.8808873891830445,2.147094249725342],"springs":[],"dumpers":[],"name":3764,"generation":107,"distance":62.74663543701172,"reward":-62.74663543701172},{"angles":[-18.44855499267578,14.023124694824219,-8.963233947753907,28.940818786621095,-17.780851364135743,59.364036560058597,-2.415985107421875,-43.204437255859378,32.06336975097656,-2.029071807861328,8.505241394042969,43.787109375,-33.555091857910159,-13.299430847167969,-46.754005432128909,-52.739295959472659,-6.76263427734375,-45.909263610839847,36.43867492675781,-38.958045959472659,25.573522567749025,-39.114646911621097,-4.24217414855957,18.086698532104493,-35.09381103515625,52.416900634765628,18.37479019165039,-49.08006286621094,-14.605100631713868,-47.76838684082031,17.132877349853517,37.897666931152347,22.10712242126465,-43.46062469482422,-51.847930908203128,30.63839340209961,-28.686370849609376,14.439863204956055,-25.592500686645509,86.85908508300781,-48.43860626220703,46.733192443847659,28.128860473632814,53.93663024902344,-55.297080993652347,-2.569934844970703,-49.37101745605469,-59.06464385986328,-22.756383895874025,-31.260164260864259,52.342010498046878,23.56893539428711,58.47394561767578,51.031005859375,-32.89002990722656,-33.697471618652347,-10.131233215332032,-6.875617980957031,-58.3970947265625,-13.75750732421875,-28.974990844726564,-9.018781661987305,55.602821350097659,26.735057830810548,-29.688812255859376,-18.20369529724121,-2.99481201171875,-50.3260498046875,14.709457397460938,48.74681091308594,-55.37538146972656,-22.745269775390626,8.920120239257813,23.96044921875,24.655981063842775,37.36464309692383,-43.75080871582031,-48.298370361328128,53.37774658203125,-35.47602844238281],"legSizes":[0.2515191435813904,0.36471548676490786,0.2639692425727844,0.4629226624965668,0.24068471789360047,0.49149876832962038,0.2622045874595642,0.2503311038017273,0.29947429895401,0.46314844489097597,0.22768303751945496,0.2807275056838989,0.37830036878585818,0.4997674524784088,0.49346309900283816,0.10643911361694336,0.41448935866355898,0.2028506100177765,0.4301818013191223,0.21387985348701478,0.4253324568271637,0.19721657037734986,0.2419688105583191,0.15630793571472169],"bodySizes":[2.02274227142334,1.9205572605133057,2.059311866760254],"springs":[],"dumpers":[],"name":3764,"generation":107,"distance":62.74663543701172,"reward":-79.2593994140625},{"angles":[3.189788818359375,-44.656593322753909,-8.963233947753907,-32.39521789550781,-26.57391929626465,-30.731321334838868,-23.749414443969728,-43.204437255859378,32.06336975097656,-2.029071807861328,30.37896728515625,44.76814270019531,-33.555091857910159,23.43939971923828,13.031265258789063,-52.739295959472659,-6.76263427734375,53.56861877441406,36.43867492675781,43.29209899902344,-15.994085311889649,-39.114646911621097,-43.918731689453128,29.496288299560548,-21.977127075195314,-5.202062606811523,18.37479019165039,-51.417816162109378,-24.220298767089845,-28.504119873046876,17.132877349853517,-46.21703338623047,49.021324157714847,-31.26942253112793,36.470489501953128,30.63839340209961,19.655166625976564,14.439863204956055,17.052968978881837,45.633644104003909,2.8762359619140627,37.20522689819336,49.7852897644043,54.00079345703125,-39.096336364746097,-42.16691589355469,38.52509307861328,32.590126037597659,-22.756383895874025,-37.59637451171875,16.258678436279298,47.31575393676758,-10.780370712280274,51.031005859375,17.605674743652345,-29.518827438354493,-1.9231719970703126,-2.582965850830078,15.454940795898438,41.44512176513672,-33.29634094238281,-56.258628845214847,-2.5172500610351564,-42.64454650878906,-7.905784606933594,33.6446418762207,-0.2310333251953125,25.439512252807618,-58.16827392578125,-38.59233856201172,29.37759780883789,49.72691345214844,11.194803237915039,16.02674674987793,-45.262359619140628,-27.335723876953126,1.8614463806152344,-48.298370361328128,-49.91294860839844,-42.37269592285156],"legSizes":[0.2515191435813904,0.36471548676490786,0.3791825771331787,0.4629226624965668,0.3434242904186249,0.49079471826553347,0.43515634536743166,0.2503311038017273,0.27409932017326357,0.17651256918907166,0.13212257623672486,0.28486430644989016,0.4116383492946625,0.27603238821029665,0.16367965936660767,0.38681870698928835,0.18501892685890199,0.2028506100177765,0.4301818013191223,0.21387985348701478,0.25,0.4036600589752197,0.4501517415046692,0.25],"bodySizes":[1.9254215955734254,1.9677366018295289,2.111529588699341],"springs":[],"dumpers":[],"name":3764,"generation":107,"distance":62.74663543701172,"reward":-82.89281463623047}]}