{"geneDatas":[{"angles":[23.561840057373048,31.679977416992189,-8.963233947753907,28.940818786621095,-17.780851364135743,-41.655189514160159,-11.550329208374024,27.026823043823243,32.06336975097656,-2.029071807861328,-59.90269470214844,-34.157012939453128,-33.555091857910159,23.43939971923828,-46.754005432128909,-52.739295959472659,-6.76263427734375,53.56861877441406,36.43867492675781,43.29209899902344,-15.994085311889649,-39.114646911621097,-43.918731689453128,29.496288299560548,13.035787582397461,-5.202062606811523,-6.0778656005859379,-51.417816162109378,-26.068117141723634,-31.78058624267578,17.132877349853517,-46.21703338623047,22.10712242126465,-31.26942253112793,36.470489501953128,30.63839340209961,33.297828674316409,14.439863204956055,18.428190231323243,86.85908508300781,5.5438690185546879,46.733192443847659,7.1510772705078129,-19.14435577392578,-55.297080993652347,47.34204864501953,-49.37101745605469,32.590126037597659,-22.756383895874025,7.560144424438477,21.306936264038087,23.56893539428711,58.47394561767578,51.031005859375,17.605674743652345,37.220191955566409,-10.131233215332032,-38.419960021972659,-58.3970947265625,-13.75750732421875,-28.974990844726564,-9.018781661987305,55.602821350097659,51.83428192138672,-0.12015533447265625,36.329654693603519,-0.2310333251953125,-56.298912048339847,6.552736282348633,48.74681091308594,-55.37538146972656,-22.745269775390626,8.920120239257813,23.96044921875,24.655981063842775,-57.69883728027344,-43.75080871582031,43.220970153808597,-54.64947509765625,8.226806640625],"legSizes":[0.28323107957839968,0.46420007944107058,0.3791825771331787,0.10636472702026367,0.34356576204299929,0.3697034418582916,0.11737985908985138,0.2503311038017273,0.27409932017326357,0.46314844489097597,0.29374486207962038,0.28486430644989016,0.4116383492946625,0.30240803956985476,0.49346309900283816,0.14887076616287232,0.18501892685890199,0.2028506100177765,0.4301818013191223,0.21387985348701478,0.12736272811889649,0.19721657037734986,0.1729251891374588,0.2755105197429657],"bodySizes":[1.903672218322754,1.824170708656311,2.303734064102173],"springs":[],"dumpers":[],"name":3395,"generation":97,"distance":65.24323272705078,"reward":-65.24323272705078},{"angles":[-5.627683639526367,-35.518096923828128,58.69872283935547,28.940818786621095,-17.780851364135743,17.622684478759767,-3.369548797607422,-43.204437255859378,32.06336975097656,-47.590911865234378,30.37896728515625,-34.157012939453128,-33.555091857910159,23.43939971923828,-46.754005432128909,-52.739295959472659,-6.76263427734375,53.56861877441406,36.43867492675781,43.29209899902344,-15.994085311889649,-39.114646911621097,-43.918731689453128,29.496288299560548,-21.977127075195314,-5.202062606811523,18.37479019165039,-51.417816162109378,-26.068117141723634,-31.78058624267578,17.132877349853517,-46.21703338623047,13.07843017578125,-31.26942253112793,36.470489501953128,30.63839340209961,33.297828674316409,-40.901611328125,-9.254343032836914,86.85908508300781,27.618297576904298,52.07952880859375,25.947708129882814,-35.270660400390628,-55.297080993652347,-9.581443786621094,-59.13957214355469,3.7126846313476564,-28.95039939880371,-51.344444274902347,37.13892364501953,-38.587432861328128,34.06473922729492,-0.8164863586425781,26.277507781982423,-29.518827438354493,-27.541616439819337,-2.582965850830078,15.454940795898438,41.44512176513672,-33.29634094238281,-56.258628845214847,-46.160400390625,-30.578628540039064,-7.905784606933594,-19.918807983398439,-0.2310333251953125,19.558151245117189,6.552736282348633,-31.237693786621095,29.37759780883789,49.72691345214844,36.34208679199219,-1.7134017944335938,-45.262359619140628,31.784475326538087,-46.418426513671878,-23.417207717895509,-29.092559814453126,44.679420471191409],"legSizes":[0.2515191435813904,0.36471548676490786,0.3791825771331787,0.10636472702026367,0.34356576204299929,0.13966450095176698,0.1701347380876541,0.2503311038017273,0.304470419883728,0.46314844489097597,0.29374486207962038,0.47318172454833987,0.4116383492946625,0.30240803956985476,0.4345492422580719,0.14887076616287232,0.18501892685890199,0.2028506100177765,0.1584312468767166,0.21387985348701478,0.25,0.19721657037734986,0.47965675592422488,0.25],"bodySizes":[1.9191558361053467,1.8732162714004517,2.2253170013427736],"springs":[],"dumpers":[],"name":3395,"generation":97,"distance":65.24323272705078,"reward":-83.35089874267578},{"angles":[3.189788818359375,19.68951416015625,-8.963233947753907,28.940818786621095,-17.780851364135743,-38.00624084472656,-11.550329208374024,-43.204437255859378,32.06336975097656,-2.029071807861328,30.37896728515625,-34.157012939453128,-33.555091857910159,-24.52745819091797,-46.754005432128909,-52.739295959472659,-6.76263427734375,53.56861877441406,36.43867492675781,-49.369537353515628,-44.457679748535159,3.1208953857421877,-28.38043975830078,29.496288299560548,13.035787582397461,-5.202062606811523,-6.0778656005859379,-51.417816162109378,-26.068117141723634,-31.78058624267578,17.132877349853517,-46.21703338623047,22.10712242126465,-31.26942253112793,36.470489501953128,30.63839340209961,-4.325614929199219,-20.66895294189453,18.428190231323243,86.85908508300781,5.5438690185546879,46.733192443847659,7.1510772705078129,-19.14435577392578,-55.297080993652347,47.34204864501953,-49.37101745605469,32.590126037597659,-22.756383895874025,7.560144424438477,21.306936264038087,23.56893539428711,58.47394561767578,51.031005859375,17.605674743652345,37.220191955566409,-10.131233215332032,-38.419960021972659,-58.3970947265625,-13.75750732421875,-28.974990844726564,-9.018781661987305,55.602821350097659,51.83428192138672,-0.12015533447265625,36.329654693603519,-0.2310333251953125,-56.298912048339847,6.552736282348633,48.74681091308594,-55.37538146972656,-22.745269775390626,8.920120239257813,23.96044921875,24.655981063842775,37.36464309692383,-43.75080871582031,43.220970153808597,-54.64947509765625,8.226806640625],"legSizes":[0.2515191435813904,0.36471548676490786,0.3791825771331787,0.4629226624965668,0.3434242904186249,0.19379878044128419,0.43515634536743166,0.2503311038017273,0.23189684748649598,0.46314844489097597,0.29374486207962038,0.28486430644989016,0.2701086401939392,0.4997674524784088,0.49346309900283816,0.4679756760597229,0.3144056499004364,0.2028506100177765,0.4301818013191223,0.21387985348701478,0.12736272811889649,0.19721657037734986,0.1729251891374588,0.2755105197429657],"bodySizes":[1.903672218322754,1.824170708656311,2.303734064102173],"springs":[],"dumpers":[],"name":3395,"generation":97,"distance":65.24323272705078,"reward":-95.11001586914063}]}