{"geneDatas":[{"angles":[3.189788818359375,-44.656593322753909,-8.963233947753907,-59.66215515136719,-17.780851364135743,-30.731321334838868,-23.749414443969728,-43.204437255859378,32.06336975097656,-2.029071807861328,30.37896728515625,44.76814270019531,-33.555091857910159,19.59926414489746,13.031265258789063,-52.739295959472659,-6.76263427734375,53.56861877441406,36.43867492675781,37.376800537109378,-15.994085311889649,0.6415634155273438,-43.918731689453128,43.99174499511719,-21.977127075195314,-5.202062606811523,14.797845840454102,-51.417816162109378,-24.220298767089845,-28.504119873046876,53.077110290527347,-46.21703338623047,39.78352355957031,-31.26942253112793,36.470489501953128,30.63839340209961,-16.165529251098634,14.439863204956055,17.052968978881837,45.633644104003909,2.8762359619140627,37.20522689819336,49.7852897644043,54.00079345703125,-55.297080993652347,-13.144706726074219,-41.31135559082031,-59.27245330810547,-10.27691650390625,-42.693328857421878,16.258678436279298,47.31575393676758,-10.780370712280274,51.031005859375,45.219581604003909,49.450164794921878,-10.131233215332032,-38.419960021972659,47.075897216796878,41.44512176513672,41.91242980957031,55.88343048095703,-46.160400390625,-16.0130672454834,-7.905784606933594,33.6446418762207,-0.2310333251953125,-28.911514282226564,-55.31703186035156,44.34745788574219,29.37759780883789,49.72691345214844,28.053646087646486,-45.364967346191409,-45.262359619140628,-44.68505859375,2.7397079467773439,-31.303955078125,-49.91294860839844,-3.5682754516601564],"legSizes":[0.49243682622909548,0.36471548676490786,0.3791825771331787,0.18719696998596192,0.3434242904186249,0.49079471826553347,0.43515634536743166,0.2503311038017273,0.27409932017326357,0.17651256918907166,0.13212257623672486,0.28486430644989016,0.24873942136764527,0.27603238821029665,0.49346309900283816,0.38681870698928835,0.35602670907974245,0.2028506100177765,0.14578276872634889,0.215648353099823,0.4471539855003357,0.3349444270133972,0.1729251891374588,0.25],"bodySizes":[1.9463913440704346,2.4818649291992189,1.6560813188552857],"springs":[],"dumpers":[],"name":3932,"generation":111,"distance":72.48872375488281,"reward":-72.48872375488281},{"angles":[-18.44855499267578,14.023124694824219,-8.963233947753907,28.940818786621095,-15.435226440429688,59.364036560058597,-2.415985107421875,-43.204437255859378,32.06336975097656,-47.590911865234378,30.37896728515625,-34.157012939453128,-33.555091857910159,23.43939971923828,-7.589441299438477,17.186336517333986,-6.76263427734375,53.56861877441406,36.43867492675781,43.29209899902344,-15.994085311889649,-39.114646911621097,-43.918731689453128,29.496288299560548,-21.977127075195314,-30.638710021972658,18.37479019165039,-51.417816162109378,-24.220298767089845,-28.504119873046876,17.132877349853517,-46.21703338623047,13.07843017578125,-31.26942253112793,36.470489501953128,30.63839340209961,32.715267181396487,14.439863204956055,17.052968978881837,45.633644104003909,2.8762359619140627,37.20522689819336,49.7852897644043,54.00079345703125,-55.297080993652347,-13.144706726074219,-41.31135559082031,-59.079498291015628,-12.223611831665039,-42.693328857421878,32.86761474609375,47.31575393676758,-10.780370712280274,51.031005859375,34.36503219604492,49.450164794921878,22.43231964111328,-25.372087478637697,47.075897216796878,36.644752502441409,41.91242980957031,55.88343048095703,-46.160400390625,4.1213531494140629,-11.147666931152344,33.6446418762207,-0.2310333251953125,-28.911514282226564,-55.31703186035156,44.34745788574219,29.37759780883789,49.72691345214844,-3.189434051513672,16.02674674987793,-45.262359619140628,13.518669128417969,2.7397079467773439,-48.298370361328128,-49.91294860839844,-3.5682754516601564],"legSizes":[0.2515191435813904,0.36471548676490786,0.2639692425727844,0.1916493922472,0.24068471789360047,0.27101409435272219,0.288474977016449,0.2503311038017273,0.4452059268951416,0.3009764552116394,0.3013289272785187,0.28486430644989016,0.4116383492946625,0.4867168068885803,0.11701130867004395,0.33730509877204897,0.18501892685890199,0.2028506100177765,0.4301818013191223,0.215648353099823,0.35344642400741579,0.4642486572265625,0.1729251891374588,0.25],"bodySizes":[1.9131410121917725,1.9079679250717164,2.1916537284851076],"springs":[],"dumpers":[],"name":3932,"generation":111,"distance":72.48872375488281,"reward":-73.37645721435547},{"angles":[46.11790084838867,14.023124694824219,-8.963233947753907,28.940818786621095,-15.435226440429688,59.364036560058597,-2.415985107421875,-43.204437255859378,32.06336975097656,-47.590911865234378,30.37896728515625,-34.157012939453128,-33.555091857910159,-41.13658905029297,43.62607955932617,17.186336517333986,-6.76263427734375,53.56861877441406,36.43867492675781,43.29209899902344,-15.994085311889649,-39.114646911621097,-43.918731689453128,29.496288299560548,-21.977127075195314,-5.202062606811523,18.37479019165039,40.636871337890628,-24.220298767089845,-28.504119873046876,17.132877349853517,-46.21703338623047,13.07843017578125,-31.26942253112793,36.470489501953128,-24.64557456970215,32.715267181396487,14.439863204956055,17.052968978881837,45.633644104003909,14.654008865356446,37.20522689819336,49.7852897644043,-24.621139526367189,-52.47212219238281,28.93159294128418,-49.37101745605469,-59.27245330810547,-47.08501434326172,-39.075096130371097,37.0430908203125,30.65435791015625,-10.780370712280274,51.031005859375,4.727476119995117,55.646583557128909,14.092290878295899,-38.419960021972659,-44.35957336425781,-42.01805877685547,-41.211517333984378,55.88343048095703,-2.5172500610351564,-42.64454650878906,-7.905784606933594,57.416465759277347,-0.2310333251953125,25.439512252807618,-58.16827392578125,-38.59233856201172,29.37759780883789,49.72691345214844,11.194803237915039,-12.523818969726563,-45.262359619140628,-27.335723876953126,42.691795349121097,-48.298370361328128,-49.91294860839844,-28.731346130371095],"legSizes":[0.2515191435813904,0.36471548676490786,0.2639692425727844,0.3167143166065216,0.24068471789360047,0.19379878044128419,0.4288603663444519,0.2503311038017273,0.4452059268951416,0.3009764552116394,0.3013289272785187,0.28486430644989016,0.4116383492946625,0.4867168068885803,0.11701130867004395,0.33730509877204897,0.18501892685890199,0.24974197149276734,0.4301818013191223,0.21387985348701478,0.25,0.4036600589752197,0.2210121899843216,0.25],"bodySizes":[1.9236055612564088,1.939253568649292,2.144566059112549],"springs":[],"dumpers":[],"name":3932,"generation":111,"distance":72.48872375488281,"reward":-106.06062316894531}]}