{"geneDatas":[{"angles":[-83.15043640136719,48.96327209472656,-10.197898864746094,88.86808776855469,-40.11135482788086,-20.278480529785158,-61.05821228027344,0.42613983154296877,-0.8234939575195313,-37.04473114013672,-15.400657653808594,-0.7614364624023438,15.1405029296875,-46.758880615234378,-40.977386474609378,-31.367006301879884,59.68682861328125,-20.62793731689453,4.290214538574219,-64.0263671875,-14.39654541015625,-89.39967346191406,50.03986358642578,-80.61784362792969,-21.977127075195314,21.86078643798828,-21.819374084472658,-22.814712524414064,-34.73650360107422,-51.85380554199219,56.21684265136719,83.82273864746094,49.73448944091797,-1.3526382446289063,37.248756408691409,59.97380828857422,-39.97943115234375,-42.53678894042969,-76.97381591796875,-48.7691650390625,83.36569213867188,27.241436004638673,-0.4844779968261719,47.47728729248047,60.0706901550293,-73.91062927246094,-41.648468017578128,-9.69989013671875,61.44687271118164,2.1522560119628908,47.63242721557617,16.451820373535158,-13.254941940307618,3.4081573486328127,66.89027404785156,-56.53843688964844,54.77806091308594,-82.57748413085938,81.82438659667969,-46.36450958251953,15.762664794921875,64.00778198242188,12.868644714355469,58.06190490722656,-58.76447677612305,-59.1131591796875,71.97904968261719,-80.0008544921875,-29.436782836914064,13.942886352539063,72.1766357421875,32.17976760864258,21.317066192626954,50.48286437988281,14.935684204101563,80.2143783569336,-34.675628662109378,8.330131530761719,-41.22453308105469,32.46595001220703],"legSizes":[0.24999994039535523,0.24999994039535523,0.25,0.16666516661643983,0.25,0.25,0.24999994039535523,0.10908379405736923,0.25,0.2137567698955536,0.49523767828941347,0.29233318567276,0.24999994039535523,0.24999994039535523,0.4076440930366516,0.25,0.13813766837120057,0.3414725959300995,0.24999994039535523,0.24999994039535523,0.25,0.25,0.25,0.25],"bodySizes":[2.0,2.0,2.0],"springs":[],"dumpers":[],"name":207,"generation":5,"distance":126.98019409179688,"reward":-126.98019409179688},{"angles":[45.91863250732422,48.96327209472656,-10.197898864746094,88.86808776855469,-40.11135482788086,-20.278480529785158,51.91942596435547,22.980361938476564,-0.8234939575195313,55.76979064941406,59.77046203613281,-0.7614364624023438,15.1405029296875,-46.758880615234378,-40.977386474609378,-31.367006301879884,59.68682861328125,-20.62793731689453,4.290214538574219,-64.0263671875,-14.39654541015625,-89.39967346191406,50.03986358642578,-80.61784362792969,-21.977127075195314,21.86078643798828,-21.819374084472658,-22.814712524414064,-34.73650360107422,-51.85380554199219,56.21684265136719,83.82273864746094,49.73448944091797,-1.3526382446289063,37.248756408691409,59.97380828857422,-39.97943115234375,22.00527000427246,-76.97381591796875,-48.7691650390625,83.36569213867188,27.241436004638673,-0.4844779968261719,47.47728729248047,60.0706901550293,-73.91062927246094,-41.648468017578128,-9.69989013671875,61.44687271118164,-35.77409362792969,47.63242721557617,16.451820373535158,-13.254941940307618,3.4081573486328127,66.89027404785156,-56.53843688964844,54.77806091308594,-82.57748413085938,81.82438659667969,11.721755981445313,15.762664794921875,5.093772888183594,-46.276493072509769,-41.619171142578128,-58.76447677612305,-59.1131591796875,71.97904968261719,-80.0008544921875,-29.436782836914064,13.942886352539063,72.1766357421875,32.17976760864258,21.317066192626954,13.360183715820313,14.935684204101563,80.2143783569336,-34.675628662109378,8.330131530761719,14.087188720703125,32.46595001220703],"legSizes":[0.16222572326660157,0.24999994039535523,0.25,0.16666516661643983,0.25,0.25,0.24999994039535523,0.10908379405736923,0.25,0.2137567698955536,0.49523767828941347,0.25,0.4353586733341217,0.43943148851394656,0.4076440930366516,0.25,0.13813766837120057,0.25,0.24999994039535523,0.42429715394973757,0.25,0.25,0.25,0.25],"bodySizes":[2.238015651702881,1.6852154731750489,2.121150493621826],"springs":[],"dumpers":[],"name":207,"generation":5,"distance":126.98019409179688,"reward":-134.98199462890626},{"angles":[-30.242881774902345,71.80642700195313,-48.55839538574219,13.546562194824219,38.11725616455078,-16.558578491210939,-61.05821228027344,26.02271842956543,-0.8234939575195313,-37.04473114013672,-15.400657653808594,-0.7614364624023438,15.1405029296875,-46.758880615234378,-40.977386474609378,-31.367006301879884,59.68682861328125,-20.62793731689453,4.290214538574219,-43.09455871582031,-8.44053840637207,45.75658416748047,50.03986358642578,-80.61784362792969,-21.977127075195314,-29.13117218017578,22.21381187438965,-22.814712524414064,-34.73650360107422,-51.85380554199219,8.833616256713868,83.82273864746094,49.73448944091797,-1.3526382446289063,-33.83692932128906,4.610315322875977,-39.97943115234375,22.00527000427246,-76.97381591796875,-48.7691650390625,-32.7772216796875,27.241436004638673,10.976537704467774,-59.82611083984375,1.7417678833007813,-5.668937683105469,-41.648468017578128,-24.09918975830078,36.9266357421875,62.54200744628906,-49.97118377685547,7.830741882324219,-17.52931022644043,-71.70924377441406,-77.72305297851563,69.63591766357422,-55.787506103515628,-56.93141174316406,-2.8928298950195314,12.675140380859375,-79.48007202148438,-76.84027099609375,-46.276493072509769,58.06190490722656,-32.26641845703125,49.382484436035159,-31.718345642089845,-80.0008544921875,-29.436782836914064,13.942886352539063,72.1766357421875,-43.16459655761719,56.18748474121094,-7.74200439453125,14.935684204101563,80.2143783569336,-34.675628662109378,-23.104942321777345,14.087188720703125,39.011993408203128],"legSizes":[0.48161178827285769,0.24999994039535523,0.25,0.25,0.25,0.16852188110351563,0.24999994039535523,0.24999994039535523,0.25,0.25,0.25,0.25,0.24999994039535523,0.45226630568504336,0.25,0.25,0.25,0.25,0.2891806364059448,0.24999994039535523,0.24648010730743409,0.4707403779029846,0.25,0.25],"bodySizes":[2.0,2.0,2.0],"springs":[],"dumpers":[],"name":207,"generation":5,"distance":126.98019409179688,"reward":-139.99844360351563}]}