{"geneDatas":[{"angles":[17.90673828125,19.68951416015625,58.50395965576172,-11.120832443237305,-52.583831787109378,-45.733436584472659,23.529394149780275,59.32542419433594,38.92547607421875,-38.319580078125,-45.7255859375,-34.157012939453128,14.996759414672852,16.462453842163087,-3.2942466735839845,-30.760847091674806,-11.720573425292969,-57.520896911621097,-50.212371826171878,-43.09455871582031,-57.97063446044922,-32.28126525878906,-7.143424987792969,29.496288299560548,-21.977127075195314,-5.202062606811523,18.37479019165039,-26.31066131591797,-26.068117141723634,-31.78058624267578,17.132877349853517,-46.21703338623047,22.10712242126465,-31.26942253112793,36.470489501953128,30.63839340209961,33.297828674316409,-23.356985092163087,38.31085968017578,86.85908508300781,27.618297576904298,46.733192443847659,25.947708129882814,-35.270660400390628,-55.297080993652347,-9.581443786621094,-49.37101745605469,32.590126037597659,-28.95039939880371,-46.93132019042969,37.13892364501953,-38.587432861328128,34.06473922729492,13.320642471313477,26.277507781982423,-29.518827438354493,-27.541616439819337,-56.73081970214844,15.454940795898438,41.44512176513672,-33.29634094238281,-56.258628845214847,-46.160400390625,56.74651336669922,-57.2889404296875,51.223541259765628,-0.2310333251953125,-28.911514282226564,-41.32417297363281,44.34745788574219,29.37759780883789,-35.30546569824219,6.196083068847656,-45.18510437011719,-51.109214782714847,31.784475326538087,2.7397079467773439,-48.298370361328128,-49.91294860839844,44.679420471191409],"legSizes":[0.2515191435813904,0.4884818494319916,0.3792734742164612,0.16666516661643983,0.15168333053588868,0.19379878044128419,0.43515634536743166,0.18045911192893983,0.27409932017326357,0.17651256918907166,0.43812909722328188,0.28486430644989016,0.4116383492946625,0.3148840069770813,0.49346309900283816,0.14887076616287232,0.18501892685890199,0.2028506100177765,0.4918306767940521,0.21387985348701478,0.4253324568271637,0.19721657037734986,0.1729251891374588,0.25],"bodySizes":[1.9212273359298707,1.903948426246643,2.1870365142822267],"springs":[],"dumpers":[],"name":1849,"generation":55,"distance":48.73622131347656,"reward":-48.73622131347656},{"angles":[-8.915512084960938,-22.931564331054689,57.662986755371097,-17.284576416015626,-15.211908340454102,4.325630187988281,-22.358543395996095,-59.01353454589844,7.634176254272461,18.76219940185547,13.514533996582032,-34.157012939453128,24.67689323425293,-54.96372985839844,58.173606872558597,-30.760847091674806,-11.720573425292969,-25.928756713867189,-6.004280090332031,-43.09455871582031,18.45728874206543,-32.28126525878906,-7.143424987792969,29.496288299560548,-33.59410095214844,-47.31108856201172,18.37479019165039,10.280349731445313,-26.068117141723634,-25.163589477539064,27.710308074951173,-46.21703338623047,22.10712242126465,-31.26942253112793,36.470489501953128,30.63839340209961,56.38967514038086,-23.356985092163087,38.31085968017578,86.85908508300781,49.563873291015628,46.733192443847659,0.8301200866699219,-35.270660400390628,-55.297080993652347,-9.581443786621094,-49.37101745605469,32.590126037597659,-28.95039939880371,6.700080871582031,37.13892364501953,-38.587432861328128,43.886932373046878,-4.4381561279296879,26.277507781982423,-29.518827438354493,-27.541616439819337,-56.73081970214844,-2.905590057373047,4.606897354125977,26.225996017456056,-2.789447784423828,-46.160400390625,56.69981002807617,-47.00585174560547,51.223541259765628,-0.2310333251953125,6.412176132202148,-41.32417297363281,44.34745788574219,29.37759780883789,49.72691345214844,36.466983795166019,-59.211029052734378,-51.109214782714847,2.2865943908691408,53.24156188964844,23.066938400268556,-49.91294860839844,-57.360633850097659],"legSizes":[0.13945412635803224,0.4884818494319916,0.24614360928535462,0.3284130394458771,0.15168333053588868,0.23618467152118684,0.18136176466941834,0.2029494047164917,0.4848668575286865,0.13832683861255647,0.32187363505363467,0.49603182077407839,0.36339902877807619,0.2138349413871765,0.49346309900283816,0.1502363681793213,0.18501892685890199,0.25257474184036257,0.24705350399017335,0.21387985348701478,0.16675621271133424,0.45705467462539675,0.1729251891374588,0.46925339102745058],"bodySizes":[2.0278074741363527,1.8386757373809815,2.145646095275879],"springs":[],"dumpers":[],"name":1849,"generation":55,"distance":48.73622131347656,"reward":-88.18524169921875},{"angles":[50.167510986328128,-22.931564331054689,12.490432739257813,-17.284576416015626,32.814971923828128,37.26359176635742,26.55213737487793,-15.79638671875,15.786191940307618,5.778327941894531,13.514533996582032,-34.157012939453128,-52.73540496826172,-54.96372985839844,-40.977386474609378,-55.77479553222656,-11.720573425292969,18.053096771240236,16.888029098510743,-43.09455871582031,-37.95365905761719,32.49275207519531,-18.146589279174806,34.1400146484375,-21.977127075195314,-5.202062606811523,18.37479019165039,-26.31066131591797,-17.333114624023439,-44.76593780517578,29.09902000427246,-46.21703338623047,15.550603866577149,-31.26942253112793,36.470489501953128,-8.8564453125,-27.286569595336915,-23.356985092163087,38.31085968017578,86.85908508300781,27.618297576904298,-39.28424835205078,20.868343353271486,7.338357925415039,-55.297080993652347,-9.581443786621094,-49.37101745605469,-52.809722900390628,-28.95039939880371,42.914344787597659,37.13892364501953,-38.587432861328128,-21.58513641357422,13.320642471313477,26.277507781982423,-29.518827438354493,-27.541616439819337,26.9106502532959,15.454940795898438,41.44512176513672,-9.226119995117188,-56.258628845214847,-46.160400390625,56.74651336669922,-41.06017303466797,51.223541259765628,-0.2310333251953125,-28.911514282226564,-41.32417297363281,21.8837890625,29.37759780883789,49.72691345214844,6.196083068847656,-45.18510437011719,-51.109214782714847,31.784475326538087,2.7397079467773439,-32.82836151123047,-49.91294860839844,44.697532653808597],"legSizes":[0.2515191435813904,0.4884818494319916,0.3792734742164612,0.16666516661643983,0.15168333053588868,0.29326292872428896,0.26940372586250307,0.24999994039535523,0.17914056777954102,0.35286450386047366,0.44202765822410586,0.3043918013572693,0.13205265998840333,0.18183556199073792,0.49346309900283816,0.1502363681793213,0.18501892685890199,0.32435157895088198,0.4301818013191223,0.21387985348701478,0.25,0.19721657037734986,0.1729251891374588,0.25],"bodySizes":[1.9602328538894654,1.8478747606277466,2.2085626125335695],"springs":[],"dumpers":[],"name":1849,"generation":55,"distance":48.73622131347656,"reward":-97.5555419921875}]}