{"geneDatas":[{"angles":[-19.6770076751709,-19.84559440612793,-59.524658203125,-1.1644706726074219,-51.49102783203125,33.727210998535159,-14.700101852416993,-12.979095458984375,-57.139305114746097,-46.53748321533203,40.34809112548828,-3.469013214111328,-48.15977478027344,72.39167785644531,-33.96338653564453,51.97383117675781,59.269508361816409,30.25116729736328,15.997480392456055,58.829872131347659,-3.4462966918945314,59.289710998535159,26.533567428588868,-30.444290161132814,-33.80866241455078,5.135627746582031,-34.20362854003906,4.64068603515625,-45.3428955078125,4.93548583984375,0.9536705017089844,56.96971893310547,47.8082275390625,58.07904052734375,4.258996963500977,52.931488037109378,3.7119407653808595,23.071945190429689,-50.44598388671875,-3.709453582763672,18.638832092285158,1.0766525268554688,24.939191818237306,42.080909729003909,-29.069931030273439,-61.98179626464844,1.4540786743164063,-25.289031982421876,-43.459068298339847,14.13545036315918,17.631797790527345,26.487119674682618,-56.88053894042969,6.51826286315918,27.889379501342775,47.35107421875,10.68449592590332,-24.209999084472658,56.415870666503909,30.93112564086914,32.34296417236328,-37.10969543457031,30.7698974609375,-76.91485595703125,-59.66938018798828,53.09527587890625,29.332378387451173,-32.07933044433594,-35.17693328857422,-17.675277709960939,16.791669845581056,48.566978454589847,-59.32721710205078,-13.034599304199219,25.454147338867189,50.89044189453125,35.82594299316406,28.18067741394043,-32.60224151611328,-18.246740341186525],"legSizes":[0.4945414662361145,0.45106548070907595,0.49298295378685,0.29098159074783327,0.1287342607975006,0.3086088299751282,0.22243663668632508,0.24999994039535523,0.3418988883495331,0.3017263114452362,0.4810269773006439,0.4784945547580719,0.3659732937812805,0.44545403122901919,0.3253462612628937,0.19497019052505494,0.18223223090171815,0.1672172099351883,0.47937601804733279,0.3714961111545563,0.23894479870796204,0.25,0.25,0.21316654980182649],"bodySizes":[1.9660882949829102,1.8122626543045045,2.245255708694458],"springs":[],"dumpers":[],"name":1640,"generation":46,"distance":75.44696044921875,"reward":-75.44696044921875},{"angles":[19.35179901123047,-19.84559440612793,-59.524658203125,-1.1644706726074219,-51.49102783203125,33.727210998535159,-14.700101852416993,-12.979095458984375,17.24414825439453,-46.53748321533203,40.34809112548828,-3.469013214111328,-48.15977478027344,72.39167785644531,-33.96338653564453,51.97383117675781,59.269508361816409,30.25116729736328,15.997480392456055,58.829872131347659,-3.4462966918945314,59.289710998535159,26.533567428588868,-30.444290161132814,-33.80866241455078,5.135627746582031,-34.20362854003906,4.64068603515625,-45.3428955078125,4.93548583984375,0.9536705017089844,56.96971893310547,47.8082275390625,58.07904052734375,4.258996963500977,52.931488037109378,3.7119407653808595,23.071945190429689,-50.44598388671875,-3.709453582763672,18.638832092285158,1.0766525268554688,24.939191818237306,42.080909729003909,-2.0514297485351564,-61.98179626464844,1.4540786743164063,-25.289031982421876,-43.459068298339847,14.13545036315918,17.631797790527345,26.487119674682618,-48.343833923339847,6.51826286315918,27.889379501342775,47.35107421875,51.84774398803711,-24.209999084472658,56.415870666503909,30.93112564086914,32.34296417236328,-37.10969543457031,30.7698974609375,-76.91485595703125,-59.66938018798828,43.732452392578128,29.332378387451173,-32.07933044433594,-35.17693328857422,-17.675277709960939,-51.25254821777344,48.566978454589847,-59.32721710205078,-13.034599304199219,25.454147338867189,50.89044189453125,-39.946746826171878,28.18067741394043,-32.60224151611328,-52.52344512939453],"legSizes":[0.4945414662361145,0.45106548070907595,0.49298295378685,0.29098159074783327,0.46434885263442995,0.11855802685022354,0.1781638264656067,0.14027005434036256,0.4527497887611389,0.3017263114452362,0.13323193788528443,0.4358505308628082,0.3659732937812805,0.4887987971305847,0.3253462612628937,0.19497019052505494,0.4945659637451172,0.4620421528816223,0.3533971905708313,0.204503133893013,0.4730798304080963,0.19687028229236604,0.41504326462745669,0.29384902119636538],"bodySizes":[2.0872628688812258,1.7660976648330689,2.170191764831543],"springs":[],"dumpers":[],"name":1640,"generation":46,"distance":75.44696044921875,"reward":-83.39564514160156},{"angles":[19.35179901123047,23.421018600463868,55.79183578491211,-1.1644706726074219,-52.33855438232422,5.9801177978515629,-7.390443801879883,12.853254318237305,-8.134180068969727,-29.35404396057129,40.34809112548828,-3.469013214111328,30.61423110961914,52.343589782714847,-34.109703063964847,37.284034729003909,59.269508361816409,30.25116729736328,15.997480392456055,24.656234741210939,-3.4462966918945314,-24.63724708557129,27.562849044799806,47.50292205810547,-33.80866241455078,-61.197261810302737,7.945211410522461,15.391216278076172,-45.3428955078125,4.93548583984375,0.9536705017089844,5.798887252807617,47.8082275390625,58.07904052734375,-12.91679573059082,-11.365407943725586,-38.45283508300781,30.522933959960939,48.954193115234378,48.48402404785156,40.622894287109378,-10.115455627441407,49.84617233276367,15.334539413452149,-46.47418212890625,-16.1099853515625,-15.20916748046875,-21.6287841796875,55.72943878173828,41.72856140136719,17.631797790527345,26.487119674682618,11.509902954101563,57.14106750488281,40.82434844970703,-58.04161834716797,-49.18141174316406,-54.294105529785159,-25.403160095214845,7.702766418457031,-56.773582458496097,-57.876136779785159,18.410003662109376,26.037094116210939,-25.906455993652345,-8.650068283081055,38.84339141845703,-83.43972778320313,26.074018478393556,55.308982849121097,44.471824645996097,-55.575260162353519,-22.25054168701172,-59.26385498046875,48.503326416015628,-54.51744842529297,-32.78765106201172,-14.336664199829102,8.609596252441407,-18.246740341186525],"legSizes":[0.4428921639919281,0.11796331405639649,0.49298295378685,0.20436784625053407,0.1287342607975006,0.3086088299751282,0.27601468563079836,0.24999994039535523,0.38904133439064028,0.2529551386833191,0.32243281602859499,0.4471267759799957,0.3659732937812805,0.4887987971305847,0.3253462612628937,0.19497019052505494,0.4390696883201599,0.45638781785964968,0.47937601804733279,0.204503133893013,0.37896719574928286,0.25,0.25,0.21316654980182649],"bodySizes":[2.043247938156128,1.7777148485183716,2.20245361328125],"springs":[],"dumpers":[],"name":1640,"generation":46,"distance":75.44696044921875,"reward":-95.47161865234375}]}