{"geneDatas":[{"angles":[-30.07879638671875,-68.67240905761719,-26.45665740966797,85.91752624511719,-60.03874206542969,-47.583740234375,84.40989685058594,80.56634521484375,3.0509719848632814,9.111839294433594,-33.906829833984378,32.01255798339844,45.432456970214847,-2.4394569396972658,9.690805435180664,23.836017608642579,65.98886108398438,19.47553253173828,10.877775192260743,-2.1972312927246095,47.60456848144531,20.0797119140625,-62.70586013793945,20.465370178222658,52.520545959472659,-21.3798885345459,-9.113601684570313,-48.549163818359378,71.84600830078125,-71.42819213867188,14.054359436035157,46.396270751953128,47.8082275390625,-43.78715515136719,30.73768424987793,75.48326110839844,7.365379333496094,57.567474365234378,0.5249481201171875,-54.11976623535156,-16.772010803222658,71.52597045898438,82.54238891601563,1.9175949096679688,-2.0514297485351564,-61.98179626464844,-15.20916748046875,-52.596527099609378,-70.94517517089844,-23.052099227905275,-53.167633056640628,26.487119674682618,-35.78211975097656,3.8354949951171877,76.69398498535156,5.753137588500977,11.238555908203125,41.31830596923828,31.676158905029298,30.93112564086914,-85.81875610351563,-66.3692626953125,-31.608598709106447,68.73387908935547,27.460081100463868,-38.98875427246094,59.05706787109375,53.5770378112793,-3.367767333984375,-61.38070297241211,-48.93611145019531,-43.81709289550781,75.9625244140625,62.425384521484378,79.33804321289063,51.15074157714844,-7.914239883422852,23.42774200439453,22.996999740600587,6.6809844970703129],"legSizes":[0.39666518568992617,0.24999994039535523,0.25,0.25,0.35109439492225649,0.25,0.2554428279399872,0.24999994039535523,0.25,0.3017263114452362,0.25,0.25,0.46006837487220766,0.24999994039535523,0.25,0.25,0.25,0.25,0.24999994039535523,0.24999994039535523,0.25,0.25,0.25,0.4404636025428772],"bodySizes":[2.0,2.0,2.0],"springs":[],"dumpers":[],"name":134,"generation":3,"distance":156.6623077392578,"reward":-156.6623077392578},{"angles":[-2.9045333862304689,-19.84559440612793,-73.83067321777344,34.902854919433597,-61.11518859863281,-74.20423889160156,18.226669311523439,10.682464599609375,17.24414825439453,61.82554244995117,33.20520782470703,23.028690338134767,-43.66877746582031,72.39167785644531,-33.96338653564453,-63.9278564453125,-47.92231750488281,-46.200653076171878,77.8692626953125,24.656234741210939,-89.99130249023438,-18.781478881835939,57.838470458984378,-63.90597152709961,-33.80866241455078,-61.197261810302737,-22.553421020507814,-34.235191345214847,-45.3428955078125,56.33979034423828,14.403579711914063,-2.897247314453125,23.2835750579834,72.49221801757813,10.772895812988282,-39.50425338745117,-52.52305603027344,-55.116580963134769,-24.905548095703126,-77.26325988769531,86.16439819335938,44.448333740234378,53.25274658203125,-20.242835998535158,-12.761550903320313,44.14735412597656,33.4351921081543,-39.27593994140625,-70.94517517089844,32.54285430908203,17.631797790527345,26.487119674682618,11.509902954101563,-14.075582504272461,76.69398498535156,47.35107421875,11.238555908203125,-9.077957153320313,21.565658569335939,30.93112564086914,-85.81875610351563,-66.3692626953125,-4.861944198608398,68.73387908935547,27.460081100463868,-38.98875427246094,59.05706787109375,53.5770378112793,-3.367767333984375,-61.38070297241211,-48.93611145019531,-27.859277725219728,75.9625244140625,62.425384521484378,79.33804321289063,51.15074157714844,-7.914239883422852,40.818885803222659,-8.130859375,6.6809844970703129],"legSizes":[0.24999994039535523,0.24999994039535523,0.3709467053413391,0.25,0.25,0.25,0.24999994039535523,0.24999994039535523,0.25,0.3017263114452362,0.25,0.25,0.36421865224838259,0.39100685715675356,0.25,0.25,0.25,0.1268322467803955,0.24999994039535523,0.24999994039535523,0.25,0.25,0.25,0.12776952981948853],"bodySizes":[2.0,2.0,2.0],"springs":[],"dumpers":[],"name":134,"generation":3,"distance":156.6623077392578,"reward":-188.27401733398438},{"angles":[-44.35844421386719,-0.9902420043945313,-27.741714477539064,-66.3953857421875,-14.227409362792969,47.91832733154297,62.20283126831055,0.26389312744140627,36.021766662597659,35.1238899230957,30.222013473510743,38.5022087097168,25.123397827148439,-61.7974967956543,-19.021209716796876,45.91306686401367,45.1573486328125,-72.32752990722656,11.679527282714844,-18.979087829589845,-53.910926818847659,-4.727119445800781,60.008331298828128,-23.635658264160158,76.99928283691406,-83.48468017578125,44.13898849487305,76.61622619628906,-17.515029907226564,23.545501708984376,62.89280319213867,39.39164733886719,-10.49957275390625,-78.03193664550781,30.73768424987793,75.48326110839844,7.365379333496094,57.567474365234378,0.5249481201171875,-54.11976623535156,-16.772010803222658,71.52597045898438,29.554195404052736,1.9175949096679688,-2.0514297485351564,-61.98179626464844,-15.20916748046875,-25.289031982421876,-70.94517517089844,-23.052099227905275,18.343246459960939,26.487119674682618,-35.78211975097656,46.73845672607422,76.69398498535156,5.753137588500977,11.238555908203125,-9.077957153320313,31.676158905029298,30.93112564086914,-85.81875610351563,-66.3692626953125,-31.608598709106447,68.73387908935547,27.460081100463868,-38.98875427246094,59.05706787109375,53.5770378112793,-3.367767333984375,-61.38070297241211,-56.83729553222656,-43.81709289550781,75.9625244140625,62.425384521484378,79.33804321289063,51.15074157714844,-7.914239883422852,23.42774200439453,22.996999740600587,6.6809844970703129],"legSizes":[0.24999994039535523,0.24999994039535523,0.21606868505477906,0.25,0.25,0.25,0.24999994039535523,0.24999994039535523,0.4366346299648285,0.3017263114452362,0.25,0.25,0.36421865224838259,0.24999994039535523,0.25,0.25,0.25,0.25,0.24999994039535523,0.24999994039535523,0.25,0.25,0.25,0.4404636025428772],"bodySizes":[1.7263808250427247,2.2504384517669679,2.0591416358947756],"springs":[],"dumpers":[],"name":134,"generation":3,"distance":156.6623077392578,"reward":-203.61988830566407}]}