{"geneDatas":[{"angles":[14.992727279663086,-42.04865264892578,4.512886047363281,54.444740295410159,1.9048347473144532,-3.0077590942382814,-8.42338752746582,-43.34910583496094,42.002044677734378,-48.586448669433597,25.737218856811525,31.493282318115236,-44.62849426269531,-52.015357971191409,-33.17017364501953,10.772832870483399,14.22218132019043,-0.5265922546386719,-22.076675415039064,8.309349060058594,44.341590881347659,50.31028747558594,-25.770584106445314,54.336402893066409,47.14994430541992,-44.6834716796875,21.101802825927736,53.16221237182617,4.063848495483398,23.184370040893556,-17.4752197265625,29.9775390625,-37.110931396484378,-43.63661193847656,-49.9010009765625,-57.858238220214847,-58.15575408935547,41.319236755371097,4.415367126464844,46.56227493286133,11.932588577270508,-8.15472412109375,-19.4749755859375,-34.62483215332031,47.504913330078128,42.23021697998047,-19.38745880126953,-52.793296813964847,23.274076461791993,13.802169799804688,-36.90330505371094,-19.67680549621582,54.69456481933594,-11.771842956542969,-28.60980987548828,-35.66559600830078,55.67112731933594,28.80394744873047,-27.709457397460939,-14.038644790649414,50.069915771484378,-57.02565002441406,41.13126754760742,29.618925094604493,45.72722625732422,-32.11656951904297,-36.01581573486328,-47.682884216308597,-38.759437561035159,23.759763717651368,9.478975296020508,55.383209228515628,-46.75444793701172,31.049251556396486,-43.469696044921878,28.403404235839845,-20.304458618164064,53.00347137451172,5.62346076965332,39.509796142578128],"legSizes":[0.4493788778781891,0.26161062717437746,0.21777385473251344,0.27583515644073489,0.30099180340766909,0.341163694858551,0.49876508116722109,0.1961912214756012,0.4077666699886322,0.3516916334629059,0.11809787899255753,0.15669670701026917,0.31367987394332888,0.3338025212287903,0.4883488118648529,0.15541401505470277,0.4773169159889221,0.4214102327823639,0.4003817141056061,0.21283334493637086,0.17829084396362306,0.23455555737018586,0.3416461646556854,0.45312270522117617],"bodySizes":[1.8353266716003419,2.4855923652648927,1.7536652088165284],"springs":[],"dumpers":[],"name":6515,"generation":185,"distance":88.75220489501953,"reward":-95.35132598876953},{"angles":[-42.29723358154297,37.857200622558597,-19.029029846191408,54.444740295410159,57.53643035888672,-3.0077590942382814,-8.42338752746582,20.17397117614746,42.002044677734378,-48.586448669433597,25.737218856811525,31.493282318115236,-44.62849426269531,52.46282196044922,-33.17017364501953,6.124671936035156,-35.63719940185547,-43.99095916748047,-21.334312438964845,6.216367721557617,-1.22991943359375,50.340877532958987,-37.334930419921878,-57.99254608154297,20.285266876220704,14.115005493164063,-23.241384506225587,-21.493669509887697,-8.014921188354493,-25.320716857910158,0.7278366088867188,-18.661256790161134,10.733949661254883,-46.067848205566409,59.935813903808597,37.0699577331543,-12.829133987426758,5.996423721313477,-16.693016052246095,-33.80290222167969,11.932588577270508,30.314125061035158,8.369356155395508,-28.42591667175293,-14.436758041381836,-35.065887451171878,51.078582763671878,-45.56941223144531,4.409156799316406,8.883842468261719,-36.90330505371094,-19.67680549621582,16.064985275268556,46.37605285644531,-42.212745666503909,-35.66559600830078,55.67112731933594,44.49741744995117,2.537647247314453,-14.038644790649414,50.069915771484378,-57.02565002441406,-47.857330322265628,50.16078186035156,59.49388122558594,34.73632049560547,21.262962341308595,5.67340087890625,-38.759437561035159,23.759763717651368,47.35065841674805,55.383209228515628,-27.810338973999025,31.049251556396486,3.877178192138672,28.403404235839845,-20.304458618164064,53.00347137451172,48.64391326904297,39.509796142578128],"legSizes":[0.45404738187789919,0.3349922001361847,0.3424820303916931,0.49546098709106448,0.30099180340766909,0.341163694858551,0.49876508116722109,0.3429862856864929,0.2985212504863739,0.23175886273384095,0.4067853093147278,0.49963822960853579,0.41497865319252016,0.41650524735450747,0.3134474456310272,0.48314642906188967,0.13573899865150453,0.45216646790504458,0.4099671244621277,0.21283334493637086,0.3564719557762146,0.41042858362197878,0.34808552265167239,0.15380072593688966],"bodySizes":[1.8603163957595826,1.8142019510269166,2.370378017425537],"springs":[],"dumpers":[],"name":6515,"generation":185,"distance":88.75220489501953,"reward":-105.52629089355469},{"angles":[-22.99254608154297,9.999109268188477,-5.419929504394531,33.66139221191406,1.9048347473144532,-3.0077590942382814,-8.42338752746582,-52.258384704589847,42.002044677734378,23.789777755737306,-18.63243293762207,34.346492767333987,-44.62849426269531,49.2818603515625,-33.17017364501953,-23.68717384338379,-1.5799064636230469,-43.99095916748047,-21.334312438964845,57.35455322265625,-21.78721046447754,50.340877532958987,-37.334930419921878,-57.99254608154297,-33.25531768798828,14.115005493164063,25.818769454956056,-21.493669509887697,29.185321807861329,4.042562484741211,-1.0860099792480469,-18.661256790161134,42.392822265625,-46.067848205566409,-14.302545547485352,-21.97333526611328,54.24449157714844,5.673271179199219,-16.693016052246095,14.373115539550782,11.932588577270508,30.314125061035158,8.369356155395508,-28.42591667175293,-14.436758041381836,-35.065887451171878,-19.38745880126953,-31.848848342895509,4.409156799316406,8.883842468261719,-36.90330505371094,-19.67680549621582,3.390575408935547,46.37605285644531,-42.212745666503909,-35.66559600830078,55.67112731933594,44.49741744995117,2.537647247314453,-14.038644790649414,50.069915771484378,-57.02565002441406,41.13126754760742,50.16078186035156,59.49388122558594,34.73632049560547,21.262962341308595,24.14092254638672,-38.759437561035159,-58.13490295410156,9.478975296020508,55.383209228515628,-20.038869857788087,31.049251556396486,-43.469696044921878,28.403404235839845,-15.345434188842774,53.00347137451172,5.62346076965332,39.509796142578128],"legSizes":[0.1833477020263672,0.4495043158531189,0.11641063541173935,0.3634595274925232,0.2343481332063675,0.4200400710105896,0.49876508116722109,0.3429862856864929,0.36515694856643679,0.1187572032213211,0.23194587230682374,0.49963822960853579,0.48232167959213259,0.10399575531482697,0.396822065114975,0.15541401505470277,0.13573899865150453,0.4214102327823639,0.4003817141056061,0.21283334493637086,0.17829084396362306,0.23455555737018586,0.3416461646556854,0.45312270522117617],"bodySizes":[2.1149511337280275,2.3692402839660646,1.596542477607727],"springs":[],"dumpers":[],"name":6515,"generation":185,"distance":88.75220489501953,"reward":-109.85750579833985}]}