{"geneDatas":[{"angles":[25.698020935058595,-22.34473991394043,-34.40299987792969,-11.122106552124024,-25.71166229248047,42.61933898925781,-4.438140869140625,28.792404174804689,-21.71568489074707,-44.57795715332031,53.073280334472659,-26.360498428344728,-29.06645393371582,31.52191734313965,-6.620698928833008,11.634872436523438,-6.1918487548828129,-57.74546813964844,6.139261245727539,8.425790786743164,11.91845703125,50.340877532958987,2.5850830078125,2.586071014404297,58.54913330078125,-54.859283447265628,36.02851867675781,-12.895225524902344,-34.72529602050781,8.342679977416993,59.494956970214847,71.61819458007813,-55.930809020996097,49.34746551513672,67.75041198730469,35.028892517089847,-43.46772003173828,34.81858825683594,-4.985109329223633,-5.540620803833008,-28.975631713867189,59.239994049072269,37.2132682800293,-9.131797790527344,-56.34109115600586,-58.0831298828125,-16.68065643310547,1.9955291748046876,-40.66368865966797,-49.238006591796878,59.30980682373047,-17.177032470703126,52.75855255126953,-85.26458740234375,-66.88017272949219,-50.057212829589847,-11.11213493347168,-56.658424377441409,7.480735778808594,57.30377197265625,-38.70759582519531,-16.76465606689453,-26.790740966796876,-46.331260681152347,-38.066612243652347,-2.9494056701660158,-10.939056396484375,15.630697250366211,-28.64422607421875,45.129791259765628,33.00410079956055,-15.25422477722168,-49.3809814453125,-12.411954879760743,-37.88756561279297,52.983238220214847,30.93804168701172,13.878700256347657,-46.735069274902347,-28.972511291503908],"legSizes":[0.4618275761604309,0.1840321570634842,0.3585883677005768,0.4522201418876648,0.24449904263019563,0.44830799102783205,0.4636804461479187,0.14238959550857545,0.24603250622749329,0.23252958059310914,0.3708883225917816,0.4287092685699463,0.26351234316825869,0.16135644912719727,0.25,0.10017075389623642,0.141834557056427,0.12059488147497177,0.42086467146873476,0.24999994039535523,0.25,0.32716208696365359,0.24133780598640443,0.15255823731422425],"bodySizes":[2.0099642276763918,2.2863190174102785,1.7408640384674073],"springs":[],"dumpers":[],"name":1977,"generation":56,"distance":526.3079223632813,"reward":-526.3079223632813},{"angles":[37.4565544128418,-22.34473991394043,-34.40299987792969,-11.122106552124024,-25.71166229248047,28.992725372314454,-4.438140869140625,58.137847900390628,-21.71568489074707,-6.640928268432617,53.073280334472659,-26.360498428344728,-29.06645393371582,31.52191734313965,4.975954055786133,24.62030029296875,34.542518615722659,-57.74546813964844,12.121416091918946,11.026346206665039,-14.031450271606446,50.340877532958987,-37.942718505859378,2.586071014404297,15.453800201416016,-54.859283447265628,36.02851867675781,8.165725708007813,-34.72529602050781,8.342679977416993,59.494956970214847,71.61819458007813,-28.975173950195314,-19.066322326660158,-40.72752380371094,86.92265319824219,-43.46772003173828,25.92909049987793,31.116069793701173,-5.540620803833008,14.190925598144532,59.239994049072269,37.2132682800293,-9.131797790527344,-56.34109115600586,48.974212646484378,-37.97522735595703,1.9955291748046876,-36.286224365234378,-40.81147766113281,59.30980682373047,-57.92681884765625,52.75855255126953,-85.26458740234375,-66.88017272949219,-50.057212829589847,-11.11213493347168,-56.658424377441409,7.480735778808594,57.30377197265625,-38.70759582519531,-16.76465606689453,-26.790740966796876,-46.331260681152347,-42.41468811035156,-2.9494056701660158,-10.939056396484375,15.630697250366211,-28.64422607421875,45.129791259765628,33.00410079956055,-15.25422477722168,-49.3809814453125,-12.411954879760743,-37.88756561279297,52.983238220214847,30.93804168701172,13.878700256347657,-46.735069274902347,-28.972511291503908],"legSizes":[0.4618275761604309,0.1840321570634842,0.3585883677005768,0.4522201418876648,0.14752836525440217,0.44830799102783205,0.4636804461479187,0.14238959550857545,0.31001096963882449,0.49630695581436159,0.3708883225917816,0.19844356179237367,0.34685614705085757,0.16135644912719727,0.25,0.3596738874912262,0.141834557056427,0.12059488147497177,0.42086467146873476,0.24999994039535523,0.3606518805027008,0.26047012209892275,0.24133780598640443,0.15255823731422425],"bodySizes":[2.0225765705108644,2.279179096221924,1.7354274988174439],"springs":[],"dumpers":[],"name":1977,"generation":56,"distance":526.3079223632813,"reward":-545.4046020507813},{"angles":[37.4565544128418,49.07375717163086,36.87831115722656,-2.0398635864257814,-40.696006774902347,-38.98518371582031,-32.031280517578128,-59.2061767578125,13.595245361328125,-48.66416931152344,67.32917785644531,-30.34760093688965,-29.06645393371582,-51.85455322265625,-51.42588806152344,45.131507873535159,15.845458984375,-22.76667022705078,18.55816650390625,52.201942443847659,-59.13639831542969,61.86512756347656,39.87865447998047,-16.672273635864259,-37.153846740722659,53.73500061035156,-2.780750274658203,-12.895225524902344,34.77666091918945,-69.78099060058594,-42.569190979003909,-42.25752258300781,54.10310363769531,-17.369077682495118,-8.592231750488282,48.13960266113281,-64.95486450195313,-87.98922729492188,59.386695861816409,-48.51579284667969,53.50636291503906,55.835628509521487,-19.238855361938478,70.71882629394531,-37.004371643066409,51.57544708251953,-60.48289489746094,56.98255157470703,-10.383316040039063,-55.6583251953125,26.87087059020996,-57.92681884765625,52.75855255126953,-85.26458740234375,17.461223602294923,-48.827301025390628,-11.11213493347168,-14.412368774414063,7.480735778808594,57.30377197265625,-38.70759582519531,34.657928466796878,-26.790740966796876,-0.8597030639648438,-26.216047286987306,-39.68842315673828,-11.013528823852539,44.99294662475586,-15.164072036743164,7.873571395874023,-38.78044891357422,-26.143821716308595,-1.1263198852539063,42.20842742919922,-37.88756561279297,13.81793212890625,-39.13725280761719,5.529520034790039,-46.735069274902347,26.862401962280275],"legSizes":[0.4118453562259674,0.1840321570634842,0.11567158997058869,0.1878412365913391,0.3330838978290558,0.3382832407951355,0.409184068441391,0.1666645109653473,0.3565552234649658,0.12545928359031678,0.25,0.31371939182281496,0.43231338262557986,0.3481818437576294,0.12782368063926698,0.2011902630329132,0.31791454553604128,0.3936953544616699,0.4116291105747223,0.24999994039535523,0.25,0.2415679693222046,0.24133780598640443,0.11379247158765793],"bodySizes":[1.9993693828582764,2.241903066635132,1.7847613096237183],"springs":[],"dumpers":[],"name":1977,"generation":56,"distance":526.3079223632813,"reward":-556.2694702148438}]}