{"geneDatas":[{"angles":[-27.030981063842775,55.01116180419922,39.121482849121097,54.444740295410159,1.2535362243652344,46.12333679199219,-8.42338752746582,-52.258384704589847,55.064422607421878,-13.249748229980469,-48.08045959472656,-31.14405059814453,-44.62849426269531,49.2818603515625,-33.17017364501953,-10.443313598632813,3.0582542419433595,14.997518539428711,-56.94091033935547,57.35455322265625,-21.78721046447754,50.340877532958987,-14.469072341918946,-57.99254608154297,-9.399312973022461,35.016990661621097,25.818769454956056,-21.493669509887697,13.192827224731446,12.246400833129883,-1.0860099792480469,40.00769805908203,42.392822265625,13.689458847045899,42.237579345703128,25.9807186126709,-49.369972229003909,0.21356964111328126,-38.887107849121097,8.3018798828125,-23.21567726135254,30.314125061035158,8.369356155395508,-33.92517852783203,-27.46160888671875,27.074630737304689,56.376686096191409,-45.56941223144531,4.409156799316406,8.883842468261719,-36.90330505371094,-19.67680549621582,16.064985275268556,34.25141906738281,52.47552490234375,-35.66559600830078,6.619325637817383,-59.077850341796878,2.537647247314453,-14.038644790649414,50.069915771484378,-57.02565002441406,-39.540550231933597,-39.18553161621094,-1.6518058776855469,-1.1553459167480469,40.19867706298828,-0.45389556884765627,-38.759437561035159,-11.712949752807618,-1.6212348937988282,-55.075233459472659,-20.557100296020509,-1.3133735656738282,-43.469696044921878,28.403404235839845,-44.2950439453125,53.00347137451172,-23.25113868713379,-25.495010375976564],"legSizes":[0.4493788778781891,0.3349922001361847,0.2175906002521515,0.3073303997516632,0.1533932238817215,0.4132225513458252,0.2239743024110794,0.26040056347846987,0.2985212504863739,0.39972200989723208,0.48371896147727969,0.49543485045433047,0.48232167959213259,0.38892823457717898,0.4470393657684326,0.27567803859710696,0.21864721179008485,0.17000418901443482,0.3836565911769867,0.1370505392551422,0.20658519864082337,0.20783956348896027,0.3264336884021759,0.3506353795528412],"bodySizes":[1.8275363445281983,2.33164644241333,1.877419352531433],"springs":[],"dumpers":[],"name":6942,"generation":198,"distance":71.2152099609375,"reward":-74.2144775390625},{"angles":[-55.341796875,-42.04865264892578,-29.693389892578126,-18.23249053955078,-7.156713485717773,-3.0077590942382814,-8.42338752746582,-52.258384704589847,55.064422607421878,-13.249748229980469,21.19112205505371,-31.14405059814453,-44.62849426269531,14.47711181640625,-45.08406066894531,-54.344688415527347,-8.342720031738282,14.997518539428711,-21.334312438964845,57.35455322265625,-21.78721046447754,50.340877532958987,-14.469072341918946,-57.99254608154297,-9.399312973022461,35.016990661621097,25.818769454956056,-21.493669509887697,13.192827224731446,12.246400833129883,-1.0860099792480469,40.00769805908203,42.392822265625,13.689458847045899,57.86009979248047,25.9807186126709,-49.369972229003909,5.951448440551758,-38.887107849121097,8.3018798828125,8.387311935424805,30.314125061035158,8.369356155395508,8.052026748657227,-27.46160888671875,27.074630737304689,51.078582763671878,-45.56941223144531,3.389934539794922,8.883842468261719,-36.90330505371094,-19.67680549621582,16.064985275268556,48.890892028808597,52.47552490234375,38.514461517333987,55.67112731933594,-59.077850341796878,2.537647247314453,-14.038644790649414,50.069915771484378,-57.02565002441406,-5.39349365234375,50.16078186035156,39.99668884277344,-32.11656951904297,40.19867706298828,55.7160758972168,-59.921722412109378,-11.712949752807618,14.787103652954102,39.275390625,-46.75444793701172,0.7617111206054688,54.51203155517578,47.51877212524414,-3.3709640502929689,-29.422325134277345,28.859609603881837,30.70355224609375],"legSizes":[0.25822317600250246,0.10794577747583389,0.25669458508491518,0.40300998091697695,0.2343481332063675,0.4712828993797302,0.18273916840553285,0.11697053909301758,0.2985212504863739,0.39972200989723208,0.48371896147727969,0.49543485045433047,0.48232167959213259,0.38892823457717898,0.4470393657684326,0.27567803859710696,0.2128678560256958,0.17000418901443482,0.42933350801467898,0.3041522800922394,0.224727600812912,0.3577288091182709,0.3387048542499542,0.15380072593688966],"bodySizes":[1.878157138824463,2.138683557510376,1.9916433095932007],"springs":[],"dumpers":[],"name":6942,"generation":198,"distance":71.2152099609375,"reward":-92.12361145019531},{"angles":[-27.030981063842775,-42.04865264892578,39.121482849121097,54.444740295410159,42.142478942871097,-3.0077590942382814,-8.42338752746582,-52.258384704589847,1.4709320068359376,-13.249748229980469,41.372711181640628,-31.14405059814453,-4.25566291809082,49.2818603515625,-57.464149475097659,10.772832870483399,14.22218132019043,13.891145706176758,-6.24510383605957,0.3022041320800781,-36.00157928466797,50.31028747558594,-25.770584106445314,-58.086517333984378,35.27071762084961,-58.29457092285156,21.101802825927736,53.16221237182617,-30.5469970703125,23.184370040893556,-2.409088134765625,10.416160583496094,47.06753158569336,-9.665830612182618,42.237579345703128,-21.97333526611328,42.335472106933597,-46.53666687011719,22.160266876220704,-14.692390441894532,33.43155288696289,-10.796304702758789,8.369356155395508,-13.566062927246094,-31.757125854492189,-35.065887451171878,-11.122734069824219,-31.848848342895509,4.409156799316406,-28.737106323242189,-36.90330505371094,-8.851011276245118,-32.44025421142578,46.37605285644531,54.789947509765628,-35.66559600830078,55.67112731933594,9.646003723144532,-27.709457397460939,-54.28709411621094,50.069915771484378,-57.02565002441406,-59.663055419921878,50.16078186035156,-58.669525146484378,-32.11656951904297,21.262962341308595,-33.32914733886719,-14.495651245117188,-41.15553283691406,-34.581871032714847,-25.635787963867189,-46.75444793701172,31.049251556396486,45.75203323364258,-14.471677780151368,-15.345434188842774,19.0689754486084,28.859609603881837,31.139873504638673],"legSizes":[0.4493788778781891,0.3349922001361847,0.4007166922092438,0.49546098709106448,0.1533932238817215,0.341163694858551,0.45654296875,0.18061843514442445,0.4077666699886322,0.1633654534816742,0.45532330870628359,0.29897230863571169,0.3236495852470398,0.41650524735450747,0.3310341536998749,0.27567803859710696,0.2128678560256958,0.17000418901443482,0.42933350801467898,0.3041522800922394,0.224727600812912,0.3577288091182709,0.36378541588783266,0.45312270522117617],"bodySizes":[2.0027718544006349,2.2662508487701418,1.762587070465088],"springs":[],"dumpers":[],"name":6942,"generation":198,"distance":71.2152099609375,"reward":-95.95933532714844}]}