{"geneDatas":[{"angles":[51.78199768066406,26.3602352142334,-50.99055480957031,-43.41133117675781,58.47136688232422,1.4712867736816407,-33.46160888671875,47.85205078125,-5.062889099121094,-37.86553955078125,1.0660400390625,53.291015625,-29.06645393371582,31.52191734313965,-41.17070770263672,24.21601104736328,-5.934412002563477,-57.74546813964844,12.121416091918946,-37.08186340332031,9.136541366577149,50.340877532958987,-23.9360408782959,-40.04637908935547,15.453800201416016,-54.859283447265628,52.11050033569336,42.78031921386719,-34.72529602050781,-29.422035217285158,59.494956970214847,71.61819458007813,-55.930809020996097,-56.79594421386719,-1.574615478515625,-46.50874328613281,54.72998046875,-55.66028594970703,-4.985109329223633,-5.540620803833008,-7.492483139038086,4.263847351074219,52.26057434082031,-34.552757263183597,-50.73779296875,41.39588165283203,-16.72211456298828,1.9955291748046876,-40.66368865966797,-40.873779296875,-3.025165557861328,-57.92681884765625,52.75855255126953,-85.26458740234375,2.196887969970703,-47.813941955566409,14.727781295776368,-56.658424377441409,-22.439054489135743,21.609161376953126,-38.70759582519531,46.12189483642578,-56.41303253173828,-40.47911071777344,-25.816434860229493,-2.9494056701660158,17.355077743530275,15.630697250366211,-28.64422607421875,29.244016647338868,3.0345382690429689,55.96558380126953,-52.54182434082031,52.95475769042969,-37.88756561279297,21.30367660522461,-26.191543579101564,5.529520034790039,-37.72572326660156,45.66447448730469],"legSizes":[0.20422551035881043,0.18798503279685975,0.3585883677005768,0.12046847492456436,0.14752836525440217,0.15836644172668458,0.3258678615093231,0.14238959550857545,0.2468341588973999,0.3423324227333069,0.2099066525697708,0.3365083932876587,0.3938691020011902,0.47833070158958437,0.3936079442501068,0.1149660125374794,0.3333578407764435,0.4703732132911682,0.42086467146873476,0.24999994039535523,0.43094223737716677,0.24448688328266145,0.16832442581653596,0.11379247158765793],"bodySizes":[1.8554096221923829,2.0962705612182619,2.056851387023926],"springs":[],"dumpers":[],"name":2874,"generation":82,"distance":34.01256561279297,"reward":-40.31230926513672},{"angles":[37.4565544128418,7.8436737060546879,12.618492126464844,-13.74077033996582,1.6518058776855469,31.000198364257814,12.237419128417969,-9.836677551269532,10.678674697875977,-6.640928268432617,53.073280334472659,33.15028381347656,-29.06645393371582,31.52191734313965,-59.01844024658203,24.21601104736328,34.542518615722659,-22.71954917907715,-5.106977462768555,11.026346206665039,-30.1489315032959,-30.593446731567384,-6.049598693847656,-40.04637908935547,15.453800201416016,-54.859283447265628,13.170267105102539,53.68170166015625,-34.72529602050781,15.250753402709961,59.494956970214847,71.61819458007813,-55.930809020996097,-9.474298477172852,-1.574615478515625,86.92265319824219,-9.395891189575196,-24.047607421875,-4.985109329223633,6.801286697387695,-7.492483139038086,59.239994049072269,55.596458435058597,-51.63788604736328,-56.34109115600586,43.09617614746094,-25.411056518554689,1.9955291748046876,-40.66368865966797,5.450111389160156,-26.674827575683595,-57.92681884765625,52.75855255126953,-85.26458740234375,-43.165443420410159,43.12519836425781,-11.11213493347168,-46.76605224609375,18.557464599609376,32.155208587646487,-38.70759582519531,-16.76465606689453,-26.790740966796876,5.356443405151367,-25.816434860229493,-32.11656951904297,17.355077743530275,15.630697250366211,51.24608612060547,-48.42662048339844,3.0345382690429689,55.96558380126953,-30.179931640625,52.95475769042969,-37.88756561279297,42.2706298828125,-18.37425422668457,5.529520034790039,-54.50804138183594,45.66447448730469],"legSizes":[0.42330247163772585,0.1840321570634842,0.28049641847610476,0.12046847492456436,0.14752836525440217,0.15836644172668458,0.4636804461479187,0.35630226135253909,0.3259226679801941,0.3423324227333069,0.2345457822084427,0.27919334173202517,0.3938691020011902,0.47833070158958437,0.276452898979187,0.12308979034423828,0.33031851053237917,0.3626421093940735,0.24522465467453004,0.24999994039535523,0.48077982664108279,0.3832298219203949,0.3656620979309082,0.10640626400709152],"bodySizes":[2.371516466140747,2.6875364780426027,1.2551898956298829],"springs":[],"dumpers":[],"name":2874,"generation":82,"distance":34.01256561279297,"reward":-40.93388366699219},{"angles":[36.81695556640625,-22.34473991394043,43.23265838623047,-11.122106552124024,-37.64756774902344,45.289703369140628,2.6767234802246095,58.137847900390628,25.010116577148439,-6.640928268432617,53.073280334472659,10.111806869506836,-10.023971557617188,31.52191734313965,-14.783355712890625,24.21601104736328,34.542518615722659,-57.74546813964844,12.121416091918946,-8.167455673217774,9.136541366577149,50.340877532958987,-37.942718505859378,2.586071014404297,18.09479522705078,-54.859283447265628,-11.802658081054688,53.68170166015625,-34.72529602050781,4.085746765136719,59.494956970214847,71.61819458007813,-55.930809020996097,-56.79594421386719,0.24903106689453126,86.92265319824219,-9.395891189575196,-55.66028594970703,-4.985109329223633,-5.540620803833008,-7.492483139038086,59.239994049072269,55.596458435058597,-5.1103363037109379,-56.34109115600586,-41.5926513671875,-25.411056518554689,1.9955291748046876,-40.66368865966797,5.450111389160156,-26.674827575683595,-57.92681884765625,52.75855255126953,-85.26458740234375,-43.165443420410159,43.12519836425781,-11.11213493347168,-46.76605224609375,4.888723373413086,32.155208587646487,-38.70759582519531,-16.76465606689453,-26.790740966796876,5.356443405151367,-25.816434860229493,-32.11656951904297,17.355077743530275,15.630697250366211,51.24608612060547,-48.42662048339844,28.25882339477539,55.96558380126953,-30.179931640625,52.95475769042969,-37.88756561279297,42.2706298828125,-26.191543579101564,5.529520034790039,-54.50804138183594,45.66447448730469],"legSizes":[0.28492066264152529,0.18923506140708924,0.3585883677005768,0.12046847492456436,0.14752836525440217,0.15836644172668458,0.4636804461479187,0.14238959550857545,0.3259226679801941,0.3423324227333069,0.2345457822084427,0.27919334173202517,0.26574376225471499,0.3481818437576294,0.15121394395828248,0.1837121546268463,0.14657807350158692,0.1700514256954193,0.40227842330932619,0.24999994039535523,0.17199702560901643,0.18598222732543946,0.3656620979309082,0.10640626400709152],"bodySizes":[2.235180377960205,2.5330326557159426,1.4129818677902222],"springs":[],"dumpers":[],"name":2874,"generation":82,"distance":34.01256561279297,"reward":-47.53421401977539}]}