{"geneDatas":[{"angles":[37.4565544128418,49.07375717163086,36.67815399169922,-2.0398635864257814,7.311323165893555,-47.97868347167969,-37.857086181640628,-53.30055236816406,13.595245361328125,-27.72989845275879,67.32917785644531,42.79688262939453,-29.06645393371582,31.52191734313965,-42.950836181640628,50.931358337402347,34.542518615722659,-4.510969161987305,12.121416091918946,14.776205062866211,56.90415954589844,50.340877532958987,-26.845542907714845,2.586071014404297,-42.809326171875,-54.859283447265628,-10.894668579101563,29.72496795654297,-26.8779296875,-32.737098693847659,1.206146240234375,71.61819458007813,-55.930809020996097,49.34746551513672,67.75041198730469,86.92265319824219,-43.46772003173828,-37.67774200439453,53.432395935058597,-5.540620803833008,9.260393142700196,59.239994049072269,-20.94403839111328,-9.131797790527344,-56.34109115600586,48.974212646484378,-37.97522735595703,1.9955291748046876,-52.82782745361328,-31.869888305664064,-9.85894775390625,-62.84417724609375,54.684364318847659,-85.26458740234375,-66.88017272949219,-19.873809814453126,-22.87653350830078,29.825347900390626,-10.117156982421875,46.640464782714847,-54.13391876220703,-50.48628234863281,-56.507659912109378,47.66680145263672,32.7748908996582,69.62510681152344,-17.945402145385743,15.176252365112305,-28.64422607421875,-4.476348876953125,-10.098443984985352,-15.25422477722168,-31.817506790161134,-44.32868957519531,-29.818374633789064,57.56697082519531,-39.13725280761719,-1.2121124267578126,10.170570373535157,-18.3448429107666],"legSizes":[0.4618275761604309,0.1840321570634842,0.1440334916114807,0.25,0.3330838978290558,0.30530622601509097,0.4636804461479187,0.14238959550857545,0.10208125412464142,0.38308030366897585,0.25,0.4709128439426422,0.43231338262557986,0.493157297372818,0.25,0.25,0.27668511867523196,0.36173582077026369,0.12205591052770615,0.24999994039535523,0.25,0.2415679693222046,0.1478554755449295,0.2955910563468933],"bodySizes":[2.1774001121520998,2.1811506748199465,1.684481143951416],"springs":[],"dumpers":[],"name":1316,"generation":40,"distance":529.8214111328125,"reward":-529.8214111328125},{"angles":[37.4565544128418,49.07375717163086,36.67815399169922,-2.0398635864257814,7.311323165893555,-47.97868347167969,-37.857086181640628,-53.30055236816406,13.595245361328125,-27.72989845275879,67.32917785644531,42.79688262939453,-29.06645393371582,31.52191734313965,-42.950836181640628,50.931358337402347,34.542518615722659,-4.510969161987305,18.55816650390625,52.201942443847659,-59.13639831542969,61.86512756347656,39.87865447998047,-16.672273635864259,-37.153846740722659,53.73500061035156,-2.780750274658203,-49.31456756591797,34.77666091918945,-69.78099060058594,-42.569190979003909,-18.201698303222658,54.10310363769531,-17.369077682495118,-8.592231750488282,48.13960266113281,-64.95486450195313,-87.98922729492188,59.386695861816409,-27.044937133789064,-57.63752746582031,55.835628509521487,-19.238855361938478,70.71882629394531,-37.004371643066409,51.57544708251953,-60.48289489746094,56.98255157470703,-10.383316040039063,-31.869888305664064,26.87087059020996,-57.92681884765625,52.75855255126953,-85.26458740234375,-66.88017272949219,-48.827301025390628,-11.11213493347168,-5.66682243347168,7.480735778808594,57.30377197265625,-38.70759582519531,-16.76465606689453,-26.790740966796876,-0.8597030639648438,-26.216047286987306,-39.68842315673828,-11.013528823852539,44.99294662475586,-66.38885498046875,59.31132507324219,-38.78044891357422,-26.143821716308595,-1.1263198852539063,42.20842742919922,-37.88756561279297,13.81793212890625,-39.13725280761719,5.529520034790039,-46.735069274902347,-18.107336044311525],"legSizes":[0.4618275761604309,0.3533417582511902,0.1440334916114807,0.25,0.3330838978290558,0.28901198506355288,0.4636804461479187,0.14238959550857545,0.10208125412464142,0.38308030366897585,0.25,0.4709128439426422,0.43231338262557986,0.493157297372818,0.12782368063926698,0.15905889868736268,0.2071349322795868,0.4017557203769684,0.4116291105747223,0.24999994039535523,0.25,0.2415679693222046,0.24133780598640443,0.11379247158765793],"bodySizes":[2.1195476055145265,2.177417516708374,1.7334249019622803],"springs":[],"dumpers":[],"name":1316,"generation":40,"distance":529.8214111328125,"reward":-578.2665405273438},{"angles":[37.4565544128418,-0.1580657958984375,-34.40299987792969,-11.122106552124024,-40.696006774902347,28.992725372314454,-37.857086181640628,-53.30055236816406,13.595245361328125,-27.72989845275879,67.32917785644531,42.79688262939453,-29.06645393371582,31.52191734313965,-42.950836181640628,50.931358337402347,34.542518615722659,50.39508819580078,12.121416091918946,29.347370147705079,56.90415954589844,50.340877532958987,-26.845542907714845,2.586071014404297,-42.809326171875,-54.859283447265628,-10.894668579101563,29.72496795654297,-38.87554931640625,-32.737098693847659,44.99755096435547,10.292753219604493,-55.930809020996097,49.34746551513672,67.75041198730469,86.92265319824219,-43.46772003173828,25.92909049987793,53.432395935058597,-5.540620803833008,14.190925598144532,59.239994049072269,37.2132682800293,-9.131797790527344,-56.34109115600586,48.974212646484378,-37.97522735595703,1.9955291748046876,48.29735565185547,-40.873779296875,59.30980682373047,-57.92681884765625,52.75855255126953,-85.26458740234375,-66.88017272949219,-48.827301025390628,-11.11213493347168,-5.66682243347168,7.480735778808594,57.30377197265625,-38.70759582519531,-16.76465606689453,-26.790740966796876,41.81047058105469,-42.41468811035156,-39.68842315673828,-11.013528823852539,44.99294662475586,-66.38885498046875,59.31132507324219,-38.78044891357422,-26.143821716308595,-23.093542098999025,42.20842742919922,-45.48457336425781,-42.83619689941406,53.11686706542969,13.878700256347657,-46.735069274902347,-28.972511291503908],"legSizes":[0.4618275761604309,0.1840321570634842,0.2977520823478699,0.4522201418876648,0.33924591541290285,0.30530622601509097,0.4636804461479187,0.14238959550857545,0.31001096963882449,0.49372339248657229,0.3708883225917816,0.31371939182281496,0.28103047609329226,0.493157297372818,0.17752690613269807,0.25,0.20695388317108155,0.36173582077026369,0.28528639674186709,0.3059902787208557,0.3710574507713318,0.4021422863006592,0.14828753471374513,0.15255823731422425],"bodySizes":[2.0289127826690676,2.2756175994873049,1.7327156066894532],"springs":[],"dumpers":[],"name":1316,"generation":40,"distance":529.8214111328125,"reward":-595.4541625976563}]}