{"geneDatas":[{"angles":[-3.2039794921875,48.595947265625,37.60950469970703,-19.939462661743165,4.4774932861328129,-3.265594482421875,12.547266006469727,1.424224853515625,0.056484222412109378,-28.799636840820314,-38.119598388671878,-13.489442825317383,-19.98505401611328,-41.09398651123047,-29.159568786621095,0.1710662841796875,-29.999191284179689,-10.271364212036133,38.04743957519531,59.93675994873047,-55.39568328857422,-25.124221801757814,-14.469072341918946,31.767353057861329,49.589210510253909,-55.57666015625,8.13292121887207,41.4008903503418,-34.877830505371097,52.69291687011719,-23.519760131835939,-15.727951049804688,41.479652404785159,13.47918701171875,-34.35578155517578,7.732736587524414,48.08193588256836,-46.53666687011719,-59.90315246582031,-38.04114532470703,5.901525497436523,4.142524719238281,-4.322053909301758,-22.87602996826172,-50.18384552001953,-35.072662353515628,-34.52104187011719,39.77024841308594,43.138214111328128,32.61383056640625,0.15902328491210938,35.60823059082031,59.618194580078128,50.74750900268555,49.862892150878909,16.635374069213868,45.6303825378418,0.96234130859375,56.928504943847659,53.44752502441406,-47.804420471191409,-12.77006721496582,-59.663055419921878,-16.112274169921876,-7.421257019042969,8.153635025024414,-13.910371780395508,-2.1041603088378908,13.886024475097657,6.4827117919921879,-37.681114196777347,34.57042694091797,-33.944923400878909,-55.285919189453128,-20.964569091796876,0.14803695678710938,7.4010162353515629,-3.94305419921875,-34.02470397949219,20.013469696044923],"legSizes":[0.49337244033813479,0.4302167296409607,0.28542253375053408,0.4832557737827301,0.19054919481277467,0.47826680541038515,0.4271906912326813,0.10000815242528916,0.22378972172737122,0.24610203504562379,0.2152511477470398,0.47224703431129458,0.48232167959213259,0.4524044096469879,0.31985971331596377,0.45929527282714846,0.15748411417007447,0.13206835091114045,0.21089717745780946,0.17110806703567506,0.386284738779068,0.22648008167743684,0.14844651520252229,0.32712289690971377],"bodySizes":[1.8657119274139405,2.147204637527466,1.9969719648361207],"springs":[],"dumpers":[],"name":12393,"generation":353,"distance":25.900285720825197,"reward":9.199201583862305},{"angles":[-32.10646057128906,48.595947265625,37.60950469970703,-26.225601196289064,4.4774932861328129,-3.265594482421875,12.547266006469727,1.424224853515625,0.056484222412109378,-23.68245506286621,-21.369401931762697,-13.489442825317383,-19.98505401611328,-41.09398651123047,-29.159568786621095,0.1710662841796875,-29.999191284179689,-10.271364212036133,-19.561349868774415,36.098724365234378,46.13393783569336,-25.124221801757814,-14.469072341918946,31.767353057861329,49.589210510253909,-55.57666015625,8.404220581054688,-41.21012878417969,-34.877830505371097,52.69291687011719,14.201253890991211,41.48370361328125,41.479652404785159,-3.6586837768554689,-34.35578155517578,7.732736587524414,48.08193588256836,-46.53666687011719,7.6092681884765629,-38.04114532470703,19.622709274291993,4.142524719238281,-4.322053909301758,-22.87602996826172,-50.18384552001953,-35.072662353515628,-57.60020446777344,-11.511131286621094,43.138214111328128,-6.191505432128906,-41.689613342285159,-15.520156860351563,55.28205871582031,1.533599853515625,49.862892150878909,16.635374069213868,53.00508117675781,-39.27825164794922,30.34935760498047,10.958799362182618,-37.144020080566409,-51.843536376953128,-59.663055419921878,12.74359130859375,-7.421257019042969,8.153635025024414,-33.355079650878909,-2.1041603088378908,58.75697326660156,56.00767135620117,-45.30083465576172,34.57042694091797,-52.28688049316406,-55.285919189453128,-20.964569091796876,56.27431869506836,7.4010162353515629,-52.021705627441409,-14.649688720703125,-49.92094421386719],"legSizes":[0.49337244033813479,0.14923414587974549,0.28542253375053408,0.4832557737827301,0.19054919481277467,0.1255088448524475,0.3972582221031189,0.10000815242528916,0.22378972172737122,0.24610203504562379,0.2152511477470398,0.47224703431129458,0.48232167959213259,0.4524044096469879,0.31985971331596377,0.22972209751605988,0.36190661787986758,0.13206835091114045,0.21089717745780946,0.17110806703567506,0.386284738779068,0.4445343613624573,0.14844651520252229,0.14749464392662049],"bodySizes":[1.8635109663009644,2.1788785457611086,1.970266580581665],"springs":[],"dumpers":[],"name":12393,"generation":353,"distance":25.900285720825197,"reward":-47.317481994628909},{"angles":[-3.2039794921875,48.595947265625,37.60950469970703,-19.939462661743165,4.4774932861328129,-3.265594482421875,12.547266006469727,1.424224853515625,0.056484222412109378,-28.799636840820314,-38.119598388671878,-13.489442825317383,-19.98505401611328,-41.09398651123047,-29.159568786621095,0.1710662841796875,-29.999191284179689,-10.271364212036133,38.04743957519531,59.93675994873047,-55.39568328857422,-25.124221801757814,-14.469072341918946,31.767353057861329,49.589210510253909,-55.57666015625,8.13292121887207,41.4008903503418,-34.877830505371097,52.69291687011719,-23.519760131835939,-15.727951049804688,41.479652404785159,-3.6586837768554689,-34.35578155517578,7.732736587524414,48.08193588256836,-46.53666687011719,7.6092681884765629,-38.04114532470703,19.622709274291993,4.142524719238281,-4.322053909301758,-22.87602996826172,-50.18384552001953,-35.072662353515628,-34.52104187011719,39.77024841308594,43.138214111328128,32.61383056640625,0.15902328491210938,35.60823059082031,59.618194580078128,50.74750900268555,49.862892150878909,16.635374069213868,45.6303825378418,0.96234130859375,34.16978454589844,53.44752502441406,-47.804420471191409,-12.77006721496582,-19.94336700439453,-16.112274169921876,-7.421257019042969,8.153635025024414,-33.355079650878909,-2.1041603088378908,55.783653259277347,56.00767135620117,-45.30083465576172,34.57042694091797,-52.28688049316406,-55.285919189453128,-20.964569091796876,56.27431869506836,7.4010162353515629,-52.021705627441409,-14.649688720703125,-49.92094421386719],"legSizes":[0.49337244033813479,0.4302167296409607,0.28542253375053408,0.4832557737827301,0.19054919481277467,0.1255088448524475,0.3972582221031189,0.10000815242528916,0.22378972172737122,0.24610203504562379,0.2152511477470398,0.47224703431129458,0.48232167959213259,0.4524044096469879,0.31985971331596377,0.45929527282714846,0.4287565350532532,0.13206835091114045,0.21089717745780946,0.17110806703567506,0.386284738779068,0.4445343613624573,0.14844651520252229,0.14749464392662049],"bodySizes":[1.8679156303405762,2.1763081550598146,1.967942237854004],"springs":[],"dumpers":[],"name":12393,"generation":353,"distance":25.900285720825197,"reward":-48.21326446533203}]}