{"geneDatas":[{"angles":[-41.209144592285159,33.39942169189453,-29.044570922851564,2.6673660278320314,32.26042175292969,-17.702987670898439,-21.482025146484376,11.032310485839844,26.03486442565918,-22.01725196838379,17.249263763427736,-33.962799072265628,-33.75969696044922,-41.09398651123047,-28.15400505065918,28.527015686035158,-0.9890480041503906,-16.668312072753908,38.04743957519531,30.669994354248048,10.492652893066407,-2.3301658630371095,-21.727231979370118,-14.163673400878907,-35.129356384277347,40.816123962402347,25.818769454956056,-2.8021926879882814,-51.30482482910156,30.677017211914064,30.1954345703125,47.9207763671875,47.06753158569336,-9.665830612182618,-42.908836364746097,7.732736587524414,42.335472106933597,-46.53666687011719,-16.693016052246095,-49.607948303222659,52.57733154296875,17.749197006225587,40.73712158203125,28.648536682128908,-48.01995086669922,-35.065887451171878,-21.4158935546875,-31.848848342895509,43.138214111328128,-26.27276611328125,-3.7002410888671877,-8.851011276245118,59.618194580078128,38.87013244628906,11.610311508178711,35.02637481689453,7.913537979125977,40.81066131591797,56.928504943847659,-54.28709411621094,55.95781707763672,-28.86515235900879,-59.663055419921878,-57.116790771484378,-44.099578857421878,-16.838441848754884,-13.910371780395508,-23.389183044433595,-30.24596405029297,-11.712949752807618,-37.681114196777347,-11.775232315063477,-23.943063735961915,1.5782890319824219,-43.469696044921878,-16.047271728515626,26.460067749023439,-9.25810432434082,-10.785232543945313,19.53878402709961],"legSizes":[0.33302897214889529,0.3349922001361847,0.1503991186618805,0.3073303997516632,0.14028701186180116,0.28501540422439577,0.2948155701160431,0.10000815242528916,0.20445597171783448,0.3226984739303589,0.2616459131240845,0.3802274763584137,0.48232167959213259,0.4137812554836273,0.19003072381019593,0.28001636266708376,0.3471085727214813,0.3616766929626465,0.2264927178621292,0.1568814218044281,0.4589329659938812,0.30975085496902468,0.32086536288261416,0.21438029408454896],"bodySizes":[1.770005226135254,2.2341256141662599,2.0230557918548586],"springs":[],"dumpers":[],"name":8879,"generation":256,"distance":61.05887222290039,"reward":-65.55960083007813},{"angles":[-41.209144592285159,33.39942169189453,-29.044570922851564,2.6673660278320314,32.26042175292969,-17.702987670898439,-21.482025146484376,-32.721778869628909,2.3824539184570314,-22.01725196838379,17.249263763427736,-33.962799072265628,-33.75969696044922,-39.87226104736328,-25.894380569458009,-55.48619079589844,-0.9890480041503906,-16.668312072753908,8.354337692260743,30.669994354248048,-59.12892150878906,-2.3301658630371095,-21.727231979370118,-14.163673400878907,-35.129356384277347,40.816123962402347,25.818769454956056,-2.8021926879882814,-51.30482482910156,30.677017211914064,30.1954345703125,47.9207763671875,47.06753158569336,-9.665830612182618,-42.908836364746097,7.732736587524414,42.335472106933597,-46.53666687011719,-16.693016052246095,-21.99030303955078,52.57733154296875,17.749197006225587,40.73712158203125,28.648536682128908,-48.01995086669922,-35.065887451171878,-21.4158935546875,-31.848848342895509,43.138214111328128,-26.27276611328125,-3.7002410888671877,-22.873014450073243,59.618194580078128,38.87013244628906,11.610311508178711,35.02637481689453,7.913537979125977,40.81066131591797,-27.67976188659668,58.10126495361328,55.95781707763672,-28.86515235900879,-43.112823486328128,-57.116790771484378,-44.099578857421878,-16.838441848754884,-13.910371780395508,-23.389183044433595,-30.24596405029297,-11.712949752807618,-37.681114196777347,7.013031005859375,-23.943063735961915,-25.85331153869629,-39.091888427734378,-16.047271728515626,48.62574768066406,27.027450561523439,-48.68286895751953,-11.134880065917969],"legSizes":[0.33302897214889529,0.3349922001361847,0.1503991186618805,0.3073303997516632,0.13628239929676057,0.28501540422439577,0.31591784954071047,0.10000815242528916,0.20445597171783448,0.3226984739303589,0.19977326691150666,0.3802274763584137,0.48232167959213259,0.4137812554836273,0.19003072381019593,0.28001636266708376,0.26918694376945498,0.24889305233955384,0.24983938038349152,0.3354294002056122,0.378615140914917,0.28528493642807009,0.24732965230941773,0.29619985818862917],"bodySizes":[1.7683181762695313,2.147043228149414,2.107117176055908],"springs":[],"dumpers":[],"name":8879,"generation":256,"distance":61.05887222290039,"reward":-72.45540618896485},{"angles":[53.63525390625,-24.922691345214845,-38.04811096191406,2.6673660278320314,32.26042175292969,-17.702987670898439,-21.482025146484376,11.032310485839844,2.3824539184570314,16.88758659362793,17.249263763427736,-33.962799072265628,-33.75969696044922,-39.87226104736328,22.458227157592775,-55.48619079589844,-0.9890480041503906,-16.668312072753908,8.354337692260743,57.35455322265625,10.492652893066407,-2.3301658630371095,-14.469072341918946,-14.163673400878907,-9.399312973022461,-43.19579315185547,25.818769454956056,-2.8021926879882814,-51.30482482910156,-49.602928161621097,-58.819969177246097,-59.78923034667969,47.06753158569336,-13.95866584777832,-42.908836364746097,7.732736587524414,42.335472106933597,-36.07220458984375,-16.693016052246095,-21.99030303955078,52.57733154296875,-55.59943389892578,40.73712158203125,-50.30242156982422,-56.21318054199219,-35.065887451171878,-46.29530334472656,-31.848848342895509,43.138214111328128,-46.31800079345703,-40.30365753173828,-0.6423912048339844,59.618194580078128,38.87013244628906,3.298351287841797,-11.601554870605469,-3.009502410888672,-40.724884033203128,-27.67976188659668,-54.28709411621094,55.95781707763672,-28.86515235900879,-59.663055419921878,50.16078186035156,-39.84638214111328,-8.324396133422852,8.20442008972168,-3.4583396911621095,-30.24596405029297,-11.712949752807618,-37.681114196777347,7.013031005859375,-23.943063735961915,43.686187744140628,-39.091888427734378,-8.364837646484375,-7.648050308227539,-18.30596160888672,-48.68286895751953,17.42109489440918],"legSizes":[0.33302897214889529,0.3349922001361847,0.1503991186618805,0.3073303997516632,0.310219943523407,0.28501540422439577,0.1420697271823883,0.25006768107414248,0.20832127332687379,0.4473462700843811,0.29193055629730227,0.4116564691066742,0.48232167959213259,0.1944568157196045,0.15193314850330354,0.34691399335861208,0.10936322063207627,0.24889305233955384,0.19134016335010529,0.1568814218044281,0.22425362467765809,0.2906462848186493,0.14844651520252229,0.30415767431259158],"bodySizes":[1.7214075326919556,2.278391122817993,2.039754867553711],"springs":[],"dumpers":[],"name":8879,"generation":256,"distance":61.05887222290039,"reward":-74.91995239257813}]}