{"geneDatas":[{"angles":[-31.386266708374025,-57.771331787109378,27.181503295898439,-8.633157730102539,1.9048347473144532,-3.0077590942382814,58.17224884033203,-50.98863220214844,5.9052581787109379,-39.940277099609378,14.815256118774414,17.58051109313965,-44.62849426269531,49.2818603515625,-33.17017364501953,41.01792907714844,-36.27489471435547,-43.99095916748047,27.45435905456543,-29.83678436279297,44.25410461425781,50.340877532958987,-37.334930419921878,-57.99254608154297,8.726455688476563,14.115005493164063,25.818769454956056,-21.493669509887697,14.268457412719727,4.042562484741211,9.004976272583008,-18.661256790161134,42.392822265625,-46.067848205566409,56.30109786987305,-3.8209609985351564,42.05546569824219,17.844655990600587,-16.693016052246095,-10.789182662963868,-48.14928436279297,-41.208412170410159,8.369356155395508,-29.756532669067384,-10.630424499511719,-35.065887451171878,-19.38745880126953,-48.49249267578125,4.409156799316406,8.263269424438477,46.89143371582031,-19.67680549621582,54.69456481933594,-43.41064453125,32.118228912353519,-35.66559600830078,-18.684133529663087,29.518287658691408,-27.709457397460939,11.815231323242188,-39.56538391113281,14.961540222167969,-2.5029449462890627,50.16078186035156,45.72722625732422,-32.11656951904297,-59.05247497558594,-15.309356689453125,29.547027587890626,52.66221618652344,-0.73553466796875,-26.25458526611328,20.01112174987793,13.078971862792969,-45.43376159667969,28.403404235839845,-52.683937072753909,13.140756607055664,-45.256690979003909,-35.87689971923828],"legSizes":[0.1833477020263672,0.4495043158531189,0.3424820303916931,0.40300998091697695,0.2343481332063675,0.4032191336154938,0.4962271749973297,0.3184050917625427,0.2985212504863739,0.23175886273384095,0.23194587230682374,0.49963822960853579,0.2779070734977722,0.41650524735450747,0.2633882761001587,0.24511320888996125,0.13573899865150453,0.45216646790504458,0.37459856271743777,0.12309489399194718,0.47789835929870608,0.41042858362197878,0.33345240354537966,0.15380072593688966],"bodySizes":[2.152844190597534,2.56575608253479,1.448311686515808],"springs":[],"dumpers":[],"name":5728,"generation":163,"distance":126.97976684570313,"reward":-126.97976684570313},{"angles":[-42.29723358154297,9.999109268188477,-5.419929504394531,-56.23322296142578,1.9048347473144532,-3.0077590942382814,58.17224884033203,-15.139925003051758,51.233612060546878,22.874191284179689,-28.832595825195314,55.88557434082031,-47.15911102294922,-5.271484375,15.68025016784668,3.593952178955078,26.707462310791017,-21.30487060546875,-41.31382751464844,37.173553466796878,-39.87733459472656,12.933174133300782,-55.6336669921875,-32.49925994873047,54.32255554199219,-45.26325988769531,-55.952369689941409,-18.605283737182618,-50.82087707519531,-16.855966567993165,57.719276428222659,-28.56599235534668,44.23122787475586,-0.655609130859375,56.30109786987305,-57.858238220214847,42.05546569824219,58.332611083984378,-43.21315002441406,-10.789182662963868,7.291938781738281,-31.820411682128908,-55.92936706542969,-29.756532669067384,-51.14488983154297,20.971281051635743,-8.580728530883789,-10.800926208496094,4.409156799316406,8.263269424438477,46.89143371582031,41.57337951660156,5.279695510864258,-43.41064453125,11.387649536132813,-35.66559600830078,3.665691375732422,29.518287658691408,46.980186462402347,37.03923034667969,1.3367195129394532,14.961540222167969,-2.5029449462890627,50.16078186035156,45.72722625732422,13.839162826538086,34.18384552001953,-15.309356689453125,29.547027587890626,52.66221618652344,-0.73553466796875,-26.25458526611328,20.01112174987793,-44.61137390136719,11.224771499633789,28.403404235839845,-15.345434188842774,14.217315673828125,-45.256690979003909,-35.87689971923828],"legSizes":[0.24587476253509522,0.3558662533760071,0.2061222791671753,0.40300998091697695,0.2343481332063675,0.23613616824150086,0.1970110833644867,0.4041040539741516,0.36515694856643679,0.2099955826997757,0.32957732677459719,0.2381615936756134,0.12560096383094788,0.3849090039730072,0.11342201381921768,0.27567803859710696,0.35853657126426699,0.14080438017845155,0.4875074326992035,0.36643996834754946,0.336260586977005,0.1830182671546936,0.19128656387329102,0.15380072593688966],"bodySizes":[2.0658388137817385,1.9261550903320313,2.0104916095733644],"springs":[],"dumpers":[],"name":5728,"generation":163,"distance":126.97976684570313,"reward":-130.23239135742188},{"angles":[-31.386266708374025,-57.771331787109378,39.09203338623047,-8.633157730102539,1.9048347473144532,6.861024856567383,58.17224884033203,-50.98863220214844,5.9052581787109379,-39.940277099609378,14.815256118774414,-37.23883056640625,-44.62849426269531,49.2818603515625,-33.17017364501953,3.593952178955078,14.22218132019043,-43.99095916748047,-22.076675415039064,52.883949279785159,34.87004852294922,-51.928871154785159,-25.770584106445314,-57.99254608154297,25.927274703979493,14.115005493164063,25.536285400390626,34.593814849853519,14.268457412719727,-27.873252868652345,-48.451141357421878,-6.9659271240234379,-48.33153533935547,-47.89337921142578,-25.50632667541504,-34.268775939941409,42.05546569824219,17.844655990600587,-43.21315002441406,-10.789182662963868,-48.14928436279297,1.8458099365234376,8.369356155395508,-29.756532669067384,-51.14488983154297,20.971281051635743,-19.38745880126953,43.01862716674805,4.409156799316406,8.263269424438477,46.89143371582031,-19.67680549621582,54.69456481933594,-43.41064453125,-42.212745666503909,-35.66559600830078,55.67112731933594,29.518287658691408,-51.99116516113281,11.815231323242188,36.96471405029297,14.961540222167969,6.356971740722656,50.16078186035156,10.060678482055664,-32.11656951904297,-8.864171981811524,-15.309356689453125,29.547027587890626,52.66221618652344,-0.73553466796875,-26.25458526611328,20.01112174987793,-6.35612678527832,-28.185691833496095,28.403404235839845,-15.345434188842774,13.140756607055664,-45.256690979003909,-35.87689971923828],"legSizes":[0.1833477020263672,0.4495043158531189,0.3424820303916931,0.40300998091697695,0.2343481332063675,0.4032191336154938,0.4962271749973297,0.3184050917625427,0.2985212504863739,0.23175886273384095,0.23194587230682374,0.2381615936756134,0.31367987394332888,0.3338025212287903,0.3481561839580536,0.27567803859710696,0.23943594098091126,0.17000418901443482,0.4875074326992035,0.21283334493637086,0.2274584174156189,0.41042858362197878,0.33345240354537966,0.15380072593688966],"bodySizes":[2.1513094902038576,2.566671133041382,1.4488282203674317],"springs":[],"dumpers":[],"name":5728,"generation":163,"distance":126.97976684570313,"reward":-137.18600463867188}]}