{"geneDatas":[{"angles":[-42.68743896484375,1.707366943359375,55.48512268066406,6.4413299560546879,-1.9458885192871094,-27.384429931640626,-46.49268341064453,-0.5816230773925781,49.60145568847656,-6.640928268432617,53.073280334472659,2.8906288146972658,-47.385093688964847,21.97216796875,-35.916053771972659,3.593952178955078,22.352096557617189,27.516231536865236,-28.955474853515626,-45.33003234863281,22.3392391204834,50.340877532958987,33.58659362792969,23.134702682495118,28.790985107421876,-18.121667861938478,-52.50593566894531,31.298660278320314,-34.72529602050781,11.12611198425293,59.494956970214847,71.61819458007813,26.087148666381837,-26.288400650024415,31.209239959716798,-57.858238220214847,-42.106231689453128,-58.17494201660156,21.68167495727539,39.04151916503906,13.613382339477539,59.239994049072269,55.596458435058597,0.2202911376953125,-56.34109115600586,-54.05267333984375,-26.77679443359375,-25.382415771484376,33.338069915771487,-40.873779296875,-51.870086669921878,-18.0620174407959,-35.070777893066409,-43.48242950439453,18.092435836791993,-44.1661376953125,-11.11213493347168,-32.220794677734378,4.26057243347168,0.5932960510253906,-46.71412658691406,47.86540222167969,-26.790740966796876,5.356443405151367,24.050830841064454,-12.428535461425782,-0.66522216796875,46.647132873535159,-40.18843078613281,-58.161949157714847,3.0345382690429689,55.56062316894531,-10.746238708496094,16.594703674316408,-22.340492248535158,56.93326950073242,-16.717620849609376,-0.8628768920898438,-50.139244079589847,45.66447448730469],"legSizes":[0.13402576744556428,0.4649254381656647,0.31165140867233279,0.29911738634109499,0.24328000843524934,0.21369430422782899,0.13175173103809358,0.24091017246246339,0.28988659381866457,0.37161707878112795,0.315843403339386,0.44921454787254336,0.21881496906280518,0.16949835419654847,0.3891773223876953,0.4161016047000885,0.2180308699607849,0.19357843697071076,0.29052412509918215,0.3320351243019104,0.26199644804000857,0.39342695474624636,0.2999420464038849,0.49888163805007937],"bodySizes":[2.0120763778686525,2.216780185699463,1.7935888767242432],"springs":[],"dumpers":[],"name":3933,"generation":112,"distance":10.597882270812989,"reward":289.4021301269531},{"angles":[-40.11829376220703,-41.80229187011719,10.013315200805664,32.6228141784668,17.75225830078125,-0.37859344482421877,10.720518112182618,-15.676895141601563,10.678674697875977,34.50075912475586,2.9585494995117189,-4.864690780639648,-28.511873245239259,-52.27533721923828,24.6623592376709,51.73975372314453,-3.341381072998047,6.37077522277832,12.121416091918946,-34.59886169433594,-19.43505096435547,50.340877532958987,-58.30473327636719,2.586071014404297,11.87476921081543,25.673873901367189,-53.43434143066406,31.298660278320314,36.16551971435547,25.9409236907959,59.494956970214847,71.61819458007813,14.705377578735352,8.437921524047852,-1.574615478515625,86.92265319824219,-42.106231689453128,-40.94767761230469,-39.46550750732422,29.170974731445314,34.80229949951172,37.90345764160156,11.52178955078125,-13.189537048339844,19.733144760131837,30.537656784057618,-9.467405319213868,59.554954528808597,33.338069915771487,-36.550537109375,-16.811864852905275,19.267440795898439,-28.95068359375,-42.993080139160159,13.585458755493164,52.53868103027344,-46.89060974121094,-32.220794677734378,58.445762634277347,41.85460662841797,-16.60162353515625,-16.76465606689453,-26.790740966796876,5.356443405151367,-25.816434860229493,-32.11656951904297,-9.685157775878907,26.325429916381837,-4.791206359863281,-58.161949157714847,3.0345382690429689,55.56062316894531,-10.746238708496094,44.23735046386719,-22.340492248535158,56.93326950073242,-38.06513977050781,-5.05583381652832,-59.716102600097659,45.66447448730469],"legSizes":[0.1560477316379547,0.40393033623695376,0.38101664185523989,0.27146223187446597,0.24328000843524934,0.23332330584526063,0.11133217811584473,0.2536047697067261,0.3259226679801941,0.13826656341552735,0.22414210438728333,0.2447984516620636,0.2639417052268982,0.16949835419654847,0.3525336682796478,0.40640029311180117,0.2180308699607849,0.4754260182380676,0.29052412509918215,0.3320351243019104,0.20219704508781434,0.39342695474624636,0.4065921902656555,0.37131088972091677],"bodySizes":[2.029923439025879,2.2418410778045656,1.7579458951950074],"springs":[],"dumpers":[],"name":3933,"generation":112,"distance":10.597882270812989,"reward":289.3996276855469},{"angles":[-54.121368408203128,-22.34473991394043,-5.419929504394531,-11.122106552124024,44.46863555908203,-47.422271728515628,-7.4543304443359379,58.137847900390628,25.010116577148439,-6.640928268432617,1.5798072814941407,2.8906288146972658,36.07084655761719,21.97216796875,-35.916053771972659,3.593952178955078,-58.72325134277344,25.11894989013672,12.121416091918946,11.026346206665039,-48.38573455810547,50.340877532958987,-55.6336669921875,17.925609588623048,11.87476921081543,-4.005838394165039,3.776885986328125,31.298660278320314,-34.72529602050781,30.218109130859376,10.497358322143555,71.61819458007813,26.087148666381837,-18.16435432434082,-26.033714294433595,-9.556167602539063,-20.390775680541993,-40.94767761230469,-56.308006286621097,29.170974731445314,-5.489580154418945,52.282920837402347,11.52178955078125,-23.715097427368165,-25.660436630249025,30.537656784057618,-9.467405319213868,3.9091644287109377,33.338069915771487,-40.873779296875,-16.811864852905275,19.267440795898439,-28.95068359375,-42.993080139160159,13.585458755493164,52.53868103027344,-46.89060974121094,-32.220794677734378,-7.05085563659668,41.85460662841797,-46.71412658691406,-16.76465606689453,-26.790740966796876,5.356443405151367,-25.816434860229493,8.190916061401368,-9.685157775878907,26.325429916381837,-4.791206359863281,-58.161949157714847,3.0345382690429689,55.56062316894531,-10.746238708496094,16.594703674316408,-22.340492248535158,56.93326950073242,-38.06513977050781,-5.05583381652832,-50.139244079589847,45.66447448730469],"legSizes":[0.1833477020263672,0.40101131796836855,0.34268462657928469,0.29911738634109499,0.14752836525440217,0.3864932954311371,0.10395198315382004,0.2794716954231262,0.32741716504096987,0.13826656341552735,0.2862061858177185,0.44921454787254336,0.21881496906280518,0.16949835419654847,0.3891773223876953,0.3869531750679016,0.2180308699607849,0.13352489471435548,0.1803244650363922,0.3320351243019104,0.3299303352832794,0.2677451968193054,0.4065921902656555,0.37131088972091677],"bodySizes":[2.024533271789551,2.2448232173919679,1.760284423828125],"springs":[],"dumpers":[],"name":3933,"generation":112,"distance":10.597882270812989,"reward":289.3994140625}]}