{"geneDatas":[{"angles":[41.25065612792969,-22.34473991394043,-32.12217712402344,37.85535430908203,1.1825523376464844,-27.384429931640626,-46.49268341064453,-0.5816230773925781,49.60145568847656,-11.735994338989258,53.073280334472659,2.8906288146972658,-46.684043884277347,33.66734313964844,56.489036560058597,3.593952178955078,-17.272531509399415,6.37077522277832,12.121416091918946,-34.59886169433594,-19.43505096435547,19.16619110107422,-58.30473327636719,2.586071014404297,1.6533355712890626,25.673873901367189,-53.43434143066406,26.022445678710939,-34.72529602050781,-42.8782958984375,-32.8848876953125,48.82048034667969,48.06428527832031,-56.79594421386719,-1.574615478515625,-50.66191864013672,-53.58893585205078,39.47358703613281,-56.308006286621097,-11.542304992675782,-5.489580154418945,52.282920837402347,11.52178955078125,-23.715097427368165,19.804397583007814,52.753746032714847,-33.066871643066409,59.554954528808597,33.338069915771487,-40.873779296875,26.84919548034668,-14.918655395507813,-28.95068359375,-42.993080139160159,13.585458755493164,52.53868103027344,55.67112731933594,41.56707000732422,-7.05085563659668,41.85460662841797,-41.6759033203125,51.90303039550781,43.057090759277347,5.356443405151367,-58.468894958496097,-32.11656951904297,-9.685157775878907,26.325429916381837,-4.791206359863281,-58.161949157714847,3.0345382690429689,55.56062316894531,-46.75444793701172,25.4676513671875,29.401531219482423,56.93326950073242,-38.06513977050781,-5.05583381652832,-29.283363342285158,45.66447448730469],"legSizes":[0.1833477020263672,0.40701764822006228,0.34268462657928469,0.29911738634109499,0.14209671318531037,0.38357266783714297,0.1410265564918518,0.49765458703041079,0.42999252676963808,0.13826656341552735,0.46177515387535097,0.47560834884643557,0.21881496906280518,0.16949835419654847,0.18281036615371705,0.3869531750679016,0.1752166748046875,0.22018110752105714,0.4875074326992035,0.3320351243019104,0.1739988923072815,0.28889158368110659,0.4065921902656555,0.37131088972091677],"bodySizes":[2.0292181968688967,2.240884780883789,1.7593072652816773],"springs":[],"dumpers":[],"name":4195,"generation":119,"distance":10.59334659576416,"reward":289.4066467285156},{"angles":[13.820106506347657,-22.34473991394043,-36.580841064453128,-53.35392761230469,44.46863555908203,-47.422271728515628,38.430908203125,-0.20787429809570313,25.010116577148439,13.810464859008789,10.868316650390625,31.239208221435548,-44.494529724121097,21.97216796875,-35.916053771972659,-9.660079956054688,-26.493680953979493,25.11894989013672,28.31353759765625,11.026346206665039,-48.38573455810547,50.340877532958987,-55.6336669921875,38.40687561035156,11.87476921081543,-4.005838394165039,-23.668075561523439,31.298660278320314,-34.72529602050781,11.12611198425293,59.494956970214847,18.56430435180664,4.347330093383789,-26.288400650024415,43.286033630371097,48.599082946777347,-42.106231689453128,-40.94767761230469,27.269697189331056,-52.833396911621097,-5.489580154418945,-51.639976501464847,11.52178955078125,3.8245086669921877,-25.660436630249025,-37.57769012451172,-9.467405319213868,-23.025205612182618,47.05002212524414,11.581113815307618,26.84919548034668,-14.918655395507813,-21.463287353515626,-42.993080139160159,13.585458755493164,44.831153869628909,9.948471069335938,-32.220794677734378,47.96809387207031,44.47102355957031,-41.6759033203125,-55.50868225097656,-0.6832351684570313,5.356443405151367,-54.06950378417969,1.3526992797851563,20.69875717163086,26.325429916381837,39.14112854003906,-58.161949157714847,54.81890106201172,55.56062316894531,-12.304952621459961,16.594703674316408,0.6220512390136719,-8.148386001586914,-38.06513977050781,47.74903869628906,-50.139244079589847,-25.213027954101564],"legSizes":[0.17497172951698304,0.40101131796836855,0.31165140867233279,0.29911738634109499,0.24328000843524934,0.25138023495674136,0.1410265564918518,0.49718785285949709,0.2000827193260193,0.4225662350654602,0.2862061858177185,0.27030980587005618,0.21881496906280518,0.16949835419654847,0.31546977162361147,0.3869531750679016,0.2308378964662552,0.32759883999824526,0.29052412509918215,0.3320351243019104,0.43578094244003298,0.3642539083957672,0.4065921902656555,0.37131088972091677],"bodySizes":[2.0234599113464357,2.2347025871276857,1.7691947221755982],"springs":[],"dumpers":[],"name":4195,"generation":119,"distance":10.59334659576416,"reward":289.4059143066406},{"angles":[36.65330505371094,-22.34473991394043,-32.12217712402344,-11.122106552124024,1.1825523376464844,-27.384429931640626,-46.49268341064453,-0.5816230773925781,49.60145568847656,-6.640928268432617,53.073280334472659,2.8906288146972658,-46.684043884277347,21.97216796875,56.489036560058597,3.593952178955078,22.352096557617189,27.516231536865236,-3.903430938720703,-33.737823486328128,22.3392391204834,50.340877532958987,-32.75420379638672,23.134702682495118,28.790985107421876,50.12366485595703,-52.50593566894531,31.298660278320314,-34.72529602050781,-19.06353187561035,59.494956970214847,71.61819458007813,-58.788612365722659,8.715156555175782,31.209239959716798,6.761346817016602,42.05546569824219,58.332611083984378,21.68167495727539,39.04151916503906,-20.48285675048828,42.4708251953125,55.596458435058597,-56.70823669433594,-56.34109115600586,-54.05267333984375,-26.77679443359375,-25.382415771484376,33.338069915771487,-40.873779296875,-49.71942901611328,54.85931396484375,-28.95068359375,-42.993080139160159,-42.212745666503909,-29.379150390625,55.67112731933594,-32.220794677734378,-7.05085563659668,41.85460662841797,-46.71412658691406,14.563186645507813,-26.790740966796876,5.356443405151367,-58.468894958496097,-32.11656951904297,-9.685157775878907,26.325429916381837,-4.791206359863281,-58.161949157714847,3.0345382690429689,55.56062316894531,-46.75444793701172,16.594703674316408,22.90822410583496,56.93326950073242,-38.06513977050781,-5.05583381652832,10.59144401550293,45.66447448730469],"legSizes":[0.1833477020263672,0.40701764822006228,0.34268462657928469,0.29911738634109499,0.14752836525440217,0.25138023495674136,0.1224885955452919,0.49718785285949709,0.42999252676963808,0.13826656341552735,0.46177515387535097,0.47560834884643557,0.21881496906280518,0.16949835419654847,0.38133925199508669,0.3869531750679016,0.1752166748046875,0.22018110752105714,0.4875074326992035,0.3320351243019104,0.3299303352832794,0.2538944482803345,0.4065921902656555,0.37131088972091677],"bodySizes":[2.028441905975342,2.2426598072052,1.7585879564285279],"springs":[],"dumpers":[],"name":4195,"generation":119,"distance":10.59334659576416,"reward":289.4054870605469}]}