{"geneDatas":[{"angles":[-37.95135498046875,45.28502655029297,-19.338577270507814,45.733680725097659,29.191757202148439,-32.868507385253909,-47.926483154296878,30.30971908569336,11.797307968139649,10.637504577636719,17.249263763427736,-48.51429748535156,53.41477966308594,-7.007881164550781,-14.008018493652344,53.912841796875,33.386192321777347,-16.668312072753908,-3.0548057556152345,34.94590759277344,1.2846908569335938,34.40544509887695,-14.469072341918946,19.5022029876709,-9.399312973022461,37.44908905029297,25.818769454956056,-21.493669509887697,30.39031219482422,-17.384857177734376,-12.328956604003907,30.582317352294923,47.06753158569336,-10.242225646972657,-42.908836364746097,27.615436553955079,42.335472106933597,-46.53666687011719,25.363510131835939,-21.99030303955078,14.343589782714844,-27.532073974609376,40.73712158203125,-20.33074951171875,-48.01995086669922,-45.96599578857422,-45.38880920410156,-43.524986267089847,43.138214111328128,16.88064956665039,-3.7002410888671877,-8.851011276245118,59.618194580078128,38.87013244628906,46.55387878417969,25.663244247436525,-3.009502410888672,40.81066131591797,-27.67976188659668,-54.28709411621094,55.95781707763672,-28.86515235900879,-59.663055419921878,50.16078186035156,41.52325439453125,2.5058212280273439,-13.910371780395508,53.04338073730469,-30.24596405029297,-11.712949752807618,-37.681114196777347,7.013031005859375,-23.943063735961915,1.5782890319824219,-43.469696044921878,-16.047271728515626,48.62574768066406,-18.30596160888672,-48.68286895751953,-11.134880065917969],"legSizes":[0.33302897214889529,0.49040111899375918,0.47980570793151858,0.191555455327034,0.4101685881614685,0.4836999475955963,0.40245556831359866,0.16317100822925569,0.17263394594192506,0.3226984739303589,0.3283231556415558,0.4116564691066742,0.48232167959213259,0.4137812554836273,0.25181910395622256,0.28001636266708376,0.10936322063207627,0.47839003801345827,0.3637431561946869,0.1568814218044281,0.22425362467765809,0.2906462848186493,0.13585276901721955,0.30415767431259158],"bodySizes":[1.7662831544876099,2.1446633338928224,2.1118862628936769],"springs":[],"dumpers":[],"name":8707,"generation":249,"distance":47.36560821533203,"reward":-50.96546173095703},{"angles":[-41.209144592285159,-24.922691345214845,-29.044570922851564,2.6673660278320314,32.26042175292969,-17.702987670898439,-21.482025146484376,11.032310485839844,2.3824539184570314,27.574237823486329,17.249263763427736,-33.962799072265628,-33.75969696044922,-39.87226104736328,22.458227157592775,-55.48619079589844,-0.9890480041503906,-16.668312072753908,8.354337692260743,57.35455322265625,10.492652893066407,-2.3301658630371095,-14.469072341918946,-14.163673400878907,-9.399312973022461,40.816123962402347,25.818769454956056,-2.8021926879882814,-51.30482482910156,-49.602928161621097,18.183088302612306,47.9207763671875,47.06753158569336,-9.665830612182618,-42.908836364746097,7.732736587524414,42.335472106933597,-46.53666687011719,-16.693016052246095,-21.99030303955078,52.57733154296875,17.749197006225587,40.73712158203125,-29.137420654296876,-48.01995086669922,-35.065887451171878,-21.4158935546875,-31.848848342895509,43.138214111328128,-26.27276611328125,-3.7002410888671877,-8.851011276245118,59.618194580078128,38.87013244628906,11.610311508178711,35.02637481689453,-3.009502410888672,40.81066131591797,-27.67976188659668,-54.28709411621094,55.95781707763672,-28.86515235900879,-59.663055419921878,50.16078186035156,-44.099578857421878,-8.324396133422852,-13.910371780395508,-23.389183044433595,-30.24596405029297,-11.712949752807618,-37.681114196777347,7.013031005859375,-23.943063735961915,1.5782890319824219,-39.091888427734378,-16.047271728515626,48.62574768066406,-18.30596160888672,-48.68286895751953,-11.134880065917969],"legSizes":[0.33302897214889529,0.3349922001361847,0.1503991186618805,0.3073303997516632,0.182451069355011,0.28501540422439577,0.31591784954071047,0.10000815242528916,0.20445597171783448,0.3226984739303589,0.2616459131240845,0.3802274763584137,0.48232167959213259,0.3220217823982239,0.25181910395622256,0.28001636266708376,0.10936322063207627,0.47839003801345827,0.3637431561946869,0.1568814218044281,0.22425362467765809,0.2906462848186493,0.14844651520252229,0.30415767431259158],"bodySizes":[1.7691725492477418,2.145000696182251,2.1081056594848635],"springs":[],"dumpers":[],"name":8707,"generation":249,"distance":47.36560821533203,"reward":-64.05056762695313},{"angles":[-31.264272689819337,-24.922691345214845,-29.044570922851564,-12.708929061889649,20.049604415893556,-17.702987670898439,-47.926483154296878,10.945106506347657,2.3824539184570314,27.574237823486329,17.249263763427736,-33.962799072265628,-33.75969696044922,-39.87226104736328,22.458227157592775,-55.48619079589844,-0.9890480041503906,-16.668312072753908,43.13507080078125,57.35455322265625,-43.63786315917969,21.207332611083986,-9.577766418457032,-7.8237457275390629,-9.399312973022461,-30.57366180419922,25.818769454956056,-2.8021926879882814,-51.30482482910156,-17.384857177734376,18.183088302612306,50.422340393066409,46.561614990234378,-9.665830612182618,22.218990325927736,7.732736587524414,42.335472106933597,-42.171348571777347,36.061519622802737,-21.99030303955078,-7.64436149597168,56.26048278808594,40.73712158203125,13.20161247253418,-48.01995086669922,-35.065887451171878,-45.38880920410156,-31.848848342895509,23.790449142456056,-26.27276611328125,-3.7002410888671877,17.05476951599121,59.618194580078128,38.87013244628906,11.610311508178711,-6.368600845336914,7.694000244140625,40.81066131591797,-37.25531005859375,8.22613525390625,55.95781707763672,-28.86515235900879,-59.663055419921878,50.16078186035156,31.96001434326172,-8.324396133422852,-13.910371780395508,5.69053840637207,-30.24596405029297,-11.712949752807618,-48.517486572265628,-12.57164192199707,-12.244428634643555,-17.61604118347168,-58.00566864013672,-29.521888732910158,26.853416442871095,25.640544891357423,-48.68286895751953,-24.86102294921875],"legSizes":[0.45378750562667849,0.24772566556930543,0.24538734555244447,0.191555455327034,0.4101685881614685,0.4836999475955963,0.41157037019729617,0.10000815242528916,0.20832127332687379,0.3226984739303589,0.4809039235115051,0.4116564691066742,0.48232167959213259,0.3758459985256195,0.15717048943042756,0.28001636266708376,0.10936322063207627,0.28644686937332156,0.1190773993730545,0.1568814218044281,0.4589329659938812,0.37776392698287966,0.20163877308368684,0.21438029408454896],"bodySizes":[1.8034017086029053,2.2762792110443117,1.948820948600769],"springs":[],"dumpers":[],"name":8707,"generation":249,"distance":47.36560821533203,"reward":-69.48760986328125}]}