{"geneDatas":[{"angles":[24.8512020111084,49.07375717163086,18.132360458374025,-3.0516891479492189,-40.696006774902347,28.992725372314454,-37.857086181640628,-53.30055236816406,13.595245361328125,-27.72989845275879,67.32917785644531,-48.84832000732422,-29.06645393371582,31.52191734313965,-55.433563232421878,-17.714630126953126,-16.32780647277832,50.39508819580078,12.121416091918946,29.347370147705079,-34.804527282714847,50.340877532958987,-26.845542907714845,-36.654136657714847,-42.809326171875,-54.859283447265628,-10.894668579101563,29.72496795654297,-34.72529602050781,-32.737098693847659,-4.275077819824219,-51.685394287109378,-55.930809020996097,49.34746551513672,67.75041198730469,86.92265319824219,-43.46772003173828,-37.67774200439453,53.432395935058597,-38.217185974121097,-33.5325927734375,59.239994049072269,-20.94403839111328,-9.131797790527344,-52.11510467529297,54.70140075683594,-37.97522735595703,1.9955291748046876,-31.86962127685547,-40.873779296875,59.30980682373047,-62.84417724609375,3.5749130249023439,-85.26458740234375,-66.88017272949219,-19.873809814453126,-11.11213493347168,20.145347595214845,7.480735778808594,-28.197263717651368,-38.70759582519531,-5.992591857910156,-56.507659912109378,-0.8597030639648438,-19.242860794067384,13.297027587890625,-23.82999610900879,17.103923797607423,-28.64422607421875,-4.476348876953125,-10.098443984985352,58.374595642089847,-49.3809814453125,-44.32868957519531,-29.818374633789064,57.56697082519531,-39.13725280761719,-1.2121124267578126,10.170570373535157,-18.3448429107666],"legSizes":[0.22543329000473023,0.1840321570634842,0.1440334916114807,0.2928757071495056,0.2038431465625763,0.30530622601509097,0.4636804461479187,0.14238959550857545,0.20968301594257356,0.49431174993515017,0.4628450870513916,0.31371939182281496,0.43231338262557986,0.36108630895614626,0.12782368063926698,0.25,0.27668511867523196,0.196058988571167,0.3112902343273163,0.24999994039535523,0.44900423288345339,0.2415679693222046,0.1478554755449295,0.2955910563468933],"bodySizes":[1.9660776853561402,2.483511209487915,1.6384122371673585],"springs":[],"dumpers":[],"name":1501,"generation":43,"distance":449.7920227050781,"reward":-449.7920227050781},{"angles":[37.4565544128418,-0.1580657958984375,-34.40299987792969,-11.122106552124024,-40.696006774902347,28.992725372314454,-4.438140869140625,58.137847900390628,-21.71568489074707,-6.640928268432617,53.073280334472659,-26.360498428344728,-29.06645393371582,31.52191734313965,-6.620698928833008,24.62030029296875,34.542518615722659,-57.74546813964844,12.121416091918946,11.026346206665039,-14.031450271606446,50.340877532958987,-37.942718505859378,2.586071014404297,0.1534423828125,-54.859283447265628,36.02851867675781,8.165725708007813,-34.72529602050781,8.342679977416993,1.206146240234375,71.61819458007813,-55.930809020996097,49.34746551513672,67.75041198730469,86.92265319824219,-43.46772003173828,25.92909049987793,53.432395935058597,-5.540620803833008,14.190925598144532,59.239994049072269,37.2132682800293,-9.131797790527344,-56.34109115600586,48.974212646484378,-37.97522735595703,1.9955291748046876,-40.66368865966797,-40.873779296875,59.30980682373047,-57.92681884765625,52.75855255126953,-85.26458740234375,-66.88017272949219,-50.057212829589847,-11.11213493347168,-5.66682243347168,7.480735778808594,57.30377197265625,-38.70759582519531,-16.76465606689453,-26.790740966796876,41.81047058105469,-42.41468811035156,-39.68842315673828,-11.013528823852539,44.99294662475586,-66.38885498046875,59.31132507324219,57.16847229003906,-26.143821716308595,56.55561447143555,42.20842742919922,-45.48457336425781,-42.83619689941406,53.11686706542969,13.878700256347657,-46.735069274902347,-28.972511291503908],"legSizes":[0.4618275761604309,0.1840321570634842,0.3585883677005768,0.4522201418876648,0.14752836525440217,0.30530622601509097,0.4636804461479187,0.14238959550857545,0.31001096963882449,0.2908211052417755,0.3708883225917816,0.31371939182281496,0.28103047609329226,0.493157297372818,0.17752690613269807,0.25,0.20695388317108155,0.36173582077026369,0.28528639674186709,0.3059902787208557,0.3710574507713318,0.4021422863006592,0.14828753471374513,0.4088456630706787],"bodySizes":[2.055330514907837,2.2609457969665529,1.7215441465377808],"springs":[],"dumpers":[],"name":1501,"generation":43,"distance":449.7920227050781,"reward":-496.6726989746094},{"angles":[37.4565544128418,49.07375717163086,36.87831115722656,-2.0398635864257814,-40.696006774902347,-38.98518371582031,-32.031280517578128,-59.2061767578125,13.595245361328125,44.73063659667969,67.32917785644531,-30.34760093688965,-29.06645393371582,-51.85455322265625,-51.42588806152344,45.131507873535159,15.845458984375,-22.76667022705078,18.55816650390625,52.201942443847659,-59.13639831542969,61.86512756347656,39.87865447998047,-16.672273635864259,-37.153846740722659,53.73500061035156,-2.780750274658203,-12.895225524902344,34.77666091918945,-69.78099060058594,-42.569190979003909,-42.25752258300781,54.10310363769531,-17.369077682495118,-8.592231750488282,48.13960266113281,-64.95486450195313,-87.98922729492188,59.386695861816409,-48.51579284667969,53.50636291503906,55.835628509521487,-19.238855361938478,70.71882629394531,-37.004371643066409,51.57544708251953,-60.48289489746094,56.98255157470703,-10.383316040039063,-55.6583251953125,26.87087059020996,-57.92681884765625,52.75855255126953,-85.26458740234375,17.461223602294923,-48.827301025390628,-11.11213493347168,-14.412368774414063,7.480735778808594,57.30377197265625,-38.70759582519531,-16.76465606689453,-26.790740966796876,-0.8597030639648438,-26.216047286987306,-39.68842315673828,-11.013528823852539,44.99294662475586,-66.38885498046875,7.873571395874023,-38.78044891357422,-26.143821716308595,-1.1263198852539063,42.20842742919922,-37.88756561279297,13.81793212890625,-39.13725280761719,5.529520034790039,-46.735069274902347,26.862401962280275],"legSizes":[0.4118453562259674,0.1840321570634842,0.11567158997058869,0.1878412365913391,0.3330838978290558,0.3382832407951355,0.47397685050964358,0.1666645109653473,0.3565552234649658,0.12545928359031678,0.25,0.31371939182281496,0.43231338262557986,0.3481818437576294,0.12782368063926698,0.15905889868736268,0.2071349322795868,0.3936953544616699,0.4116291105747223,0.24999994039535523,0.25,0.2415679693222046,0.24133780598640443,0.11379247158765793],"bodySizes":[1.9993693828582764,2.241903066635132,1.7847613096237183],"springs":[],"dumpers":[],"name":1501,"generation":43,"distance":449.7920227050781,"reward":-499.8713684082031}]}