{"geneDatas":[{"angles":[-27.030981063842775,55.01116180419922,39.121482849121097,54.444740295410159,1.2535362243652344,46.12333679199219,-19.30327033996582,-52.258384704589847,55.064422607421878,-13.249748229980469,-48.08045959472656,-31.14405059814453,-52.546119689941409,49.2818603515625,52.532142639160159,-38.74397277832031,3.0582542419433595,14.997518539428711,-56.94091033935547,57.35455322265625,-21.78721046447754,50.340877532958987,-14.469072341918946,-57.99254608154297,-9.399312973022461,35.016990661621097,25.818769454956056,-21.493669509887697,-46.201759338378909,-56.50244140625,30.314895629882814,10.416160583496094,47.06753158569336,-9.665830612182618,-42.908836364746097,7.732736587524414,42.335472106933597,-46.53666687011719,-16.693016052246095,-33.80290222167969,42.07135772705078,56.26048278808594,39.45664978027344,-20.33074951171875,-31.757125854492189,-35.065887451171878,-11.122734069824219,-31.848848342895509,4.409156799316406,-28.737106323242189,-3.7002410888671877,-8.851011276245118,-14.877584457397461,46.37605285644531,-25.72039031982422,-35.66559600830078,55.67112731933594,-12.482734680175782,-27.709457397460939,-54.28709411621094,55.95781707763672,-57.02565002441406,-59.663055419921878,50.16078186035156,31.96001434326172,-32.11656951904297,21.262962341308595,-33.32914733886719,-42.483642578125,-11.712949752807618,-12.950540542602539,39.275390625,-23.943063735961915,31.049251556396486,-43.469696044921878,47.51877212524414,-3.3709640502929689,25.640544891357423,-38.880455017089847,-57.52111053466797],"legSizes":[0.4493788778781891,0.3349922001361847,0.2955382168292999,0.3073303997516632,0.1533932238817215,0.4132225513458252,0.2239743024110794,0.26040056347846987,0.20832127332687379,0.39972200989723208,0.14490261673927308,0.4116564691066742,0.48232167959213259,0.38892823457717898,0.38735300302505495,0.4024515748023987,0.21864721179008485,0.17000418901443482,0.1967908889055252,0.3041522800922394,0.224727600812912,0.3577288091182709,0.31065887212753298,0.15380072593688966],"bodySizes":[1.7881300449371338,2.33185076713562,1.9186251163482667],"springs":[],"dumpers":[],"name":7118,"generation":203,"distance":58.583587646484378,"reward":-66.38388061523438},{"angles":[42.24494934082031,-42.04865264892578,35.54356002807617,36.01136779785156,7.185937881469727,-3.0077590942382814,52.53108215332031,-52.258384704589847,55.064422607421878,6.268280029296875,-44.70275115966797,-31.14405059814453,-39.152183532714847,51.289817810058597,14.005243301391602,-19.678739547729493,19.587575912475587,14.997518539428711,-21.334312438964845,-45.702110290527347,-23.36754035949707,50.340877532958987,-14.469072341918946,-31.143234252929689,-33.25531768798828,-9.39301872253418,55.163726806640628,26.926414489746095,-55.398902893066409,23.184370040893556,-27.755876541137697,10.416160583496094,47.06753158569336,-20.92791748046875,-42.908836364746097,7.732736587524414,42.335472106933597,-46.53666687011719,-16.693016052246095,-33.80290222167969,42.07135772705078,56.26048278808594,39.45664978027344,-20.33074951171875,-31.757125854492189,-55.47583770751953,-11.122734069824219,-39.139549255371097,4.409156799316406,-28.737106323242189,23.6026668548584,36.82600021362305,-54.665740966796878,46.37605285644531,54.789947509765628,-35.66559600830078,-52.11064147949219,9.646003723144532,-27.709457397460939,-14.038644790649414,50.069915771484378,-57.02565002441406,3.888652801513672,-18.856950759887697,-56.40751647949219,-32.11656951904297,21.262962341308595,-33.32914733886719,-23.516372680664064,-41.15553283691406,-33.955421447753909,-58.074302673339847,44.77207565307617,31.049251556396486,-43.469696044921878,-34.13391876220703,-15.345434188842774,19.0689754486084,28.859609603881837,39.509796142578128],"legSizes":[0.4493788778781891,0.4521845877170563,0.2175906002521515,0.3073303997516632,0.2343481332063675,0.29696133732795718,0.18273916840553285,0.2566143274307251,0.2985212504863739,0.39972200989723208,0.14490261673927308,0.16739311814308167,0.34518784284591677,0.13675780594348908,0.4470393657684326,0.3218294382095337,0.21864721179008485,0.17000418901443482,0.48551616072654726,0.21283334493637086,0.358826220035553,0.17527514696121217,0.28992125391960146,0.15380072593688966],"bodySizes":[1.9432851076126099,2.3636183738708498,1.741710901260376],"springs":[],"dumpers":[],"name":7118,"generation":203,"distance":58.583587646484378,"reward":-83.58576202392578},{"angles":[-27.030981063842775,-42.04865264892578,-49.474937438964847,54.444740295410159,42.142478942871097,-14.801094055175782,-21.809585571289064,-52.258384704589847,1.4709320068359376,-13.249748229980469,41.372711181640628,-31.14405059814453,-4.25566291809082,49.2818603515625,-57.464149475097659,10.772832870483399,-14.093564987182618,13.891145706176758,-6.24510383605957,0.3022041320800781,-36.00157928466797,50.31028747558594,-25.770584106445314,-58.086517333984378,35.27071762084961,-34.060577392578128,21.101802825927736,53.16221237182617,-30.5469970703125,23.184370040893556,-2.409088134765625,10.416160583496094,47.06753158569336,-9.665830612182618,42.237579345703128,-21.97333526611328,42.335472106933597,-46.53666687011719,22.160266876220704,-14.692390441894532,33.43155288696289,-58.8411865234375,8.369356155395508,-13.566062927246094,-31.757125854492189,-35.065887451171878,-11.122734069824219,-31.848848342895509,4.409156799316406,-28.737106323242189,-36.90330505371094,-8.851011276245118,-32.44025421142578,46.37605285644531,54.789947509765628,-21.553380966186525,55.67112731933594,9.646003723144532,-27.709457397460939,-54.28709411621094,50.069915771484378,-57.02565002441406,-59.663055419921878,50.16078186035156,31.96001434326172,-32.11656951904297,21.262962341308595,-33.32914733886719,-42.483642578125,14.162370681762696,-12.950540542602539,39.275390625,-23.943063735961915,31.049251556396486,-43.469696044921878,47.51877212524414,-3.3709640502929689,25.640544891357423,-38.880455017089847,-57.52111053466797],"legSizes":[0.4493788778781891,0.30544906854629519,0.13036108016967774,0.38647764921188357,0.1537708342075348,0.4757537245750427,0.18273916840553285,0.26040056347846987,0.34460192918777468,0.3697444796562195,0.14490261673927308,0.4116564691066742,0.48232167959213259,0.20531800389289857,0.38735300302505495,0.4024515748023987,0.21864721179008485,0.17000418901443482,0.3836565911769867,0.3041522800922394,0.224727600812912,0.3577288091182709,0.31065887212753298,0.15380072593688966],"bodySizes":[1.9656798839569092,2.2242791652679445,1.8297334909439088],"springs":[],"dumpers":[],"name":7118,"generation":203,"distance":58.583587646484378,"reward":-89.16412353515625}]}