{"geneDatas":[{"angles":[37.4565544128418,-22.34473991394043,-34.40299987792969,-11.122106552124024,-25.71166229248047,28.992725372314454,-4.438140869140625,58.137847900390628,-21.71568489074707,-6.640928268432617,53.073280334472659,-26.360498428344728,-29.06645393371582,31.52191734313965,-10.758583068847657,24.62030029296875,34.542518615722659,-51.30120086669922,12.121416091918946,48.525367736816409,-14.031450271606446,50.340877532958987,-37.942718505859378,2.586071014404297,15.453800201416016,19.68573760986328,36.02851867675781,8.165725708007813,-34.72529602050781,8.342679977416993,59.494956970214847,71.61819458007813,-55.930809020996097,49.34746551513672,67.75041198730469,86.92265319824219,-43.46772003173828,25.92909049987793,31.116069793701173,-5.540620803833008,14.190925598144532,59.239994049072269,-33.669891357421878,-9.131797790527344,-56.34109115600586,55.99934387207031,-37.97522735595703,1.9955291748046876,-40.66368865966797,-40.873779296875,59.30980682373047,-57.92681884765625,52.75855255126953,-85.26458740234375,-66.88017272949219,-50.057212829589847,-11.11213493347168,-56.658424377441409,7.480735778808594,11.287788391113282,-38.70759582519531,-16.76465606689453,-26.790740966796876,-46.331260681152347,-42.41468811035156,-4.441946029663086,-10.939056396484375,15.630697250366211,-28.64422607421875,17.872966766357423,33.00410079956055,-15.25422477722168,-54.226112365722659,-12.411954879760743,-37.88756561279297,-32.339874267578128,-39.13725280761719,29.011730194091798,-47.86187744140625,26.862401962280275],"legSizes":[0.4618275761604309,0.1840321570634842,0.3527228832244873,0.25,0.13069629669189454,0.36668482422828677,0.4636804461479187,0.14238959550857545,0.20968301594257356,0.2866341471672058,0.27531808614730837,0.21996018290519715,0.4528987407684326,0.48340216279029848,0.25,0.25,0.141834557056427,0.243200421333313,0.4116291105747223,0.24999994039535523,0.25,0.2415679693222046,0.1025538444519043,0.11379247158765793],"bodySizes":[2.218473196029663,2.621251344680786,1.3757106065750123],"springs":[],"dumpers":[],"name":1661,"generation":52,"distance":611.6802978515625,"reward":-614.9798583984375},{"angles":[37.4565544128418,-22.34473991394043,-34.40299987792969,-11.122106552124024,-25.71166229248047,28.992725372314454,-4.438140869140625,58.137847900390628,-21.71568489074707,-6.640928268432617,53.073280334472659,11.629135131835938,-29.06645393371582,31.52191734313965,-6.620698928833008,24.21601104736328,34.542518615722659,-57.74546813964844,12.121416091918946,11.026346206665039,-14.031450271606446,50.340877532958987,-37.942718505859378,2.586071014404297,15.453800201416016,-54.859283447265628,-11.802658081054688,8.165725708007813,-34.72529602050781,8.342679977416993,59.494956970214847,71.61819458007813,-55.930809020996097,-56.79594421386719,67.75041198730469,86.92265319824219,-43.46772003173828,-55.66028594970703,-4.985109329223633,-5.540620803833008,14.190925598144532,59.239994049072269,37.2132682800293,-9.131797790527344,-56.34109115600586,-2.027515411376953,-16.68065643310547,1.9955291748046876,-40.66368865966797,-40.873779296875,59.30980682373047,-57.92681884765625,52.75855255126953,-85.26458740234375,-66.88017272949219,-50.057212829589847,-11.11213493347168,-56.658424377441409,7.480735778808594,57.30377197265625,-38.70759582519531,-16.76465606689453,-26.790740966796876,-46.331260681152347,-25.816434860229493,-2.9494056701660158,-10.939056396484375,15.630697250366211,-28.64422607421875,45.129791259765628,3.0345382690429689,-15.25422477722168,-49.3809814453125,-12.411954879760743,-37.88756561279297,52.983238220214847,48.86986541748047,5.529520034790039,-8.169172286987305,45.66447448730469],"legSizes":[0.4618275761604309,0.1840321570634842,0.3585883677005768,0.4522201418876648,0.14752836525440217,0.44830799102783205,0.4636804461479187,0.14238959550857545,0.31001096963882449,0.4804612100124359,0.3708883225917816,0.19844356179237367,0.34685614705085757,0.3481818437576294,0.12782368063926698,0.2648940682411194,0.31562554836273196,0.3936953544616699,0.4116291105747223,0.24999994039535523,0.25,0.4433475434780121,0.4586384892463684,0.11379247158765793],"bodySizes":[1.9865267276763917,2.2602596282958986,1.7817113399505616],"springs":[],"dumpers":[],"name":1661,"generation":52,"distance":611.6802978515625,"reward":-620.1437377929688},{"angles":[37.4565544128418,-22.34473991394043,-34.40299987792969,54.13096618652344,-25.71166229248047,28.992725372314454,-4.438140869140625,58.137847900390628,-21.71568489074707,-6.640928268432617,53.073280334472659,-26.360498428344728,-3.7490768432617189,31.52191734313965,-6.620698928833008,40.50457763671875,34.542518615722659,8.250526428222657,12.121416091918946,11.026346206665039,-14.031450271606446,50.340877532958987,-37.942718505859378,2.586071014404297,15.453800201416016,-54.859283447265628,36.02851867675781,8.165725708007813,-34.72529602050781,8.342679977416993,59.494956970214847,24.681900024414064,-55.930809020996097,-39.046226501464847,67.75041198730469,53.977386474609378,22.833463668823243,25.92909049987793,31.116069793701173,-5.540620803833008,14.190925598144532,59.239994049072269,37.2132682800293,-9.131797790527344,-56.34109115600586,-2.027515411376953,-14.322202682495118,1.9955291748046876,-40.66368865966797,-40.873779296875,59.30980682373047,-57.92681884765625,52.75855255126953,-85.26458740234375,-66.88017272949219,-50.057212829589847,-11.11213493347168,-56.658424377441409,-16.694976806640626,57.30377197265625,-38.70759582519531,-16.76465606689453,-11.272293090820313,-46.331260681152347,-25.816434860229493,-2.9494056701660158,-42.361839294433597,15.630697250366211,-28.64422607421875,45.129791259765628,45.458404541015628,-15.25422477722168,-49.3809814453125,-12.411954879760743,-37.88756561279297,52.983238220214847,30.93804168701172,13.878700256347657,-33.23895263671875,-50.59407043457031],"legSizes":[0.4618275761604309,0.1840321570634842,0.3585883677005768,0.2181994616985321,0.14752836525440217,0.44830799102783205,0.4636804461479187,0.14238959550857545,0.31001096963882449,0.4804612100124359,0.28664880990982058,0.19844356179237367,0.34685614705085757,0.16135644912719727,0.25,0.44935283064842226,0.141834557056427,0.27593275904655459,0.42086467146873476,0.24999994039535523,0.25,0.466863214969635,0.17312082648277284,0.4552864134311676],"bodySizes":[1.811044692993164,2.3197691440582277,1.9042149782180787],"springs":[],"dumpers":[],"name":1661,"generation":52,"distance":611.6802978515625,"reward":-620.9713745117188}]}