{"geneDatas":[{"angles":[37.4565544128418,26.3602352142334,-33.76493835449219,-13.74077033996582,1.6518058776855469,31.000198364257814,32.08689880371094,-9.836677551269532,10.678674697875977,31.575963973999025,53.073280334472659,33.15028381347656,-29.06645393371582,-30.685789108276368,-6.620698928833008,24.21601104736328,34.542518615722659,-22.71954917907715,-5.106977462768555,11.026346206665039,-30.1489315032959,-24.35187530517578,-6.049598693847656,-40.04637908935547,15.453800201416016,-54.859283447265628,13.170267105102539,53.68170166015625,-34.72529602050781,15.250753402709961,59.494956970214847,-1.7626991271972657,-55.930809020996097,3.49676513671875,-1.574615478515625,86.92265319824219,-9.395891189575196,-55.66028594970703,39.27296447753906,-5.540620803833008,-40.58380889892578,59.239994049072269,55.596458435058597,-51.63788604736328,-56.34109115600586,43.09617614746094,58.12070846557617,1.9955291748046876,51.245826721191409,5.450111389160156,32.93915557861328,-57.92681884765625,52.75855255126953,-85.26458740234375,-43.165443420410159,-18.20865821838379,20.018646240234376,-46.76605224609375,-27.40241241455078,32.155208587646487,-38.70759582519531,40.52967834472656,-46.95027160644531,5.356443405151367,-25.816434860229493,-32.11656951904297,-29.917709350585939,15.630697250366211,-29.914321899414064,40.27233123779297,3.0345382690429689,55.56062316894531,-49.3809814453125,16.594703674316408,-22.340492248535158,21.30367660522461,10.757638931274414,5.529520034790039,-37.72572326660156,45.66447448730469],"legSizes":[0.4618275761604309,0.1840321570634842,0.28049641847610476,0.12046847492456436,0.45903077721595766,0.3870035707950592,0.4636804461479187,0.35630226135253909,0.3259226679801941,0.3423324227333069,0.2345457822084427,0.27919334173202517,0.26574376225471499,0.3481818437576294,0.3275654911994934,0.1837121546268463,0.35111337900161745,0.1700514256954193,0.40227842330932619,0.28734442591667178,0.2692956328392029,0.4433475434780121,0.4586384892463684,0.11379247158765793],"bodySizes":[1.9987330436706544,2.134316921234131,1.8753236532211304],"springs":[],"dumpers":[],"name":3038,"generation":88,"distance":23.656126022338868,"reward":559.84423828125},{"angles":[-42.68743896484375,26.3602352142334,12.618492126464844,53.25389099121094,3.0582847595214845,-6.051813125610352,32.08689880371094,-54.0408935546875,10.678674697875977,31.575963973999025,53.073280334472659,33.15028381347656,-29.06645393371582,31.52191734313965,-6.620698928833008,24.21601104736328,34.542518615722659,5.057321548461914,-5.106977462768555,11.026346206665039,-45.15459442138672,-30.593446731567384,-6.049598693847656,-40.04637908935547,15.453800201416016,19.614112854003908,13.170267105102539,53.68170166015625,-34.72529602050781,15.250753402709961,59.494956970214847,12.803728103637696,-55.930809020996097,27.233274459838868,-1.574615478515625,86.92265319824219,-3.3545570373535158,-55.66028594970703,39.27296447753906,-5.540620803833008,-40.58380889892578,59.239994049072269,55.596458435058597,-51.63788604736328,-56.34109115600586,43.09617614746094,58.12070846557617,1.9955291748046876,51.245826721191409,5.450111389160156,-26.674827575683595,-57.92681884765625,52.75855255126953,-85.26458740234375,-66.88017272949219,-47.813941955566409,35.126434326171878,-56.658424377441409,-22.439054489135743,21.609161376953126,-53.94066619873047,-37.936180114746097,-56.41303253173828,52.281646728515628,-25.816434860229493,-2.9494056701660158,17.355077743530275,15.630697250366211,-28.64422607421875,-48.42662048339844,3.0345382690429689,35.16859436035156,38.610931396484378,52.95475769042969,-37.88756561279297,26.719335556030275,-26.191543579101564,5.529520034790039,-17.91541862487793,45.66447448730469],"legSizes":[0.4618275761604309,0.1840321570634842,0.31165140867233279,0.12046847492456436,0.14752836525440217,0.15836644172668458,0.4636804461479187,0.35630226135253909,0.21191485226154328,0.3423324227333069,0.2099066525697708,0.3365083932876587,0.3938691020011902,0.47833070158958437,0.15837082266807557,0.1149660125374794,0.3333578407764435,0.20794732868671418,0.25756919384002688,0.3163483738899231,0.25,0.3468996286392212,0.3656620979309082,0.21179744601249696],"bodySizes":[1.9379839897155762,2.128767251968384,1.9391512870788575],"springs":[],"dumpers":[],"name":3038,"generation":88,"distance":23.656126022338868,"reward":-48.89094924926758},{"angles":[-15.364873886108399,-22.34473991394043,-5.419929504394531,13.724821090698243,17.75225830078125,45.289703369140628,-27.01658821105957,58.137847900390628,25.010116577148439,-6.992118835449219,53.073280334472659,27.153852462768556,-10.023971557617188,31.52191734313965,-35.916053771972659,24.21601104736328,34.542518615722659,6.038984298706055,12.121416091918946,11.026346206665039,12.39378547668457,50.340877532958987,-37.942718505859378,2.586071014404297,11.87476921081543,-54.859283447265628,-36.974159240722659,31.298660278320314,-34.72529602050781,-15.749153137207032,59.494956970214847,71.61819458007813,48.06428527832031,-56.79594421386719,-1.574615478515625,86.92265319824219,-42.106231689453128,-55.66028594970703,-56.308006286621097,29.170974731445314,-5.489580154418945,59.239994049072269,55.596458435058597,-23.715097427368165,-56.34109115600586,-9.426963806152344,-16.68065643310547,14.263565063476563,33.338069915771487,-40.873779296875,-3.025165557861328,-57.92681884765625,-53.13536071777344,-38.866241455078128,-52.508758544921878,42.53113555908203,-11.11213493347168,-47.73705291748047,58.445762634277347,-50.56311798095703,16.107627868652345,-37.936180114746097,-26.790740966796876,-46.331260681152347,-19.639284133911134,12.176565170288086,37.9676628112793,52.21038055419922,-20.02300453186035,34.5271110534668,-10.553031921386719,20.47126007080078,-54.94032287597656,-57.484619140625,-39.04466247558594,-50.65547180175781,-37.07952880859375,-5.05583381652832,-50.139244079589847,45.66447448730469],"legSizes":[0.4618275761604309,0.16894227266311646,0.327096164226532,0.12046847492456436,0.14752836525440217,0.47200021147727969,0.4636804461479187,0.14238959550857545,0.3259226679801941,0.13826656341552735,0.2099066525697708,0.3990318775177002,0.3938691020011902,0.47833070158958437,0.23987838625907899,0.3869531750679016,0.141834557056427,0.21846339106559754,0.42086467146873476,0.2772825062274933,0.12927956879138947,0.39342695474624636,0.27482348680496218,0.37131088972091677],"bodySizes":[2.1985549926757814,1.8546485900878907,1.9619636535644532],"springs":[],"dumpers":[],"name":3038,"generation":88,"distance":23.656126022338868,"reward":-58.308319091796878}]}