{"geneDatas":[{"angles":[-3.2039794921875,-55.291053771972659,37.60950469970703,-16.33538818359375,4.4774932861328129,15.547554016113282,15.55183219909668,16.728713989257814,0.056484222412109378,-28.799636840820314,32.02482986450195,-13.489442825317383,-56.08924102783203,0.9199409484863281,-29.159568786621095,0.1710662841796875,-29.999191284179689,-10.271364212036133,50.139801025390628,59.93675994873047,-55.39568328857422,-25.124221801757814,-14.469072341918946,31.767353057861329,49.589210510253909,-55.57666015625,8.13292121887207,41.4008903503418,-34.877830505371097,52.69291687011719,-23.519760131835939,-15.727951049804688,38.22370910644531,13.47918701171875,-34.35578155517578,7.732736587524414,48.08193588256836,-46.53666687011719,-59.90315246582031,-38.04114532470703,5.901525497436523,4.142524719238281,-4.322053909301758,-1.1150627136230469,-50.18384552001953,-35.072662353515628,-47.637176513671878,-11.511131286621094,54.32843780517578,35.73054122924805,-41.689613342285159,-15.520156860351563,55.28205871582031,1.533599853515625,49.862892150878909,0.9381370544433594,45.6303825378418,-24.610397338867189,56.928504943847659,39.859886169433597,-52.27000427246094,7.7067718505859379,-59.663055419921878,-16.112274169921876,42.421714782714847,8.153635025024414,-38.27436828613281,-16.16204071044922,13.886024475097657,-30.118988037109376,12.089372634887696,34.57042694091797,-33.944923400878909,29.113182067871095,-20.964569091796876,0.14803695678710938,42.02044677734375,-42.540008544921878,-57.026710510253909,20.013469696044923],"legSizes":[0.49337244033813479,0.259654700756073,0.4061744809150696,0.16249561309814454,0.19054919481277467,0.47826680541038515,0.4271906912326813,0.10000815242528916,0.22378972172737122,0.24610203504562379,0.2152511477470398,0.47224703431129458,0.48232167959213259,0.4524044096469879,0.3550763726234436,0.45929527282714846,0.4287565350532532,0.21063348650932313,0.12176475673913956,0.22413796186447144,0.1688736081123352,0.466438353061676,0.1826379895210266,0.37258824706077578],"bodySizes":[1.8673040866851807,2.160248041152954,1.9832220077514649],"springs":[],"dumpers":[],"name":13753,"generation":403,"distance":23.139066696166993,"reward":14.661226272583008},{"angles":[-58.238853454589847,48.595947265625,23.896835327148439,10.155179977416993,4.4774932861328129,-3.265594482421875,12.547266006469727,1.424224853515625,0.056484222412109378,59.03507995605469,-47.07404327392578,-13.489442825317383,-19.98505401611328,0.9199409484863281,-29.159568786621095,0.1710662841796875,-29.999191284179689,-10.271364212036133,50.139801025390628,59.93675994873047,-55.39568328857422,-25.124221801757814,-14.469072341918946,31.767353057861329,49.589210510253909,-55.57666015625,8.13292121887207,41.4008903503418,-34.877830505371097,52.69291687011719,-23.519760131835939,-15.727951049804688,41.479652404785159,13.47918701171875,-34.35578155517578,7.732736587524414,48.08193588256836,-46.53666687011719,-59.90315246582031,-38.04114532470703,5.901525497436523,4.142524719238281,-4.322053909301758,-1.1150627136230469,-50.18384552001953,-35.072662353515628,2.3560752868652345,-5.306190490722656,38.224952697753909,35.73054122924805,-41.689613342285159,-15.520156860351563,55.28205871582031,1.533599853515625,49.862892150878909,0.9381370544433594,45.6303825378418,0.96234130859375,56.928504943847659,39.859886169433597,-47.804420471191409,7.7067718505859379,-59.663055419921878,-16.112274169921876,42.421714782714847,8.153635025024414,-38.27436828613281,-16.16204071044922,39.95927429199219,-30.118988037109376,12.089372634887696,34.57042694091797,-33.944923400878909,29.113182067871095,-20.964569091796876,0.14803695678710938,42.02044677734375,-42.540008544921878,-57.026710510253909,20.013469696044923],"legSizes":[0.49337244033813479,0.44523686170578005,0.48130422830581667,0.4832557737827301,0.19054919481277467,0.47826680541038515,0.4271906912326813,0.10000815242528916,0.22378972172737122,0.24610203504562379,0.2152511477470398,0.47224703431129458,0.48232167959213259,0.4524044096469879,0.3966432213783264,0.45929527282714846,0.4287565350532532,0.20821435749530793,0.12176475673913956,0.17110806703567506,0.1688736081123352,0.466438353061676,0.1826379895210266,0.37258824706077578],"bodySizes":[1.8624672889709473,2.1675422191619875,1.9816811084747315],"springs":[],"dumpers":[],"name":13753,"generation":403,"distance":23.139066696166993,"reward":11.413488388061524},{"angles":[-3.2039794921875,-55.291053771972659,37.60950469970703,-16.33538818359375,4.4774932861328129,15.547554016113282,15.55183219909668,16.728713989257814,0.056484222412109378,-28.799636840820314,32.02482986450195,-13.489442825317383,-56.08924102783203,0.9199409484863281,-29.159568786621095,0.1710662841796875,-29.999191284179689,-10.271364212036133,50.139801025390628,59.93675994873047,-55.39568328857422,-25.124221801757814,-14.469072341918946,31.767353057861329,49.589210510253909,-55.57666015625,8.13292121887207,41.4008903503418,-34.877830505371097,52.69291687011719,-23.519760131835939,-15.727951049804688,38.22370910644531,13.47918701171875,-34.35578155517578,7.732736587524414,48.08193588256836,-46.53666687011719,-59.90315246582031,-38.04114532470703,5.901525497436523,4.142524719238281,-4.322053909301758,-1.1150627136230469,-50.18384552001953,-41.08012390136719,-47.637176513671878,-11.511131286621094,54.32843780517578,35.73054122924805,-41.689613342285159,-15.520156860351563,55.28205871582031,1.533599853515625,49.862892150878909,0.9381370544433594,45.6303825378418,-24.610397338867189,56.928504943847659,39.859886169433597,-52.27000427246094,7.7067718505859379,-59.663055419921878,24.663131713867189,42.421714782714847,8.153635025024414,-38.27436828613281,-16.16204071044922,-19.08445930480957,-30.118988037109376,12.089372634887696,34.57042694091797,-33.944923400878909,29.113182067871095,-20.964569091796876,28.519147872924806,42.02044677734375,-42.540008544921878,-57.026710510253909,20.013469696044923],"legSizes":[0.2021554708480835,0.2547149360179901,0.3026310205459595,0.1307881772518158,0.19054919481277467,0.47826680541038515,0.4271906912326813,0.10000815242528916,0.22378972172737122,0.24610203504562379,0.2152511477470398,0.47224703431129458,0.18985873460769654,0.4524044096469879,0.3966432213783264,0.45929527282714846,0.4287565350532532,0.20821435749530793,0.12176475673913956,0.17110806703567506,0.1688736081123352,0.466438353061676,0.1826379895210266,0.37258824706077578],"bodySizes":[1.8673040866851807,2.160248041152954,1.9832220077514649],"springs":[],"dumpers":[],"name":13753,"generation":403,"distance":23.139066696166993,"reward":5.529474258422852}]}