{"geneDatas":[{"angles":[26.838125228881837,-1.3416404724121094,44.59925842285156,48.43993377685547,28.171749114990236,-3.265594482421875,31.452896118164064,-34.51042938232422,0.056484222412109378,-28.799636840820314,-34.56571960449219,9.972902297973633,-33.75969696044922,-41.09398651123047,-29.159568786621095,0.1710662841796875,-29.999191284179689,-10.271364212036133,38.04743957519531,-53.388145446777347,-55.39568328857422,-2.3301658630371095,-14.469072341918946,31.767353057861329,49.589210510253909,-36.88429260253906,9.620668411254883,41.4008903503418,-34.877830505371097,52.69291687011719,-23.519760131835939,-15.727951049804688,41.479652404785159,-3.6586837768554689,-34.35578155517578,7.732736587524414,55.46479034423828,-46.53666687011719,4.227025985717773,-38.04114532470703,19.622709274291993,4.142524719238281,-4.322053909301758,-22.87602996826172,-50.18384552001953,-35.072662353515628,-34.52104187011719,39.77024841308594,43.138214111328128,32.61383056640625,0.1316986083984375,35.60823059082031,59.618194580078128,50.74750900268555,49.862892150878909,16.635374069213868,45.6303825378418,-23.93658447265625,56.928504943847659,53.44752502441406,-47.804420471191409,-12.77006721496582,-59.663055419921878,-16.112274169921876,-7.421257019042969,8.153635025024414,-13.910371780395508,-2.1041603088378908,13.886024475097657,6.4827117919921879,-37.681114196777347,34.57042694091797,-23.943063735961915,-55.285919189453128,-20.964569091796876,0.14803695678710938,7.4010162353515629,-3.94305419921875,-34.02470397949219,3.970104217529297],"legSizes":[0.49337244033813479,0.42160534858703616,0.33948463201522829,0.3073303997516632,0.4037148356437683,0.44255805015563967,0.2948155701160431,0.10000815242528916,0.25702065229415896,0.33155494928359988,0.4388139247894287,0.3802274763584137,0.48232167959213259,0.4524044096469879,0.31985971331596377,0.45929527282714846,0.4287565350532532,0.21063348650932313,0.116795115172863,0.17110806703567506,0.3155154883861542,0.22648008167743684,0.14844651520252229,0.37258824706077578],"bodySizes":[1.9115252494812012,2.1213176250457765,1.9728962182998658],"springs":[],"dumpers":[],"name":11589,"generation":331,"distance":31.64678955078125,"reward":-31.64678955078125},{"angles":[0.6324081420898438,-58.68769073486328,49.785400390625,1.0263137817382813,28.171749114990236,-23.564722061157228,37.766761779785159,-29.03485679626465,0.056484222412109378,-55.12158203125,-34.56571960449219,9.972902297973633,-33.75969696044922,-41.09398651123047,-29.159568786621095,28.527015686035158,-29.999191284179689,-10.271364212036133,38.04743957519531,-53.388145446777347,13.632080078125,-2.3301658630371095,-14.469072341918946,-13.613256454467774,49.589210510253909,-43.67753601074219,9.620668411254883,41.4008903503418,-34.877830505371097,15.126983642578125,-53.474037170410159,-48.33595275878906,22.10110092163086,11.963287353515625,-41.75648498535156,7.732736587524414,42.335472106933597,-46.53666687011719,4.227025985717773,7.17802619934082,30.020498275756837,4.142524719238281,25.502912521362306,-22.87602996826172,-50.18384552001953,-35.072662353515628,-34.52104187011719,22.977645874023439,43.138214111328128,32.61383056640625,-45.303627014160159,-27.95079803466797,59.618194580078128,-48.658592224121097,49.862892150878909,16.635374069213868,-51.535247802734378,-23.93658447265625,56.928504943847659,-54.28709411621094,-32.601173400878909,31.72370719909668,-59.663055419921878,6.71551513671875,-7.421257019042969,8.153635025024414,-13.910371780395508,9.718330383300782,13.886024475097657,-19.198486328125,-34.12018585205078,34.57042694091797,2.52264404296875,1.5782890319824219,-20.964569091796876,-10.578781127929688,-59.44123077392578,7.832672119140625,22.066082000732423,-49.991455078125],"legSizes":[0.49337244033813479,0.42160534858703616,0.39155787229537966,0.3073303997516632,0.19054919481277467,0.44255805015563967,0.2948155701160431,0.10000815242528916,0.24020488560199738,0.24610203504562379,0.32020819187164309,0.3802274763584137,0.48232167959213259,0.4524044096469879,0.31985971331596377,0.28001636266708376,0.4287565350532532,0.12443294376134873,0.116795115172863,0.17110806703567506,0.36095014214515688,0.36917439103126528,0.46320876479148867,0.1694907248020172],"bodySizes":[1.9259189367294312,2.128129482269287,1.9518835544586182],"springs":[],"dumpers":[],"name":11589,"generation":331,"distance":31.64678955078125,"reward":-54.8425178527832},{"angles":[17.631980895996095,-1.3416404724121094,41.211021423339847,1.0263137817382813,28.171749114990236,-3.265594482421875,37.766761779785159,-34.51042938232422,0.056484222412109378,-28.799636840820314,-34.56571960449219,9.972902297973633,-33.75969696044922,-41.09398651123047,-29.159568786621095,10.136453628540039,-29.999191284179689,25.799488067626954,38.04743957519531,-53.388145446777347,-55.39568328857422,-2.3301658630371095,-14.469072341918946,-13.613256454467774,49.589210510253909,-36.88429260253906,9.620668411254883,41.4008903503418,-34.877830505371097,52.69291687011719,47.83674621582031,-15.727951049804688,39.58331298828125,28.264446258544923,-42.908836364746097,-51.17243957519531,55.46479034423828,-46.53666687011719,4.227025985717773,-38.04114532470703,19.622709274291993,4.142524719238281,25.502912521362306,-3.286163330078125,-50.18384552001953,-35.072662353515628,-34.52104187011719,-29.716796875,43.138214111328128,32.61383056640625,-3.7002410888671877,-35.52069091796875,55.28205871582031,-48.658592224121097,49.862892150878909,16.635374069213868,45.6303825378418,49.6865234375,56.928504943847659,-54.28709411621094,-52.301971435546878,-18.939620971679689,-59.663055419921878,12.74359130859375,-7.421257019042969,8.153635025024414,-13.910371780395508,9.718330383300782,10.862783432006836,43.032073974609378,-17.47871208190918,-2.0489845275878908,-23.943063735961915,1.5782890319824219,-20.964569091796876,-10.578781127929688,17.082408905029298,-19.672456741333009,22.066082000732423,1.1593360900878907],"legSizes":[0.49337244033813479,0.42160534858703616,0.33948463201522829,0.3073303997516632,0.48856616020202639,0.42453378438949587,0.44402527809143069,0.10000815242528916,0.24935734272003175,0.2987769842147827,0.11917228996753693,0.3802274763584137,0.48232167959213259,0.4524044096469879,0.3717103898525238,0.28001636266708376,0.4287565350532532,0.12443294376134873,0.116795115172863,0.17110806703567506,0.2950555682182312,0.3590589165687561,0.40079885721206667,0.17835469543933869],"bodySizes":[1.7784161567687989,2.2271711826324465,2.0197746753692629],"springs":[],"dumpers":[],"name":11589,"generation":331,"distance":31.64678955078125,"reward":-55.31959533691406}]}