{"geneDatas":[{"angles":[20.59530258178711,-55.291053771972659,36.29440689086914,29.010971069335939,4.4774932861328129,-55.207801818847659,-0.8814582824707031,6.77178955078125,42.63098907470703,-20.73160743713379,-38.119598388671878,-13.489442825317383,38.932342529296878,32.42839050292969,-29.159568786621095,17.86953353881836,-10.764663696289063,-4.36444091796875,53.013694763183597,59.93675994873047,5.135627746582031,2.0818862915039064,-56.85589599609375,56.13560485839844,49.589210510253909,35.60425567626953,30.048019409179689,-1.4727630615234376,27.604835510253908,-45.85773468017578,-31.443498611450197,-25.727384567260743,38.22370910644531,-59.34502410888672,-57.10405731201172,7.732736587524414,48.08193588256836,-46.53666687011719,-45.26087951660156,-38.04114532470703,20.553686141967775,0.40972137451171877,-4.322053909301758,-1.1150627136230469,-50.18384552001953,-35.072662353515628,-47.637176513671878,-49.687843322753909,54.32843780517578,3.6294288635253908,-41.689613342285159,19.199691772460939,55.28205871582031,1.533599853515625,49.862892150878909,5.807281494140625,48.048561096191409,-29.939498901367189,58.51686096191406,7.7690582275390629,-52.27000427246094,1.4090309143066407,-58.228485107421878,-33.113380432128909,58.63993835449219,27.44819450378418,-38.27436828613281,36.579349517822269,1.1736717224121094,-39.01801300048828,46.713836669921878,11.30255126953125,-33.944923400878909,12.721916198730469,36.94371795654297,0.14803695678710938,42.02044677734375,-42.540008544921878,-57.026710510253909,59.233184814453128],"legSizes":[0.3030340075492859,0.4908120632171631,0.15724129974842072,0.32412105798721316,0.23525579273700715,0.22651031613349915,0.3972582221031189,0.19831891357898713,0.2433510571718216,0.24610203504562379,0.4767325520515442,0.17090186476707459,0.40298834443092348,0.1088860034942627,0.3966432213783264,0.21121104061603547,0.23164856433868409,0.23351700603961945,0.2820476293563843,0.17110806703567506,0.3495737314224243,0.466438353061676,0.1826379895210266,0.37258824706077578],"bodySizes":[1.8900823593139649,2.6909725666046144,1.5728960037231446],"springs":[],"dumpers":[],"name":15168,"generation":433,"distance":36.260677337646487,"reward":-36.260677337646487},{"angles":[-49.43731689453125,29.537242889404298,14.633781433105469,10.155179977416993,13.853837966918946,11.854669570922852,37.476966857910159,-38.58738708496094,42.63098907470703,-53.78070831298828,-38.119598388671878,-13.489442825317383,-56.08924102783203,0.9199409484863281,-29.159568786621095,17.86953353881836,-29.999191284179689,-10.271364212036133,38.04743957519531,59.93675994873047,-53.94697570800781,19.80029296875,-32.59613800048828,31.767353057861329,49.589210510253909,39.70327377319336,1.6209907531738282,41.4008903503418,35.37272644042969,-44.13897705078125,-1.5120010375976563,57.92894744873047,33.93612289428711,13.47918701171875,-34.35578155517578,7.732736587524414,48.08193588256836,-46.53666687011719,-27.348297119140626,26.3723201751709,-9.507814407348633,0.40972137451171877,-4.322053909301758,-1.1150627136230469,-50.18384552001953,-35.072662353515628,-47.637176513671878,-24.00461769104004,54.32843780517578,-3.0319175720214845,-41.689613342285159,-15.520156860351563,55.28205871582031,1.533599853515625,23.02960205078125,0.9381370544433594,48.048561096191409,21.13062858581543,-8.091596603393555,-48.58912658691406,-19.340665817260743,-43.68055725097656,-58.228485107421878,-16.112274169921876,-26.577880859375,-1.3625984191894532,54.48260498046875,-31.04411506652832,52.457611083984378,27.248321533203126,12.089372634887696,11.30255126953125,-33.944923400878909,42.20819854736328,-45.55271911621094,19.01960563659668,44.265403747558597,-42.540008544921878,-57.026710510253909,15.471738815307618],"legSizes":[0.49337244033813479,0.3182569146156311,0.15724129974842072,0.16249561309814454,0.30276134610176089,0.15964427590370179,0.4271906912326813,0.10000815242528916,0.14518672227859498,0.24610203504562379,0.11019182205200196,0.17090186476707459,0.40298834443092348,0.31950241327285769,0.13331514596939088,0.4420193135738373,0.4287565350532532,0.23351700603961945,0.12176475673913956,0.17110806703567506,0.2747388184070587,0.466438353061676,0.1826379895210266,0.23429244756698609],"bodySizes":[2.06748104095459,2.395777702331543,1.6151094436645508],"springs":[],"dumpers":[],"name":15168,"generation":433,"distance":36.260677337646487,"reward":-68.684814453125},{"angles":[-49.43731689453125,29.537242889404298,14.633781433105469,10.155179977416993,-16.57147979736328,11.854669570922852,-41.69673156738281,-38.58738708496094,-35.805328369140628,-53.78070831298828,-38.119598388671878,-13.489442825317383,-56.08924102783203,0.9199409484863281,-29.159568786621095,17.86953353881836,-19.772722244262697,-10.271364212036133,38.04743957519531,55.02373504638672,-53.94697570800781,19.80029296875,-32.59613800048828,31.767353057861329,49.589210510253909,43.11457061767578,1.4155693054199219,41.4008903503418,-34.877830505371097,-13.22633171081543,-22.225120544433595,59.39948272705078,33.93612289428711,47.71202087402344,43.235618591308597,7.732736587524414,48.08193588256836,-46.53666687011719,-9.087646484375,-21.71551513671875,-9.507814407348633,0.40972137451171877,-4.322053909301758,-1.1150627136230469,-50.18384552001953,-35.072662353515628,-47.637176513671878,-40.64387512207031,54.32843780517578,-3.0319175720214845,-41.689613342285159,-33.64268493652344,55.28205871582031,1.533599853515625,9.431711196899414,-45.02153015136719,48.048561096191409,-22.92986297607422,58.51686096191406,32.28321075439453,-52.27000427246094,26.882797241210939,-58.228485107421878,-33.113380432128909,47.75416564941406,27.44819450378418,-38.27436828613281,36.579349517822269,13.886024475097657,-39.01801300048828,-59.623077392578128,15.876485824584961,0.11120223999023438,-27.810209274291993,26.52151107788086,-52.82355499267578,40.88447570800781,11.84113883972168,18.70709800720215,3.047882080078125],"legSizes":[0.49337244033813479,0.3182569146156311,0.4103386402130127,0.16844506561756135,0.23525579273700715,0.22651031613349915,0.3972582221031189,0.12680307030677796,0.22378972172737122,0.18830271065235139,0.18734604120254517,0.47224703431129458,0.3818255066871643,0.46913179755210879,0.3966432213783264,0.4072330892086029,0.17930316925048829,0.20821435749530793,0.2026757001876831,0.17110806703567506,0.27139025926589968,0.1603378802537918,0.412128746509552,0.11652660369873047],"bodySizes":[1.8659721612930298,2.162116527557373,1.9829226732254029],"springs":[],"dumpers":[],"name":15168,"generation":433,"distance":36.260677337646487,"reward":-68.88876342773438}]}