{"geneDatas":[{"angles":[10.174964904785157,28.099964141845704,-57.829185485839847,-19.669267654418947,32.26042175292969,-17.702987670898439,-21.482025146484376,59.458595275878909,13.266929626464844,-14.687154769897461,-31.45720672607422,19.504806518554689,3.506420135498047,25.328550338745118,22.458227157592775,12.372200012207032,33.75776672363281,-18.758188247680665,2.4666824340820314,57.35455322265625,-48.34515380859375,33.116939544677737,-21.727231979370118,-14.163673400878907,-35.129356384277347,40.816123962402347,25.818769454956056,-2.8021926879882814,-51.30482482910156,30.677017211914064,30.1954345703125,47.9207763671875,47.06753158569336,-9.665830612182618,-42.908836364746097,7.732736587524414,42.335472106933597,-46.53666687011719,-16.693016052246095,-49.607948303222659,52.57733154296875,17.749197006225587,40.73712158203125,8.423704147338868,-48.01995086669922,-35.065887451171878,-21.4158935546875,-31.848848342895509,-32.484886169433597,-26.27276611328125,10.671335220336914,-8.851011276245118,59.618194580078128,35.02012252807617,-38.26991271972656,35.02637481689453,7.913537979125977,40.81066131591797,56.928504943847659,-54.28709411621094,55.95781707763672,-28.86515235900879,-59.663055419921878,-57.116790771484378,42.30915069580078,-16.838441848754884,-13.910371780395508,17.272123336791993,-30.241668701171876,-31.473127365112306,46.163963317871097,-11.775232315063477,-23.943063735961915,1.5782890319824219,-43.469696044921878,-16.047271728515626,26.460067749023439,-17.964141845703126,-10.785232543945313,19.53878402709961],"legSizes":[0.34219563007354739,0.3349922001361847,0.40861043334007265,0.191555455327034,0.4101685881614685,0.4836999475955963,0.4456191062927246,0.10000815242528916,0.20832127332687379,0.3226984739303589,0.35583749413490298,0.34595781564712527,0.48232167959213259,0.4137812554836273,0.19003072381019593,0.28001636266708376,0.3471085727214813,0.2810770273208618,0.2264927178621292,0.17227859795093537,0.4589329659938812,0.30975085496902468,0.41147929430007937,0.21438029408454896],"bodySizes":[1.727304220199585,1.847795844078064,2.5064971446990969],"springs":[],"dumpers":[],"name":9142,"generation":263,"distance":52.38520812988281,"reward":-52.38520812988281},{"angles":[10.174964904785157,28.099964141845704,-57.829185485839847,-19.669267654418947,32.26042175292969,-17.702987670898439,-21.482025146484376,59.458595275878909,13.266929626464844,-14.687154769897461,-43.9534912109375,-33.962799072265628,-33.75969696044922,25.328550338745118,22.458227157592775,12.372200012207032,33.75776672363281,-18.758188247680665,2.4666824340820314,57.35455322265625,-48.34515380859375,33.116939544677737,-21.727231979370118,-14.163673400878907,-49.04296875,27.856475830078126,25.818769454956056,-2.8021926879882814,-51.30482482910156,30.677017211914064,30.1954345703125,-2.162281036376953,47.06753158569336,-23.61065673828125,-42.908836364746097,7.732736587524414,42.335472106933597,-46.53666687011719,-16.693016052246095,-29.54199981689453,52.57733154296875,17.749197006225587,40.73712158203125,28.648536682128908,-48.01995086669922,-35.065887451171878,-21.4158935546875,-31.848848342895509,43.138214111328128,-26.27276611328125,-3.7002410888671877,-22.873014450073243,59.618194580078128,38.87013244628906,11.610311508178711,35.02637481689453,7.913537979125977,40.81066131591797,-27.67976188659668,48.75395965576172,55.95781707763672,-28.86515235900879,-43.112823486328128,-57.116790771484378,-44.099578857421878,-16.838441848754884,-13.910371780395508,-23.389183044433595,-30.24596405029297,-11.712949752807618,-37.681114196777347,7.013031005859375,-23.943063735961915,-25.85331153869629,-39.091888427734378,-31.228696823120118,48.62574768066406,-55.420257568359378,-48.68286895751953,-11.134880065917969],"legSizes":[0.2067384123802185,0.3349922001361847,0.47980570793151858,0.191555455327034,0.4101685881614685,0.4836999475955963,0.4456191062927246,0.10000815242528916,0.20832127332687379,0.3226984739303589,0.35583749413490298,0.34595781564712527,0.48232167959213259,0.4137812554836273,0.29736506938934328,0.28001636266708376,0.26918694376945498,0.24889305233955384,0.3282626271247864,0.21374328434467317,0.378615140914917,0.28528493642807009,0.24732965230941773,0.29619985818862917],"bodySizes":[1.7683182954788209,2.147043228149414,2.107117176055908],"springs":[],"dumpers":[],"name":9142,"generation":263,"distance":52.38520812988281,"reward":-61.905921936035159},{"angles":[-33.39567565917969,33.39942169189453,53.06712341308594,2.6673660278320314,32.26042175292969,-17.702987670898439,-21.482025146484376,11.032310485839844,33.33330535888672,-22.01725196838379,17.249263763427736,-33.962799072265628,-33.75969696044922,-41.09398651123047,-28.15400505065918,28.527015686035158,-0.9890480041503906,-16.668312072753908,38.04743957519531,30.669994354248048,10.492652893066407,-51.62542724609375,-21.727231979370118,-5.148460388183594,-35.129356384277347,40.816123962402347,25.818769454956056,-2.8021926879882814,-51.30482482910156,30.677017211914064,30.1954345703125,47.9207763671875,44.815277099609378,-9.665830612182618,-42.908836364746097,7.732736587524414,42.335472106933597,-46.53666687011719,-16.693016052246095,-49.607948303222659,-2.85198974609375,17.749197006225587,40.73712158203125,28.648536682128908,-48.01995086669922,-35.065887451171878,-21.4158935546875,-31.848848342895509,43.138214111328128,-26.27276611328125,-3.7002410888671877,-8.851011276245118,59.618194580078128,38.87013244628906,11.610311508178711,35.02637481689453,7.913537979125977,40.81066131591797,56.928504943847659,-54.28709411621094,55.95781707763672,-28.86515235900879,-59.663055419921878,-57.116790771484378,-44.099578857421878,-16.838441848754884,5.775999069213867,-23.389183044433595,-30.24596405029297,-42.4642333984375,-37.681114196777347,-11.775232315063477,-23.943063735961915,1.5782890319824219,-43.469696044921878,-16.047271728515626,26.460067749023439,-9.25810432434082,-10.785232543945313,19.53878402709961],"legSizes":[0.1709825098514557,0.17259760200977326,0.39155787229537966,0.3073303997516632,0.14028701186180116,0.28501540422439577,0.2948155701160431,0.10000815242528916,0.20445597171783448,0.3226984739303589,0.2616459131240845,0.3802274763584137,0.48232167959213259,0.4137812554836273,0.19003072381019593,0.28001636266708376,0.3471085727214813,0.3616766929626465,0.2264927178621292,0.1568814218044281,0.4589329659938812,0.30975085496902468,0.32086536288261416,0.21438029408454896],"bodySizes":[1.7470428943634034,2.2487597465515138,2.0363073348999025],"springs":[],"dumpers":[],"name":9142,"generation":263,"distance":52.38520812988281,"reward":-68.42180633544922}]}