{"geneDatas":[{"angles":[23.426944732666017,31.920888900756837,34.1535758972168,34.43511199951172,-5.117391586303711,-50.32506561279297,64.56961059570313,-10.528770446777344,31.228206634521486,-41.35832977294922,31.427921295166017,17.295513153076173,-79.14434814453125,5.1281890869140629,-14.891700744628907,-54.563941955566409,45.83525848388672,4.702369689941406,-35.33135986328125,-35.03385925292969,-47.512054443359378,-88.41961669921875,-41.048980712890628,17.6755428314209,-19.269912719726564,-27.96531867980957,23.02219009399414,3.936016082763672,26.04022789001465,12.397163391113282,-29.8948917388916,-58.22343826293945,73.14840698242188,29.12430191040039,-18.39069366455078,12.926437377929688,-17.744802474975587,73.94232177734375,75.5263671875,34.42430114746094,79.36819458007813,-28.07710075378418,-27.22327423095703,38.80162811279297,16.811124801635743,-59.441871643066409,38.82469177246094,-45.610687255859378,-53.76690673828125,-35.50160217285156,-56.134803771972659,24.31109619140625,-39.01020812988281,54.33152770996094,20.271034240722658,-49.20298767089844,3.3196868896484377,83.65187072753906,-53.01548767089844,-18.817026138305665,-39.191802978515628,-70.25471496582031,-13.168388366699219,-2.9436416625976564,-19.461570739746095,-29.01917266845703,-53.55540466308594,85.68145751953125,35.5499267578125,-45.72863006591797,-41.11799621582031,-1.9451751708984376,34.943450927734378,39.576416015625,53.47674560546875,54.00655746459961,-38.51899719238281,-36.23683166503906,-23.27884864807129,-26.60565757751465],"legSizes":[0.4939574599266052,0.4429863393306732,0.3197402358055115,0.3631366193294525,0.2256687432527542,0.25,0.24999994039535523,0.12791243195533753,0.11544322967529297,0.25,0.24199074506759644,0.428312212228775,0.24999994039535523,0.24999994039535523,0.18463416397571565,0.45235005021095278,0.25,0.3487085700035095,0.24999994039535523,0.24999994039535523,0.1275220811367035,0.25,0.2791023850440979,0.4891584813594818],"bodySizes":[2.0,2.0,2.0],"springs":[],"dumpers":[],"name":489,"generation":13,"distance":69.22682189941406,"reward":-69.22682189941406},{"angles":[23.426944732666017,-0.8846778869628906,34.1535758972168,22.678356170654298,-5.117391586303711,-50.32506561279297,-17.341867446899415,-10.528770446777344,31.228206634521486,-41.35832977294922,31.427921295166017,26.625951766967775,-79.14434814453125,5.1281890869140629,-14.891700744628907,41.818016052246097,45.83525848388672,4.702369689941406,-35.33135986328125,-35.03385925292969,-47.512054443359378,-88.41961669921875,5.364938735961914,17.6755428314209,-19.269912719726564,-27.96531867980957,23.02219009399414,3.936016082763672,26.04022789001465,12.397163391113282,-29.8948917388916,-58.22343826293945,73.14840698242188,29.12430191040039,-18.39069366455078,12.926437377929688,-17.744802474975587,5.232072830200195,75.5263671875,34.42430114746094,79.36819458007813,-28.07710075378418,-27.22327423095703,38.80162811279297,16.811124801635743,-59.441871643066409,38.82469177246094,-45.610687255859378,-53.76690673828125,-35.50160217285156,-56.134803771972659,-9.193161010742188,-39.01020812988281,54.33152770996094,20.271034240722658,5.072471618652344,3.3196868896484377,4.792036056518555,-0.7757606506347656,-5.941864013671875,-39.191802978515628,-70.25471496582031,-17.9326114654541,-2.9436416625976564,-0.9573478698730469,-36.22373962402344,-45.79081726074219,1.32958984375,-86.51861572265625,49.06396484375,32.78875732421875,-1.9451751708984376,35.36981201171875,21.74916648864746,53.47674560546875,-30.600515365600587,58.06562042236328,-42.310760498046878,-4.025423049926758,-26.60565757751465],"legSizes":[0.427681028842926,0.49472886323928835,0.3929569721221924,0.2820790112018585,0.2256687432527542,0.25,0.24999994039535523,0.12791243195533753,0.39671653509140017,0.25,0.24199074506759644,0.428312212228775,0.4629300534725189,0.24999994039535523,0.25,0.209365576505661,0.25,0.4035499691963196,0.32897284626960757,0.172713041305542,0.4694545269012451,0.25,0.2791023850440979,0.4487697184085846],"bodySizes":[1.9999005794525147,2.0000498294830324,2.0000498294830324],"springs":[],"dumpers":[],"name":489,"generation":13,"distance":69.22682189941406,"reward":-84.6675033569336},{"angles":[23.426944732666017,-52.10911560058594,34.1535758972168,22.678356170654298,-5.117391586303711,-50.32506561279297,64.56961059570313,-10.528770446777344,-0.78643798828125,-7.958465576171875,31.427921295166017,17.295513153076173,-79.14434814453125,-53.132484436035159,-14.891700744628907,-18.246437072753908,45.83525848388672,3.2589263916015627,-3.9057388305664064,21.815214157104493,-35.044677734375,-73.36964416503906,-31.25896644592285,49.33485412597656,-83.11512756347656,59.82746505737305,-6.219268798828125,-80.47555541992188,-58.53937530517578,-59.212921142578128,-4.766944885253906,59.664085388183597,-34.841392517089847,-81.55511474609375,20.876996994018556,14.307212829589844,-19.141563415527345,45.285072326660159,-40.114646911621097,30.56447982788086,2.6013221740722658,-1.612640380859375,63.17686080932617,-43.11430740356445,-1.53045654296875,58.46550750732422,47.06372833251953,-53.576385498046878,-49.42693328857422,-48.564788818359378,-20.376256942749025,-0.06481170654296875,-20.266090393066408,-79.6324462890625,-87.2581787109375,54.1314697265625,-50.99049377441406,55.64436340332031,64.93617248535156,9.313652038574219,7.919275283813477,-7.757184982299805,60.909210205078128,43.20769500732422,-51.593017578125,47.704254150390628,51.5247802734375,-6.721565246582031,48.6712646484375,45.85395812988281,56.03228759765625,-15.537277221679688,-22.360618591308595,-44.72996520996094,46.53778076171875,-41.059814453125,-6.401710510253906,-69.84321594238281,19.67597007751465,76.84237670898438],"legSizes":[0.427681028842926,0.22599413990974427,0.25,0.4656180739402771,0.49311119318008425,0.25,0.3486950695514679,0.12791243195533753,0.25,0.25,0.3099890947341919,0.25,0.24999994039535523,0.24999994039535523,0.25,0.25,0.12575450539588929,0.25,0.22646167874336244,0.24999994039535523,0.25,0.3092728853225708,0.25,0.25],"bodySizes":[2.0,2.0,2.0],"springs":[],"dumpers":[],"name":489,"generation":13,"distance":69.22682189941406,"reward":-86.70614624023438}]}