{"geneDatas":[{"angles":[-16.446569442749025,-8.988595962524414,-0.7132301330566406,4.358573913574219,23.368331909179689,-35.10442352294922,45.02212905883789,1.5385093688964844,-28.012428283691408,-58.95304870605469,55.43702697753906,-35.40498352050781,-22.53644371032715,12.413442611694336,-1.4711151123046876,-14.492033004760743,28.928417205810548,20.7265625,-53.19805908203125,-51.530113220214847,49.54405975341797,56.128292083740237,-52.84214782714844,-19.19243621826172,-12.900060653686524,43.65779113769531,-29.68505096435547,-14.018806457519532,-23.799224853515626,0.4556121826171875,59.46570587158203,29.057292938232423,73.14840698242188,38.65320587158203,-36.666038513183597,-6.06390380859375,1.2244529724121094,-59.49791717529297,37.88679504394531,-49.734619140625,79.36819458007813,0.5334014892578125,-7.924583435058594,31.147911071777345,-23.088533401489259,43.12493133544922,34.77398681640625,-8.457847595214844,-53.9703369140625,-22.275503158569337,-40.82006072998047,-57.88939666748047,-29.734548568725587,28.825103759765626,14.002355575561524,-4.422203063964844,44.77708435058594,14.009222030639649,-43.700340270996097,46.02714920043945,-59.008827209472659,-43.607513427734378,-17.725690841674806,-11.783531188964844,49.70800018310547,8.85161018371582,4.116861343383789,20.17462921142578,-86.51861572265625,-10.858205795288086,54.85400390625,-17.70317268371582,23.15314292907715,-20.730249404907228,-7.5953521728515629,-40.858009338378909,52.131683349609378,-51.85182189941406,1.2750358581542969,46.987335205078128],"legSizes":[0.12235560268163681,0.22911688685417176,0.46068882942199709,0.32094648480415347,0.21403944492340089,0.37300190329551699,0.1922193467617035,0.24582508206367494,0.4213950037956238,0.1118222251534462,0.21056053042411805,0.3816724717617035,0.11481614410877228,0.13636904954910279,0.4706619679927826,0.42135778069496157,0.39843979477882388,0.40719738602638247,0.17236542701721192,0.170110285282135,0.18070682883262635,0.40084943175315859,0.4388887286186218,0.31989720463752749],"bodySizes":[1.793095350265503,1.6573516130447388,2.6919808387756349],"springs":[],"dumpers":[],"name":5375,"generation":155,"distance":45.85742950439453,"reward":-45.85742950439453},{"angles":[-49.37293243408203,55.98046112060547,25.997814178466798,32.74412155151367,1.6952629089355469,-57.587059020996097,45.02212905883789,1.5385093688964844,54.17109680175781,-58.95304870605469,55.43702697753906,-35.40498352050781,23.37318229675293,12.413442611694336,-32.87761688232422,56.45484924316406,18.92427635192871,-44.625274658203128,16.641324996948243,-23.537269592285158,-15.951753616333008,50.88548278808594,39.60064697265625,17.535924911499025,-12.900060653686524,-42.975608825683597,58.22798156738281,36.08736801147461,13.190610885620118,-46.744239807128909,-38.74665832519531,-50.47795867919922,49.855613708496097,50.823768615722659,-21.875215530395509,20.48157501220703,-5.955671310424805,16.131446838378908,11.863096237182618,-33.460365295410159,-10.703279495239258,-25.078575134277345,-7.924583435058594,50.26475524902344,-23.088533401489259,-34.79603576660156,34.77398681640625,18.7938289642334,-53.76690673828125,-22.275503158569337,-40.82006072998047,-57.88939666748047,-29.734548568725587,28.825103759765626,12.952972412109375,-4.848052978515625,45.3275146484375,14.009222030639649,-43.700340270996097,42.629058837890628,-59.008827209472659,-46.66600036621094,-3.5529098510742189,-11.783531188964844,1.5832672119140626,-9.77995491027832,24.82844352722168,-49.551727294921878,-86.51861572265625,-10.858205795288086,-2.133514404296875,48.15314483642578,0.8086166381835938,-20.730249404907228,45.627662658691409,-24.1849365234375,40.58671569824219,43.123329162597659,38.25556945800781,-40.554656982421878],"legSizes":[0.4065329432487488,0.19836759567260743,0.3942013382911682,0.1357671320438385,0.27488434314727785,0.16900992393493653,0.2572341561317444,0.12909574806690217,0.4213950037956238,0.15231060981750489,0.30224916338920596,0.23664581775665284,0.49200400710105898,0.4036530554294586,0.4706619679927826,0.42135778069496157,0.35259199142456057,0.2861368954181671,0.2826278805732727,0.10072274506092072,0.3375703692436218,0.40084943175315859,0.3751983642578125,0.3965977132320404],"bodySizes":[1.8321495056152344,1.8486058712005616,2.3620264530181886],"springs":[],"dumpers":[],"name":5375,"generation":155,"distance":45.85742950439453,"reward":-49.31357955932617},{"angles":[-26.537996292114259,55.98046112060547,-10.096128463745118,32.74412155151367,1.6952629089355469,-6.429113388061523,45.02212905883789,52.13349151611328,54.17109680175781,-58.95304870605469,55.43702697753906,-35.40498352050781,23.37318229675293,12.413442611694336,-32.87761688232422,56.45484924316406,-5.017740249633789,-59.57396697998047,33.67338180541992,-27.9713134765625,18.416458129882814,56.128292083740237,-54.29515075683594,-19.19243621826172,-12.900060653686524,43.65779113769531,-21.748802185058595,-14.018806457519532,-44.36981964111328,0.4556121826171875,-38.62516784667969,13.085884094238282,73.14840698242188,38.65320587158203,54.161956787109378,20.86322021484375,40.85022735595703,44.36591339111328,11.863096237182618,51.48529815673828,-45.16785430908203,0.5334014892578125,-7.924583435058594,43.91082000732422,-23.088533401489259,-1.2397308349609376,34.77398681640625,18.7938289642334,-53.76690673828125,-22.275503158569337,-40.82006072998047,-47.97346496582031,-29.734548568725587,45.95679473876953,18.063522338867189,-4.422203063964844,44.77708435058594,14.009222030639649,-43.700340270996097,46.02714920043945,-59.008827209472659,-46.66600036621094,30.68381118774414,-11.783531188964844,49.70800018310547,-9.77995491027832,24.82844352722168,20.17462921142578,-86.51861572265625,-10.858205795288086,32.558555603027347,-47.212989807128909,23.15314292907715,-20.730249404907228,-7.5953521728515629,-40.858009338378909,52.131683349609378,-51.85182189941406,1.2750358581542969,46.987335205078128],"legSizes":[0.2688256502151489,0.18891581892967225,0.4959903657436371,0.1357671320438385,0.3510587215423584,0.19342389702796937,0.11087999492883682,0.12909574806690217,0.4030210077762604,0.1118222251534462,0.43150395154953005,0.3816724717617035,0.11481614410877228,0.13636904954910279,0.4706619679927826,0.22465917468070985,0.39843979477882388,0.40719738602638247,0.17236542701721192,0.170110285282135,0.18070682883262635,0.40084943175315859,0.4388887286186218,0.4988791048526764],"bodySizes":[1.8695677518844605,1.7885557413101197,2.3924689292907717],"springs":[],"dumpers":[],"name":5375,"generation":155,"distance":45.85742950439453,"reward":-68.56938171386719}]}