{"geneDatas":[{"angles":[-9.599710464477539,53.673362731933597,25.842517852783204,20.36433219909668,43.956886291503909,18.908254623413087,-25.801742553710939,57.03302001953125,-22.61353302001953,55.511810302734378,58.37523651123047,-29.473594665527345,-37.69502258300781,-57.07373046875,18.745649337768556,-54.08307647705078,-44.143882751464847,-53.55470275878906,13.296926498413086,-57.180763244628909,-46.24365997314453,48.51799774169922,-0.9633407592773438,16.27655792236328,-33.478248596191409,36.12556457519531,52.66313171386719,-4.8837738037109379,-32.29408264160156,-35.353172302246097,-44.148834228515628,-18.218801498413087,-44.85209655761719,12.767265319824219,-56.93169403076172,-36.28937530517578,-23.43177032470703,35.874237060546878,45.78935241699219,-8.655860900878907,-57.45408630371094,-44.553924560546878,-40.08500671386719,-53.16172790527344,-28.86540985107422,36.15643310546875,-3.510509490966797,32.56430435180664,-47.56205749511719,-25.317214965820314,-13.862722396850586,6.9901580810546879,-13.5684814453125,-6.002220153808594,59.697547912597659,50.98418426513672,57.700592041015628,2.579875946044922,-50.474327087402347,-22.670852661132814,-4.117734909057617,10.209724426269532,-13.953859329223633,24.26476287841797,-9.476531982421875,-31.684600830078126,38.26829528808594,19.638458251953126,5.900609970092773,-13.92188835144043,-41.71538543701172,-59.99794006347656,33.61222839355469,-25.19463348388672,-18.47796630859375,37.974143981933597,-16.22731590270996,-1.6472396850585938,-11.587478637695313,2.9354591369628908],"legSizes":[0.4342060983181,0.383797824382782,0.4381546080112457,0.29417353868484499,0.24344050884246827,0.10492296516895294,0.16677851974964143,0.11697082966566086,0.4921528697013855,0.10652756690979004,0.14837956428527833,0.30444127321243288,0.3794720768928528,0.27626192569732668,0.17868128418922425,0.39914482831954958,0.4195488393306732,0.15301665663719178,0.4790806770324707,0.1374160349369049,0.3796583116054535,0.4903958737850189,0.4910850524902344,0.2798466980457306],"bodySizes":[2.029662609100342,1.4068061113357545,2.8017661571502687],"springs":[],"dumpers":[],"name":17633,"generation":504,"distance":31.56719398498535,"reward":-31.56719398498535},{"angles":[10.603357315063477,-58.237709045410159,-37.936622619628909,-26.818092346191408,-3.8472251892089845,18.908254623413087,11.731346130371094,-6.408470153808594,51.313934326171878,50.169639587402347,58.37523651123047,37.99786376953125,44.30876159667969,-57.07373046875,18.745649337768556,-54.08307647705078,-44.143882751464847,-53.55470275878906,13.296926498413086,33.82925033569336,-46.24365997314453,48.51799774169922,-0.9633407592773438,16.27655792236328,-33.478248596191409,-45.864044189453128,52.66313171386719,-10.608278274536133,-32.29408264160156,-35.353172302246097,-44.148834228515628,-18.218801498413087,-23.139101028442384,12.767265319824219,-33.681724548339847,-36.28937530517578,-23.43177032470703,-50.278343200683597,45.78935241699219,-8.655860900878907,-57.45408630371094,47.76487731933594,-29.589805603027345,-53.16172790527344,-28.86540985107422,43.70014953613281,-3.510509490966797,32.56430435180664,-47.56205749511719,-25.317214965820314,14.11431884765625,-42.64820861816406,-13.5684814453125,-6.002220153808594,59.697547912597659,50.98418426513672,57.700592041015628,2.579875946044922,-50.474327087402347,-22.670852661132814,-4.117734909057617,10.209724426269532,-7.767082214355469,-29.485595703125,-51.243927001953128,-31.684600830078126,40.0001335144043,35.42584228515625,-9.366195678710938,28.32240867614746,-50.82337951660156,-44.07466125488281,10.473684310913086,56.94187927246094,-31.437105178833009,-45.3897705078125,54.72003936767578,-1.6472396850585938,11.412012100219727,2.9354591369628908],"legSizes":[0.1772957742214203,0.3186798691749573,0.48539766669273379,0.29417353868484499,0.49710169434547427,0.33399060368537905,0.21231430768966676,0.16233929991722108,0.4921528697013855,0.10652756690979004,0.14837956428527833,0.13311433792114259,0.3794720768928528,0.27626192569732668,0.17868128418922425,0.39914482831954958,0.27457767724990847,0.15301665663719178,0.2608999013900757,0.22147352993488313,0.3796583116054535,0.4903958737850189,0.4819123148918152,0.23616941273212434],"bodySizes":[2.0079691410064699,1.4142664670944214,2.817096471786499],"springs":[],"dumpers":[],"name":17633,"generation":504,"distance":31.56719398498535,"reward":-34.306358337402347},{"angles":[10.603357315063477,-21.54115104675293,25.842517852783204,2.9455299377441408,-22.84447479248047,18.908254623413087,38.496864318847659,-12.538368225097657,-10.332677841186524,50.169639587402347,59.660614013671878,37.99786376953125,-37.69502258300781,-5.6091156005859379,4.723382949829102,-54.08307647705078,-44.143882751464847,-9.78278923034668,13.296926498413086,12.44538688659668,-46.24365997314453,48.51799774169922,-0.9633407592773438,23.980619430541993,17.784818649291993,38.08958435058594,52.66313171386719,-15.110357284545899,-6.240640640258789,-56.849029541015628,-13.360755920410157,43.93708801269531,-44.85209655761719,12.767265319824219,0.24466705322265626,50.435646057128909,-46.79286193847656,-50.278343200683597,45.78935241699219,8.099235534667969,-57.45408630371094,-44.553924560546878,36.77128219604492,-53.16172790527344,-28.86540985107422,-54.45188903808594,-3.510509490966797,29.501693725585939,-47.56205749511719,-25.317214965820314,14.11431884765625,-42.64820861816406,-13.5684814453125,-6.002220153808594,59.697547912597659,50.98418426513672,57.61805725097656,2.579875946044922,-50.474327087402347,-22.670852661132814,-10.729400634765625,10.209724426269532,-59.486907958984378,38.961280822753909,-9.476531982421875,33.17428970336914,38.26829528808594,16.68212127685547,5.900609970092773,-13.92188835144043,-41.71538543701172,-44.07466125488281,14.167707443237305,-25.19463348388672,-18.47796630859375,51.423126220703128,54.72003936767578,-1.6472396850585938,-11.587478637695313,49.643310546875],"legSizes":[0.4342060983181,0.23962080478668214,0.4307010769844055,0.3879173696041107,0.437359482049942,0.33399060368537905,0.21231430768966676,0.10236205905675888,0.41585731506347659,0.3401910960674286,0.15909385681152345,0.2287566065788269,0.4589177966117859,0.18213815987110139,0.1337577849626541,0.4380050301551819,0.27457767724990847,0.2174779176712036,0.18684467673301698,0.16324324905872346,0.3796583116054535,0.4903958737850189,0.49842867255210879,0.10480751842260361],"bodySizes":[1.989741563796997,1.5546417236328126,2.586205005645752],"springs":[],"dumpers":[],"name":17633,"generation":504,"distance":31.56719398498535,"reward":-36.248077392578128}]}