{"geneDatas":[{"angles":[10.603357315063477,-21.54115104675293,25.842517852783204,2.9455299377441408,-22.84447479248047,18.908254623413087,38.496864318847659,-12.538368225097657,-10.332677841186524,50.169639587402347,59.660614013671878,37.99786376953125,-37.69502258300781,-5.6091156005859379,-43.14677429199219,-54.08307647705078,-44.143882751464847,-9.78278923034668,13.296926498413086,12.44538688659668,-46.24365997314453,48.51799774169922,-0.9633407592773438,23.980619430541993,17.784818649291993,38.08958435058594,52.66313171386719,-10.608278274536133,-6.240640640258789,-56.849029541015628,-13.360755920410157,43.93708801269531,-44.85209655761719,12.767265319824219,-57.199989318847659,-38.1343994140625,-46.79286193847656,-50.278343200683597,45.78935241699219,8.099235534667969,-57.45408630371094,-44.553924560546878,36.77128219604492,-53.16172790527344,-28.86540985107422,-54.45188903808594,-3.510509490966797,29.501693725585939,-47.56205749511719,-25.317214965820314,14.11431884765625,-42.64820861816406,-13.5684814453125,-6.002220153808594,59.697547912597659,50.98418426513672,57.700592041015628,2.579875946044922,-50.474327087402347,-22.670852661132814,-4.117734909057617,47.73023223876953,-13.953859329223633,38.961280822753909,-57.991432189941409,33.17428970336914,38.26829528808594,16.68212127685547,5.900609970092773,-13.92188835144043,-41.71538543701172,-44.07466125488281,35.46605682373047,-25.19463348388672,-18.47796630859375,-51.274139404296878,54.72003936767578,-1.6472396850585938,-11.587478637695313,2.9354591369628908],"legSizes":[0.4342060983181,0.23962080478668214,0.4307010769844055,0.2776273488998413,0.24344050884246827,0.42060980200767519,0.16677851974964143,0.10236205905675888,0.41585731506347659,0.2625911831855774,0.23443229496479035,0.3637046813964844,0.3160364329814911,0.18213815987110139,0.43232661485671999,0.37023863196372988,0.3037823438644409,0.10607948154211045,0.27077171206474306,0.1374160349369049,0.3796583116054535,0.4903958737850189,0.34452059864997866,0.23616941273212434],"bodySizes":[1.9749281406402588,1.426167607307434,2.8403258323669435],"springs":[],"dumpers":[],"name":17534,"generation":502,"distance":27.386083602905275,"reward":-27.386083602905275},{"angles":[24.55354118347168,41.30908203125,25.842517852783204,-53.30250549316406,54.83196258544922,18.908254623413087,-25.801742553710939,57.03302001953125,-22.61353302001953,55.511810302734378,59.660614013671878,49.939056396484378,-37.69502258300781,-57.07373046875,-43.14677429199219,-54.08307647705078,-27.778894424438478,-9.78278923034668,13.296926498413086,-28.28814125061035,-46.24365997314453,-14.758163452148438,-0.9633407592773438,51.199424743652347,-36.491119384765628,29.896686553955079,-21.620573043823243,26.908178329467775,-6.240640640258789,-35.353172302246097,-44.148834228515628,-18.218801498413087,-44.85209655761719,12.767265319824219,-33.681724548339847,51.86280822753906,-23.43177032470703,-50.278343200683597,45.78935241699219,-8.655860900878907,-57.45408630371094,-44.553924560546878,-29.589805603027345,-53.16172790527344,-28.86540985107422,43.70014953613281,-3.510509490966797,32.56430435180664,-47.56205749511719,-25.317214965820314,14.11431884765625,-42.64820861816406,-13.5684814453125,-6.002220153808594,59.697547912597659,50.98418426513672,57.700592041015628,2.579875946044922,-50.474327087402347,-22.670852661132814,-4.117734909057617,-20.082901000976564,-13.953859329223633,38.961280822753909,-9.476531982421875,-31.684600830078126,38.26829528808594,16.68212127685547,5.900609970092773,-13.92188835144043,-41.71538543701172,-44.07466125488281,33.61222839355469,13.264108657836914,-18.47796630859375,36.62153625488281,54.72003936767578,-1.6472396850585938,-11.587478637695313,2.9354591369628908],"legSizes":[0.4342060983181,0.383797824382782,0.4381546080112457,0.29417353868484499,0.24344050884246827,0.42060980200767519,0.3713091015815735,0.10236205905675888,0.41585731506347659,0.492807537317276,0.3304322063922882,0.3386562466621399,0.3029993772506714,0.4502951502799988,0.1337577849626541,0.2596953213214874,0.3304240107536316,0.20598657429218293,0.18684467673301698,0.11896681785583496,0.3796583116054535,0.4903958737850189,0.10130901634693146,0.25145766139030459],"bodySizes":[1.9905723333358765,1.4203423261642457,2.8295602798461916],"springs":[],"dumpers":[],"name":17534,"generation":502,"distance":27.386083602905275,"reward":-36.23970031738281},{"angles":[10.603357315063477,-58.237709045410159,28.163236618041993,-26.818092346191408,-44.187713623046878,18.908254623413087,11.731346130371094,-42.53739929199219,51.313934326171878,50.169639587402347,58.37523651123047,37.99786376953125,-37.69502258300781,-15.053665161132813,18.745649337768556,-54.08307647705078,-41.565513610839847,-53.55470275878906,13.296926498413086,33.82925033569336,-46.24365997314453,-10.717683792114258,-30.983131408691408,16.27655792236328,-33.478248596191409,-56.30580139160156,52.66313171386719,-10.608278274536133,-32.29408264160156,-35.353172302246097,-19.7911319732666,-18.218801498413087,-44.85209655761719,12.767265319824219,-56.93169403076172,4.830129623413086,-23.43177032470703,-50.278343200683597,45.78935241699219,-8.655860900878907,-57.45408630371094,-44.553924560546878,-40.08500671386719,-53.16172790527344,-28.86540985107422,36.15643310546875,-3.510509490966797,32.56430435180664,-47.56205749511719,-25.317214965820314,-13.862722396850586,-42.64820861816406,-13.5684814453125,-6.002220153808594,59.697547912597659,50.98418426513672,57.700592041015628,2.579875946044922,-50.474327087402347,-22.670852661132814,-10.479949951171875,10.209724426269532,-13.953859329223633,38.961280822753909,-9.476531982421875,-31.684600830078126,38.26829528808594,19.638458251953126,5.900609970092773,-13.92188835144043,-41.71538543701172,-59.99794006347656,33.61222839355469,-25.19463348388672,-18.47796630859375,-58.73548889160156,37.11577606201172,-1.6472396850585938,-11.587478637695313,2.9354591369628908],"legSizes":[0.1772957742214203,0.3186798691749573,0.4835912585258484,0.29417353868484499,0.49710169434547427,0.33399060368537905,0.21231430768966676,0.16233929991722108,0.4921528697013855,0.45097917318344118,0.14837956428527833,0.15413756668567658,0.3794720768928528,0.27626192569732668,0.17868128418922425,0.2549082934856415,0.27457767724990847,0.15301665663719178,0.18736010789871217,0.22147352993488313,0.3796583116054535,0.340549498796463,0.11880254745483399,0.44264182448387148],"bodySizes":[2.0230565071105959,1.5470693111419678,2.5560665130615236],"springs":[],"dumpers":[],"name":17534,"generation":502,"distance":27.386083602905275,"reward":-37.32466125488281}]}