{"geneDatas":[{"angles":[-48.517127990722659,36.253379821777347,-29.596389770507814,-13.534103393554688,4.071556091308594,20.4639949798584,-44.97789764404297,-56.011749267578128,6.2075958251953129,10.517313003540039,-45.55255126953125,-33.998695373535159,53.57438659667969,-15.514404296875,11.376220703125,-11.218122482299805,9.580329895019532,10.499244689941407,11.92877197265625,51.79301452636719,40.359249114990237,-4.834863662719727,59.23998260498047,53.17920684814453,-10.788795471191407,37.463279724121097,43.06494903564453,-48.55366516113281,33.21862030029297,5.032575607299805,-25.60155487060547,-51.0286865234375,58.5228271484375,2.5878448486328127,-6.2664337158203129,-39.03904724121094,-34.06501007080078,-2.4145965576171877,-45.78752136230469,38.16815185546875,59.970245361328128,28.379873275756837,-46.68824768066406,-41.62712860107422,22.927478790283204,-36.693878173828128,-19.857223510742189,48.750701904296878,-53.9703369140625,-38.25885772705078,-59.09667205810547,9.950546264648438,10.056045532226563,24.653160095214845,14.002355575561524,28.323837280273439,57.700592041015628,11.196733474731446,-8.695571899414063,-24.040855407714845,-8.747369766235352,16.92275047302246,5.942750930786133,26.957443237304689,43.925941467285159,-48.203826904296878,38.26829528808594,51.10795593261719,50.65259552001953,3.225238800048828,-27.789894104003908,31.123823165893556,35.90251922607422,-49.29972839355469,36.75547409057617,-4.046195983886719,-35.994544982910159,54.50348663330078,45.859619140625,-27.449005126953126],"legSizes":[0.1650466024875641,0.37538713216781618,0.46068882942199709,0.4932296872138977,0.2226928472518921,0.13017931580543519,0.4456259608268738,0.21491602063179017,0.41585731506347659,0.3299669027328491,0.39248818159103396,0.10224404186010361,0.13068938255310059,0.40804052352905276,0.3241042494773865,0.4837925434112549,0.2639206051826477,0.2057354748249054,0.1038239523768425,0.23287346959114076,0.4970431923866272,0.3756110668182373,0.4402438700199127,0.4643135070800781],"bodySizes":[1.8285425901412964,1.5653115510940552,2.7950148582458498],"springs":[],"dumpers":[],"name":9311,"generation":265,"distance":34.923336029052737,"reward":-34.923336029052737},{"angles":[-48.517127990722659,36.253379821777347,-18.803136825561525,-45.02406311035156,-13.221382141113282,20.074607849121095,-12.685752868652344,-15.045942306518555,-58.607025146484378,-9.030698776245118,36.07087707519531,19.223411560058595,-58.80170440673828,-57.58539581298828,-7.36688232421875,-41.52063751220703,-14.609878540039063,49.03285217285156,-18.323684692382814,-35.78105163574219,-26.090118408203126,24.902999877929689,-52.84214782714844,-3.2389869689941408,5.820259094238281,-29.936363220214845,42.78980255126953,-14.018806457519532,30.838092803955079,-3.7348709106445314,-25.60155487060547,-51.0286865234375,58.5228271484375,-31.05718994140625,-29.051780700683595,-39.03904724121094,28.83989715576172,-59.49791717529297,15.691434860229493,-9.092308044433594,-41.83848571777344,28.379873275756837,24.201934814453126,-41.62712860107422,-16.46629524230957,-36.693878173828128,11.205774307250977,38.463951110839847,-53.9703369140625,-32.289215087890628,-59.09667205810547,9.950546264648438,-8.57603645324707,24.653160095214845,14.002355575561524,59.88953399658203,57.700592041015628,7.488748550415039,-47.70829772949219,-24.040855407714845,-22.6317138671875,7.574678421020508,38.62274932861328,55.16697692871094,-6.6044921875,-31.780845642089845,38.26829528808594,6.9238128662109379,57.609615325927737,-24.33563995361328,-27.789894104003908,0.1946868896484375,-37.442710876464847,4.087135314941406,23.880857467651368,-4.046195983886719,10.252824783325196,-55.336090087890628,45.859619140625,-27.449005126953126],"legSizes":[0.18866807222366334,0.37538713216781618,0.46068882942199709,0.1931852400302887,0.3892369270324707,0.30498725175857546,0.4157008230686188,0.2576107680797577,0.4428871273994446,0.3893287777900696,0.10400686413049698,0.4248913824558258,0.13068938255310059,0.4204760491847992,0.4706619679927826,0.31060630083084109,0.3331134021282196,0.1261485517024994,0.2593209147453308,0.20206892490386964,0.31889235973358157,0.42133909463882449,0.47255030274391177,0.3829894959926605],"bodySizes":[1.8378608226776124,1.560246467590332,2.7898709774017336],"springs":[],"dumpers":[],"name":9311,"generation":265,"distance":34.923336029052737,"reward":-35.49460983276367},{"angles":[-22.63390350341797,36.253379821777347,-29.596389770507814,-28.247833251953126,22.632919311523439,20.379009246826173,45.09442901611328,-56.011749267578128,41.200172424316409,-41.2918701171875,-40.478538513183597,-37.88592529296875,-40.352264404296878,-15.514404296875,26.29291343688965,-11.028390884399414,15.608436584472657,-41.71019744873047,8.576652526855469,-27.167823791503908,26.52272605895996,24.902999877929689,-17.4327335357666,-42.856178283691409,-20.039085388183595,56.41893005371094,43.14422607421875,14.796586990356446,-58.54601287841797,5.032575607299805,-25.60155487060547,-51.0286865234375,58.5228271484375,-43.64659118652344,48.47691345214844,-39.03904724121094,-34.06501007080078,49.47419738769531,16.623199462890626,-6.604034423828125,32.50044631958008,54.44403839111328,54.40565490722656,-41.62712860107422,-16.46629524230957,4.861642837524414,-21.466447830200197,36.74971008300781,-53.9703369140625,-16.966157913208009,-59.09667205810547,9.950546264648438,5.092557907104492,24.653160095214845,14.002355575561524,27.202003479003908,57.700592041015628,11.196733474731446,-46.57530975341797,-24.040855407714845,-3.077953338623047,7.574678421020508,38.62274932861328,-44.01770782470703,43.32383728027344,11.846572875976563,38.26829528808594,51.10795593261719,-57.8189697265625,-24.33563995361328,-27.789894104003908,-30.180429458618165,-1.55877685546875,-22.836763381958009,45.627662658691409,-4.046195983886719,-24.11774444580078,-55.336090087890628,-48.364349365234378,25.770620346069337],"legSizes":[0.1650466024875641,0.37538713216781618,0.41888636350631716,0.19427138566970826,0.3892369270324707,0.30498725175857546,0.4157008230686188,0.33220478892326357,0.4428871273994446,0.19212618470191956,0.38128748536109927,0.4248913824558258,0.32470858097076418,0.28064802289009097,0.13466516137123109,0.31060630083084109,0.3331134021282196,0.18766546249389649,0.36621952056884768,0.20206892490386964,0.21504881978034974,0.37030094861984255,0.25578901171684267,0.47036561369895937],"bodySizes":[1.8353711366653443,1.5710245370864869,2.774489641189575],"springs":[],"dumpers":[],"name":9311,"generation":265,"distance":34.923336029052737,"reward":-52.49982452392578}]}