{"geneDatas":[{"angles":[-59.30241394042969,-24.828521728515626,2.8970069885253908,-55.281028747558597,-41.98369598388672,8.330406188964844,-18.722671508789064,53.88113021850586,37.96826171875,-37.77361297607422,41.522727966308597,-40.548736572265628,4.229301452636719,57.80834197998047,-3.4277267456054689,-12.332862854003907,33.0879020690918,-5.853187561035156,30.897443771362306,-54.84196472167969,46.741729736328128,26.812917709350587,-53.985443115234378,52.354347229003909,13.470216751098633,31.192258834838868,36.33772277832031,17.763473510742189,4.817253112792969,-42.702857971191409,11.032814025878907,-18.218801498413087,-14.687667846679688,12.767265319824219,10.756179809570313,-50.34501647949219,-52.70842742919922,48.38581848144531,9.09405517578125,-20.118562698364259,-51.45671081542969,-17.739423751831056,-29.589805603027345,-26.453210830688478,-28.86540985107422,-58.82810974121094,-3.510509490966797,37.58727264404297,-47.56205749511719,-25.317214965820314,-33.924949645996097,-52.78816223144531,4.798187255859375,8.196081161499024,22.605283737182618,50.98418426513672,57.700592041015628,-43.417640686035159,-50.474327087402347,51.57866668701172,6.313081741333008,7.209800720214844,-7.767082214355469,15.795347213745118,-9.476531982421875,-31.684600830078126,38.26829528808594,46.54791259765625,13.190109252929688,9.278017044067383,-30.774248123168947,-20.161720275878908,27.3684139251709,-31.326126098632814,-8.199182510375977,52.9603271484375,54.72003936767578,-0.3804664611816406,22.950124740600587,2.9354591369628908],"legSizes":[0.2805822491645813,0.4821345806121826,0.42091670632362368,0.19708329439163209,0.4178019165992737,0.2230183482170105,0.24136045575141908,0.26829269528388979,0.41585731506347659,0.442718505859375,0.48378968238830569,0.3794836103916168,0.4589177966117859,0.18213815987110139,0.30565574765205386,0.3114960789680481,0.3663927912712097,0.4729074537754059,0.18684467673301698,0.14651508629322053,0.4153154790401459,0.4230588972568512,0.2945053279399872,0.23616941273212434],"bodySizes":[1.9976506233215333,1.4288190603256226,2.802806854248047],"springs":[],"dumpers":[],"name":15871,"generation":460,"distance":63.51063537597656,"reward":-63.51063537597656},{"angles":[2.3328285217285158,-48.20137023925781,2.8970069885253908,-55.281028747558597,6.5324249267578129,-54.420257568359378,-18.722671508789064,40.94872283935547,37.96826171875,-37.77361297607422,41.522727966308597,16.832839965820314,37.58282470703125,57.80834197998047,-3.4277267456054689,-12.332862854003907,33.0879020690918,-5.853187561035156,30.897443771362306,-54.84196472167969,46.741729736328128,34.2999153137207,16.121261596679689,16.46608543395996,24.786128997802736,-33.921844482421878,20.796560287475587,17.763473510742189,4.817253112792969,8.214805603027344,-53.78057861328125,-18.247726440429689,-50.103477478027347,12.767265319824219,10.756179809570313,-50.34501647949219,-32.98506164550781,30.57526397705078,48.3890380859375,-2.7788047790527345,-51.45671081542969,-57.18104553222656,25.5140438079834,17.482864379882814,-28.86540985107422,36.15643310546875,-3.510509490966797,40.69913864135742,-47.56205749511719,-25.317214965820314,-33.924949645996097,-52.78816223144531,4.798187255859375,8.196081161499024,59.697547912597659,30.168270111083986,57.700592041015628,-43.417640686035159,-50.474327087402347,51.57866668701172,33.423973083496097,7.209800720214844,-7.767082214355469,15.795347213745118,48.04798889160156,-31.684600830078126,38.26829528808594,49.00371551513672,4.282072067260742,9.278017044067383,-36.51490783691406,-20.161720275878908,23.09316062927246,-31.326126098632814,-8.199182510375977,50.8232421875,54.72003936767578,-2.1332015991210939,22.950124740600587,-28.17809295654297],"legSizes":[0.46018457412719729,0.2243414670228958,0.36881208419799807,0.19708329439163209,0.4954102635383606,0.12225528061389923,0.24136045575141908,0.1606898307800293,0.41585731506347659,0.4100920259952545,0.3854690194129944,0.3794836103916168,0.4589177966117859,0.18213815987110139,0.22950036823749543,0.4693828523159027,0.27457767724990847,0.4729074537754059,0.18684467673301698,0.14651508629322053,0.4153154790401459,0.4230588972568512,0.2945053279399872,0.23616941273212434],"bodySizes":[1.9877142906188965,1.4217796325683594,2.8307642936706545],"springs":[],"dumpers":[],"name":15871,"generation":460,"distance":63.51063537597656,"reward":-66.51033020019531},{"angles":[-23.02142906188965,12.547796249389649,-20.713842391967775,-0.5447883605957031,-19.903501510620118,-28.288713455200197,-3.7982139587402345,-12.538368225097657,37.96826171875,-5.632490158081055,56.63813781738281,50.266639709472659,-37.69502258300781,47.17151641845703,-3.1388931274414064,-58.79243469238281,-44.143882751464847,38.997718811035159,-5.8345489501953129,14.808134078979493,23.439573287963868,-14.758163452148438,16.121261596679689,-11.830595016479493,-1.1485633850097657,36.12556457519531,-35.03893280029297,-10.608278274536133,28.989185333251954,-23.865829467773439,-31.529861450195314,-37.049461364746097,-44.85209655761719,12.767265319824219,10.756179809570313,-50.34501647949219,-32.98506164550781,17.12708282470703,-18.414710998535158,-2.7788047790527345,39.583168029785159,-57.18104553222656,-29.589805603027345,-26.453210830688478,-55.98774719238281,-58.82810974121094,-35.878746032714847,37.58727264404297,-47.56205749511719,56.995811462402347,-33.924949645996097,15.593832015991211,4.798187255859375,8.196081161499024,59.697547912597659,50.98418426513672,57.700592041015628,-43.417640686035159,-50.474327087402347,51.57866668701172,6.313081741333008,7.209800720214844,58.74365234375,15.795347213745118,-9.476531982421875,-31.684600830078126,38.26829528808594,16.68212127685547,-3.6596145629882814,9.278017044067383,-36.51490783691406,-20.161720275878908,27.3684139251709,-31.326126098632814,-49.46589660644531,-31.011613845825197,54.72003936767578,-34.786590576171878,-7.442171096801758,2.9354591369628908],"legSizes":[0.46018457412719729,0.2243414670228958,0.4023655354976654,0.19708329439163209,0.4518604874610901,0.2230183482170105,0.3534420430660248,0.26829269528388979,0.41585731506347659,0.442718505859375,0.2871900796890259,0.3794836103916168,0.4589177966117859,0.18213815987110139,0.30565574765205386,0.3114960789680481,0.27457767724990847,0.4729074537754059,0.18684467673301698,0.14651508629322053,0.42504358291625979,0.4230588972568512,0.2945053279399872,0.23616941273212434],"bodySizes":[1.9877142906188965,1.4217796325683594,2.8307642936706545],"springs":[],"dumpers":[],"name":15871,"generation":460,"distance":63.51063537597656,"reward":-78.38211822509766}]}