{"geneDatas":[{"angles":[-47.45575714111328,-48.20137023925781,42.33313751220703,-50.217689514160159,53.42811584472656,53.233253479003909,-29.747949600219728,0.3450164794921875,20.440664291381837,38.93168640136719,-40.25776672363281,3.6628189086914064,-37.69502258300781,-44.15582275390625,-25.679519653320314,5.527688980102539,-52.92112731933594,-13.375017166137696,-3.592723846435547,-59.706756591796878,-58.495643615722659,-14.758163452148438,57.25181579589844,-42.450782775878909,37.06904220581055,25.292142868041993,-54.33750915527344,-22.50537109375,14.884521484375,-35.89038848876953,-9.880134582519532,-51.49400329589844,13.092103958129883,31.218406677246095,48.47691345214844,48.23311233520508,32.13676834106445,47.052528381347659,0.8795585632324219,32.772830963134769,38.37184143066406,-40.86564636230469,-17.150924682617189,-29.970809936523439,-29.402923583984376,-43.505943298339847,-6.878320693969727,-15.315765380859375,-53.9703369140625,42.448150634765628,-49.57423400878906,-8.903594970703125,42.55000305175781,22.424909591674806,-29.200523376464845,-43.95372009277344,39.95697784423828,11.196733474731446,-52.214439392089847,34.538108825683597,47.67877197265625,44.35765838623047,27.105100631713868,21.34859275817871,57.488868713378909,25.2922420501709,38.26829528808594,51.10795593261719,-31.501205444335939,-28.16553497314453,-46.34703826904297,52.69281768798828,-58.44725036621094,11.543821334838868,-8.971160888671875,44.20201873779297,21.392080307006837,-29.94029998779297,9.078191757202149,-5.670997619628906],"legSizes":[0.22851502895355225,0.1258513480424881,0.24702055752277375,0.43777304887771609,0.4910176694393158,0.20572158694267274,0.3112991154193878,0.12133093178272248,0.41585731506347659,0.49428120255470278,0.17046089470386506,0.187398761510849,0.10892043262720108,0.3654857575893402,0.4706619679927826,0.4914575219154358,0.3331134021282196,0.20244067907333375,0.4647153317928314,0.17823085188865663,0.16006097197532655,0.4454548954963684,0.10860166698694229,0.31474530696868899],"bodySizes":[1.9118441343307496,1.5318470001220704,2.7316317558288576],"springs":[],"dumpers":[],"name":12501,"generation":356,"distance":29.323505401611329,"reward":-29.323505401611329},{"angles":[-55.796630859375,-48.20137023925781,42.33313751220703,19.292518615722658,34.03285217285156,53.233253479003909,-29.747949600219728,-9.555280685424805,37.96826171875,38.93168640136719,59.84553527832031,3.6628189086914064,-37.69502258300781,-22.469467163085939,-25.679519653320314,5.527688980102539,22.774526596069337,-13.375017166137696,-3.592723846435547,-59.706756591796878,-1.5914077758789063,-14.758163452148438,-52.84214782714844,48.40141296386719,31.247234344482423,-29.936363220214845,-54.33750915527344,-14.018806457519532,14.884521484375,41.86643600463867,-49.39055633544922,-4.556098937988281,-34.82763671875,-23.28484344482422,-28.56233024597168,48.23311233520508,-3.4327049255371095,17.12708282470703,0.8795585632324219,32.772830963134769,38.37184143066406,-40.86564636230469,-39.43260955810547,17.221784591674806,-29.402923583984376,-37.499229431152347,-6.878320693969727,-15.315765380859375,-53.9703369140625,42.448150634765628,-49.57423400878906,-8.903594970703125,42.55000305175781,22.424909591674806,-29.200523376464845,-43.95372009277344,39.95697784423828,11.196733474731446,-52.214439392089847,34.538108825683597,47.67877197265625,44.35765838623047,27.105100631713868,-20.147560119628908,57.488868713378909,25.2922420501709,38.26829528808594,51.10795593261719,-31.501205444335939,-28.16553497314453,-46.34703826904297,52.69281768798828,-58.44725036621094,11.543821334838868,-8.971160888671875,44.20201873779297,21.392080307006837,-29.94029998779297,9.078191757202149,-55.84880065917969],"legSizes":[0.14824548363685609,0.31635963916778567,0.4381546080112457,0.3206285238265991,0.4313550889492035,0.20384737849235536,0.13509884476661683,0.2576107680797577,0.41585731506347659,0.19115695357322694,0.4583722651004791,0.3077780604362488,0.10892043262720108,0.3654857575893402,0.4706619679927826,0.4914575219154358,0.3331134021282196,0.20244067907333375,0.3715292513370514,0.17823085188865663,0.16006097197532655,0.4454548954963684,0.47255030274391177,0.31474530696868899],"bodySizes":[1.9929507970809937,1.5003525018692017,2.6754698753356935],"springs":[],"dumpers":[],"name":12501,"generation":356,"distance":29.323505401611329,"reward":-31.086790084838868},{"angles":[-30.537399291992189,-48.20137023925781,-55.545928955078128,-50.217689514160159,34.03285217285156,53.233253479003909,-29.747949600219728,0.3450164794921875,37.96826171875,38.93168640136719,59.84553527832031,3.6628189086914064,-37.69502258300781,4.49853515625,-25.679519653320314,5.527688980102539,56.722572326660159,-13.375017166137696,-3.592723846435547,-59.706756591796878,-1.5914077758789063,-14.758163452148438,6.08222770690918,-6.642572402954102,31.247234344482423,52.59673309326172,-54.33750915527344,-32.806121826171878,14.884521484375,41.86643600463867,-9.279733657836914,-4.556098937988281,49.02447509765625,-23.28484344482422,48.47691345214844,48.23311233520508,32.13676834106445,9.968755722045899,37.992610931396487,32.772830963134769,35.557220458984378,-40.86564636230469,-27.53147315979004,-11.060995101928711,9.977811813354493,-40.462318420410159,-49.26365661621094,9.91096305847168,-53.9703369140625,-59.82563781738281,-49.57423400878906,-8.903594970703125,42.55000305175781,-3.5710220336914064,14.002355575561524,-5.887733459472656,57.700592041015628,-37.62196350097656,-30.69963264465332,34.538108825683597,-3.42303466796875,7.209800720214844,27.105100631713868,24.070972442626954,57.82665252685547,55.852935791015628,38.26829528808594,51.10795593261719,4.8013458251953129,56.78013610839844,33.42490005493164,31.123823165893556,45.30003356933594,38.55119323730469,-2.5212554931640627,-18.407943725585939,31.580970764160158,19.46352195739746,-15.657485961914063,-55.84880065917969],"legSizes":[0.36306649446487429,0.4303625226020813,0.46068882942199709,0.4717828631401062,0.4313550889492035,0.3576473295688629,0.33836057782173159,0.2576107680797577,0.41585731506347659,0.49428120255470278,0.4637187123298645,0.187398761510849,0.4589177966117859,0.12879091501235963,0.4706619679927826,0.20212647318840028,0.19785508513450623,0.20771148800849915,0.48522892594337466,0.11964216083288193,0.17264491319656373,0.15483331680297852,0.20456507802009583,0.3829894959926605],"bodySizes":[1.8407881259918213,1.5213607549667359,2.8566300868988039],"springs":[],"dumpers":[],"name":12501,"generation":356,"distance":29.323505401611329,"reward":-37.95714569091797}]}