{"geneDatas":[{"angles":[-26.537996292114259,55.98046112060547,-11.432167053222657,32.74412155151367,1.6952629089355469,-55.024627685546878,-8.632598876953125,-46.303070068359378,-51.734291076660159,22.667570114135743,55.43702697753906,-35.40498352050781,-10.033859252929688,12.413442611694336,-28.64293670654297,49.98384094238281,13.030050277709961,20.7265625,16.641324996948243,-38.69306182861328,1.3199691772460938,-28.80388641357422,-11.396804809570313,-41.81150817871094,-12.900060653686524,0.54302978515625,-29.68505096435547,-54.19861602783203,-23.799224853515626,0.4556121826171875,6.846006393432617,13.085884094238282,73.14840698242188,35.3471794128418,54.161956787109378,20.48157501220703,-5.955671310424805,-59.49791717529297,-35.73826599121094,-2.015338897705078,79.36819458007813,0.5334014892578125,-7.924583435058594,31.147911071777345,-23.088533401489259,49.32593536376953,-5.592763900756836,55.04542541503906,-53.76690673828125,-22.275503158569337,-40.82006072998047,-57.88939666748047,-29.734548568725587,4.865776062011719,5.166399002075195,-4.848052978515625,53.425514221191409,-12.855772018432618,-43.700340270996097,46.02714920043945,-59.008827209472659,-46.66600036621094,38.62274932861328,-11.783531188964844,49.70800018310547,-21.37847137451172,24.82844352722168,20.17462921142578,-86.51861572265625,-10.858205795288086,54.85400390625,-47.212989807128909,23.15314292907715,-20.730249404907228,53.47674560546875,-24.1849365234375,46.859046936035159,-51.05408477783203,51.189937591552737,46.987335205078128],"legSizes":[0.12371087074279785,0.19836759567260743,0.4698810577392578,0.1357671320438385,0.3703528940677643,0.19342389702796937,0.11087999492883682,0.12909574806690217,0.4213950037956238,0.1118222251534462,0.3498273193836212,0.4894055426120758,0.10300540924072266,0.12479329109191895,0.491353839635849,0.10068068653345108,0.33584409952163699,0.40719738602638247,0.2826278805732727,0.170110285282135,0.10020265728235245,0.40084943175315859,0.4388887286186218,0.4988791048526764],"bodySizes":[1.844142198562622,2.013415813446045,2.1545779705047609],"springs":[],"dumpers":[],"name":4565,"generation":133,"distance":43.32859802246094,"reward":-43.32859802246094},{"angles":[-26.537996292114259,55.98046112060547,-11.432167053222657,32.74412155151367,-16.03619956970215,-55.024627685546878,-24.079063415527345,-46.303070068359378,-26.882349014282228,22.667570114135743,55.43702697753906,-36.169952392578128,-10.033859252929688,42.29986572265625,-5.825248718261719,8.92692756652832,-22.373136520385743,-44.625274658203128,-3.8807830810546877,14.51140022277832,-46.17303466796875,31.519702911376954,-15.837759017944336,-17.233938217163087,39.30780792236328,-5.4312286376953129,-54.289512634277347,-11.36564826965332,-45.38622283935547,-49.554893493652347,-38.74665832519531,-13.166364669799805,73.14840698242188,35.3471794128418,54.161956787109378,20.48157501220703,-5.955671310424805,-59.49791717529297,-35.73826599121094,-2.015338897705078,79.36819458007813,-19.80702781677246,-7.924583435058594,31.147911071777345,-23.088533401489259,49.32593536376953,-23.94428062438965,55.04542541503906,-53.76690673828125,-22.275503158569337,-40.82006072998047,-11.264053344726563,-29.734548568725587,4.865776062011719,26.161964416503908,-4.848052978515625,53.425514221191409,-12.855772018432618,-43.700340270996097,46.02714920043945,-59.008827209472659,-46.66600036621094,5.411161422729492,33.414485931396487,49.70800018310547,-21.37847137451172,24.82844352722168,20.17462921142578,-86.51861572265625,-10.858205795288086,54.85400390625,-47.212989807128909,23.15314292907715,-20.730249404907228,53.47674560546875,-24.1849365234375,46.859046936035159,-51.05408477783203,51.189937591552737,46.987335205078128],"legSizes":[0.12371087074279785,0.19836759567260743,0.4698810577392578,0.1357671320438385,0.3703528940677643,0.19342389702796937,0.11087999492883682,0.12909574806690217,0.4213950037956238,0.343227356672287,0.3498273193836212,0.14435893297195435,0.17778992652893067,0.12479329109191895,0.491353839635849,0.10068068653345108,0.33584409952163699,0.40719738602638247,0.2826278805732727,0.170110285282135,0.1428731083869934,0.40084943175315859,0.4388887286186218,0.4988791048526764],"bodySizes":[1.8161832094192505,2.0288541316986086,2.1710987091064455],"springs":[],"dumpers":[],"name":4565,"generation":133,"distance":43.32859802246094,"reward":-47.859066009521487},{"angles":[-26.537996292114259,55.98046112060547,-11.432167053222657,32.74412155151367,1.6952629089355469,-55.024627685546878,-8.632598876953125,-46.303070068359378,-51.734291076660159,22.667570114135743,55.43702697753906,-35.40498352050781,-10.033859252929688,12.413442611694336,-28.64293670654297,56.45484924316406,-5.017740249633789,20.7265625,16.641324996948243,-38.69306182861328,1.3199691772460938,-28.80388641357422,-11.396804809570313,38.52241516113281,-12.900060653686524,0.54302978515625,-29.68505096435547,-54.19861602783203,-23.799224853515626,0.4556121826171875,-4.879981994628906,13.085884094238282,73.14840698242188,35.3471794128418,54.161956787109378,20.48157501220703,-5.955671310424805,-59.49791717529297,11.863096237182618,-2.015338897705078,79.36819458007813,0.5334014892578125,-7.924583435058594,31.147911071777345,-23.088533401489259,49.32593536376953,-5.592763900756836,18.7938289642334,-53.76690673828125,-22.275503158569337,-40.82006072998047,-57.88939666748047,-29.734548568725587,52.79833221435547,14.002355575561524,-4.848052978515625,44.77708435058594,-12.855772018432618,-43.700340270996097,46.02714920043945,-59.008827209472659,-46.66600036621094,38.62274932861328,-11.783531188964844,49.70800018310547,-9.901992797851563,24.82844352722168,20.17462921142578,-86.51861572265625,-10.858205795288086,54.85400390625,-47.212989807128909,23.15314292907715,-20.730249404907228,53.47674560546875,-24.1849365234375,40.58671569824219,-51.05408477783203,51.189937591552737,46.987335205078128],"legSizes":[0.12371087074279785,0.19836759567260743,0.4698810577392578,0.1357671320438385,0.3703528940677643,0.19342389702796937,0.11087999492883682,0.12909574806690217,0.4213950037956238,0.1118222251534462,0.13201136887073518,0.4894055426120758,0.49200400710105898,0.12479329109191895,0.491353839635849,0.10068068653345108,0.33584409952163699,0.40719738602638247,0.2826278805732727,0.170110285282135,0.10020265728235245,0.40084943175315859,0.4388887286186218,0.4988791048526764],"bodySizes":[1.8712354898452759,2.0429959297180177,2.092637777328491],"springs":[],"dumpers":[],"name":4565,"generation":133,"distance":43.32859802246094,"reward":-50.134429931640628}]}