{"geneDatas":[{"angles":[-43.49034118652344,-48.20137023925781,16.266088485717775,-23.40757942199707,34.03285217285156,53.233253479003909,34.47645568847656,0.3450164794921875,36.674781799316409,38.93168640136719,-2.5419960021972658,3.6628189086914064,42.51697540283203,-22.469467163085939,-11.124879837036133,15.065528869628907,22.774526596069337,-13.375017166137696,-46.81269836425781,-59.706756591796878,-57.9246826171875,-14.758163452148438,24.22425079345703,-25.776823043823243,54.0875244140625,-31.397308349609376,-36.04107666015625,34.50096130371094,33.596832275390628,19.09383773803711,-9.279733657836914,-22.11668586730957,50.287811279296878,2.808887481689453,-28.56233024597168,54.91465759277344,-40.941986083984378,-41.25304412841797,0.8795585632324219,32.772830963134769,-28.250503540039064,-40.86564636230469,-27.53147315979004,14.257598876953125,-29.402923583984376,-37.499229431152347,3.0963211059570314,9.91096305847168,-53.9703369140625,-58.88005065917969,-49.57423400878906,-8.903594970703125,4.798187255859375,-3.5710220336914064,42.19695281982422,-5.887733459472656,57.700592041015628,37.68052673339844,-26.093381881713868,34.538108825683597,-37.57195281982422,-17.88715171813965,15.362274169921875,-8.246789932250977,57.82665252685547,55.852935791015628,38.26829528808594,51.10795593261719,-22.64527702331543,56.78013610839844,33.42490005493164,31.123823165893556,45.30003356933594,54.594139099121097,-50.97200012207031,-22.948545455932618,31.580970764160158,19.46352195739746,-15.657485961914063,-56.85267639160156],"legSizes":[0.1895821988582611,0.38250619173049929,0.4468887746334076,0.3206285238265991,0.3762534558773041,0.2040974497795105,0.24136045575141908,0.2576107680797577,0.41585731506347659,0.38188138604164126,0.2098696529865265,0.32708626985549929,0.3583717346191406,0.2415979653596878,0.4706619679927826,0.4864524304866791,0.33138343691825869,0.22340533137321473,0.48522892594337466,0.11247330158948899,0.3568570017814636,0.4285208284854889,0.1902143508195877,0.3829894959926605],"bodySizes":[1.9726709127426148,1.4073667526245118,2.8815629482269289],"springs":[],"dumpers":[],"name":13068,"generation":372,"distance":44.058143615722659,"reward":-44.058143615722659},{"angles":[-55.796630859375,-48.20137023925781,19.378250122070314,-29.272905349731447,34.03285217285156,-41.549560546875,-9.093009948730469,0.3450164794921875,37.96826171875,38.93168640136719,59.84553527832031,-11.856643676757813,-37.69502258300781,-23.24311637878418,-25.679519653320314,5.527688980102539,56.722572326660159,-13.375017166137696,-3.592723846435547,53.906036376953128,-1.5914077758789063,-21.921995162963868,-52.84214782714844,-6.642572402954102,31.247234344482423,-29.936363220214845,-36.04107666015625,1.4083023071289063,-7.81074333190918,-21.603904724121095,-9.279733657836914,-4.556098937988281,49.02447509765625,-23.28484344482422,-15.019775390625,48.23311233520508,56.01033020019531,-35.885009765625,37.599876403808597,-43.74092102050781,34.731529235839847,-40.86479187011719,-33.58244323730469,40.43608093261719,-16.46629524230957,-37.499229431152347,25.373123168945314,-27.315582275390626,-53.9703369140625,-58.88005065917969,-49.57423400878906,-8.903594970703125,4.798187255859375,57.96990203857422,14.002355575561524,26.95915985107422,57.700592041015628,-42.148193359375,-30.69963264465332,9.233587265014649,28.225149154663087,-47.81591796875,27.105100631713868,24.070972442626954,-45.009239196777347,55.852935791015628,38.26829528808594,51.10795593261719,44.1637077331543,56.78013610839844,-18.43714141845703,39.24237823486328,26.035476684570314,55.613365173339847,-2.5212554931640627,-41.53700256347656,31.580970764160158,19.46352195739746,-18.911855697631837,-55.84880065917969],"legSizes":[0.14824548363685609,0.4136384129524231,0.4381546080112457,0.4458658695220947,0.2122553586959839,0.3851032853126526,0.24136045575141908,0.2576107680797577,0.41585731506347659,0.19115695357322694,0.4583722651004791,0.3077780604362488,0.263541042804718,0.3654857575893402,0.4706619679927826,0.4914575219154358,0.3625568449497223,0.20244067907333375,0.3715292513370514,0.17823085188865663,0.16006097197532655,0.4454548954963684,0.48173269629478457,0.31474530696868899],"bodySizes":[1.9944225549697877,1.502489447593689,2.6696934700012209],"springs":[],"dumpers":[],"name":13068,"generation":372,"distance":44.058143615722659,"reward":-60.72557067871094},{"angles":[-28.412925720214845,-48.20137023925781,42.33313751220703,-30.12574005126953,34.03285217285156,53.233253479003909,-29.747949600219728,-51.04974365234375,37.96826171875,38.93168640136719,-14.650474548339844,3.6628189086914064,9.929229736328125,-22.825347900390626,-25.679519653320314,5.527688980102539,22.774526596069337,-13.375017166137696,-52.27571105957031,-59.706756591796878,5.265962600708008,-14.758163452148438,-54.169464111328128,-51.92877197265625,31.247234344482423,-29.936363220214845,9.710990905761719,17.30299186706543,-7.81074333190918,-21.603904724121095,-9.279733657836914,-4.556098937988281,49.02447509765625,-23.28484344482422,-5.42603874206543,48.23311233520508,-47.63719177246094,-35.885009765625,37.599876403808597,-43.74092102050781,34.731529235839847,-57.861328125,-33.58244323730469,46.55340576171875,-16.46629524230957,-37.499229431152347,-6.878320693969727,-27.315582275390626,-53.9703369140625,-58.88005065917969,-49.57423400878906,-12.262481689453125,4.798187255859375,45.04330062866211,14.002355575561524,-45.855247497558597,57.700592041015628,-37.62196350097656,-30.69963264465332,34.538108825683597,-3.42303466796875,7.209800720214844,27.105100631713868,24.070972442626954,57.82665252685547,55.852935791015628,40.81187438964844,-51.34138488769531,-22.64527702331543,56.78013610839844,-18.43714141845703,39.24237823486328,26.035476684570314,38.55119323730469,-2.5212554931640627,-44.20014190673828,31.580970764160158,19.46352195739746,38.200462341308597,-2.7865142822265627],"legSizes":[0.14824548363685609,0.1843680888414383,0.4381546080112457,0.3206285238265991,0.18975907564163209,0.32005569338798525,0.1989208161830902,0.12133093178272248,0.41585731506347659,0.439419686794281,0.2098696529865265,0.187398761510849,0.4589177966117859,0.14448237419128419,0.4706619679927826,0.20212647318840028,0.18895912170410157,0.20771148800849915,0.48522892594337466,0.11247330158948899,0.3663875460624695,0.36086606979370119,0.3984871506690979,0.3829894959926605],"bodySizes":[1.9768155813217164,1.4058905839920045,2.878540277481079],"springs":[],"dumpers":[],"name":13068,"generation":372,"distance":44.058143615722659,"reward":-65.31776428222656}]}