{"geneDatas":[{"angles":[-16.35431671142578,15.576566696166993,43.22157287597656,25.500038146972658,15.024444580078125,38.817527770996097,2.043048858642578,-46.66436767578125,46.86505889892578,33.71436309814453,31.427921295166017,-36.169952392578128,-2.2440643310546877,12.413442611694336,-45.03843688964844,56.45484924316406,-52.86921691894531,-58.72166442871094,16.641324996948243,14.51140022277832,-13.923591613769532,56.128292083740237,-15.837759017944336,15.872123718261719,-12.900060653686524,0.54302978515625,36.23017883300781,-5.534599304199219,-57.080841064453128,0.4556121826171875,-38.74665832519531,48.841949462890628,73.14840698242188,-0.210662841796875,54.161956787109378,5.8303985595703129,-5.955671310424805,-57.53211212158203,-32.45045471191406,-2.015338897705078,79.36819458007813,48.04530334472656,-53.450531005859378,31.147911071777345,-41.3499755859375,45.180755615234378,25.54914665222168,-6.880796432495117,-53.76690673828125,-44.982688903808597,-54.27520751953125,-9.193161010742188,-39.01020812988281,56.32624816894531,14.002355575561524,8.894868850708008,44.77708435058594,-12.855772018432618,-43.700340270996097,14.970281600952149,-59.008827209472659,19.833097457885743,50.281158447265628,36.45684051513672,-16.87151527404785,-28.314908981323243,24.82844352722168,20.17462921142578,-86.51861572265625,12.741500854492188,54.85400390625,-47.212989807128909,21.479156494140626,-0.14975357055664063,53.47674560546875,37.25090408325195,54.28992462158203,-51.05408477783203,51.189937591552737,46.987335205078128],"legSizes":[0.48467451333999636,0.19836759567260743,0.15385456383228303,0.48908382654190066,0.2256687432527542,0.3169621229171753,0.4059388041496277,0.12909574806690217,0.12115731090307236,0.20717060565948487,0.167255699634552,0.4894055426120758,0.4629300534725189,0.2022533118724823,0.41329559683799746,0.24219223856925965,0.22866961359977723,0.40719738602638247,0.2826278805732727,0.2153376340866089,0.17313213646411897,0.4626069962978363,0.4388887286186218,0.4988791048526764],"bodySizes":[2.3178532123565676,1.988072156906128,1.7360886335372925],"springs":[],"dumpers":[],"name":3090,"generation":93,"distance":39.15923309326172,"reward":-48.45915985107422},{"angles":[9.969484329223633,54.635009765625,44.76593780517578,34.25481414794922,15.024444580078125,38.817527770996097,38.21067810058594,58.46514892578125,46.86505889892578,33.71436309814453,31.427921295166017,-36.169952392578128,-2.2440643310546877,12.413442611694336,-42.80059051513672,56.45484924316406,31.103208541870118,-58.72166442871094,16.641324996948243,14.51140022277832,29.606964111328126,-22.021142959594728,-15.837759017944336,-19.81502342224121,-12.900060653686524,-39.261077880859378,45.16400909423828,-5.534599304199219,19.03765869140625,0.4556121826171875,-48.491493225097659,-36.81714630126953,73.14840698242188,-0.210662841796875,54.161956787109378,5.8303985595703129,-5.955671310424805,-57.53211212158203,-32.45045471191406,-2.015338897705078,79.36819458007813,36.12217330932617,-53.450531005859378,38.80162811279297,-42.78916931152344,49.32593536376953,25.54914665222168,-6.880796432495117,-53.76690673828125,-44.982688903808597,-54.27520751953125,-9.193161010742188,-39.01020812988281,56.32624816894531,42.72627258300781,6.233146667480469,44.77708435058594,6.709978103637695,-46.20991516113281,6.109764099121094,17.66262435913086,-6.61140251159668,-1.0832328796386719,9.546180725097657,8.4371337890625,41.232391357421878,51.208946228027347,-13.43140983581543,-86.51861572265625,57.876548767089847,15.700620651245118,-32.43231201171875,-55.08642578125,-0.14975357055664063,53.47674560546875,37.25090408325195,54.28992462158203,8.380571365356446,39.08314514160156,46.987335205078128],"legSizes":[0.48467451333999636,0.19836759567260743,0.15385456383228303,0.48908382654190066,0.2256687432527542,0.3169621229171753,0.4059388041496277,0.10513558238744736,0.4213950037956238,0.20717060565948487,0.3998206555843353,0.35345521569252016,0.46757134795188906,0.14172883331775666,0.3455234169960022,0.49430814385414126,0.23085278272628785,0.40719738602638247,0.2826278805732727,0.2153376340866089,0.16835340857505799,0.12217535823583603,0.4388887286186218,0.4988791048526764],"bodySizes":[2.0993292331695558,1.8097388744354249,2.105685234069824],"springs":[],"dumpers":[],"name":3090,"generation":93,"distance":39.15923309326172,"reward":-49.47492218017578},{"angles":[-16.35431671142578,15.576566696166993,43.22157287597656,25.500038146972658,15.024444580078125,38.817527770996097,2.043048858642578,39.749908447265628,46.86505889892578,33.71436309814453,31.427921295166017,-36.169952392578128,-2.2440643310546877,12.413442611694336,-59.68064880371094,-52.84252166748047,55.930755615234378,-58.72166442871094,-3.9057388305664064,14.51140022277832,-13.923591613769532,56.128292083740237,-15.837759017944336,15.872123718261719,-12.900060653686524,0.54302978515625,-2.7531700134277345,-5.534599304199219,-57.080841064453128,0.4556121826171875,-38.74665832519531,48.841949462890628,73.14840698242188,36.5485954284668,54.161956787109378,5.8303985595703129,-5.955671310424805,-57.53211212158203,-32.45045471191406,-2.015338897705078,47.84681701660156,7.302223205566406,29.327186584472658,38.80162811279297,-27.255599975585939,49.32593536376953,25.54914665222168,-6.880796432495117,-53.76690673828125,-44.982688903808597,-54.27520751953125,-9.193161010742188,-39.01020812988281,49.47651672363281,14.002355575561524,1.5121307373046876,44.77708435058594,6.709978103637695,-28.907623291015626,6.109764099121094,17.66262435913086,19.833097457885743,-1.0832328796386719,9.546180725097657,-16.87151527404785,41.232391357421878,51.208946228027347,-13.43140983581543,-86.51861572265625,57.876548767089847,24.153112411499025,-35.625770568847659,34.32347869873047,16.19582176208496,-41.22766876220703,9.877388000488282,-48.119140625,-49.10334777832031,-29.902318954467775,-47.00049591064453],"legSizes":[0.48467451333999636,0.19836759567260743,0.15385456383228303,0.48908382654190066,0.2256687432527542,0.3169621229171753,0.4059388041496277,0.12909574806690217,0.12115731090307236,0.20717060565948487,0.167255699634552,0.4894055426120758,0.4629300534725189,0.35351523756980898,0.3455234169960022,0.24219223856925965,0.1356390118598938,0.40719738602638247,0.25706571340560915,0.24999994039535523,0.11044354736804962,0.16532978415489198,0.4855429530143738,0.23036372661590577],"bodySizes":[2.125993251800537,1.823509693145752,2.0635738372802736],"springs":[],"dumpers":[],"name":3090,"generation":93,"distance":39.15923309326172,"reward":-50.10748291015625}]}