{"geneDatas":[{"angles":[-17.540122985839845,36.253379821777347,4.545557022094727,7.679107666015625,23.368331909179689,24.34535789489746,-0.22114944458007813,-56.011749267578128,56.54783248901367,-46.1082763671875,1.4151420593261719,17.00713348388672,45.694610595703128,-40.6075439453125,-51.30103302001953,22.422264099121095,-5.017740249633789,-13.761199951171875,-29.931900024414064,1.2423210144042969,-9.36522102355957,-24.49542808532715,-52.84214782714844,-19.19243621826172,0.4164276123046875,-44.46240234375,-29.68505096435547,-14.018806457519532,52.55048370361328,-29.145118713378908,-25.60155487060547,42.795066833496097,40.804969787597659,2.5878448486328127,-9.607063293457032,-27.13286018371582,-34.06501007080078,-59.49791717529297,-59.904144287109378,17.835844039916993,79.36819458007813,28.379873275756837,-27.393430709838868,31.147911071777345,-16.46629524230957,43.12493133544922,11.326927185058594,-8.457847595214844,-53.9703369140625,2.0599708557128908,-59.09667205810547,17.825973510742189,-0.8011665344238281,24.653160095214845,14.002355575561524,-4.422203063964844,57.700592041015628,-9.750516891479493,-35.58103942871094,-24.040855407714845,-3.6438331604003908,33.712120056152347,38.62274932861328,14.998777389526368,-54.239112854003909,-9.77995491027832,38.26829528808594,51.10795593261719,-57.8189697265625,14.843551635742188,-10.600469589233399,-23.110977172851564,-1.55877685546875,-13.1322021484375,45.627662658691409,-51.42948913574219,4.896047592163086,-12.035087585449219,3.34796142578125,1.9593353271484376],"legSizes":[0.45255690813064577,0.3887857496738434,0.46068882942199709,0.3385466933250427,0.14079198241233827,0.19689616560935975,0.33326977491378786,0.21491602063179017,0.4609542787075043,0.48986831307411196,0.17084193229675294,0.3699827790260315,0.4422382712364197,0.11207828670740128,0.4706619679927826,0.46246227622032168,0.3550346791744232,0.24396999180316926,0.17236542701721192,0.20206892490386964,0.3411464989185333,0.40084943175315859,0.3302231431007385,0.4974452555179596],"bodySizes":[1.8394486904144288,1.6589645147323609,2.6215922832489015],"springs":[],"dumpers":[],"name":7399,"generation":212,"distance":30.693767547607423,"reward":-30.693767547607423},{"angles":[-52.30479431152344,-52.47815704345703,56.93206787109375,7.419267654418945,23.368331909179689,50.49732971191406,-3.3194808959960939,33.22571563720703,36.067543029785159,-58.95304870605469,-1.8024673461914063,-57.10882568359375,45.694610595703128,-39.13251495361328,-32.87761688232422,-47.56934356689453,22.624252319335939,-13.761199951171875,-29.931900024414064,-17.677337646484376,-9.36522102355957,-50.435401916503909,-52.84214782714844,-19.19243621826172,0.4164276123046875,3.9100112915039064,13.423612594604493,57.365386962890628,-19.297508239746095,-29.145118713378908,-25.60155487060547,-55.41184997558594,-17.126976013183595,19.748594284057618,13.799980163574219,3.86822509765625,18.92786979675293,-51.36847686767578,1.0723037719726563,-33.460365295410159,59.92432403564453,19.11646842956543,-46.842559814453128,-28.09680938720703,13.782028198242188,-59.981201171875,-5.327445983886719,-9.202560424804688,-53.9703369140625,55.623504638671878,-40.82006072998047,30.691923141479493,14.887338638305664,26.600704193115236,19.486783981323243,38.28728485107422,57.700592041015628,-9.750516891479493,-3.7388648986816408,34.39454650878906,-49.773956298828128,7.574678421020508,38.62274932861328,14.998777389526368,-54.239112854003909,-9.77995491027832,47.41807556152344,51.10795593261719,-57.8189697265625,-43.15087890625,-27.789894104003908,2.2264251708984377,14.337738037109375,-13.1322021484375,-27.72191619873047,-51.81626892089844,4.896047592163086,-55.336090087890628,3.34796142578125,4.152839660644531],"legSizes":[0.45255690813064577,0.3887857496738434,0.46068882942199709,0.3385466933250427,0.44537678360939028,0.4388452172279358,0.49039068818092348,0.21491602063179017,0.4308125376701355,0.48986831307411196,0.17084193229675294,0.3699827790260315,0.3505747318267822,0.11207828670740128,0.3644295632839203,0.42135778069496157,0.19955331087112428,0.13749128580093385,0.3221798241138458,0.3088342547416687,0.25010788440704348,0.24047419428825379,0.16681942343711854,0.4974452555179596],"bodySizes":[2.026401996612549,1.6512211561203004,2.3908872604370119],"springs":[],"dumpers":[],"name":7399,"generation":212,"distance":30.693767547607423,"reward":-33.2916145324707},{"angles":[-52.30479431152344,50.163055419921878,-42.72859191894531,4.441858291625977,28.887418746948243,-35.10442352294922,-20.765913009643556,52.535377502441409,56.54783248901367,-58.95304870605469,0.18178176879882813,4.952836990356445,45.694610595703128,-5.184722900390625,-0.23534011840820313,-28.305078506469728,0.4267997741699219,-54.75891876220703,-29.931900024414064,1.2423210144042969,-9.36522102355957,-50.435401916503909,-21.380889892578126,-14.094406127929688,-54.86431884765625,28.29901885986328,1.3319282531738282,-14.018806457519532,52.55048370361328,-29.145118713378908,-25.60155487060547,32.01850891113281,40.804969787597659,38.65320587158203,-13.807374954223633,3.86822509765625,-30.175338745117189,44.36591339111328,1.0723037719726563,-33.460365295410159,59.92432403564453,19.11646842956543,-46.842559814453128,37.04784393310547,13.782028198242188,-59.981201171875,34.77398681640625,-41.99082946777344,-53.9703369140625,55.623504638671878,-40.82006072998047,30.691923141479493,14.887338638305664,26.600704193115236,14.002355575561524,-4.422203063964844,57.700592041015628,-9.750516891479493,-58.35356903076172,-57.982818603515628,10.054458618164063,55.69478988647461,38.62274932861328,6.5113372802734379,45.172691345214847,-9.77995491027832,5.714942932128906,-42.58545684814453,-57.8189697265625,-3.421733856201172,-43.28191375732422,53.30329132080078,30.3892822265625,-32.389381408691409,49.09214782714844,-28.44684600830078,52.131683349609378,-55.336090087890628,7.7088775634765629,46.987335205078128],"legSizes":[0.35968461632728579,0.18076367676258088,0.46068882942199709,0.3385466933250427,0.3892369270324707,0.4388452172279358,0.19563241302967072,0.21491602063179017,0.4609542787075043,0.48986831307411196,0.4897880554199219,0.3865363597869873,0.2510262727737427,0.46339717507362368,0.4706619679927826,0.42135778069496157,0.39843979477882388,0.4842193126678467,0.17236542701721192,0.20206892490386964,0.21504881978034974,0.14373832941055299,0.4402438700199127,0.33336541056632998],"bodySizes":[1.843085527420044,1.668880820274353,2.6008732318878176],"springs":[],"dumpers":[],"name":7399,"generation":212,"distance":30.693767547607423,"reward":-40.6453971862793}]}