{"geneDatas":[{"angles":[-25.149658203125,-0.8846778869628906,56.647865295410159,22.678356170654298,-5.117391586303711,20.95161247253418,-53.41099548339844,10.066429138183594,-55.15599060058594,-53.36174011230469,31.427921295166017,-2.161479949951172,-79.14434814453125,79.26608276367188,27.03127098083496,-27.870460510253908,45.83525848388672,-2.711139678955078,-3.9057388305664064,21.815214157104493,-31.479764938354493,-12.04730224609375,-59.62517547607422,17.6755428314209,-19.269912719726564,-36.98401641845703,13.200937271118164,36.166805267333987,-19.775054931640626,12.397163391113282,-29.8948917388916,-58.22343826293945,73.14840698242188,36.5485954284668,-18.39069366455078,12.926437377929688,9.909017562866211,27.695228576660158,75.5263671875,34.42430114746094,79.36819458007813,-28.07710075378418,-27.22327423095703,38.80162811279297,16.811124801635743,-59.441871643066409,38.82469177246094,-45.610687255859378,-53.76690673828125,-35.50160217285156,-56.134803771972659,-33.880332946777347,-39.01020812988281,54.33152770996094,20.271034240722658,5.072471618652344,-36.57904815673828,44.21829605102539,-0.7757606506347656,-30.44624900817871,-12.500444412231446,-70.25471496582031,-32.409698486328128,-2.9436416625976564,-0.9573478698730469,-44.836090087890628,-3.687023162841797,1.32958984375,17.660247802734376,28.31848907470703,32.78875732421875,-1.9451751708984376,35.36981201171875,21.74916648864746,-2.0810165405273439,-50.45844268798828,57.91181182861328,19.82082176208496,8.54765510559082,-87.78695678710938],"legSizes":[0.427681028842926,0.49472886323928835,0.3929569721221924,0.2820790112018585,0.2256687432527542,0.15719285607337953,0.21808120608329774,0.12791243195533753,0.10548529773950577,0.25,0.24199074506759644,0.428312212228775,0.4794174134731293,0.24999994039535523,0.20594465732574464,0.4012451171875,0.25,0.3540840148925781,0.24999994039535523,0.24999994039535523,0.11044354736804962,0.3545192778110504,0.45426639914512637,0.3901417851448059],"bodySizes":[2.0068697929382326,1.8110198974609376,2.2011399269104006],"springs":[],"dumpers":[],"name":893,"generation":25,"distance":42.25499725341797,"reward":-42.25499725341797},{"angles":[23.426944732666017,-47.90313720703125,34.1535758972168,-51.27593994140625,-5.117391586303711,-50.32506561279297,-34.45439910888672,-30.030942916870118,31.228206634521486,25.805280685424806,31.427921295166017,-36.169952392578128,-2.2440643310546877,8.691152572631836,50.53589630126953,-27.870460510253908,6.1229400634765629,-58.72166442871094,-3.9057388305664064,21.815214157104493,-31.479764938354493,-73.36964416503906,33.081321716308597,17.6755428314209,-19.269912719726564,-19.028169631958009,5.310365676879883,-58.17687225341797,-57.080841064453128,12.397163391113282,-29.8948917388916,-58.22343826293945,73.14840698242188,29.12430191040039,42.67029571533203,12.926437377929688,-17.744802474975587,27.695228576660158,75.5263671875,59.129119873046878,79.36819458007813,-28.07710075378418,-4.459510803222656,38.80162811279297,31.413528442382814,-59.441871643066409,32.53081512451172,11.62615966796875,-53.76690673828125,-35.50160217285156,32.6898193359375,-29.61873435974121,-39.01020812988281,54.33152770996094,-11.236330032348633,28.62660789489746,3.3196868896484377,-38.379676818847659,-34.43888854980469,-5.941864013671875,-24.647132873535158,12.098085403442383,-36.60600280761719,-38.45844268798828,-14.900184631347657,42.2945556640625,-45.124298095703128,1.32958984375,-86.51861572265625,49.06396484375,32.78875732421875,-1.9451751708984376,35.36981201171875,21.74916648864746,-39.37013244628906,-50.45844268798828,-0.45023345947265627,78.76924133300781,-44.51599884033203,32.94960021972656],"legSizes":[0.427681028842926,0.4835440218448639,0.3929569721221924,0.267417311668396,0.2256687432527542,0.23669922351837159,0.24999994039535523,0.12791243195533753,0.4221366345882416,0.36126723885536196,0.24199074506759644,0.428312212228775,0.4629300534725189,0.24999994039535523,0.25,0.3154081702232361,0.25,0.4626864492893219,0.33756157755851748,0.24999994039535523,0.11044354736804962,0.22461965680122376,0.4855429530143738,0.11498041450977326],"bodySizes":[2.187944173812866,1.911838412284851,1.9125046730041505],"springs":[],"dumpers":[],"name":893,"generation":25,"distance":42.25499725341797,"reward":-54.94220733642578},{"angles":[23.426944732666017,-39.23783874511719,47.48067855834961,-5.0320587158203129,21.446426391601564,20.95161247253418,-53.41099548339844,37.391536712646487,25.139175415039064,-53.36174011230469,31.427921295166017,-2.161479949951172,-79.14434814453125,-58.079368591308597,-34.032142639160159,-27.870460510253908,-54.100181579589847,-2.711139678955078,-3.9057388305664064,15.932632446289063,-52.86045837402344,-73.36964416503906,-59.62517547607422,17.6755428314209,-19.269912719726564,15.431140899658204,5.310365676879883,-58.17687225341797,-57.080841064453128,12.397163391113282,-29.8948917388916,-58.22343826293945,73.14840698242188,29.12430191040039,-18.39069366455078,12.926437377929688,0.13257217407226563,27.695228576660158,75.5263671875,-9.293426513671875,79.36819458007813,-28.07710075378418,-4.459510803222656,38.80162811279297,16.811124801635743,-59.441871643066409,38.82469177246094,11.62615966796875,-53.76690673828125,-35.50160217285156,32.6898193359375,-29.61873435974121,-39.01020812988281,54.33152770996094,20.271034240722658,28.62660789489746,3.3196868896484377,44.21829605102539,27.082883834838868,-5.941864013671875,-24.647132873535158,40.42837142944336,24.8619441986084,-2.9436416625976564,-0.9573478698730469,42.2945556640625,2.2009620666503908,1.32958984375,-86.51861572265625,49.06396484375,32.78875732421875,-1.9451751708984376,35.36981201171875,21.74916648864746,53.47674560546875,-50.45844268798828,57.91181182861328,57.79014587402344,-44.51599884033203,-87.78695678710938],"legSizes":[0.20551201701164246,0.2691112160682678,0.3929569721221924,0.4545787274837494,0.2256687432527542,0.2510741353034973,0.24999994039535523,0.12791243195533753,0.4221366345882416,0.10999641567468643,0.24199074506759644,0.428312212228775,0.4629300534725189,0.24999994039535523,0.25,0.209365576505661,0.32129332423210146,0.36583346128463747,0.3336040675640106,0.24999994039535523,0.11044354736804962,0.22461965680122376,0.4855429530143738,0.280007004737854],"bodySizes":[2.003753185272217,1.9975955486297608,1.9986563920974732],"springs":[],"dumpers":[],"name":893,"generation":25,"distance":42.25499725341797,"reward":-58.05025100708008}]}