{"geneDatas":[{"angles":[-26.537996292114259,36.253379821777347,7.15056037902832,38.036338806152347,46.613555908203128,0.024654388427734376,21.500629425048829,36.70220184326172,56.54783248901367,22.1602783203125,-9.315912246704102,25.078580856323243,45.694610595703128,-15.514404296875,-32.87761688232422,-51.40814971923828,23.572608947753908,14.907638549804688,19.41962242126465,14.379020690917969,30.399883270263673,-56.633880615234378,47.2988166809082,-11.020025253295899,0.4164276123046875,3.9100112915039064,-32.13525390625,-14.018806457519532,-12.156423568725586,-24.814590454101564,-51.68048858642578,42.795066833496097,29.683813095092775,2.5878448486328127,-36.22857666015625,9.943964004516602,18.222366333007814,-59.49791717529297,5.7459716796875,17.835844039916993,16.486684799194337,28.379873275756837,38.4688720703125,-21.900636672973634,-15.651662826538086,-7.386423110961914,-13.049619674682618,-39.36750793457031,-53.9703369140625,-39.57927703857422,-59.09667205810547,-4.792264938354492,-0.8011665344238281,-42.375457763671878,14.664152145385743,-7.035776138305664,57.700592041015628,-9.750516891479493,-35.58103942871094,-20.503515243530275,-26.94257354736328,7.574678421020508,57.84642028808594,46.037376403808597,43.32383728027344,-9.77995491027832,25.119720458984376,51.10795593261719,18.825742721557618,-32.47969055175781,21.06841278076172,-23.110977172851564,-1.55877685546875,-13.1322021484375,57.958099365234378,-51.42948913574219,52.131683349609378,52.17675018310547,41.1005973815918,-0.6502609252929688],"legSizes":[0.43817535042762759,0.2592364549636841,0.46068882942199709,0.2448301613330841,0.15954095125198365,0.16362053155899049,0.36006584763526919,0.21491602063179017,0.4609542787075043,0.3008626699447632,0.2902001738548279,0.4244104325771332,0.2510654330253601,0.4339262843132019,0.4706619679927826,0.18006324768066407,0.28014901280403139,0.4842193126678467,0.17714238166809083,0.20206892490386964,0.1271875500679016,0.40084943175315859,0.22659623622894288,0.2808941602706909],"bodySizes":[1.839175820350647,1.5520250797271729,2.802644968032837],"springs":[],"dumpers":[],"name":8568,"generation":248,"distance":40.39824295043945,"reward":-40.39824295043945},{"angles":[-48.517127990722659,36.253379821777347,27.637222290039064,-13.534103393554688,-40.051902770996097,20.379009246826173,45.09442901611328,-56.011749267578128,28.496658325195314,10.517313003540039,50.76869201660156,-12.85612678527832,45.694610595703128,-15.514404296875,11.376220703125,-11.028390884399414,-5.017740249633789,-19.913442611694337,8.576652526855469,-27.167823791503908,-26.090118408203126,24.902999877929689,-52.84214782714844,-3.2389869689941408,5.820259094238281,37.463279724121097,42.78980255126953,-14.018806457519532,33.21862030029297,5.032575607299805,-25.60155487060547,25.719951629638673,58.5228271484375,2.5878448486328127,-6.2664337158203129,-39.03904724121094,-34.06501007080078,-59.49791717529297,16.623199462890626,38.16815185546875,-27.24816131591797,28.379873275756837,24.201934814453126,25.487892150878908,-16.46629524230957,-36.693878173828128,11.205774307250977,-37.30028533935547,-53.9703369140625,-32.289215087890628,-59.09667205810547,-36.0166015625,26.95711326599121,41.98817443847656,14.002355575561524,-4.422203063964844,57.700592041015628,-27.61479949951172,-38.8387451171875,-24.040855407714845,-41.91145324707031,-25.329086303710939,-19.4033203125,14.998777389526368,-30.75774383544922,-9.77995491027832,38.26829528808594,51.10795593261719,-57.8189697265625,-24.33563995361328,-27.789894104003908,1.8851051330566407,-1.55877685546875,-5.660757064819336,7.662126541137695,-51.42948913574219,52.131683349609378,-40.35691833496094,-49.603111267089847,51.59791564941406],"legSizes":[0.4824768602848053,0.2592364549636841,0.46068882942199709,0.39015230536460879,0.3892369270324707,0.4388452172279358,0.20299676060676576,0.21491602063179017,0.4428871273994446,0.3893287777900696,0.3399820625782013,0.4248913824558258,0.13068938255310059,0.4204760491847992,0.4706619679927826,0.4917042851448059,0.3176674544811249,0.18766546249389649,0.2593209147453308,0.20206892490386964,0.4619864523410797,0.43268299102783205,0.4402438700199127,0.27930399775505068],"bodySizes":[1.8232907056808472,1.5693707466125489,2.7958149909973146],"springs":[],"dumpers":[],"name":8568,"generation":248,"distance":40.39824295043945,"reward":-45.99810791015625},{"angles":[-26.537996292114259,36.253379821777347,7.15056037902832,38.036338806152347,46.613555908203128,0.024654388427734376,21.500629425048829,36.70220184326172,56.54783248901367,22.1602783203125,-9.315912246704102,25.078580856323243,45.694610595703128,-15.514404296875,-32.87761688232422,-51.40814971923828,23.572608947753908,14.907638549804688,19.41962242126465,14.379020690917969,30.399883270263673,-56.633880615234378,47.2988166809082,-11.020025253295899,0.4164276123046875,14.503389358520508,-32.13525390625,-14.018806457519532,-12.156423568725586,-24.814590454101564,-51.68048858642578,42.795066833496097,29.683813095092775,2.5878448486328127,-36.22857666015625,9.943964004516602,18.222366333007814,-59.49791717529297,5.7459716796875,-54.933990478515628,16.486684799194337,28.379873275756837,38.4688720703125,0.9542160034179688,-15.651662826538086,-7.386423110961914,-13.049619674682618,-39.36750793457031,-53.9703369140625,-39.57927703857422,-59.09667205810547,-4.792264938354492,-0.8011665344238281,-42.375457763671878,14.664152145385743,-7.035776138305664,57.700592041015628,-9.750516891479493,-38.8387451171875,-24.040855407714845,10.054458618164063,7.574678421020508,38.62274932861328,26.957443237304689,43.32383728027344,-35.807029724121097,38.26829528808594,51.10795593261719,-57.8189697265625,-24.33563995361328,-27.789894104003908,1.8851051330566407,-1.55877685546875,-5.660757064819336,7.662126541137695,-51.42948913574219,52.131683349609378,-55.336090087890628,13.519872665405274,51.59791564941406],"legSizes":[0.2655210793018341,0.2592364549636841,0.46068882942199709,0.2983059287071228,0.15954095125198365,0.16362053155899049,0.36006584763526919,0.21491602063179017,0.4609542787075043,0.3008626699447632,0.3399820625782013,0.22297680377960206,0.13068938255310059,0.4204760491847992,0.4706619679927826,0.31060630083084109,0.3176674544811249,0.18766546249389649,0.2593209147453308,0.20206892490386964,0.21504881978034974,0.43268299102783205,0.4402438700199127,0.27930399775505068],"bodySizes":[1.847503900527954,1.5590529441833497,2.7774338722229006],"springs":[],"dumpers":[],"name":8568,"generation":248,"distance":40.39824295043945,"reward":-46.75783157348633}]}