{"geneDatas":[{"angles":[23.426944732666017,-52.10911560058594,-3.7808189392089845,22.678356170654298,-35.253143310546878,63.348663330078128,64.56961059570313,46.62213134765625,-0.78643798828125,-7.958465576171875,-48.06623840332031,17.295513153076173,-79.14434814453125,79.26608276367188,-14.891700744628907,-16.67748260498047,45.83525848388672,-88.18191528320313,-3.9057388305664064,21.815214157104493,-35.044677734375,-73.36964416503906,-31.25896644592285,49.33485412597656,-83.11512756347656,59.82746505737305,43.01673126220703,-80.47555541992188,55.90375900268555,-59.212921142578128,-33.46037292480469,-41.54435729980469,83.69374084472656,49.04963684082031,79.92137145996094,9.126235961914063,-31.86602783203125,36.88097381591797,87.89982604980469,2.5121002197265627,-58.31105041503906,-81.46420288085938,9.242584228515625,-57.87715148925781,-2.633941650390625,-57.34325408935547,25.52688217163086,64.00390625,21.094406127929689,19.745872497558595,61.83723449707031,-0.06481170654296875,35.64063262939453,2.72998046875,-87.2581787109375,-0.6390380859375,-50.99049377441406,67.2308349609375,64.93617248535156,9.313652038574219,7.919275283813477,-83.94584655761719,60.909210205078128,-19.687232971191408,-21.909576416015626,-13.430152893066407,-57.36163330078125,1.32958984375,-86.51861572265625,-7.285194396972656,32.78875732421875,-73.57513427734375,79.0999755859375,-44.37752151489258,-32.42474365234375,66.44642639160156,75.68026733398438,45.92486572265625,65.20988464355469,-40.191558837890628],"legSizes":[0.427681028842926,0.24999994039535523,0.25,0.25,0.25,0.3811633586883545,0.24999994039535523,0.24999994039535523,0.25,0.25,0.307407021522522,0.25,0.24999994039535523,0.41499394178390505,0.25,0.25,0.25,0.25,0.24999994039535523,0.24999994039535523,0.25,0.25,0.25,0.25],"bodySizes":[2.0,2.0,2.0],"springs":[],"dumpers":[],"name":108,"generation":3,"distance":160.10992431640626,"reward":-160.10992431640626},{"angles":[23.426944732666017,-52.10911560058594,34.1535758972168,22.678356170654298,-35.253143310546878,63.348663330078128,64.56961059570313,46.62213134765625,-0.78643798828125,-7.958465576171875,-48.06623840332031,17.295513153076173,-79.14434814453125,79.26608276367188,-14.891700744628907,-18.246437072753908,45.83525848388672,-88.18191528320313,-3.9057388305664064,21.815214157104493,-35.044677734375,-73.36964416503906,-31.25896644592285,49.33485412597656,-83.11512756347656,59.82746505737305,43.01673126220703,-43.83750915527344,55.90375900268555,-59.212921142578128,-11.634040832519532,59.664085388183597,45.75674057006836,-81.55511474609375,-42.98069763183594,37.687156677246097,-19.141563415527345,45.285072326660159,-40.114646911621097,30.56447982788086,-41.54661560058594,-1.612640380859375,63.17686080932617,-43.11430740356445,-1.53045654296875,58.46550750732422,-85.49342346191406,41.75920104980469,50.87284851074219,19.745872497558595,61.83723449707031,-0.06481170654296875,35.64063262939453,-79.6324462890625,-87.2581787109375,-0.6390380859375,-50.99049377441406,67.2308349609375,-37.610748291015628,9.313652038574219,7.919275283813477,-83.94584655761719,60.909210205078128,-19.687232971191408,-51.593017578125,-13.430152893066407,-57.36163330078125,1.32958984375,-86.51861572265625,-7.285194396972656,32.78875732421875,-73.57513427734375,79.0999755859375,-44.37752151489258,-32.42474365234375,66.44642639160156,75.68026733398438,45.92486572265625,-49.58757781982422,76.84237670898438],"legSizes":[0.427681028842926,0.24999994039535523,0.25,0.2872871160507202,0.25,0.25,0.3486950695514679,0.12791243195533753,0.25,0.25,0.2679588198661804,0.25,0.47390642762184145,0.24999994039535523,0.25,0.25,0.39277195930480959,0.4276356101036072,0.24999994039535523,0.24999994039535523,0.25,0.25,0.25,0.25],"bodySizes":[2.0,2.0,2.0],"springs":[],"dumpers":[],"name":108,"generation":3,"distance":160.10992431640626,"reward":-169.8482666015625},{"angles":[63.12898254394531,26.269315719604493,62.43729782104492,-42.50506591796875,-14.290626525878907,2.9994735717773439,23.872539520263673,-55.95768737792969,-4.7197113037109379,1.0854949951171876,-30.22148895263672,-58.79676818847656,-78.8748779296875,68.04118347167969,-33.630706787109378,-14.57977294921875,74.82501220703125,-6.931549072265625,-11.607475280761719,45.7567253112793,38.244415283203128,21.35137939453125,-51.96776580810547,77.68527221679688,52.61864471435547,-20.964950561523439,-76.60015869140625,83.54977416992188,29.223888397216798,74.90589904785156,-39.025665283203128,35.38600158691406,3.0083160400390627,78.63285827636719,-59.83304214477539,51.407188415527347,-6.533882141113281,-6.793663024902344,3.610931396484375,43.652305603027347,32.965049743652347,16.68907928466797,-24.815505981445314,-30.226593017578126,17.264511108398439,3.5353546142578127,-74.60122680664063,-8.981843948364258,54.636940002441409,-60.250091552734378,42.54944610595703,0.640716552734375,-10.759584426879883,63.50410461425781,-8.792465209960938,-35.415428161621097,37.523231506347659,28.271940231323243,-58.842185974121097,1.4407310485839844,83.86614990234375,29.98140525817871,-9.663442611694336,-7.768951416015625,-43.31555938720703,-63.586181640625,56.67539978027344,42.1461296081543,-37.312660217285159,85.59992980957031,-36.477516174316409,-18.194854736328126,4.728080749511719,-56.726104736328128,19.554283142089845,-47.694522857666019,-56.39884948730469,78.76924133300781,82.19818115234375,-87.78695678710938],"legSizes":[0.24999994039535523,0.24999994039535523,0.25,0.3631366193294525,0.2256687432527542,0.25,0.24999994039535523,0.24999994039535523,0.37146884202957156,0.25,0.22350938618183137,0.25,0.24999994039535523,0.24999994039535523,0.25,0.25,0.25,0.4423760771751404,0.24999994039535523,0.24999994039535523,0.25,0.25,0.25,0.25],"bodySizes":[2.0,2.0,2.0],"springs":[],"dumpers":[],"name":108,"generation":3,"distance":160.10992431640626,"reward":-183.06497192382813}]}