{"geneDatas":[{"angles":[30.044086456298829,15.576566696166993,33.46943283081055,42.1082763671875,15.024444580078125,20.95161247253418,-24.079063415527345,-6.73724365234375,55.7626953125,15.317014694213868,34.01197052001953,18.51203155517578,23.17847442626953,29.666717529296876,-19.965513229370118,-52.84252166748047,55.930755615234378,-58.72166442871094,19.838430404663087,14.51140022277832,29.606964111328126,-22.021142959594728,16.42115592956543,15.872123718261719,-12.900060653686524,-48.050048828125,18.809478759765626,-5.534599304199219,19.03765869140625,0.4556121826171875,-38.74665832519531,-50.47795867919922,73.14840698242188,35.3471794128418,54.161956787109378,-49.56895446777344,-5.955671310424805,-57.53211212158203,-8.718460083007813,-2.015338897705078,79.36819458007813,48.04530334472656,-53.450531005859378,31.147911071777345,23.644323348999025,45.180755615234378,25.54914665222168,-6.880796432495117,-51.05686950683594,-44.982688903808597,-55.334327697753909,-9.193161010742188,-39.01020812988281,56.32624816894531,14.002355575561524,8.894868850708008,44.77708435058594,-12.855772018432618,-43.700340270996097,14.970281600952149,-59.008827209472659,19.833097457885743,6.439567565917969,-14.623481750488282,-16.87151527404785,-19.43726921081543,24.82844352722168,20.17462921142578,41.94573211669922,12.741500854492188,-5.313085556030273,-47.212989807128909,21.479156494140626,-0.14975357055664063,53.47674560546875,37.25090408325195,8.086816787719727,20.488828659057618,38.98960876464844,46.987335205078128],"legSizes":[0.12371087074279785,0.2525670826435089,0.4698810577392578,0.1357671320438385,0.29921743273735049,0.3169621229171753,0.365262895822525,0.12909574806690217,0.4213950037956238,0.3746706545352936,0.13201136887073518,0.4894055426120758,0.49200400710105898,0.12479329109191895,0.36227482557296755,0.49430814385414126,0.19903787970542909,0.30952709913253786,0.2826278805732727,0.2963966131210327,0.3552624583244324,0.48991093039512637,0.17953571677207948,0.4988791048526764],"bodySizes":[1.7901132106781006,1.9587186574935914,2.2815895080566408],"springs":[],"dumpers":[],"name":3505,"generation":102,"distance":49.3092155456543,"reward":-49.3092155456543},{"angles":[-16.35431671142578,-16.94378662109375,26.38958740234375,57.26531982421875,15.024444580078125,41.22254943847656,-17.260772705078126,-46.66436767578125,46.86505889892578,33.71436309814453,31.427921295166017,-36.169952392578128,-2.2440643310546877,-14.072792053222657,-45.03843688964844,56.45484924316406,-52.86921691894531,-58.72166442871094,16.641324996948243,14.51140022277832,-13.923591613769532,56.128292083740237,-15.837759017944336,15.872123718261719,26.619827270507814,-25.17700958251953,36.23017883300781,-5.534599304199219,-57.080841064453128,0.4556121826171875,-38.74665832519531,48.841949462890628,73.14840698242188,35.3471794128418,54.161956787109378,20.48157501220703,-5.955671310424805,-57.53211212158203,-8.718460083007813,-2.015338897705078,79.36819458007813,48.04530334472656,-53.450531005859378,31.147911071777345,-41.3499755859375,45.180755615234378,33.219993591308597,-6.880796432495117,-51.05686950683594,-44.982688903808597,-55.334327697753909,-9.193161010742188,-39.01020812988281,52.79833221435547,14.002355575561524,8.894868850708008,44.77708435058594,-12.855772018432618,-43.700340270996097,14.970281600952149,-59.008827209472659,55.32501983642578,-23.060251235961915,36.45684051513672,-16.87151527404785,-19.43726921081543,24.82844352722168,20.17462921142578,-86.51861572265625,12.741500854492188,54.85400390625,-47.212989807128909,21.479156494140626,-0.14975357055664063,53.47674560546875,10.49522590637207,48.252197265625,35.9149055480957,39.08314514160156,46.987335205078128],"legSizes":[0.48467451333999636,0.19836759567260743,0.15385456383228303,0.48908382654190066,0.4139549136161804,0.3169621229171753,0.4059388041496277,0.12909574806690217,0.12115731090307236,0.20717060565948487,0.167255699634552,0.4894055426120758,0.4629300534725189,0.2022533118724823,0.26527851819992068,0.24219223856925965,0.22866961359977723,0.40719738602638247,0.2826278805732727,0.2153376340866089,0.17313213646411897,0.12434468418359757,0.4845481514930725,0.4988791048526764],"bodySizes":[2.0682425498962404,1.9465912580490113,1.987072467803955],"springs":[],"dumpers":[],"name":3505,"generation":102,"distance":49.3092155456543,"reward":-52.03322982788086},{"angles":[30.044086456298829,15.576566696166993,33.46943283081055,42.1082763671875,15.024444580078125,20.95161247253418,-24.079063415527345,-6.73724365234375,55.7626953125,33.71436309814453,31.427921295166017,-36.169952392578128,-2.2440643310546877,12.413442611694336,-49.548255920410159,56.45484924316406,32.70187759399414,-58.72166442871094,28.608396530151368,-10.077415466308594,-13.923591613769532,56.128292083740237,-15.837759017944336,15.872123718261719,-12.900060653686524,0.54302978515625,36.23017883300781,-5.534599304199219,-57.080841064453128,0.4556121826171875,-38.74665832519531,28.245532989501954,73.14840698242188,-0.210662841796875,-3.1753005981445314,5.8303985595703129,-5.955671310424805,-57.53211212158203,-32.45045471191406,-2.015338897705078,79.36819458007813,48.04530334472656,4.335273742675781,7.996337890625,-41.3499755859375,45.180755615234378,25.54914665222168,54.98894500732422,-53.76690673828125,-44.982688903808597,-54.27520751953125,50.3450927734375,-44.29554748535156,-10.928970336914063,42.72627258300781,6.233146667480469,44.77708435058594,6.709978103637695,-46.20991516113281,6.109764099121094,-38.966400146484378,12.857643127441407,26.641416549682618,9.546180725097657,8.4371337890625,-58.04426574707031,51.208946228027347,-13.43140983581543,-86.51861572265625,28.494298934936525,15.700620651245118,-1.2464408874511719,33.63754653930664,-48.22979736328125,53.47674560546875,37.25090408325195,48.252197265625,35.9149055480957,39.08314514160156,46.987335205078128],"legSizes":[0.12371087074279785,0.2525670826435089,0.4961247444152832,0.1357671320438385,0.29921743273735049,0.22279256582260133,0.33932730555534365,0.10513558238744736,0.3420439064502716,0.3869393467903137,0.14312195777893067,0.4894055426120758,0.49200400710105898,0.4616379141807556,0.3455234169960022,0.40467149019241335,0.4209347665309906,0.40719738602638247,0.23324057459831239,0.24999994039535523,0.17313213646411897,0.12434468418359757,0.4845481514930725,0.4988791048526764],"bodySizes":[1.5584042072296143,2.204684257507324,2.3284316062927248],"springs":[],"dumpers":[],"name":3505,"generation":102,"distance":49.3092155456543,"reward":-66.54069519042969}]}