{"geneDatas":[{"angles":[-4.78050422668457,-48.20137023925781,-36.416358947753909,-23.40757942199707,-44.187713623046878,-48.16880798339844,-24.076400756835939,-12.538368225097657,-2.8162689208984377,38.93168640136719,59.84553527832031,-44.624473571777347,52.923362731933597,-43.22003173828125,9.276159286499024,34.392784118652347,-52.910682678222659,-5.853187561035156,-5.8345489501953129,-17.47886848449707,15.057632446289063,-14.758163452148438,16.121261596679689,16.46608543395996,48.4467887878418,36.12556457519531,16.758840560913087,41.09056854248047,13.57505989074707,-49.11858367919922,11.032814025878907,26.26966667175293,-3.504261016845703,-57.455474853515628,15.679693222045899,-4.918634414672852,-42.440086364746097,-6.941007614135742,0.8795585632324219,0.3685340881347656,-51.45671081542969,13.819549560546875,26.30428695678711,-26.453210830688478,-28.86540985107422,3.8684539794921877,-3.510509490966797,40.69913864135742,-47.56205749511719,-25.317214965820314,-33.924949645996097,-18.180862426757814,4.798187255859375,47.683021545410159,14.002355575561524,27.919118881225587,57.700592041015628,-22.463943481445314,-50.474327087402347,52.5931396484375,-48.822898864746097,-44.33660125732422,27.105100631713868,24.070972442626954,26.096433639526368,-31.684600830078126,38.26829528808594,29.341835021972658,13.190109252929688,9.278017044067383,47.935768127441409,-12.566450119018555,27.3684139251709,38.55119323730469,-49.46589660644531,58.726356506347659,54.72003936767578,-25.533348083496095,44.92903137207031,-34.018836975097659],"legSizes":[0.1092071533203125,0.2716943621635437,0.4381546080112457,0.48975199460983279,0.4518604874610901,0.4716309607028961,0.24136045575141908,0.31351155042648318,0.41585731506347659,0.2538805603981018,0.2579137980937958,0.47258323431015017,0.498662531375885,0.3677293360233307,0.20380252599716187,0.24413874745368958,0.4031631052494049,0.3356977105140686,0.315421462059021,0.14651508629322053,0.4153154790401459,0.1579253226518631,0.4859957695007324,0.207469642162323],"bodySizes":[1.9877753257751465,1.4217714071273804,2.8306941986083986],"springs":[],"dumpers":[],"name":15461,"generation":442,"distance":27.606637954711915,"reward":-27.606637954711915},{"angles":[49.362876892089847,-48.20137023925781,42.00627136230469,-55.281028747558597,28.86191177368164,-22.8120174407959,-18.722671508789064,19.622352600097658,37.96826171875,-37.77361297607422,41.522727966308597,30.686573028564454,-37.69502258300781,47.17151641845703,-3.1388931274414064,1.9092674255371094,1.1455039978027344,38.997718811035159,-5.8345489501953129,14.808134078979493,15.057632446289063,-14.758163452148438,16.121261596679689,16.46608543395996,45.366294860839847,36.12556457519531,16.758840560913087,-32.53828430175781,28.989185333251954,-45.740745544433597,11.032814025878907,-28.426958084106447,-57.36027526855469,12.767265319824219,-36.69377899169922,-50.34501647949219,-32.581626892089847,17.12708282470703,-18.414710998535158,-25.37530517578125,-51.45671081542969,-28.632766723632814,-29.589805603027345,-26.453210830688478,-28.86540985107422,-37.499229431152347,37.53022766113281,40.69913864135742,-47.56205749511719,-25.317214965820314,-33.924949645996097,-18.180862426757814,4.798187255859375,8.196081161499024,14.002355575561524,41.10936737060547,57.700592041015628,-6.28729248046875,-39.16969299316406,34.538108825683597,-41.57128143310547,-32.36045837402344,27.105100631713868,57.37062072753906,48.04798889160156,-31.684600830078126,38.26829528808594,-14.816070556640625,13.190109252929688,9.278017044067383,47.935768127441409,11.197120666503907,27.3684139251709,38.55119323730469,38.18048095703125,-53.27000427246094,54.72003936767578,-25.533348083496095,44.92903137207031,-34.018836975097659],"legSizes":[0.28903406858444216,0.2243414670228958,0.4381546080112457,0.19708329439163209,0.4518604874610901,0.3173455595970154,0.24136045575141908,0.1606898307800293,0.36898717284202578,0.4126749038696289,0.3033756911754608,0.2530955970287323,0.2484251856803894,0.3677293360233307,0.29904472827911379,0.16037960350513459,0.25315606594085696,0.4729074537754059,0.315421462059021,0.14651508629322053,0.2243533432483673,0.3408413529396057,0.4859957695007324,0.207469642162323],"bodySizes":[1.9877926111221314,1.421768307685852,2.8306753635406496],"springs":[],"dumpers":[],"name":15461,"generation":442,"distance":27.606637954711915,"reward":-32.19225311279297},{"angles":[-7.430213928222656,-48.20137023925781,-36.416358947753909,-23.40757942199707,-44.187713623046878,-48.16880798339844,-24.076400756835939,-12.538368225097657,-2.8162689208984377,38.93168640136719,59.84553527832031,-44.624473571777347,52.923362731933597,-43.22003173828125,2.84783935546875,34.392784118652347,-52.910682678222659,-5.853187561035156,-5.8345489501953129,-17.47886848449707,15.057632446289063,-14.758163452148438,16.121261596679689,16.46608543395996,48.4467887878418,-14.077468872070313,16.758840560913087,41.09056854248047,13.57505989074707,-49.11858367919922,11.032814025878907,26.26966667175293,-3.504261016845703,-57.455474853515628,15.679693222045899,-4.918634414672852,-42.440086364746097,-6.941007614135742,0.8795585632324219,0.3685340881347656,-51.45671081542969,13.819549560546875,26.30428695678711,-26.453210830688478,-28.86540985107422,3.8684539794921877,-3.510509490966797,35.40740203857422,-47.56205749511719,-25.317214965820314,-33.924949645996097,-18.180862426757814,6.929891586303711,47.683021545410159,14.002355575561524,-44.19001770019531,57.700592041015628,-22.463943481445314,-50.474327087402347,52.5931396484375,-48.822898864746097,-44.33660125732422,5.827524185180664,24.070972442626954,26.096433639526368,-31.684600830078126,38.26829528808594,29.341835021972658,13.190109252929688,9.278017044067383,47.935768127441409,-12.566450119018555,27.3684139251709,38.55119323730469,-49.46589660644531,58.726356506347659,54.72003936767578,-25.533348083496095,44.92903137207031,-34.018836975097659],"legSizes":[0.1092071533203125,0.2716943621635437,0.4381546080112457,0.4064766466617584,0.4518604874610901,0.4716309607028961,0.24136045575141908,0.31351155042648318,0.41585731506347659,0.2538805603981018,0.2579137980937958,0.47258323431015017,0.498662531375885,0.3677293360233307,0.20380252599716187,0.24413874745368958,0.3474985957145691,0.3356977105140686,0.315421462059021,0.14651508629322053,0.4153154790401459,0.1579253226518631,0.4859957695007324,0.207469642162323],"bodySizes":[1.987775206565857,1.4217712879180909,2.8306939601898195],"springs":[],"dumpers":[],"name":15461,"generation":442,"distance":27.606637954711915,"reward":-35.08111572265625}]}