{"geneDatas":[{"angles":[-59.30241394042969,25.04073143005371,17.574630737304689,-55.281028747558597,28.86191177368164,-22.8120174407959,-18.722671508789064,19.622352600097658,37.96826171875,-37.77361297607422,41.522727966308597,30.686573028564454,-37.69502258300781,57.80834197998047,-3.4277267456054689,0.7909355163574219,23.14468765258789,-2.18023681640625,30.897443771362306,-11.147895812988282,15.057632446289063,37.385215759277347,16.121261596679689,16.46608543395996,-27.615875244140626,-33.921844482421878,20.796560287475587,17.763473510742189,-5.586370468139648,-42.702857971191409,11.032814025878907,-18.218801498413087,-50.103477478027347,12.767265319824219,10.756179809570313,-50.34501647949219,-32.98506164550781,17.12708282470703,-18.414710998535158,-2.7788047790527345,-51.45671081542969,-57.18104553222656,-29.589805603027345,-26.453210830688478,-28.86540985107422,36.15643310546875,-3.510509490966797,40.69913864135742,-47.56205749511719,-25.317214965820314,-33.924949645996097,-52.78816223144531,4.798187255859375,8.196081161499024,59.697547912597659,16.871206283569337,57.700592041015628,-22.463943481445314,-50.474327087402347,51.57866668701172,-56.92986297607422,7.209800720214844,27.105100631713868,15.795347213745118,48.04798889160156,-31.684600830078126,38.26829528808594,16.68212127685547,13.190109252929688,9.278017044067383,-36.51490783691406,-20.161720275878908,27.3684139251709,-31.326126098632814,-49.46589660644531,-31.011613845825197,54.72003936767578,-37.63273620605469,5.374998092651367,-34.018836975097659],"legSizes":[0.28903406858444216,0.19167080521583558,0.4381546080112457,0.3221464455127716,0.4518604874610901,0.12225528061389923,0.24136045575141908,0.1606898307800293,0.41585731506347659,0.2538805603981018,0.3033756911754608,0.3794836103916168,0.4589177966117859,0.18213815987110139,0.30565574765205386,0.4693828523159027,0.25315606594085696,0.4729074537754059,0.2266039252281189,0.14651508629322053,0.4153154790401459,0.1579253226518631,0.2945053279399872,0.207469642162323],"bodySizes":[1.9876155853271485,1.421841025352478,2.830782413482666],"springs":[],"dumpers":[],"name":15555,"generation":444,"distance":42.335723876953128,"reward":-42.335723876953128},{"angles":[41.358558654785159,-48.20137023925781,17.574630737304689,-1.0856666564941407,-23.780601501464845,-22.8120174407959,44.51711654663086,32.724937438964847,37.96826171875,38.93168640136719,30.967853546142579,40.01788330078125,-37.69502258300781,47.17151641845703,-3.1388931274414064,-18.477882385253908,20.04787254333496,-43.546897888183597,49.25267028808594,48.374473571777347,15.057632446289063,37.385215759277347,16.121261596679689,16.46608543395996,-27.190696716308595,36.12556457519531,20.796560287475587,2.3659591674804689,-8.651124954223633,-34.46040344238281,11.032814025878907,-18.218801498413087,-50.103477478027347,12.767265319824219,10.756179809570313,-50.34501647949219,-32.581626892089847,17.12708282470703,-18.414710998535158,-25.37530517578125,-51.45671081542969,-57.18104553222656,-29.589805603027345,-26.453210830688478,-28.86540985107422,-37.499229431152347,-3.510509490966797,40.69913864135742,-47.56205749511719,-25.317214965820314,-33.924949645996097,-18.180862426757814,4.798187255859375,8.196081161499024,59.697547912597659,16.871206283569337,57.700592041015628,-22.463943481445314,-50.474327087402347,51.57866668701172,-56.92986297607422,7.209800720214844,27.105100631713868,15.795347213745118,48.04798889160156,-31.684600830078126,38.26829528808594,16.68212127685547,13.190109252929688,9.278017044067383,-36.51490783691406,-20.161720275878908,27.3684139251709,38.55119323730469,-49.46589660644531,-53.27000427246094,54.72003936767578,-25.533348083496095,44.92903137207031,-34.018836975097659],"legSizes":[0.4582735002040863,0.2243414670228958,0.39970821142196658,0.1127159595489502,0.4518604874610901,0.12225528061389923,0.24136045575141908,0.1606898307800293,0.41585731506347659,0.2538805603981018,0.3033756911754608,0.3794836103916168,0.4589177966117859,0.18213815987110139,0.30565574765205386,0.4693828523159027,0.25315606594085696,0.4729074537754059,0.2266039252281189,0.14651508629322053,0.4153154790401459,0.1579253226518631,0.2945053279399872,0.207469642162323],"bodySizes":[1.9876155853271485,1.421841025352478,2.830782413482666],"springs":[],"dumpers":[],"name":15555,"generation":444,"distance":42.335723876953128,"reward":-54.49529266357422},{"angles":[-7.430213928222656,-48.20137023925781,-36.416358947753909,-23.40757942199707,-44.187713623046878,-48.16880798339844,-24.076400756835939,-12.538368225097657,-2.8162689208984377,38.93168640136719,59.84553527832031,-44.624473571777347,52.923362731933597,-43.22003173828125,2.84783935546875,34.392784118652347,-52.910682678222659,-5.853187561035156,-5.8345489501953129,-17.47886848449707,15.057632446289063,-14.758163452148438,16.121261596679689,16.46608543395996,48.4467887878418,-14.077468872070313,16.758840560913087,41.09056854248047,13.57505989074707,-49.11858367919922,11.032814025878907,26.26966667175293,-3.504261016845703,-57.455474853515628,15.679693222045899,-4.918634414672852,-42.440086364746097,-6.941007614135742,0.8795585632324219,0.3685340881347656,-51.45671081542969,13.819549560546875,26.30428695678711,-26.453210830688478,-28.86540985107422,3.8684539794921877,-3.510509490966797,35.40740203857422,-47.56205749511719,-25.317214965820314,-33.924949645996097,-18.180862426757814,6.929891586303711,47.683021545410159,14.002355575561524,-44.19001770019531,57.700592041015628,-22.463943481445314,-50.474327087402347,52.5931396484375,-48.822898864746097,-44.33660125732422,5.827524185180664,24.070972442626954,26.096433639526368,-31.684600830078126,38.26829528808594,29.341835021972658,13.190109252929688,9.278017044067383,47.935768127441409,-12.566450119018555,27.3684139251709,38.55119323730469,-49.46589660644531,58.726356506347659,54.72003936767578,-25.533348083496095,44.92903137207031,-34.018836975097659],"legSizes":[0.1092071533203125,0.2716943621635437,0.4381546080112457,0.4064766466617584,0.4518604874610901,0.4716309607028961,0.24136045575141908,0.31351155042648318,0.41585731506347659,0.2538805603981018,0.2579137980937958,0.47258323431015017,0.498662531375885,0.3677293360233307,0.20380252599716187,0.24413874745368958,0.3474985957145691,0.3356977105140686,0.315421462059021,0.14651508629322053,0.4153154790401459,0.1579253226518631,0.4859957695007324,0.207469642162323],"bodySizes":[1.987775206565857,1.4217712879180909,2.8306939601898195],"springs":[],"dumpers":[],"name":15555,"generation":444,"distance":42.335723876953128,"reward":-58.45096969604492}]}