{"geneDatas":[{"angles":[20.82693099975586,15.576566696166993,43.22157287597656,40.75190734863281,-58.466590881347659,46.513336181640628,10.405961990356446,-16.2784423828125,46.86505889892578,33.71436309814453,6.9313507080078129,18.51203155517578,-47.03644561767578,29.666717529296876,-34.34767150878906,33.1514892578125,42.712867736816409,-58.72166442871094,12.795347213745118,24.029516220092775,16.870349884033204,-42.995384216308597,33.081321716308597,17.6755428314209,-9.767669677734375,-41.85612487792969,38.36262512207031,-5.534599304199219,-16.879112243652345,-0.214599609375,-38.74665832519531,48.841949462890628,73.14840698242188,0.5428733825683594,19.86998748779297,19.92397689819336,-5.955671310424805,-55.68682098388672,-32.45045471191406,-2.015338897705078,79.36819458007813,7.302223205566406,55.29331970214844,0.27569580078125,-41.3499755859375,35.803985595703128,0.9939422607421875,-6.880796432495117,-53.76690673828125,-44.982688903808597,-54.27520751953125,-4.450859069824219,-39.01020812988281,56.32624816894531,14.002355575561524,1.5121307373046876,44.77708435058594,-50.60136413574219,-43.700340270996097,28.834388732910158,17.66262435913086,19.833097457885743,59.6967887878418,58.28631591796875,-44.899452209472659,48.61241149902344,24.82844352722168,59.99762725830078,-86.51861572265625,12.741500854492188,54.85400390625,-35.625770568847659,54.721343994140628,-0.14975357055664063,53.47674560546875,37.25090408325195,54.28992462158203,8.380571365356446,39.08314514160156,46.987335205078128],"legSizes":[0.48467451333999636,0.19836759567260743,0.12446022033691406,0.48908382654190066,0.2256687432527542,0.26691871881484988,0.4059388041496277,0.12909574806690217,0.12115731090307236,0.20717060565948487,0.167255699634552,0.14589443802833558,0.49200400710105898,0.35351523756980898,0.19305601716041566,0.24219223856925965,0.22866961359977723,0.40719738602638247,0.2826278805732727,0.3429250121116638,0.17313213646411897,0.2218180000782013,0.4388887286186218,0.4988791048526764],"bodySizes":[1.9341797828674317,1.8685989379882813,2.213487148284912],"springs":[],"dumpers":[],"name":3036,"generation":86,"distance":31.493091583251954,"reward":-31.493091583251954},{"angles":[20.82693099975586,15.576566696166993,43.22157287597656,53.283363342285159,15.024444580078125,38.817527770996097,2.043048858642578,-46.66436767578125,46.86505889892578,33.71436309814453,31.427921295166017,-36.169952392578128,-2.2440643310546877,12.413442611694336,-45.03843688964844,56.45484924316406,55.930755615234378,-58.72166442871094,16.641324996948243,14.51140022277832,-13.923591613769532,56.128292083740237,-15.837759017944336,15.872123718261719,-12.900060653686524,0.54302978515625,-35.26146697998047,-5.534599304199219,-57.080841064453128,0.4556121826171875,-38.74665832519531,48.841949462890628,73.14840698242188,-0.210662841796875,54.161956787109378,5.8303985595703129,-5.955671310424805,-57.53211212158203,-32.45045471191406,-2.015338897705078,79.36819458007813,7.302223205566406,-53.450531005859378,38.80162811279297,-41.3499755859375,49.32593536376953,25.54914665222168,-6.880796432495117,-53.76690673828125,-44.982688903808597,-54.27520751953125,-9.193161010742188,-39.01020812988281,56.32624816894531,14.002355575561524,1.5121307373046876,44.77708435058594,-12.855772018432618,-43.700340270996097,14.970281600952149,17.66262435913086,19.833097457885743,50.281158447265628,36.45684051513672,-16.87151527404785,-28.314908981323243,51.208946228027347,-13.43140983581543,-86.51861572265625,57.876548767089847,24.153112411499025,44.63587951660156,-24.62517547607422,-0.14975357055664063,-28.13078498840332,37.25090408325195,34.402854919433597,1.675994873046875,-31.975906372070314,35.17955017089844],"legSizes":[0.48467451333999636,0.19836759567260743,0.15385456383228303,0.48908382654190066,0.2256687432527542,0.3169621229171753,0.4059388041496277,0.12909574806690217,0.12115731090307236,0.20717060565948487,0.167255699634552,0.4894055426120758,0.49200400710105898,0.35351523756980898,0.3455234169960022,0.24219223856925965,0.22866961359977723,0.40719738602638247,0.2826278805732727,0.2153376340866089,0.4946926236152649,0.44386497139930727,0.18059507012367249,0.11498041450977326],"bodySizes":[2.119764804840088,1.8273552656173707,2.065281629562378],"springs":[],"dumpers":[],"name":3036,"generation":86,"distance":31.493091583251954,"reward":-32.91114807128906},{"angles":[20.82693099975586,15.576566696166993,-11.432167053222657,-11.35957145690918,15.024444580078125,20.95161247253418,44.692996978759769,-34.521018981933597,-5.7505340576171879,15.317014694213868,-45.06269836425781,18.51203155517578,27.304227828979493,29.666717529296876,-34.34767150878906,33.1514892578125,-46.46870422363281,-58.72166442871094,12.795347213745118,24.029516220092775,16.870349884033204,-51.977874755859378,33.081321716308597,17.6755428314209,33.303321838378909,30.045560836791993,38.36262512207031,-19.24517822265625,-42.59662628173828,-0.214599609375,-38.74665832519531,48.841949462890628,73.14840698242188,36.5485954284668,21.31793785095215,5.8303985595703129,-5.955671310424805,41.40300750732422,-20.18292236328125,-2.015338897705078,79.36819458007813,7.302223205566406,51.342018127441409,-46.38121795654297,-27.255599975585939,49.32593536376953,25.54914665222168,-6.880796432495117,-53.76690673828125,-44.982688903808597,-54.27520751953125,46.90433883666992,-39.01020812988281,44.666290283203128,14.002355575561524,-33.32817077636719,44.77708435058594,6.709978103637695,-28.907623291015626,6.109764099121094,17.66262435913086,-6.61140251159668,-1.0832328796386719,9.546180725097657,33.7013053894043,41.232391357421878,51.208946228027347,-13.43140983581543,-86.51861572265625,57.876548767089847,24.153112411499025,-32.43231201171875,-3.426982879638672,16.19582176208496,11.71563720703125,9.877388000488282,13.965919494628907,-49.10334777832031,-27.69286346435547,-47.00049591064453],"legSizes":[0.48467451333999636,0.19836759567260743,0.4698810577392578,0.4065624177455902,0.38383570313453677,0.22279256582260133,0.25016382336616518,0.12975487112998963,0.4213950037956238,0.3162855803966522,0.20957405865192414,0.4894055426120758,0.46757134795188906,0.35351523756980898,0.3455234169960022,0.1967814862728119,0.23250234127044679,0.31566137075424197,0.25706571340560915,0.1371198296546936,0.2690327763557434,0.21886618435382844,0.4855429530143738,0.3869335651397705],"bodySizes":[1.9550552368164063,1.9146366119384766,2.137197256088257],"springs":[],"dumpers":[],"name":3036,"generation":86,"distance":31.493091583251954,"reward":-34.61250305175781}]}