{"geneDatas":[{"angles":[30.044086456298829,-16.94378662109375,26.38958740234375,-5.0057830810546879,15.024444580078125,41.22254943847656,-17.260772705078126,-46.66436767578125,-51.734291076660159,33.71436309814453,55.43702697753906,-36.169952392578128,-2.2440643310546877,12.413442611694336,-45.03843688964844,56.45484924316406,-52.86921691894531,20.7265625,16.641324996948243,-24.397064208984376,-13.923591613769532,-28.80388641357422,-15.837759017944336,3.170177459716797,-12.900060653686524,0.54302978515625,3.5003814697265627,-5.534599304199219,-23.799224853515626,0.4556121826171875,-43.82042694091797,59.18865966796875,73.14840698242188,35.3471794128418,16.2648983001709,5.8303985595703129,-29.40919303894043,-57.53211212158203,-35.37117004394531,-2.015338897705078,79.36819458007813,48.04530334472656,4.335273742675781,7.996337890625,-41.3499755859375,45.180755615234378,25.54914665222168,-18.038772583007814,-34.350799560546878,-44.982688903808597,-54.27520751953125,50.3450927734375,-44.29554748535156,-10.928970336914063,42.72627258300781,6.233146667480469,44.77708435058594,6.709978103637695,-46.20991516113281,6.109764099121094,-38.966400146484378,21.434181213378908,26.641416549682618,9.546180725097657,8.4371337890625,-58.04426574707031,51.208946228027347,-13.43140983581543,-86.51861572265625,28.494298934936525,15.700620651245118,-1.2464408874511719,33.63754653930664,-48.22979736328125,53.47674560546875,37.25090408325195,20.38606071472168,35.9149055480957,-7.703498840332031,46.987335205078128],"legSizes":[0.12371087074279785,0.19836759567260743,0.4698810577392578,0.4226250648498535,0.2256687432527542,0.3169621229171753,0.12872156500816346,0.12909574806690217,0.23296278715133668,0.3070662319660187,0.18374142050743104,0.39017242193222048,0.4629300534725189,0.2022533118724823,0.46515655517578127,0.3152846097946167,0.21351921558380128,0.40719738602638247,0.2826278805732727,0.2153376340866089,0.42952293157577517,0.32210487127304079,0.4845481514930725,0.4199759066104889],"bodySizes":[1.5584042072296143,2.204684257507324,2.3284316062927248],"springs":[],"dumpers":[],"name":3760,"generation":108,"distance":50.50157928466797,"reward":-50.50157928466797},{"angles":[30.044086456298829,15.576566696166993,-11.432167053222657,-42.433021545410159,22.139280319213868,20.95161247253418,-25.388839721679689,-6.73724365234375,14.40153694152832,-0.6736221313476563,34.01197052001953,-11.71812629699707,-20.651601791381837,-9.671709060668946,-34.34767150878906,59.83149719238281,-44.371864318847659,-44.625274658203128,16.641324996948243,14.51140022277832,-28.52051544189453,56.128292083740237,-15.837759017944336,-1.2664680480957032,2.1976318359375,23.20416831970215,36.23017883300781,36.08736801147461,13.190610885620118,-49.554893493652347,-38.74665832519531,-50.47795867919922,73.14840698242188,35.3471794128418,54.161956787109378,20.48157501220703,-5.955671310424805,-57.53211212158203,-36.51286315917969,-2.015338897705078,79.36819458007813,0.5334014892578125,-7.924583435058594,31.147911071777345,-41.3499755859375,49.32593536376953,9.043243408203125,-6.880796432495117,-53.76690673828125,-22.275503158569337,-55.334327697753909,-9.193161010742188,-29.734548568725587,52.79833221435547,14.002355575561524,8.894868850708008,44.77708435058594,-13.119529724121094,-43.700340270996097,28.051984786987306,-59.008827209472659,-19.022621154785158,-23.060251235961915,-32.046043395996097,49.70800018310547,-17.763124465942384,24.82844352722168,20.17462921142578,-86.51861572265625,-10.858205795288086,-13.972383499145508,29.907859802246095,23.15314292907715,-0.14975357055664063,53.47674560546875,18.29183578491211,53.622764587402347,-51.05408477783203,51.189937591552737,46.987335205078128],"legSizes":[0.12371087074279785,0.19836759567260743,0.4698810577392578,0.48908382654190066,0.3171926736831665,0.19342389702796937,0.11087999492883682,0.12909574806690217,0.4213950037956238,0.3746706545352936,0.27668479084968569,0.47178691625595095,0.49200400710105898,0.12479329109191895,0.36227482557296755,0.36007747054100039,0.33205974102020266,0.2874242067337036,0.2826278805732727,0.2153376340866089,0.3559262156486511,0.4626069962978363,0.4388887286186218,0.4988791048526764],"bodySizes":[1.6502302885055543,1.8040481805801392,2.687183380126953],"springs":[],"dumpers":[],"name":3760,"generation":108,"distance":50.50157928466797,"reward":-55.708656311035159},{"angles":[30.044086456298829,15.576566696166993,-11.432167053222657,32.74412155151367,1.6952629089355469,20.95161247253418,-24.079063415527345,-6.73724365234375,55.7626953125,15.317014694213868,34.01197052001953,-23.31159210205078,23.17847442626953,39.81177520751953,-34.34767150878906,33.1514892578125,-30.633474349975587,-58.72166442871094,12.795347213745118,24.029516220092775,16.870349884033204,-17.476552963256837,-15.837759017944336,15.872123718261719,-12.900060653686524,-20.578086853027345,2.7685623168945314,-5.534599304199219,-57.080841064453128,0.4556121826171875,-7.690366744995117,-41.30903625488281,20.496366500854493,44.218711853027347,54.161956787109378,5.8303985595703129,-53.82331085205078,-57.53211212158203,-32.45045471191406,-2.015338897705078,79.36819458007813,48.04530334472656,-6.653602600097656,31.147911071777345,-41.3499755859375,49.32593536376953,-52.67686462402344,-6.880796432495117,-42.54771423339844,-44.982688903808597,-54.57621765136719,-9.193161010742188,-39.01020812988281,49.47651672363281,14.002355575561524,27.771991729736329,44.77708435058594,-12.855772018432618,-43.700340270996097,14.970281600952149,-59.008827209472659,19.833097457885743,50.281158447265628,26.00698471069336,49.70800018310547,-28.314908981323243,24.82844352722168,20.17462921142578,-86.51861572265625,-10.858205795288086,54.85400390625,-47.212989807128909,23.15314292907715,-0.14975357055664063,53.47674560546875,18.29183578491211,54.28992462158203,-51.05408477783203,51.189937591552737,46.987335205078128],"legSizes":[0.12371087074279785,0.19836759567260743,0.4698810577392578,0.1357671320438385,0.29921743273735049,0.22279256582260133,0.278182715177536,0.10513558238744736,0.3420439064502716,0.3746706545352936,0.3998206555843353,0.35156187415122988,0.2503916621208191,0.13636904954910279,0.41329559683799746,0.24219223856925965,0.22866961359977723,0.18268927931785584,0.2826278805732727,0.170110285282135,0.17313213646411897,0.4626069962978363,0.4388887286186218,0.4988791048526764],"bodySizes":[2.0904221534729006,1.8366440534591675,2.0836799144744875],"springs":[],"dumpers":[],"name":3760,"generation":108,"distance":50.50157928466797,"reward":-64.30529022216797}]}