{"geneDatas":[{"angles":[-26.537996292114259,55.98046112060547,-11.432167053222657,32.74412155151367,1.6952629089355469,-55.024627685546878,-24.079063415527345,-46.303070068359378,-51.734291076660159,22.667570114135743,55.43702697753906,-36.169952392578128,-10.033859252929688,12.413442611694336,-28.64293670654297,56.45484924316406,-2.598102569580078,20.7265625,16.641324996948243,-38.69306182861328,1.3199691772460938,56.128292083740237,-15.837759017944336,-1.2664680480957032,-12.900060653686524,23.20416831970215,36.23017883300781,36.08736801147461,13.190610885620118,-49.554893493652347,-38.74665832519531,-50.47795867919922,73.14840698242188,35.3471794128418,54.161956787109378,20.48157501220703,-5.955671310424805,-57.53211212158203,-36.51286315917969,-2.015338897705078,79.36819458007813,48.04530334472656,42.61811065673828,15.549930572509766,-41.3499755859375,49.32593536376953,47.736656188964847,-6.880796432495117,-53.76690673828125,-44.982688903808597,-54.57621765136719,-9.193161010742188,-39.01020812988281,-18.692956924438478,14.002355575561524,27.771991729736329,44.77708435058594,-12.855772018432618,-46.72076416015625,14.970281600952149,-59.008827209472659,19.833097457885743,50.281158447265628,-20.070798873901368,49.70800018310547,-28.314908981323243,24.82844352722168,20.17462921142578,-86.51861572265625,-10.858205795288086,54.85400390625,2.2370986938476564,23.15314292907715,-0.14975357055664063,53.47674560546875,18.29183578491211,48.560813903808597,-51.05408477783203,51.189937591552737,46.987335205078128],"legSizes":[0.12371087074279785,0.19836759567260743,0.4541616439819336,0.1357671320438385,0.3703528940677643,0.12010321766138077,0.4618227481842041,0.12909574806690217,0.48980364203453066,0.3746706545352936,0.3998206555843353,0.18599148094654084,0.2503916621208191,0.13636904954910279,0.491353839635849,0.42135778069496157,0.33584409952163699,0.40719738602638247,0.2826278805732727,0.170110285282135,0.17313213646411897,0.4626069962978363,0.4388887286186218,0.4988791048526764],"bodySizes":[1.9183911085128785,2.096318483352661,1.9892783164978028],"springs":[],"dumpers":[],"name":4447,"generation":127,"distance":50.660213470458987,"reward":-50.660213470458987},{"angles":[-26.537996292114259,55.98046112060547,-11.432167053222657,32.74412155151367,1.6952629089355469,-55.024627685546878,-8.632598876953125,-46.303070068359378,-51.734291076660159,22.667570114135743,55.43702697753906,-35.40498352050781,-10.033859252929688,12.413442611694336,-28.64293670654297,56.45484924316406,-5.017740249633789,20.7265625,16.641324996948243,-38.69306182861328,1.3199691772460938,-28.80388641357422,-11.396804809570313,38.52241516113281,-12.900060653686524,0.54302978515625,-29.68505096435547,-54.19861602783203,-23.799224853515626,0.4556121826171875,-4.879981994628906,13.085884094238282,73.14840698242188,35.3471794128418,54.161956787109378,20.48157501220703,-5.955671310424805,-59.49791717529297,11.863096237182618,-2.015338897705078,79.36819458007813,0.5334014892578125,-7.924583435058594,31.147911071777345,-23.088533401489259,49.32593536376953,-5.592763900756836,18.7938289642334,-53.76690673828125,-22.275503158569337,-40.82006072998047,-57.88939666748047,-29.734548568725587,52.79833221435547,14.002355575561524,-4.848052978515625,44.77708435058594,-12.855772018432618,-43.700340270996097,46.02714920043945,-59.008827209472659,-46.66600036621094,38.62274932861328,-11.783531188964844,49.70800018310547,-9.901992797851563,24.82844352722168,20.17462921142578,-86.51861572265625,-10.858205795288086,54.85400390625,-47.212989807128909,23.15314292907715,-20.730249404907228,53.47674560546875,-24.1849365234375,40.58671569824219,-51.05408477783203,51.189937591552737,46.987335205078128],"legSizes":[0.12371087074279785,0.19836759567260743,0.4698810577392578,0.1357671320438385,0.3703528940677643,0.19342389702796937,0.11087999492883682,0.12909574806690217,0.4213950037956238,0.1118222251534462,0.13201136887073518,0.4894055426120758,0.49200400710105898,0.12479329109191895,0.491353839635849,0.10068068653345108,0.33584409952163699,0.40719738602638247,0.2826278805732727,0.170110285282135,0.10020265728235245,0.40084943175315859,0.4388887286186218,0.4988791048526764],"bodySizes":[1.8712354898452759,2.0429959297180177,2.092637777328491],"springs":[],"dumpers":[],"name":4447,"generation":127,"distance":50.660213470458987,"reward":-55.11808776855469},{"angles":[-26.537996292114259,-49.091217041015628,-11.432167053222657,32.74412155151367,-16.03619956970215,-55.024627685546878,-24.079063415527345,-46.303070068359378,-59.031890869140628,22.667570114135743,55.43702697753906,-36.169952392578128,39.561683654785159,12.413442611694336,-34.34767150878906,59.83149719238281,-44.371864318847659,-44.625274658203128,49.35201644897461,1.4516754150390626,-13.923591613769532,56.128292083740237,-21.7341251373291,-1.2664680480957032,-12.900060653686524,23.20416831970215,17.817718505859376,36.08736801147461,13.190610885620118,-49.554893493652347,-38.74665832519531,-50.47795867919922,49.855613708496097,35.3471794128418,54.161956787109378,20.48157501220703,-5.955671310424805,-57.53211212158203,-36.51286315917969,-2.015338897705078,48.12665557861328,48.04530334472656,-7.924583435058594,31.147911071777345,-38.87030029296875,49.32593536376953,47.736656188964847,-13.55833625793457,-53.76690673828125,-44.982688903808597,-54.57621765136719,56.553070068359378,-39.01020812988281,-18.692956924438478,14.002355575561524,27.771991729736329,44.77708435058594,-12.855772018432618,-43.700340270996097,14.970281600952149,-38.6959228515625,19.833097457885743,50.281158447265628,-20.070798873901368,12.327398300170899,-28.314908981323243,24.82844352722168,20.17462921142578,-9.070306777954102,33.858787536621097,54.85400390625,-47.212989807128909,19.0872859954834,45.56922912597656,53.47674560546875,18.29183578491211,40.58671569824219,-49.830291748046878,-43.03544616699219,46.987335205078128],"legSizes":[0.12371087074279785,0.19836759567260743,0.4698810577392578,0.48908382654190066,0.28039076924324038,0.19342389702796937,0.11087999492883682,0.12909574806690217,0.4213950037956238,0.1118222251534462,0.31104791164398196,0.4894055426120758,0.11481614410877228,0.12479329109191895,0.3079911470413208,0.24156853556632996,0.25550225377082827,0.40719738602638247,0.2826278805732727,0.170110285282135,0.16423125565052033,0.4626069962978363,0.4388887286186218,0.4988791048526764],"bodySizes":[1.7736730575561524,2.1801633834838869,2.0688421726226808],"springs":[],"dumpers":[],"name":4447,"generation":127,"distance":50.660213470458987,"reward":-71.02976989746094}]}