{"geneDatas":[{"angles":[24.55354118347168,31.25325584411621,25.842517852783204,43.17738342285156,43.956886291503909,18.908254623413087,38.496864318847659,-36.224884033203128,-10.332677841186524,-11.730972290039063,59.660614013671878,-11.292694091796875,-37.69502258300781,56.304046630859378,-43.14677429199219,-27.055526733398439,-44.143882751464847,-9.78278923034668,13.296926498413086,46.68702697753906,-17.1591796875,32.57188415527344,-42.641387939453128,16.27655792236328,-33.478248596191409,-56.30580139160156,-5.781591415405273,-10.608278274536133,-32.29408264160156,-51.35374450683594,-19.7911319732666,-18.218801498413087,-44.85209655761719,12.767265319824219,-33.681724548339847,-8.685888290405274,-23.43177032470703,-50.278343200683597,45.78935241699219,-8.655860900878907,-22.79936981201172,-44.553924560546878,-29.589805603027345,-53.16172790527344,-28.86540985107422,43.70014953613281,-3.510509490966797,32.56430435180664,-47.56205749511719,-25.317214965820314,14.11431884765625,-42.64820861816406,-13.5684814453125,-6.002220153808594,59.697547912597659,3.1774024963378908,57.700592041015628,2.579875946044922,-50.474327087402347,-29.883766174316408,-55.80711364746094,-30.803131103515626,-13.953859329223633,38.961280822753909,-9.476531982421875,-55.22632598876953,38.26829528808594,16.68212127685547,5.900609970092773,2.479755401611328,37.49190139770508,-44.07466125488281,33.61222839355469,13.264108657836914,-18.47796630859375,36.62153625488281,54.72003936767578,-1.6472396850585938,-11.587478637695313,-13.624557495117188],"legSizes":[0.4342060983181,0.383797824382782,0.4381546080112457,0.42370539903640749,0.49018794298171999,0.33399060368537905,0.21231430768966676,0.16233929991722108,0.4921528697013855,0.2760311961174011,0.14837956428527833,0.15413756668567658,0.3794720768928528,0.27626192569732668,0.14395791292190553,0.39914482831954958,0.4019589424133301,0.2023959457874298,0.18736010789871217,0.22147352993488313,0.3796583116054535,0.340549498796463,0.11880254745483399,0.44264182448387148],"bodySizes":[2.0230565071105959,1.5470693111419678,2.5560665130615236],"springs":[],"dumpers":[],"name":17700,"generation":505,"distance":20.025150299072267,"reward":-5.025150299072266},{"angles":[10.603357315063477,-58.237709045410159,-37.936622619628909,-26.818092346191408,54.83196258544922,18.908254623413087,-25.801742553710939,57.03302001953125,-22.61353302001953,55.511810302734378,59.660614013671878,-8.972105026245118,-37.69502258300781,-57.07373046875,-43.14677429199219,-24.1612606048584,-27.778894424438478,-9.78278923034668,13.296926498413086,-28.28814125061035,-46.24365997314453,-14.758163452148438,-0.9633407592773438,51.199424743652347,-36.491119384765628,29.896686553955079,-21.620573043823243,26.908178329467775,-6.240640640258789,-35.353172302246097,-44.148834228515628,-18.218801498413087,-3.936260223388672,12.767265319824219,-33.681724548339847,51.86280822753906,-23.43177032470703,-50.836387634277347,45.78935241699219,-22.837509155273439,-57.45408630371094,-44.553924560546878,-29.589805603027345,-53.16172790527344,-28.86540985107422,43.70014953613281,-3.510509490966797,32.56430435180664,-47.56205749511719,-25.317214965820314,14.11431884765625,-42.64820861816406,-13.5684814453125,-6.002220153808594,59.697547912597659,50.98418426513672,57.700592041015628,2.579875946044922,-50.474327087402347,-22.670852661132814,-4.117734909057617,0.4785118103027344,-7.767082214355469,-29.485595703125,-51.243927001953128,-31.684600830078126,40.0001335144043,35.42584228515625,-9.366195678710938,28.32240867614746,-50.82337951660156,-9.39094352722168,10.473684310913086,56.94187927246094,-32.664398193359378,-45.3897705078125,54.72003936767578,-1.6472396850585938,11.412012100219727,2.9354591369628908],"legSizes":[0.1772957742214203,0.3843473792076111,0.48539766669273379,0.29417353868484499,0.49710169434547427,0.33399060368537905,0.21231430768966676,0.16233929991722108,0.4921528697013855,0.10652756690979004,0.14837956428527833,0.13311433792114259,0.3794720768928528,0.27626192569732668,0.3448183238506317,0.39914482831954958,0.27457767724990847,0.1475125253200531,0.18736010789871217,0.22147352993488313,0.3796583116054535,0.4903958737850189,0.4819123148918152,0.23616941273212434],"bodySizes":[2.0069844722747804,1.413572907447815,2.81986141204834],"springs":[],"dumpers":[],"name":17700,"generation":505,"distance":20.025150299072267,"reward":-45.879119873046878},{"angles":[10.603357315063477,-21.54115104675293,25.842517852783204,2.9455299377441408,-22.84447479248047,18.908254623413087,38.496864318847659,-12.538368225097657,-10.332677841186524,50.169639587402347,59.660614013671878,37.99786376953125,-37.69502258300781,-5.6091156005859379,4.723382949829102,-54.08307647705078,-44.143882751464847,-9.78278923034668,13.296926498413086,12.44538688659668,-46.24365997314453,48.51799774169922,-0.9633407592773438,23.980619430541993,17.784818649291993,38.08958435058594,52.66313171386719,-15.110357284545899,-6.240640640258789,-56.849029541015628,-13.360755920410157,43.93708801269531,-44.85209655761719,12.767265319824219,0.24466705322265626,50.435646057128909,-46.79286193847656,-50.278343200683597,45.78935241699219,8.099235534667969,-57.45408630371094,-44.553924560546878,36.77128219604492,-53.16172790527344,-28.86540985107422,-54.45188903808594,-3.510509490966797,29.501693725585939,-47.56205749511719,-25.317214965820314,14.11431884765625,-42.64820861816406,-13.5684814453125,-6.002220153808594,59.697547912597659,50.98418426513672,57.61805725097656,2.579875946044922,-50.474327087402347,-22.670852661132814,-10.729400634765625,10.209724426269532,-59.486907958984378,38.961280822753909,-9.476531982421875,33.17428970336914,38.26829528808594,16.68212127685547,5.900609970092773,-13.92188835144043,-41.71538543701172,-44.07466125488281,14.167707443237305,-25.19463348388672,-18.47796630859375,51.423126220703128,54.72003936767578,-1.6472396850585938,-11.587478637695313,49.643310546875],"legSizes":[0.4342060983181,0.23962080478668214,0.4307010769844055,0.3879173696041107,0.437359482049942,0.33399060368537905,0.21231430768966676,0.10236205905675888,0.41585731506347659,0.3401910960674286,0.15909385681152345,0.2287566065788269,0.4589177966117859,0.18213815987110139,0.1337577849626541,0.4380050301551819,0.27457767724990847,0.2174779176712036,0.18684467673301698,0.16324324905872346,0.3796583116054535,0.4903958737850189,0.49842867255210879,0.10480751842260361],"bodySizes":[1.989741563796997,1.5546417236328126,2.586205005645752],"springs":[],"dumpers":[],"name":17700,"generation":505,"distance":20.025150299072267,"reward":-48.17583465576172}]}